Date,Code,Name,12m Low,12m High,Day Low,Day High,Day Price,Previous,Change,Change%,Volume,Adjusted Price,Sector,Stock_code,Stock_name,Lag_1,Lag_2,Lag_3,Lag_5,Lag_10,MA_5,Vol_5,MA_10,Vol_10,MA_20,Vol_20,Price_to_High,Price_to_Low,Daily_Return,Day_of_Week,Month,Quarter,Volume_MA_5,Volume_Ratio,Target
2026-01-02,ABSA,ABSA Bank Kenya Plc,15.0,33.0,24.3,25.45,24.85,24.7,0.15,0.0,140294.0,-,Banking,ABSA,ABSA Bank Kenya Plc,,,,,,24.85,,24.85,,24.85,,0.753030303030303,1.6566666666666667,,4,1,1,140294.0,1.0,25.45
2026-01-05,ABSA,ABSA Bank Kenya Plc,15.0,33.0,24.0,26.0,25.45,24.85,0.6,0.0,253463.0,-,Banking,ABSA,ABSA Bank Kenya Plc,24.85,,,,,25.15,0.4242640687119283,25.15,0.4242640687119283,25.15,0.4242640687119283,0.7712121212121212,1.6966666666666665,0.024144869215291687,0,1,1,196878.5,1.287408223853798,26.05
2026-01-06,ABSA,ABSA Bank Kenya Plc,15.0,33.0,25.0,26.5,26.05,25.45,0.6,0.0,544062.0,-,Banking,ABSA,ABSA Bank Kenya Plc,25.45,24.85,,,,25.45,0.600000000000001,25.45,0.600000000000001,25.45,0.600000000000001,0.7893939393939394,1.7366666666666668,0.023575638506876384,1,1,1,312606.3333333333,1.740406197784434,25.65
2026-01-07,ABSA,ABSA Bank Kenya Plc,15.0,33.0,25.0,26.0,25.65,26.05,-0.4,0.0,345242.0,-,Banking,ABSA,ABSA Bank Kenya Plc,26.05,25.45,24.85,,,25.5,0.5000000000000007,25.5,0.5000000000000007,25.5,0.5000000000000007,0.7772727272727272,1.71,-0.015355086372360938,2,1,1,320765.25,1.0763073618479557,25.5
2026-01-08,ABSA,ABSA Bank Kenya Plc,15.0,33.0,25.1,25.75,25.5,25.65,-0.15,0.0,323372.0,-,Banking,ABSA,ABSA Bank Kenya Plc,25.65,26.05,25.45,,,25.5,0.4330127018922199,25.5,0.4330127018922199,25.5,0.4330127018922199,0.7727272727272727,1.7,-0.005847953216374213,3,1,1,321286.6,1.006490778015641,25.55
2026-01-09,ABSA,ABSA Bank Kenya Plc,15.0,33.0,25.35,26.0,25.55,25.5,0.05,0.0,1961778.0,-,Banking,ABSA,ABSA Bank Kenya Plc,25.5,25.65,26.05,24.85,,25.640000000000004,0.24083189157584758,25.508333333333336,0.3878358759406704,25.508333333333336,0.3878358759406704,0.7742424242424243,1.7033333333333334,0.0019607843137254832,4,1,1,685583.4,2.861472433550754,25.7
2026-01-12,ABSA,ABSA Bank Kenya Plc,15.0,33.0,25.3,26.0,25.7,25.55,0.15,0.0,2483805.0,-,Banking,ABSA,ABSA Bank Kenya Plc,25.55,25.5,25.65,25.45,,25.689999999999998,0.21621748310439812,25.535714285714285,0.3613796315444998,25.535714285714285,0.3613796315444998,0.7787878787878788,1.7133333333333334,0.005870841487279899,0,1,1,1131651.8,2.1948491576649283,25.7
2026-01-13,ABSA,ABSA Bank Kenya Plc,15.0,33.0,25.6,26.0,25.7,25.7,0.0,0.0,1542924.0,-,Banking,ABSA,ABSA Bank Kenya Plc,25.7,25.55,25.5,26.05,,25.619999999999997,0.09082951062292874,25.55625,0.3395769426801536,25.55625,0.3395769426801536,0.7787878787878788,1.7133333333333334,0.0,1,1,1,1331424.2,1.1588523026695774,25.7
2026-01-14,ABSA,ABSA Bank Kenya Plc,15.0,33.0,25.6,26.0,25.7,25.7,0.0,0.0,3073075.0,-,Banking,ABSA,ABSA Bank Kenya Plc,25.7,25.7,25.55,25.65,,25.630000000000003,0.09746794344809345,25.572222222222223,0.32123892112327357,25.572222222222223,0.32123892112327357,0.7787878787878788,1.7133333333333334,0.0,2,1,1,1876990.8,1.6372349827180825,25.8
2026-01-15,ABSA,ABSA Bank Kenya Plc,15.0,33.0,25.7,26.0,25.8,25.7,0.1,0.0,300910.0,-,Banking,ABSA,ABSA Bank Kenya Plc,25.7,25.7,25.7,25.5,,25.689999999999998,0.08944271909999738,25.595,0.3113144176980358,25.595,0.3113144176980358,0.7818181818181819,1.72,0.0038910505836575737,3,1,1,1872498.4,0.16069973677948138,25.75
2026-01-16,ABSA,ABSA Bank Kenya Plc,15.0,33.0,25.65,25.9,25.75,25.8,-0.05,0.0,149318.0,-,Banking,ABSA,ABSA Bank Kenya Plc,25.8,25.7,25.7,25.55,24.85,25.73,0.044721359550010255,25.685000000000002,0.1700490125424653,25.60909090909091,0.2990135296422075,0.7803030303030303,1.7166666666666666,-0.0019379844961240345,4,1,1,1510006.4,0.09888567359714502,25.7
2026-01-19,ABSA,ABSA Bank Kenya Plc,15.0,33.0,25.6,25.8,25.7,25.75,-0.05,0.0,247587.0,-,Banking,ABSA,ABSA Bank Kenya Plc,25.75,25.8,25.7,25.7,25.45,25.73,0.044721359550010255,25.709999999999997,0.1486980534879728,25.616666666666664,0.2863035049902416,0.7787878787878788,1.7133333333333334,-0.001941747572815511,0,1,1,1062762.8,0.23296543687829493,25.75
2026-01-20,ABSA,ABSA Bank Kenya Plc,15.0,33.0,25.6,25.85,25.75,25.7,0.05,0.0,235468.0,-,Banking,ABSA,ABSA Bank Kenya Plc,25.7,25.75,25.8,25.7,26.05,25.74,0.04183300132671985,25.68,0.09189365834727192,25.626923076923074,0.2765979216415238,0.7803030303030303,1.7166666666666666,0.0019455252918287869,1,1,1,801271.6,0.2938678969777539,25.7
2026-01-21,ABSA,ABSA Bank Kenya Plc,15.0,33.0,25.6,25.95,25.7,25.75,-0.05,0.0,89609.0,-,Banking,ABSA,ABSA Bank Kenya Plc,25.75,25.7,25.75,25.7,25.65,25.740000000000002,0.04183300132671985,25.685000000000002,0.09143911149563844,25.63214285714286,0.2664634069675375,0.7787878787878788,1.7133333333333334,-0.001941747572815511,2,1,1,204578.4,0.4380178943622592,26.0
2026-01-22,ABSA,ABSA Bank Kenya Plc,15.0,33.0,25.7,26.0,26.0,25.7,0.3,0.0,189270.0,-,Banking,ABSA,ABSA Bank Kenya Plc,25.7,25.75,25.7,25.8,25.5,25.78,0.12549900398011749,25.735000000000003,0.1131616346451229,25.65666666666667,0.27377432485969394,0.7878787878787878,1.7333333333333334,0.011673151750972721,3,1,1,182250.4,1.0385162391961829,26.45
2026-01-23,ABSA,ABSA Bank Kenya Plc,15.0,33.0,25.95,28.0,26.45,26.0,0.45,0.0,303082.0,-,Banking,ABSA,ABSA Bank Kenya Plc,26.0,25.7,25.75,25.75,25.55,25.919999999999998,0.3213253802611956,25.825,0.23833916076791953,25.70625,0.33059290171851363,0.8015151515151515,1.7633333333333332,0.017307692307692246,4,1,1,213003.2,1.422898810909883,27.15
2026-01-26,ABSA,ABSA Bank Kenya Plc,15.0,33.0,26.1,28.0,27.15,26.45,0.7,0.0,1172750.0,-,Banking,ABSA,ABSA Bank Kenya Plc,26.45,26.0,25.7,25.7,25.7,26.21,0.6035312750802585,25.97,0.47621190427978405,25.791176470588233,0.474419149499432,0.8227272727272726,1.8099999999999998,0.026465028355387554,0,1,1,398035.8,2.9463430173868783,27.6
2026-01-27,ABSA,ABSA Bank Kenya Plc,15.0,33.0,26.5,28.0,27.6,27.15,0.45,0.0,354770.0,-,Banking,ABSA,ABSA Bank Kenya Plc,27.15,26.45,26.0,25.75,25.7,26.580000000000002,0.7894618420164499,26.160000000000004,0.6883151732874837,25.891666666666666,0.627377829681979,0.8363636363636364,1.84,0.016574585635359185,1,1,1,421896.2,0.8408940398135845,28.05
2026-01-28,ABSA,ABSA Bank Kenya Plc,15.0,33.0,27.75,28.25,28.05,27.6,0.45,0.0,245622.0,-,Banking,ABSA,ABSA Bank Kenya Plc,27.6,27.15,26.45,25.7,25.7,27.05,0.8329165624478894,26.395,0.8864567420667274,26.00526315789474,0.7854394977834779,0.85,1.87,0.016304347826086918,2,1,1,453098.8,0.5420936890585453,27.95
2026-01-29,ABSA,ABSA Bank Kenya Plc,15.0,33.0,27.9,28.5,27.95,28.05,-0.1,0.0,272084.0,-,Banking,ABSA,ABSA Bank Kenya Plc,28.05,27.6,27.15,26.0,25.8,27.439999999999998,0.6561249880929785,26.610000000000003,0.9817218433842545,26.1025,0.8795146687984106,0.8469696969696969,1.8633333333333333,-0.0035650623885918886,3,1,1,469661.6,0.5793192375105821,27.95
2026-01-30,ABSA,ABSA Bank Kenya Plc,15.0,33.0,27.7,28.0,27.95,27.95,0.0,0.0,142545.0,-,Banking,ABSA,ABSA Bank Kenya Plc,27.95,28.05,27.6,26.45,25.75,27.74,0.37148351242015115,26.830000000000002,1.0135745326976868,26.2575,0.9194212996857246,0.8469696969696969,1.8633333333333333,0.0,4,1,1,437554.2,0.3257767837675881,27.85
2026-02-02,ABSA,ABSA Bank Kenya Plc,15.0,33.0,27.5,28.0,27.85,27.95,-0.1,0.0,236911.0,-,Banking,ABSA,ABSA Bank Kenya Plc,27.95,27.95,28.05,27.15,25.7,27.880000000000003,0.17175564037321298,27.044999999999998,0.9745226751822899,26.377499999999998,0.9640205009831411,0.843939393939394,1.8566666666666667,-0.003577817531305816,0,2,1,250386.4,0.9461815817472514,27.95
2026-02-03,ABSA,ABSA Bank Kenya Plc,15.0,33.0,27.8,28.0,27.95,27.85,0.1,0.0,166444.0,-,Banking,ABSA,ABSA Bank Kenya Plc,27.85,27.95,27.95,27.6,25.75,27.95,0.07071067811874546,27.264999999999997,0.8947532248242175,26.472499999999997,1.021927358629656,0.8469696969696969,1.8633333333333333,0.0035906642728904536,1,2,1,212721.2,0.7824513964757626,28.05
2026-02-04,ABSA,ABSA Bank Kenya Plc,15.0,33.0,27.95,29.5,28.05,27.95,0.1,0.0,170195.0,-,Banking,ABSA,ABSA Bank Kenya Plc,27.95,27.85,27.95,28.05,25.7,27.95,0.07071067811874546,27.5,0.7318166133366747,26.5925,1.0604461573467905,0.85,1.87,0.003577817531305927,2,2,1,197635.8,0.8611547098248394,28.2
2026-02-05,ABSA,ABSA Bank Kenya Plc,15.0,33.0,27.85,29.75,28.2,28.05,0.15,0.0,1734548.0,-,Banking,ABSA,ABSA Bank Kenya Plc,28.05,27.95,27.85,27.95,26.0,28.0,0.13228756555327784,27.72,0.5349974039397087,26.7275,1.0856086093208601,0.8545454545454545,1.88,0.005347593582887722,3,2,1,490128.6,3.538965079777022,28.2
2026-02-06,ABSA,ABSA Bank Kenya Plc,15.0,33.0,28.15,29.7,28.2,28.2,0.0,0.0,1194408.0,-,Banking,ABSA,ABSA Bank Kenya Plc,28.2,28.05,27.95,27.95,26.45,28.05,0.15411035007426563,27.895,0.3139798295007803,26.859999999999996,1.095997502878442,0.8545454545454545,1.88,0.0,4,2,1,700501.2,1.7050763082204572,28.7
2026-02-09,ABSA,ABSA Bank Kenya Plc,15.0,33.0,28.2,29.55,28.7,28.2,0.5,0.0,568631.0,-,Banking,ABSA,ABSA Bank Kenya Plc,28.2,28.2,28.05,27.85,27.15,28.22,0.288530760925091,28.05,0.28674417556809684,27.01,1.1335319743360104,0.8696969696969696,1.9133333333333333,0.01773049645390068,0,2,1,766845.2,0.7415199312716569,28.75
2026-02-10,ABSA,ABSA Bank Kenya Plc,15.0,33.0,28.7,29.55,28.75,28.7,0.05,0.0,5763354.0,-,Banking,ABSA,ABSA Bank Kenya Plc,28.7,28.2,28.2,27.95,27.6,28.380000000000003,0.32132538026121,28.165,0.3153921721004301,27.1625,1.1530137854655813,0.8712121212121212,1.9166666666666667,0.0017421602787457413,1,2,1,1886227.2,3.0554929968139577,29.0
2026-02-11,ABSA,ABSA Bank Kenya Plc,15.0,33.0,28.8,29.5,29.0,28.75,0.25,0.0,2964642.0,-,Banking,ABSA,ABSA Bank Kenya Plc,28.75,28.7,28.2,28.05,28.05,28.57,0.35637059362412415,28.26,0.4067486256208484,27.327500000000004,1.1687234376379183,0.8787878787878788,1.9333333333333333,0.008695652173912993,2,2,1,2445116.6,1.2124746934358877,29.35
2026-02-12,ABSA,ABSA Bank Kenya Plc,15.0,33.0,29.0,29.55,29.35,29.0,0.35,0.0,1221142.0,-,Banking,ABSA,ABSA Bank Kenya Plc,29.0,28.75,28.7,28.2,27.95,28.8,0.4227883631322064,28.4,0.514781507049354,27.504999999999995,1.193832836751127,0.8893939393939394,1.9566666666666668,0.012068965517241459,3,2,1,2342435.4,0.5213129890369655,29.55
2026-02-13,ABSA,ABSA Bank Kenya Plc,15.0,33.0,29.3,30.0,29.55,29.35,0.2,0.0,620357.0,-,Banking,ABSA,ABSA Bank Kenya Plc,29.35,29.0,28.75,28.2,27.95,29.07,0.37181984885157615,28.560000000000002,0.6008327554319949,27.695,1.2021800373094043,0.8954545454545455,1.97,0.006814310051107331,4,2,1,2227625.2,0.2784835617769093,30.0
2026-02-16,ABSA,ABSA Bank Kenya Plc,15.0,33.0,29.6,30.3,30.0,29.55,0.45,0.0,2432878.0,-,Banking,ABSA,ABSA Bank Kenya Plc,29.55,29.35,29.0,28.7,27.85,29.330000000000002,0.48554093545241467,28.775,0.6957210488247283,27.910000000000004,1.2110891140230917,0.9090909090909091,2.0,0.015228426395939021,0,2,1,2600474.6,0.9355515335546827,29.85
2026-02-17,ABSA,ABSA Bank Kenya Plc,15.0,33.0,29.4,30.35,29.85,30.0,-0.15,0.0,418155.0,-,Banking,ABSA,ABSA Bank Kenya Plc,30.0,29.55,29.35,28.75,27.95,29.55,0.3984344362627339,28.965000000000003,0.7047655244437298,28.115000000000002,1.1726151609924909,0.9045454545454545,1.99,-0.0050000000000000044,1,2,1,1531434.8,0.273047863350108,29.85
2026-02-18,ABSA,ABSA Bank Kenya Plc,15.0,33.0,29.75,30.0,29.85,29.85,0.0,0.0,1534920.0,-,Banking,ABSA,ABSA Bank Kenya Plc,29.85,30.0,29.55,29.0,28.05,29.720000000000006,0.26362852652927965,29.145,0.6743103472767153,28.322499999999998,1.086819962817631,0.9045454545454545,1.99,0.0,2,2,1,1245490.4,1.232382040038205,29.45
2026-02-19,ABSA,ABSA Bank Kenya Plc,15.0,33.0,29.05,29.85,29.45,29.85,-0.4,0.0,1800572.0,-,Banking,ABSA,ABSA Bank Kenya Plc,29.85,29.85,30.0,29.35,28.2,29.74,0.23021728866442467,29.270000000000003,0.5902918298980966,28.494999999999997,0.9658511381432436,0.8924242424242425,1.9633333333333334,-0.01340033500837523,3,2,1,1361376.4,1.3226114394226314,28.45
2026-02-20,ABSA,ABSA Bank Kenya Plc,15.0,33.0,28.0,29.3,28.45,29.45,-1.0,0.0,311251.0,-,Banking,ABSA,ABSA Bank Kenya Plc,29.45,29.85,29.85,29.55,28.2,29.52,0.6320601237224234,29.295000000000005,0.5433691194758851,28.595000000000006,0.8380585333156175,0.8621212121212121,1.8966666666666667,-0.03395585738539897,4,2,1,1299555.2,0.23950579398243338,28.3
2026-02-23,ABSA,ABSA Bank Kenya Plc,15.0,33.0,28.0,29.0,28.3,28.45,-0.15,0.0,414021.0,-,Banking,ABSA,ABSA Bank Kenya Plc,28.45,29.45,29.85,30.0,28.7,29.18,0.7546522377890451,29.254999999999995,0.6034392172281211,28.652499999999996,0.7704194004771324,0.8575757575757575,1.8866666666666667,-0.005272407732864637,0,2,1,895783.8,0.4621885325454646,29.1
2026-02-24,ABSA,ABSA Bank Kenya Plc,15.0,33.0,28.45,29.95,29.1,28.3,0.8,0.0,564452.0,-,Banking,ABSA,ABSA Bank Kenya Plc,28.3,28.45,29.45,29.85,28.75,29.03,0.6563154729244289,29.29,0.5806127031947454,28.727500000000003,0.7347529122808755,0.8818181818181818,1.9400000000000002,0.028268551236749095,1,2,1,925043.2,0.6101898808617803,29.5
2026-02-25,ABSA,ABSA Bank Kenya Plc,15.0,33.0,29.35,29.9,29.5,29.1,0.4,0.0,2435843.0,-,Banking,ABSA,ABSA Bank Kenya Plc,29.1,28.3,28.45,29.85,29.0,28.96,0.5583457710057614,29.339999999999996,0.5743595467030098,28.8,0.7359204762529608,0.8939393939393939,1.9666666666666666,0.013745704467353903,2,2,1,1105227.8,2.2039284571017848,30.95
2026-02-26,ABSA,ABSA Bank Kenya Plc,15.0,33.0,29.65,32.45,30.95,29.5,1.45,0.0,588603.0,-,Banking,ABSA,ABSA Bank Kenya Plc,29.5,29.1,28.3,29.45,29.35,29.26,1.0626617523934938,29.5,0.7677528537520659,28.95,0.8503869088460871,0.9378787878787879,2.0633333333333335,0.04915254237288136,3,2,1,862834.0,0.6821740914243064,32.2
2026-02-27,ABSA,ABSA Bank Kenya Plc,15.0,33.0,31.05,33.0,32.2,30.95,1.25,0.0,1543114.0,-,Banking,ABSA,ABSA Bank Kenya Plc,30.95,29.5,29.1,28.45,29.55,30.01,1.5565988564816544,29.764999999999997,1.149408060215729,29.1625,1.0857782801678109,0.9757575757575758,2.146666666666667,0.04038772213247177,4,2,1,1109206.6,1.391187178294828,32.1
2026-03-02,ABSA,ABSA Bank Kenya Plc,15.0,33.0,31.85,32.4,32.1,32.2,-0.1,0.0,339794.0,-,Banking,ABSA,ABSA Bank Kenya Plc,32.2,30.95,29.5,28.3,30.0,30.77,1.4359665734271025,29.975,1.3681394503322934,29.375,1.2226481182468598,0.9727272727272728,2.14,-0.0031055900621118626,0,3,1,1094361.2,0.31049529168249024,32.05
2026-03-03,ABSA,ABSA Bank Kenya Plc,15.0,33.0,31.8,32.15,32.05,32.1,-0.05,0.0,250471.0,-,Banking,ABSA,ABSA Bank Kenya Plc,32.1,32.2,30.95,29.1,29.85,31.360000000000003,1.1572596942778048,30.195,1.5148248890364973,29.580000000000002,1.3116281565491739,0.9712121212121211,2.1366666666666663,-0.0015576323987540608,1,3,1,1031565.0,0.2428068032552481,30.0
2026-03-04,ABSA,ABSA Bank Kenya Plc,15.0,33.0,29.35,32.0,30.0,32.05,-2.05,0.0,5917798.0,-,Banking,ABSA,ABSA Bank Kenya Plc,32.05,32.1,32.2,29.5,29.85,31.46,0.9613792175827166,30.21,1.511768647791201,29.6775,1.26350337928857,0.9090909090909091,2.0,-0.06396255850234,2,3,1,1727956.0,3.424738824368213,29.55
2026-03-05,ABSA,ABSA Bank Kenya Plc,15.0,33.0,29.4,30.0,29.55,30.0,-0.45,0.0,1097815.0,-,Banking,ABSA,ABSA Bank Kenya Plc,30.0,32.05,32.1,30.95,29.45,31.18,1.2935416498899301,30.22,1.5065044160424976,29.745000000000005,1.2155678768204783,0.8954545454545455,1.97,-0.015000000000000013,3,3,1,1829798.4,0.5999650016089204,30.15
2026-03-06,ABSA,ABSA Bank Kenya Plc,15.0,33.0,29.55,30.95,30.15,29.55,0.6,0.0,594426.0,-,Banking,ABSA,ABSA Bank Kenya Plc,29.55,30.0,32.05,32.2,28.45,30.77,1.2117136625457234,30.389999999999997,1.374732297172391,29.8425,1.1621526079695712,0.9136363636363636,2.01,0.02030456852791862,4,3,1,1640060.8,0.3624414411953508,30.05
2026-03-09,ABSA,ABSA Bank Kenya Plc,15.0,33.0,30.0,30.7,30.05,30.15,-0.1,0.0,2875690.0,-,Banking,ABSA,ABSA Bank Kenya Plc,30.15,29.55,30.0,32.1,28.3,30.360000000000003,0.9723682430026092,30.565000000000005,1.1761637263200653,29.909999999999997,1.131091694361063,0.9106060606060606,2.0033333333333334,-0.0033167495854062867,0,3,1,2147240.0,1.3392494551144725,30.35
2026-03-10,ABSA,ABSA Bank Kenya Plc,15.0,33.0,30.0,30.5,30.35,30.05,0.3,0.0,182406.0,-,Banking,ABSA,ABSA Bank Kenya Plc,30.05,30.15,29.55,32.05,29.1,30.02,0.2949576240750411,30.689999999999998,1.0642681366397555,29.99,1.1009087155618067,0.9196969696969698,2.0233333333333334,0.009983361064891838,1,3,1,2133627.0,0.08549104412345739,30.4
2026-03-11,ABSA,ABSA Bank Kenya Plc,15.0,33.0,30.3,30.5,30.4,30.35,0.05,0.0,266154.0,-,Banking,ABSA,ABSA Bank Kenya Plc,30.35,30.05,30.15,30.0,29.5,30.1,0.33911649915625036,30.78,0.9877584050093712,30.059999999999995,1.0789370987957734,0.9212121212121211,2.0266666666666664,0.0016474464579900872,2,3,1,1003298.2,0.26527905661547085,30.65
2026-03-12,ABSA,ABSA Bank Kenya Plc,15.0,33.0,30.4,31.45,30.65,30.4,0.25,0.0,737082.0,-,Banking,ABSA,ABSA Bank Kenya Plc,30.4,30.35,30.05,29.55,30.95,30.32,0.23345235059854585,30.75,0.9865765724632446,30.125,1.0730551562808863,0.9287878787878787,2.0433333333333334,0.008223684210526327,3,3,1,931151.6,0.7915810916289034,31.05
2026-03-13,ABSA,ABSA Bank Kenya Plc,15.0,33.0,30.9,31.9,31.05,30.65,0.4,0.0,1260628.0,-,Banking,ABSA,ABSA Bank Kenya Plc,30.65,30.4,30.35,30.15,32.2,30.5,0.37416573867737035,30.634999999999998,0.8573376101500314,30.2,1.0831241363467001,0.9409090909090909,2.07,0.013050570962479746,4,3,1,1064392.0,1.1843644070981367,31.65
2026-03-16,ABSA,ABSA Bank Kenya Plc,15.0,33.0,31.0,32.95,31.65,31.05,0.6,0.0,272501.0,-,Banking,ABSA,ABSA Bank Kenya Plc,31.05,30.65,30.4,30.05,32.1,30.82,0.5403702434442283,30.589999999999996,0.7802421276615139,30.2825,1.1289579498951765,0.959090909090909,2.11,0.019323671497584405,0,3,1,543754.2,0.5011473934362255,31.9
2026-03-17,ABSA,ABSA Bank Kenya Plc,15.0,33.0,31.7,32.0,31.9,31.65,0.25,0.0,161508.0,-,Banking,ABSA,ABSA Bank Kenya Plc,31.65,31.05,30.65,30.35,32.05,31.130000000000003,0.6389444420291718,30.575,0.7499074016911021,30.384999999999998,1.1795516543429103,0.9666666666666667,2.1266666666666665,0.00789889415481837,1,3,1,539574.6,0.2993246902281909,31.95
2026-03-18,ABSA,ABSA Bank Kenya Plc,15.0,33.0,31.65,32.75,31.95,31.9,0.05,0.0,281852.0,-,Banking,ABSA,ABSA Bank Kenya Plc,31.9,31.65,31.05,30.4,30.0,31.439999999999998,0.5683308895352817,30.77,0.8327331171776665,30.490000000000002,1.222120676270702,0.9681818181818181,2.13,0.0015673981191222097,2,3,1,542714.2,0.5193378024750412,31.8
2026-03-19,ABSA,ABSA Bank Kenya Plc,15.0,33.0,31.55,31.95,31.8,31.95,-0.15,0.0,200894.0,-,Banking,ABSA,ABSA Bank Kenya Plc,31.95,31.9,31.65,30.65,29.55,31.669999999999998,0.36503424496882625,30.994999999999997,0.7679156493029905,30.607499999999998,1.2298133148871087,0.9636363636363636,2.12,-0.0046948356807511304,3,3,1,435476.6,0.46131985048105917,30.9
2026-03-23,ABSA,ABSA Bank Kenya Plc,15.0,33.0,29.9,31.6,30.9,31.8,-0.9,0.0,391271.0,-,Banking,ABSA,ABSA Bank Kenya Plc,31.8,31.95,31.9,31.05,30.15,31.639999999999997,0.42924352062665083,31.07,0.7107116933828371,30.729999999999997,1.1207844996861682,0.9363636363636363,2.06,-0.028301886792452935,0,3,1,261605.2,1.4956545206287948,29.75
2026-03-24,ABSA,ABSA Bank Kenya Plc,15.0,33.0,29.5,30.9,29.75,30.9,-1.15,0.0,1411409.0,-,Banking,ABSA,ABSA Bank Kenya Plc,30.9,31.8,31.95,31.65,30.05,31.259999999999998,0.9469688484844508,31.04,0.7629620640052165,30.8025,0.995182474672192,0.9015151515151515,1.9833333333333334,-0.03721682847896435,1,3,1,489386.8,2.884035695282341,29.65
2026-03-25,ABSA,ABSA Bank Kenya Plc,15.0,33.0,28.9,29.7,29.65,29.75,-0.1,0.0,1334698.0,-,Banking,ABSA,ABSA Bank Kenya Plc,29.75,30.9,31.8,31.9,30.35,30.810000000000002,1.0905273953459287,30.97,0.8593279027498374,30.830000000000002,0.9523378436358517,0.8984848484848484,1.9766666666666666,-0.003361344537815225,2,3,1,724024.8,1.843442379321813,27.85
2026-03-26,ABSA,ABSA Bank Kenya Plc,15.0,33.0,27.4,29.4,27.85,29.65,-1.8,0.0,1276826.0,-,Banking,ABSA,ABSA Bank Kenya Plc,29.65,29.75,30.9,31.95,30.4,29.99,1.4880356178532772,30.714999999999996,1.3083174096695467,30.747499999999995,1.1287481421561607,0.843939393939394,1.8566666666666667,-0.0607082630691399,3,3,1,923019.6,1.383314070470443,27.2
2026-03-27,ABSA,ABSA Bank Kenya Plc,15.0,33.0,26.9,27.85,27.2,27.85,-0.65,0.0,578664.0,-,Banking,ABSA,ABSA Bank Kenya Plc,27.85,29.65,29.75,31.8,30.65,29.07,1.5110426863593234,30.369999999999997,1.7180738569042266,30.560000000000002,1.3774117604749392,0.8242424242424242,1.8133333333333332,-0.02333931777378817,4,3,1,998573.6,0.5794905853709732,27.25
2026-03-30,ABSA,ABSA Bank Kenya Plc,15.0,33.0,26.9,28.0,27.25,27.2,0.05,0.0,864740.0,-,Banking,ABSA,ABSA Bank Kenya Plc,27.2,27.85,29.65,30.9,31.05,28.339999999999996,1.2680693987317957,29.99,1.9548799337953058,30.3125,1.5059421775437465,0.8257575757575758,1.8166666666666667,0.0018382352941177516,0,3,1,1093267.4,0.7909684309620868,28.55
2026-03-31,ABSA,ABSA Bank Kenya Plc,15.0,33.0,28.0,29.0,28.55,27.25,1.3,0.0,385792.0,-,Banking,ABSA,ABSA Bank Kenya Plc,27.25,27.2,27.85,29.75,31.65,28.1,1.0246950765959717,29.68,1.9076163136228366,30.134999999999998,1.4933272634588217,0.8651515151515152,1.9033333333333333,0.04770642201834874,1,3,1,888144.0,0.43438001044875607,28.9
2026-04-01,ABSA,ABSA Bank Kenya Plc,15.0,33.0,28.2,29.5,28.9,28.55,0.35,0.0,305793.0,-,Banking,ABSA,ABSA Bank Kenya Plc,28.55,27.25,27.2,29.65,31.9,27.95,0.7623975340988636,29.380000000000003,1.7489997141223264,29.977500000000003,1.4460904645211137,0.8757575757575757,1.9266666666666665,0.012259194395796813,2,4,2,682363.0,0.4481383076163274,29.6
2026-04-02,ABSA,ABSA Bank Kenya Plc,15.0,33.0,29.3,29.85,29.6,28.9,0.7,0.0,263542.0,-,Banking,ABSA,ABSA Bank Kenya Plc,28.9,28.55,27.25,27.85,31.95,28.3,1.0517841983981409,29.145,1.506366120466358,29.9575,1.4485269286961284,0.896969696969697,1.9733333333333334,0.02422145328719738,3,4,2,479706.2,0.5493821009609632,29.85
2026-04-07,ABSA,ABSA Bank Kenya Plc,15.0,33.0,29.7,30.0,29.85,29.6,0.25,0.0,183935.0,-,Banking,ABSA,ABSA Bank Kenya Plc,29.6,28.9,28.55,27.2,31.8,28.830000000000002,1.0262796889737247,28.95,1.2242911781471204,29.972499999999997,1.4456354457833436,0.9045454545454545,1.99,0.008445945945946054,1,4,2,400760.4,0.4589650075207031,30.95
2026-04-08,ABSA,ABSA Bank Kenya Plc,15.0,33.0,29.9,31.5,30.95,29.85,1.1,0.0,1357393.0,-,Banking,ABSA,ABSA Bank Kenya Plc,29.85,29.6,28.9,27.25,30.9,29.570000000000004,0.9317993346209161,28.955000000000002,1.2332094532379856,30.0125,1.4617828876157561,0.9378787878787879,2.0633333333333335,0.03685092127303169,2,4,2,499291.0,2.7186410329847726,30.85
2026-04-09,ABSA,ABSA Bank Kenya Plc,15.0,33.0,30.0,31.5,30.85,30.95,-0.1,0.0,294957.0,-,Banking,ABSA,ABSA Bank Kenya Plc,30.95,29.85,29.6,28.55,29.75,30.03,0.8678997637976233,29.065000000000005,1.3550420247685555,30.052500000000002,1.473759514053463,0.9348484848484849,2.0566666666666666,-0.003231017770597644,3,4,2,481124.0,0.6130581721136339,30.9
2026-04-10,ABSA,ABSA Bank Kenya Plc,15.0,33.0,30.8,31.0,30.9,30.85,0.05,0.0,267751.0,-,Banking,ABSA,ABSA Bank Kenya Plc,30.85,30.95,29.85,28.9,29.65,30.43,0.650576667272934,29.189999999999998,1.4679539805078592,30.080000000000002,1.4846938369487581,0.9363636363636363,2.06,0.0016207455429497752,4,4,2,473515.6,0.5654533873857588,30.85
2026-04-13,ABSA,ABSA Bank Kenya Plc,15.0,33.0,30.0,31.0,30.85,30.9,-0.05,0.0,187013.0,-,Banking,ABSA,ABSA Bank Kenya Plc,30.9,30.85,30.95,29.6,27.85,30.68,0.4658325879540331,29.490000000000002,1.4702229611713793,30.102500000000003,1.4931840757959036,0.9348484848484849,2.0566666666666666,-0.0016181229773462036,0,4,2,458209.8,0.40813836805760156,30.95
2026-04-14,ABSA,ABSA Bank Kenya Plc,16.95,33.0,30.8,31.5,30.95,30.85,0.1,0.0,205470.0,-,Banking,ABSA,ABSA Bank Kenya Plc,30.85,30.9,30.85,29.85,27.2,30.9,0.04999999999946784,29.865000000000002,1.2882050388902417,30.1175,1.500462647950517,0.9378787878787879,1.8259587020648969,0.0032414910858995505,1,4,2,462516.8,0.4442433226209297,31.1
2026-04-15,ABSA,ABSA Bank Kenya Plc,16.95,33.0,31.0,31.55,31.1,30.95,0.15,0.0,199292.0,-,Banking,ABSA,ABSA Bank Kenya Plc,30.95,30.85,30.9,30.95,27.25,30.93,0.10368220676638024,30.25,0.9510228411791356,30.119999999999997,1.502138826018261,0.9424242424242425,1.8348082595870208,0.004846526655896577,2,4,2,230896.6,0.8631222807092005,31.55
2026-04-16,ABSA,ABSA Bank Kenya Plc,15.0,33.0,31.3,31.95,31.55,31.1,0.45,0.0,81993.0,-,Banking,ABSA,ABSA Bank Kenya Plc,31.1,30.95,30.85,30.85,28.55,31.070000000000004,0.2841654447675579,30.55,0.8192137151629629,30.115,1.4969354660350676,0.956060606060606,2.1033333333333335,0.014469453376205754,3,4,2,188303.8,0.43542934343332423,31.45
2026-04-17,ABSA,ABSA Bank Kenya Plc,15.0,33.0,31.2,31.5,31.45,31.55,-0.1,0.0,161129.0,-,Banking,ABSA,ABSA Bank Kenya Plc,31.55,31.1,30.95,30.9,28.9,31.18,0.30740852297869237,30.804999999999996,0.6215795291924477,30.0925,1.4718655366216977,0.953030303030303,2.0966666666666667,-0.0031695721077654726,4,4,2,166979.4,0.9649633427836009,31.05
2026-04-20,ABSA,ABSA Bank Kenya Plc,15.0,33.0,30.8,31.5,31.05,31.45,-0.4,0.0,1263597.0,-,Banking,ABSA,ABSA Bank Kenya Plc,31.45,31.55,31.1,30.85,29.6,31.220000000000006,0.2636285265291682,30.95,0.45643546458763384,30.047499999999996,1.425101566094204,0.9409090909090909,2.07,-0.012718600953894987,0,4,2,382296.2,3.3052826577925702,31.1
2026-04-21,ABSA,ABSA Bank Kenya Plc,15.0,33.0,30.8,31.5,31.1,31.05,0.05,0.0,226420.0,-,Banking,ABSA,ABSA Bank Kenya Plc,31.05,31.45,31.55,30.95,29.85,31.25,0.231840462387262,31.075,0.2429563289518826,30.0125,1.3879059387209152,0.9424242424242425,2.0733333333333333,0.0016103059581320522,1,4,2,386486.2,0.5858423923027524,30.65
2026-04-22,ABSA,ABSA Bank Kenya Plc,15.0,33.0,30.5,31.2,30.65,31.1,-0.45,0.0,490609.0,-,Banking,ABSA,ABSA Bank Kenya Plc,31.1,31.05,31.45,31.1,30.95,31.160000000000004,0.3577708763998857,31.044999999999998,0.27633514273633114,30.0,1.3805986497092086,0.9287878787878787,2.0433333333333334,-0.014469453376205865,2,4,2,444749.6,1.1031128527153258,30.45
2026-04-23,ABSA,ABSA Bank Kenya Plc,15.0,33.0,30.25,30.75,30.45,30.65,-0.2,0.0,506580.0,-,Banking,ABSA,ABSA Bank Kenya Plc,30.65,31.1,31.05,31.55,30.85,30.939999999999998,0.3943348830625419,31.004999999999995,0.33120151636796785,30.035000000000004,1.3827984592655977,0.9227272727272727,2.03,-0.006525285481239762,3,4,2,529667.0,0.956412236367378,30.5
2026-04-24,ABSA,ABSA Bank Kenya Plc,15.0,33.0,30.25,31.0,30.5,30.45,0.05,0.0,1181338.0,-,Banking,ABSA,ABSA Bank Kenya Plc,30.45,30.65,31.1,31.45,30.9,30.75,0.30618621784782246,30.964999999999996,0.36746126024082315,30.077499999999997,1.3834049336785876,0.9242424242424242,2.033333333333333,0.0016420361247948545,4,4,2,733708.8,1.6100910879084454,31.0
2026-04-27,ABSA,ABSA Bank Kenya Plc,15.0,33.0,30.7,31.2,31.0,30.5,0.5,0.0,1454458.0,-,Banking,ABSA,ABSA Bank Kenya Plc,30.5,30.45,30.65,31.05,30.85,30.74,0.2945335295003855,30.979999999999997,0.3653004851412613,30.235000000000003,1.292803970160634,0.9393939393939394,2.066666666666667,0.016393442622950838,0,4,2,771881.0,1.884303409463376,31.0
2026-04-28,ABSA,ABSA Bank Kenya Plc,15.0,33.0,30.9,31.2,31.0,31.0,0.0,0.0,703418.0,-,Banking,ABSA,ABSA Bank Kenya Plc,31.0,30.5,30.45,31.1,30.95,30.72,0.26598872156532244,30.984999999999996,0.3651864059779712,30.425,1.085975186301738,0.9393939393939394,2.066666666666667,0.0,1,4,2,867280.6,0.8110616102793029,30.85
2026-04-29,ABSA,ABSA Bank Kenya Plc,15.0,33.0,30.5,31.2,30.85,31.0,-0.15,0.0,295381.0,-,Banking,ABSA,ABSA Bank Kenya Plc,31.0,31.0,30.5,30.65,31.1,30.76,0.2678619047194911,30.96,0.3649961948051218,30.605,0.7900532960036615,0.9348484848484849,2.0566666666666666,-0.004838709677419284,2,4,2,828235.0,0.35663911812468685,30.5
2026-04-30,ABSA,ABSA Bank Kenya Plc,16.0,33.0,30.25,30.95,30.5,30.85,-0.35,0.0,1050994.0,-,Banking,ABSA,ABSA Bank Kenya Plc,30.85,31.0,31.0,30.45,31.55,30.77,0.25396850198391435,30.855,0.3252776591706708,30.702500000000004,0.626492953713418,0.9242424242424242,1.90625,-0.011345218800648316,3,4,2,937117.8,1.1215174869157325,28.45
2026-05-04,ABSA,ABSA Bank Kenya Plc,16.0,33.0,27.95,30.55,28.45,30.5,-2.05,0.0,371566.0,-,Banking,ABSA,ABSA Bank Kenya Plc,30.5,30.85,31.0,30.5,31.45,30.360000000000003,1.0870832534815191,30.555,0.7804735030024288,30.679999999999996,0.6985699678628703,0.8621212121212121,1.778125,-0.06721311475409841,0,5,2,775163.4,0.47933893679706757,28.25
2026-05-05,ABSA,ABSA Bank Kenya Plc,16.45,33.0,25.65,29.0,28.25,28.45,-0.2,0.0,200268.0,-,Banking,ABSA,ABSA Bank Kenya Plc,28.45,30.5,30.85,31.0,31.05,29.810000000000002,1.3469409786623832,30.275,1.0416999994666796,30.6125,0.8559197884208892,0.8560606060606061,1.7173252279635258,-0.007029876977152849,1,5,2,524325.4,0.38195364939405946,28.45
2026-05-06,ABSA,ABSA Bank Kenya Plc,16.2,33.0,28.0,29.0,28.45,28.25,0.2,0.0,268064.0,-,Banking,ABSA,ABSA Bank Kenya Plc,28.25,28.45,30.5,31.0,31.1,29.3,1.2639224659764496,30.009999999999998,1.1408573773945392,30.5425,0.9710649335976937,0.8621212121212121,1.7561728395061729,0.0070796460176991705,2,5,2,437254.6,0.6130615892891693,28.6
2026-05-07,ABSA,ABSA Bank Kenya Plc,16.45,33.0,28.0,29.0,28.6,28.45,0.15,0.0,434555.0,-,Banking,ABSA,ABSA Bank Kenya Plc,28.45,28.25,28.45,30.85,30.65,28.85,0.9307255234493123,29.805,1.1959305999931558,30.425,1.0574920679060191,0.8666666666666667,1.7386018237082068,0.005272407732864748,3,5,2,465089.4,0.9343472459273421,28.1
2026-05-08,ABSA,ABSA Bank Kenya Plc,16.45,33.0,28.0,28.95,28.1,28.6,-0.5,0.0,213743.0,-,Banking,ABSA,ABSA Bank Kenya Plc,28.6,28.45,28.25,30.5,30.45,28.369999999999997,0.19557607215609563,29.570000000000004,1.2828354012369068,30.2875,1.171916446635458,0.8515151515151516,1.7082066869300914,-0.0174825174825175,4,5,2,297639.2,0.7181278541267413,28.45
2026-05-11,ABSA,ABSA Bank Kenya Plc,16.75,33.0,28.2,28.6,28.45,28.1,0.35,0.0,216159.0,-,Banking,ABSA,ABSA Bank Kenya Plc,28.1,28.6,28.45,28.45,30.5,28.369999999999997,0.19557607215609563,29.365000000000002,1.2815030237966627,30.165,1.2310778332741161,0.8621212121212121,1.698507462686567,0.01245551601423478,0,5,2,266557.8,0.8109273110747462,28.75
2026-05-12,ABSA,ABSA Bank Kenya Plc,16.45,33.0,28.5,29.2,28.75,28.45,0.3,0.0,3069692.0,-,Banking,ABSA,ABSA Bank Kenya Plc,28.45,28.1,28.6,28.25,31.0,28.47,0.24135036772295287,29.140000000000004,1.153689732987163,30.059999999999995,1.2588215040057569,0.8712121212121212,1.7477203647416415,0.010544815465729274,1,5,2,840442.6,3.6524707338728426,29.4
2026-05-13,ABSA,ABSA Bank Kenya Plc,16.75,33.0,28.55,29.9,29.4,28.75,0.65,0.0,79900.0,-,Banking,ABSA,ABSA Bank Kenya Plc,28.75,28.45,28.1,28.45,31.0,28.660000000000004,0.4788005847949652,28.98,0.9621157241551865,29.982499999999998,1.2488178620725798,0.8909090909090909,1.7552238805970148,0.022608695652173827,2,5,2,802809.8,0.0995254417671533,29.1
2026-05-14,ABSA,ABSA Bank Kenya Plc,16.95,33.0,28.5,29.5,29.1,29.4,-0.3,0.0,141302.0,-,Banking,ABSA,ABSA Bank Kenya Plc,29.4,28.75,28.45,28.6,30.85,28.76,0.5140525264989946,28.805,0.7104184995088725,29.8825,1.2346185219478907,0.8818181818181818,1.7168141592920356,-0.010204081632652962,3,5,2,744159.2,0.18988141247195495,28.75
2026-05-15,ABSA,ABSA Bank Kenya Plc,16.95,33.0,28.5,29.0,28.75,29.1,-0.35,0.0,54311.0,-,Banking,ABSA,ABSA Bank Kenya Plc,29.1,29.4,28.75,28.1,30.5,28.889999999999997,0.3664014192112233,28.630000000000003,0.3895866755649794,29.7425,1.1936537230395885,0.8712121212121212,1.696165191740413,-0.012027491408934776,4,5,2,712272.8,0.07625027938733586,28.1
2026-05-18,ABSA,ABSA Bank Kenya Plc,17.1,33.0,28.05,28.75,28.1,28.75,-0.65,0.0,1345062.0,-,Banking,ABSA,ABSA Bank Kenya Plc,28.75,29.1,29.4,28.45,28.45,28.820000000000004,0.485540935452408,28.595000000000006,0.4219333807341776,29.575,1.176356999160392,0.8515151515151516,1.6432748538011694,-0.022608695652173827,0,5,2,938053.4,1.4338863864253357,28.6
2026-05-19,ABSA,ABSA Bank Kenya Plc,17.1,33.0,28.1,29.0,28.6,28.1,0.5,0.0,110356.0,-,Banking,ABSA,ABSA Bank Kenya Plc,28.1,28.75,29.1,28.75,28.25,28.790000000000003,0.49547956567349954,28.630000000000003,0.4042826294121959,29.452500000000004,1.1417294130535218,0.8666666666666667,1.672514619883041,0.017793594306049876,1,5,2,346186.2,0.31877642725215505,28.6
2026-05-20,ABSA,ABSA Bank Kenya Plc,17.5,33.0,28.25,28.75,28.6,28.6,0.0,0.0,2075191.0,-,Banking,ABSA,ABSA Bank Kenya Plc,28.6,28.1,28.75,29.4,28.45,28.630000000000003,0.359861084308936,28.645000000000003,0.3996178730292713,29.327500000000004,1.0874251335391296,0.8666666666666667,1.6342857142857143,0.0,2,5,2,745244.4,2.7845777841470527,28.75
2026-05-21,ABSA,ABSA Bank Kenya Plc,17.5,33.0,28.5,28.75,28.75,28.6,0.15,0.0,2930608.0,-,Banking,ABSA,ABSA Bank Kenya Plc,28.6,28.6,28.1,29.1,28.6,28.560000000000002,0.26786190471958554,28.660000000000004,0.4005551702879876,29.232500000000005,1.0480903687433616,0.8712121212121212,1.6428571428571428,0.005244755244755206,3,5,2,1303105.6,2.2489412983874826,28.75
2026-05-22,ABSA,ABSA Bank Kenya Plc,17.7,33.0,28.2,29.5,28.75,28.75,0.0,0.0,1276634.0,-,Banking,ABSA,ABSA Bank Kenya Plc,28.75,28.6,28.6,28.75,28.1,28.560000000000002,0.26786190471958554,28.725,0.34900652652285685,29.1475,1.012484567783611,0.8712121212121212,1.6242937853107344,0.0,4,5,2,1547570.2,0.8249280064968944,29.5
2026-05-25,ABSA,ABSA Bank Kenya Plc,17.7,33.0,28.7,30.0,29.5,28.75,0.75,0.0,71923.0,-,Banking,ABSA,ABSA Bank Kenya Plc,28.75,28.75,28.6,28.1,28.45,28.839999999999996,0.3764970119403313,28.830000000000002,0.4097424665431722,29.097500000000004,0.965793238197149,0.8939393939393939,1.6666666666666667,0.026086956521739202,0,5,2,1292942.4,0.05562738138992116,29.5
2026-05-26,ABSA,ABSA Bank Kenya Plc,17.9,33.0,29.0,29.65,29.5,29.5,0.0,0.0,1614389.0,-,Banking,ABSA,ABSA Bank Kenya Plc,29.5,28.75,28.75,28.6,28.75,29.020000000000003,0.4424364361125715,28.905,0.45913566138511713,29.0225,0.8630537886512237,0.8939393939393939,1.6480446927374304,0.0,1,5,2,1593749.0,1.0129505963611585,29.3
2026-05-28,ABSA,ABSA Bank Kenya Plc,17.9,33.0,29.0,29.5,29.3,29.5,-0.2,0.0,135155.0,-,Banking,ABSA,ABSA Bank Kenya Plc,29.5,29.5,28.75,28.6,29.4,29.160000000000004,0.38307962618754615,28.895000000000003,0.4481133289197601,28.9375,0.7317741598694233,0.8878787878787879,1.6368715083798884,-0.006779661016949157,3,5,2,1205741.8,0.11209282119936458,28.75
2026-05-29,ABSA,ABSA Bank Kenya Plc,17.9,33.0,28.1,29.9,28.75,29.3,-0.55,0.0,272842.0,-,Banking,ABSA,ABSA Bank Kenya Plc,29.3,29.5,29.5,28.75,29.1,29.160000000000004,0.38307962618754615,28.860000000000003,0.4439719710872578,28.8325,0.5772610008980894,0.8712121212121212,1.606145251396648,-0.018771331058020535,4,5,2,674188.6,0.40469684595675454,28.75
2026-06-02,ABSA,ABSA Bank Kenya Plc,17.95,33.0,28.1,29.05,28.75,28.75,0.0,0.0,331866.0,-,Banking,ABSA,ABSA Bank Kenya Plc,28.75,29.3,29.5,28.75,28.75,29.160000000000004,0.38307962618754615,28.860000000000003,0.4439719710872578,28.744999999999997,0.4233015597966602,0.8712121212121212,1.6016713091922006,0.0,1,6,2,485235.0,0.6839284058239822,29.0
2026-06-03,ABSA,ABSA Bank Kenya Plc,17.95,33.0,28.5,29.95,29.0,28.75,0.25,0.0,712690.0,-,Banking,ABSA,ABSA Bank Kenya Plc,28.75,28.75,29.3,29.5,28.1,29.060000000000002,0.33429029300892477,28.95,0.35512126254436616,28.7725,0.42098724821289346,0.8787878787878788,1.615598885793872,0.008695652173912993,2,6,2,613388.4,1.1618902476799364,29.05
2026-06-04,ABSA,ABSA Bank Kenya Plc,17.95,33.0,28.95,29.45,29.05,29.0,0.05,0.0,433117.0,-,Banking,ABSA,ABSA Bank Kenya Plc,29.0,28.75,28.75,29.5,28.6,28.97,0.23075961518427515,28.994999999999997,0.333708122632795,28.8125,0.40648525576933825,0.8803030303030304,1.6183844011142063,0.0017241379310344307,3,6,2,377134.0,1.1484432588947164,29.05
2026-06-05,ABSA,ABSA Bank Kenya Plc,17.95,33.0,28.85,29.45,29.05,29.05,0.0,0.0,828311.0,-,Banking,ABSA,ABSA Bank Kenya Plc,29.05,29.0,28.75,29.3,28.6,28.919999999999998,0.15652475842497182,29.04,0.3034981237357235,28.8425,0.40041918824621664,0.8803030303030304,1.6183844011142063,0.0,4,6,2,515765.2,1.6059846612373228,29.0
2026-06-08,ABSA,ABSA Bank Kenya Plc,17.95,33.0,28.75,29.2,29.0,29.05,-0.05,0.0,294990.0,-,Banking,ABSA,ABSA Bank Kenya Plc,29.05,29.05,29.0,28.75,28.75,28.97,0.12549900398008978,29.064999999999998,0.2867926079939879,28.8625,0.3976493430146335,0.8787878787878788,1.615598885793872,-0.0017211703958691649,0,6,2,520194.8,0.5670760261348249,28.2
2026-06-09,ABSA,ABSA Bank Kenya Plc,17.95,33.0,28.05,29.2,28.2,29.0,-0.8,0.0,1536217.0,-,Banking,ABSA,ABSA Bank Kenya Plc,29.0,29.05,29.05,28.75,28.75,28.860000000000003,0.36979724174200884,29.009999999999998,0.3885871845545012,28.867499999999996,0.38807046294519254,0.8545454545454545,1.5710306406685237,-0.02758620689655178,1,6,2,761065.0,2.018509588537116,28.6
2026-06-10,ABSA,ABSA Bank Kenya Plc,17.95,33.0,28.1,28.85,28.6,28.2,0.4,0.0,181961.0,-,Banking,ABSA,ABSA Bank Kenya Plc,28.2,29.0,29.05,29.0,29.5,28.78,0.3751666296460811,28.919999999999998,0.3660601043544558,28.875,0.38096138773809884,0.8666666666666667,1.593314763231198,0.014184397163120588,2,6,2,654919.2,0.27783732710844333,28.55
2026-06-11,ABSA,ABSA Bank Kenya Plc,17.95,33.0,28.4,28.9,28.55,28.6,-0.05,0.0,267325.0,-,Banking,ABSA,ABSA Bank Kenya Plc,28.6,28.2,29.0,29.05,29.5,28.68,0.35106979363084245,28.825,0.3190698286512714,28.865000000000002,0.38699245198673643,0.8651515151515152,1.5905292479108637,-0.0017482517482517723,3,6,2,621760.8,0.4299483016619896,28.2
2026-06-12,ABSA,ABSA Bank Kenya Plc,17.95,33.0,28.05,28.9,28.2,28.55,-0.35,0.0,853065.0,-,Banking,ABSA,ABSA Bank Kenya Plc,28.55,28.6,28.2,29.05,29.3,28.51,0.33241540277190296,28.714999999999996,0.32664115546642647,28.805,0.39266297320512117,0.8545454545454545,1.5710306406685237,-0.012259194395796924,4,6,2,626711.6,1.361176336930735,28.8
2026-06-15,ABSA,ABSA Bank Kenya Plc,17.95,33.0,28.1,29.0,28.8,28.2,0.6,0.0,188428.0,-,Banking,ABSA,ABSA Bank Kenya Plc,28.2,28.55,28.6,29.0,28.75,28.47,0.2636285265292953,28.72,0.32761766334147957,28.790000000000003,0.3864821096151819,0.8727272727272728,1.604456824512535,0.021276595744680993,0,6,2,605399.2,0.31124586884158423,29.3
2026-06-16,ABSA,ABSA Bank Kenya Plc,17.95,33.0,28.5,29.6,29.3,28.8,0.5,0.0,475135.0,-,Banking,ABSA,ABSA Bank Kenya Plc,28.8,28.2,28.55,28.2,28.75,28.690000000000005,0.40373258476373,28.775,0.3758324094593189,28.817500000000003,0.4027128400969072,0.8878787878787879,1.6323119777158774,0.01736111111111116,1,6,2,393182.8,1.2084328205608181,29.2
2026-06-17,ABSA,ABSA Bank Kenya Plc,17.95,33.0,28.8,29.4,29.2,29.3,-0.1,0.0,1929619.0,-,Banking,ABSA,ABSA Bank Kenya Plc,29.3,28.8,28.2,28.6,29.0,28.810000000000002,0.4560701700396555,28.794999999999998,0.39401776609690686,28.872500000000002,0.37362907302630494,0.8848484848484848,1.626740947075209,-0.0034129692832765013,2,6,2,742714.4,2.598063266310711,29.4
2026-06-18,ABSA,ABSA Bank Kenya Plc,17.95,33.0,29.25,29.95,29.4,29.2,0.2,0.0,560572.0,-,Banking,ABSA,ABSA Bank Kenya Plc,29.2,29.3,28.8,28.55,29.05,28.98,0.49193495504995155,28.830000000000002,0.43282020901678037,28.9125,0.385553259342264,0.8909090909090909,1.6378830083565459,0.006849315068493178,3,6,2,801363.8,0.6995224890368145,30.75
2026-06-19,ABSA,ABSA Bank Kenya Plc,17.95,33.0,30.05,33.0,30.75,29.4,1.35,0.0,3497249.0,-,Banking,ABSA,ABSA Bank Kenya Plc,29.4,29.2,29.3,28.2,29.05,29.49,0.7402702209328655,29.0,0.7479601890772256,29.02,0.5559250233430015,0.9318181818181818,1.7130919220055711,0.04591836734693877,4,6,2,1330200.6,2.6291139847628995,32.55
2026-06-22,ABSA,ABSA Bank Kenya Plc,17.95,33.0,32.0,32.9,32.55,30.75,1.8,0.0,1146207.0,-,Banking,ABSA,ABSA Bank Kenya Plc,30.75,29.4,29.2,28.8,29.0,30.24,1.4376195602453339,29.355,1.348960505146253,29.209999999999997,0.9607562810509832,0.9863636363636363,1.8133704735376044,0.05853658536585349,0,6,2,1521756.4,0.7532131949633989,32.5
2026-06-23,ABSA,ABSA Bank Kenya Plc,17.95,33.0,32.15,32.9,32.5,32.55,-0.05,0.0,3294335.0,-,Banking,ABSA,ABSA Bank Kenya Plc,32.55,30.75,29.4,29.3,28.2,30.879999999999995,1.6157815446402353,29.785000000000004,1.6015704098720618,29.397499999999997,1.201914591063148,0.9848484848484849,1.8105849582172702,-0.001536098310291778,1,6,2,2085596.4,1.5795649628087198,32.2
2026-06-24,ABSA,ABSA Bank Kenya Plc,17.95,33.0,32.0,32.6,32.2,32.5,-0.3,0.0,174697.0,-,Banking,ABSA,ABSA Bank Kenya Plc,32.5,32.55,30.75,29.2,28.6,31.48,1.3750454537941574,30.145,1.7067594375827433,29.5325,1.3558135060390362,0.9757575757575758,1.7938718662952648,-0.009230769230769154,2,6,2,1734612.0,0.10071243597991943,32.3
2026-06-25,ABSA,ABSA Bank Kenya Plc,17.95,33.0,32.0,32.6,32.3,32.2,0.1,0.0,142070.0,-,Banking,ABSA,ABSA Bank Kenya Plc,32.2,32.5,32.55,29.4,28.55,32.06,0.7461568199781945,30.52,1.7291937748879078,29.672499999999996,1.4901849938143392,0.9787878787878787,1.799442896935933,0.0031055900621115295,3,6,2,1650911.6,0.08605548595091342,32.5
2026-06-26,ABSA,ABSA Bank Kenya Plc,17.95,33.0,32.2,32.9,32.5,32.3,0.2,0.0,360313.0,-,Banking,ABSA,ABSA Bank Kenya Plc,32.3,32.2,32.5,30.75,28.2,32.410000000000004,0.15165750888093138,30.95,1.6193277068654757,29.8325,1.6146757047713687,0.9848484848484849,1.8105849582172702,0.006191950464396356,4,6,2,1023524.4,0.35203166626999804,32.05
2026-06-29,ABSA,ABSA Bank Kenya Plc,17.95,34.6,31.75,33.0,32.05,32.5,-0.45,0.0,2685016.0,-,Banking,ABSA,ABSA Bank Kenya Plc,32.5,32.3,32.2,32.55,28.8,32.309999999999995,0.1949358868961061,31.275,1.4579761467336902,29.997500000000002,1.6660286059337162,0.9263005780346819,1.7855153203342617,-0.013846153846153952,0,6,2,1331286.2,2.016858583826678,32.05
2026-06-30,ABSA,ABSA Bank Kenya Plc,17.95,34.6,31.5,34.6,32.05,32.05,0.0,0.0,3371153.0,-,Banking,ABSA,ABSA Bank Kenya Plc,32.05,32.5,32.3,32.5,29.3,32.220000000000006,0.18907670401181653,31.55,1.2942179105544676,30.1625,1.6990612733289767,0.9263005780346819,1.7855153203342617,0.0,1,6,2,1346649.8,2.50336278964286,
2026-01-02,COOP,Co-operative Bank of Kenya Ltd,13.8,31.5,23.4,24.0,23.9,23.95,-0.05,0.0,125042.0,-,Banking,COOP,Co-operative Bank of Kenya Ltd,,,,,,23.9,,23.9,,23.9,,0.7587301587301587,1.7318840579710142,,4,1,1,125042.0,1.0,23.75
2026-01-05,COOP,Co-operative Bank of Kenya Ltd,13.8,31.5,23.4,24.0,23.75,23.9,-0.15,0.0,188590.0,-,Banking,COOP,Co-operative Bank of Kenya Ltd,23.9,,,,,23.825,0.10606601717798111,23.825,0.10606601717798111,23.825,0.10606601717798111,0.753968253968254,1.721014492753623,-0.006276150627614996,0,1,1,156816.0,1.2026196306499337,24.75
2026-01-06,COOP,Co-operative Bank of Kenya Ltd,13.8,31.5,23.75,25.0,24.75,23.75,1.0,0.0,702663.0,-,Banking,COOP,Co-operative Bank of Kenya Ltd,23.75,23.9,,,,24.133333333333336,0.5392896562454482,24.133333333333336,0.5392896562454482,24.133333333333336,0.5392896562454482,0.7857142857142857,1.7934782608695652,0.042105263157894646,1,1,1,338765.0,2.0741900727643054,25.75
2026-01-07,COOP,Co-operative Bank of Kenya Ltd,13.8,31.5,24.8,26.0,25.75,24.75,1.0,0.0,533918.0,-,Banking,COOP,Co-operative Bank of Kenya Ltd,24.75,23.75,23.9,,,24.5375,0.9204844738868039,24.5375,0.9204844738868039,24.5375,0.9204844738868039,0.8174603174603174,1.865942028985507,0.04040404040404044,2,1,1,387553.25,1.3776635855846906,26.1
2026-01-08,COOP,Co-operative Bank of Kenya Ltd,13.8,31.5,25.5,26.5,26.1,25.75,0.35,0.0,491368.0,-,Banking,COOP,Co-operative Bank of Kenya Ltd,25.75,24.75,23.75,,,24.85,1.0600707523557094,24.85,1.0600707523557094,24.85,1.0600707523557094,0.8285714285714286,1.891304347826087,0.013592233009708687,3,1,1,408316.2,1.203400697792544,25.95
2026-01-09,COOP,Co-operative Bank of Kenya Ltd,13.8,31.5,25.6,26.5,25.95,26.1,-0.15,0.0,381773.0,-,Banking,COOP,Co-operative Bank of Kenya Ltd,26.1,25.75,24.75,23.9,,25.259999999999998,0.9952386648437636,25.03333333333333,1.0491266208931436,25.03333333333333,1.0491266208931436,0.8238095238095238,1.8804347826086956,-0.005747126436781658,4,1,1,459662.4,0.8305508564546501,26.0
2026-01-12,COOP,Co-operative Bank of Kenya Ltd,13.8,31.5,25.5,26.25,26.0,25.95,0.05,0.0,1441504.0,-,Banking,COOP,Co-operative Bank of Kenya Ltd,25.95,26.1,25.75,23.75,,25.71,0.5515886148208599,25.17142857142857,1.025043553081665,25.17142857142857,1.025043553081665,0.8253968253968254,1.8840579710144927,0.0019267822736031004,0,1,1,710245.2,2.0295864019918755,26.45
2026-01-13,COOP,Co-operative Bank of Kenya Ltd,13.8,31.5,25.95,27.0,26.45,26.0,0.45,0.0,1372754.0,-,Banking,COOP,Co-operative Bank of Kenya Ltd,26.0,25.95,26.1,24.75,,26.05,0.2573907535246623,25.33125,1.0511685674252509,25.33125,1.0511685674252509,0.8396825396825397,1.9166666666666665,0.017307692307692246,1,1,1,844263.4,1.6259783380400004,26.9
2026-01-14,COOP,Co-operative Bank of Kenya Ltd,13.8,31.5,26.2,27.1,26.9,26.45,0.45,0.0,769228.0,-,Banking,COOP,Co-operative Bank of Kenya Ltd,26.45,26.0,25.95,25.75,,26.28,0.3978064856183125,25.505555555555556,1.113677591485872,25.505555555555556,1.113677591485872,0.8539682539682539,1.9492753623188404,0.017013232514177634,2,1,1,891325.4,0.8630159086681475,26.95
2026-01-15,COOP,Co-operative Bank of Kenya Ltd,13.8,31.5,26.3,27.2,26.95,26.9,0.05,0.0,837461.0,-,Banking,COOP,Co-operative Bank of Kenya Ltd,26.9,26.45,26.0,26.1,,26.45,0.4756574397610024,25.65,1.145037602487842,25.65,1.145037602487842,0.8555555555555555,1.9528985507246375,0.0018587360594795044,3,1,1,960544.0,0.8718611536795816,26.95
2026-01-16,COOP,Co-operative Bank of Kenya Ltd,13.8,31.5,26.65,27.95,26.95,26.95,0.0,0.0,493548.0,-,Banking,COOP,Co-operative Bank of Kenya Ltd,26.95,26.9,26.45,25.95,23.9,26.65,0.4198213905936548,25.955000000000002,1.0272536200958307,25.768181818181816,1.1548317468949132,0.8555555555555555,1.9528985507246375,0.0,4,1,1,982899.0,0.5021350108200334,26.9
2026-01-19,COOP,Co-operative Bank of Kenya Ltd,13.8,31.5,26.7,27.0,26.9,26.95,-0.05,0.0,207370.0,-,Banking,COOP,Co-operative Bank of Kenya Ltd,26.95,26.95,26.9,26.0,23.75,26.829999999999995,0.21389249636204843,26.27,0.7099295739719433,25.8625,1.1485415653221784,0.8539682539682539,1.9492753623188404,-0.0018552875695733162,0,1,1,736072.2,0.2817250807733263,27.0
2026-01-20,COOP,Co-operative Bank of Kenya Ltd,13.8,31.5,26.85,27.2,27.0,26.9,0.1,0.0,124023.0,-,Banking,COOP,Co-operative Bank of Kenya Ltd,26.9,26.95,26.95,26.45,24.75,26.939999999999998,0.04183300132656004,26.494999999999997,0.5002499375312119,25.950000000000003,1.1440061188647517,0.8571428571428571,1.9565217391304346,0.003717472118959231,1,1,1,486326.0,0.2550202950284377,27.05
2026-01-21,COOP,Co-operative Bank of Kenya Ltd,13.8,31.5,26.9,27.2,27.05,27.0,0.05,0.0,359336.0,-,Banking,COOP,Co-operative Bank of Kenya Ltd,27.0,26.9,26.95,26.9,25.75,26.97,0.0570087712548479,26.625,0.4516943410955655,26.02857142857143,1.1377633736878188,0.8587301587301588,1.960144927536232,0.0018518518518517713,2,1,1,404347.6,0.8886809270043894,27.15
2026-01-22,COOP,Co-operative Bank of Kenya Ltd,13.8,31.5,26.95,27.5,27.15,27.05,0.1,0.0,2053802.0,-,Banking,COOP,Co-operative Bank of Kenya Ltd,27.05,27.0,26.9,26.95,26.1,27.009999999999998,0.09617692030828837,26.73,0.43792439733104105,26.103333333333335,1.1339669097380862,0.8619047619047618,1.967391304347826,0.003696857670979492,3,1,1,647615.8,3.1713278150409545,27.45
2026-01-23,COOP,Co-operative Bank of Kenya Ltd,13.8,31.5,27.2,27.5,27.45,27.15,0.3,0.0,358316.0,-,Banking,COOP,Co-operative Bank of Kenya Ltd,27.15,27.05,27.0,26.95,25.95,27.110000000000003,0.21035683967959232,26.880000000000003,0.39595173667727873,26.1875,1.1460802764204576,0.8714285714285714,1.9891304347826086,0.011049723756906049,4,1,1,620569.4,0.5773987566902268,27.95
2026-01-26,COOP,Co-operative Bank of Kenya Ltd,13.8,31.5,27.4,29.25,27.95,27.45,0.5,0.0,478273.0,-,Banking,COOP,Co-operative Bank of Kenya Ltd,27.45,27.15,27.05,26.9,26.0,27.32,0.39306488014064966,27.075,0.39458135339168887,26.291176470588233,1.1891745159612854,0.8873015873015873,2.0253623188405796,0.01821493624772308,0,1,1,674750.0,0.7088151167098925,28.65
2026-01-27,COOP,Co-operative Bank of Kenya Ltd,13.8,31.5,28.05,29.0,28.65,27.95,0.7,0.0,638468.0,-,Banking,COOP,Co-operative Bank of Kenya Ltd,27.95,27.45,27.15,27.0,26.45,27.65,0.6595452979136296,27.294999999999998,0.5780474797876528,26.42222222222222,1.2806503658208654,0.9095238095238095,2.076086956521739,0.025044722719141266,1,1,1,777639.0,0.8210339244816682,28.3
2026-01-28,COOP,Co-operative Bank of Kenya Ltd,13.8,31.5,27.95,28.8,28.3,28.65,-0.35,0.0,463115.0,-,Banking,COOP,Co-operative Bank of Kenya Ltd,28.65,27.95,27.45,27.05,26.9,27.9,0.6103277807866647,27.435000000000002,0.6381614215854521,26.521052631578947,1.3170163870440954,0.8984126984126984,2.050724637681159,-0.012216404886561838,2,1,1,798394.8,0.5800576356459235,27.8
2026-01-29,COOP,Co-operative Bank of Kenya Ltd,13.8,31.5,27.2,28.5,27.8,28.3,-0.5,0.0,299401.0,-,Banking,COOP,Co-operative Bank of Kenya Ltd,28.3,28.65,27.95,27.15,26.95,28.03,0.46178999556072314,27.52,0.6228072646403962,26.585,1.313402571867996,0.8825396825396825,2.0144927536231885,-0.017667844522968212,3,1,1,447514.6,0.6690306863731373,27.2
2026-01-30,COOP,Co-operative Bank of Kenya Ltd,13.8,31.5,26.8,27.85,27.2,27.8,-0.6,0.0,437643.0,-,Banking,COOP,Co-operative Bank of Kenya Ltd,27.8,28.3,28.65,27.45,26.95,27.98,0.5461226968365014,27.544999999999998,0.6020566603087997,26.75,1.156218882938326,0.8634920634920634,1.971014492753623,-0.021582733812949728,4,1,1,463380.0,0.944458112132591,28.1
2026-02-02,COOP,Co-operative Bank of Kenya Ltd,13.8,31.5,27.3,28.25,28.1,27.2,0.9,0.0,1210497.0,-,Banking,COOP,Co-operative Bank of Kenya Ltd,27.2,27.8,28.3,27.95,26.9,28.01,0.5481788029466051,27.665,0.5783357348652974,26.9675,0.9535632620528303,0.8920634920634921,2.036231884057971,0.03308823529411775,0,2,1,609824.8,1.9849914270459317,28.0
2026-02-03,COOP,Co-operative Bank of Kenya Ltd,13.8,31.5,27.7,28.15,28.0,28.1,-0.1,0.0,600653.0,-,Banking,COOP,Co-operative Bank of Kenya Ltd,28.1,27.2,27.8,28.65,27.0,27.880000000000003,0.42071367935922327,27.764999999999997,0.5354385533788211,27.130000000000003,0.8238868087815235,0.8888888888888888,2.0289855072463765,-0.003558718861210064,1,2,1,602261.8,0.9973287364398671,28.15
2026-02-04,COOP,Co-operative Bank of Kenya Ltd,13.8,31.5,28.0,28.5,28.15,28.0,0.15,0.0,216573.0,-,Banking,COOP,Co-operative Bank of Kenya Ltd,28.0,28.1,27.2,28.3,27.05,27.85,0.38729833462070995,27.875,0.4826144078522998,27.25,0.7862301792330502,0.8936507936507936,2.039855072463768,0.005357142857142838,2,2,1,552953.4,0.39166591615134294,28.45
2026-02-05,COOP,Co-operative Bank of Kenya Ltd,13.8,31.5,28.2,28.75,28.45,28.15,0.3,0.0,243476.0,-,Banking,COOP,Co-operative Bank of Kenya Ltd,28.15,28.0,28.1,27.8,27.15,27.98,0.4671723450718953,28.005000000000003,0.4387165625118116,27.3675,0.7809028175940385,0.9031746031746032,2.0615942028985508,0.010657193605683846,3,2,1,541768.4,0.4494097477815243,28.35
2026-02-06,COOP,Co-operative Bank of Kenya Ltd,13.8,31.5,28.15,28.9,28.35,28.45,-0.1,0.0,488181.0,-,Banking,COOP,Co-operative Bank of Kenya Ltd,28.45,28.15,28.0,27.2,27.45,28.21,0.18506755523314092,28.095,0.40307843184941033,27.4875,0.7346454569167452,0.9,2.0543478260869565,-0.0035149384885764245,4,2,1,551876.0,0.8845845805941914,28.65
2026-02-09,COOP,Co-operative Bank of Kenya Ltd,13.8,31.5,28.4,29.0,28.65,28.35,0.3,0.0,311958.0,-,Banking,COOP,Co-operative Bank of Kenya Ltd,28.35,28.45,28.15,28.1,27.95,28.32,0.25396850198394777,28.165,0.43464544937986355,27.619999999999997,0.6898512425458818,0.9095238095238095,2.076086956521739,0.01058201058201047,0,2,1,372168.2,0.838217773576571,28.6
2026-02-10,COOP,Co-operative Bank of Kenya Ltd,13.8,31.5,28.35,28.8,28.6,28.65,-0.05,0.0,15573807.0,-,Banking,COOP,Co-operative Bank of Kenya Ltd,28.65,28.35,28.45,28.0,28.65,28.440000000000005,0.20124611797490477,28.160000000000004,0.4286931044205574,27.727500000000003,0.6650039572497944,0.9079365079365079,2.072463768115942,-0.0017452006980801515,1,2,1,3366799.0,4.62570144520062,28.6
2026-02-11,COOP,Co-operative Bank of Kenya Ltd,13.8,31.5,28.4,29.0,28.6,28.6,0.0,0.0,1244401.0,-,Banking,COOP,Co-operative Bank of Kenya Ltd,28.6,28.65,28.35,28.15,28.3,28.53,0.12549900397998384,28.189999999999998,0.4495676935802528,27.8125,0.6623075688752662,0.9079365079365079,2.072463768115942,0.0,2,2,1,3572364.6,0.34834098400818325,28.65
2026-02-12,COOP,Co-operative Bank of Kenya Ltd,13.8,31.5,28.5,29.0,28.65,28.6,0.05,0.0,1511554.0,-,Banking,COOP,Co-operative Bank of Kenya Ltd,28.6,28.6,28.65,28.45,27.8,28.57,0.12549900397998193,28.275,0.4479893351904713,27.8975,0.6548352544925382,0.9095238095238095,2.076086956521739,0.0017482517482516613,3,2,1,3825980.2,0.395076273525932,29.6
2026-02-13,COOP,Co-operative Bank of Kenya Ltd,13.8,31.5,28.95,30.0,29.6,28.65,0.95,0.0,661730.0,-,Banking,COOP,Co-operative Bank of Kenya Ltd,28.65,28.6,28.6,28.35,27.2,28.82,0.4367493560384105,28.515000000000004,0.4509557751166569,28.029999999999994,0.7180749117935814,0.9396825396825397,2.1449275362318843,0.03315881326352543,4,2,1,3860690.0,0.17140200326884572,29.1
2026-02-16,COOP,Co-operative Bank of Kenya Ltd,13.8,31.5,29.0,30.0,29.1,29.6,-0.5,0.0,5839093.0,-,Banking,COOP,Co-operative Bank of Kenya Ltd,29.6,28.65,28.6,28.65,28.1,28.910000000000004,0.4393176527297366,28.615,0.4594985189190949,28.139999999999997,0.7042353075649102,0.9238095238095239,2.108695652173913,-0.016891891891891886,0,2,1,4966117.0,1.1757864343510231,29.65
2026-02-17,COOP,Co-operative Bank of Kenya Ltd,13.8,31.5,29.4,30.0,29.65,29.1,0.55,0.0,719762.0,-,Banking,COOP,Co-operative Bank of Kenya Ltd,29.1,29.6,28.65,28.6,28.0,29.119999999999997,0.5007494383421346,28.78,0.5078276172963017,28.272499999999997,0.7273736099289301,0.9412698412698413,2.148550724637681,0.018900343642611617,1,2,1,1995308.0,0.3607272661664264,29.5
2026-02-18,COOP,Co-operative Bank of Kenya Ltd,13.8,31.5,29.3,29.75,29.5,29.65,-0.15,0.0,414560.0,-,Banking,COOP,Co-operative Bank of Kenya Ltd,29.65,29.1,29.6,28.6,28.15,29.3,0.42278836313214846,28.915000000000003,0.5011375947669826,28.395,0.7168828723240426,0.9365079365079365,2.1376811594202896,-0.005059021922428242,2,2,1,1829339.8,0.22661727471298662,29.4
2026-02-19,COOP,Co-operative Bank of Kenya Ltd,13.8,31.5,29.1,29.5,29.4,29.5,-0.1,0.0,385613.0,-,Banking,COOP,Co-operative Bank of Kenya Ltd,29.5,29.65,29.1,28.65,28.45,29.45,0.21794494717694018,29.01,0.49317565047573925,28.507500000000004,0.6871518257117111,0.9333333333333332,2.1304347826086953,-0.003389830508474634,3,2,1,1604151.6,0.2403843876102483,29.05
2026-02-20,COOP,Co-operative Bank of Kenya Ltd,13.8,31.5,28.65,29.4,29.05,29.4,-0.35,0.0,1161775.0,-,Banking,COOP,Co-operative Bank of Kenya Ltd,29.4,29.5,29.65,29.6,28.35,29.339999999999996,0.25836021365519746,29.080000000000002,0.4353797831267562,28.5875,0.6496709693537512,0.9222222222222223,2.1050724637681157,-0.011904761904761862,4,2,1,1704160.6,0.6817285882562946,29.2
2026-02-23,COOP,Co-operative Bank of Kenya Ltd,13.8,31.5,28.6,29.4,29.2,29.05,0.15,0.0,247415.0,-,Banking,COOP,Co-operative Bank of Kenya Ltd,29.05,29.4,29.5,29.1,28.65,29.360000000000003,0.23822258499134702,29.135,0.4089621009335033,28.65,0.6452253788202027,0.9269841269841269,2.115942028985507,0.005163511187607606,0,2,1,585825.0,0.42233602184952845,29.0
2026-02-24,COOP,Co-operative Bank of Kenya Ltd,13.8,31.5,28.85,29.75,29.0,29.2,-0.2,0.0,556511.0,-,Banking,COOP,Co-operative Bank of Kenya Ltd,29.2,29.05,29.4,29.65,28.6,29.23,0.21679483388669563,29.175,0.3683672684215972,28.6675,0.6499544518454151,0.9206349206349206,2.101449275362319,-0.006849315068493178,1,2,1,553174.8,1.0060310050277055,29.0
2026-02-25,COOP,Co-operative Bank of Kenya Ltd,13.8,31.5,28.9,30.0,29.0,29.0,0.0,0.0,3894497.0,-,Banking,COOP,Co-operative Bank of Kenya Ltd,29.0,29.2,29.05,29.5,28.6,29.130000000000003,0.1717556403730609,29.214999999999996,0.31714875584381175,28.702500000000004,0.6479674699437104,0.9206349206349206,2.101449275362319,0.0,2,2,1,1249162.2,3.1176871986680355,29.0
2026-02-26,COOP,Co-operative Bank of Kenya Ltd,13.8,31.5,28.9,29.7,29.0,29.0,0.0,0.0,4284843.0,-,Banking,COOP,Co-operative Bank of Kenya Ltd,29.0,29.0,29.2,29.4,28.65,29.05,0.08660254037821877,29.25,0.2624669291336202,28.7625,0.6147046787728666,0.9206349206349206,2.101449275362319,0.0,3,2,1,2029008.2,2.1117918596879006,29.2
2026-02-27,COOP,Co-operative Bank of Kenya Ltd,13.8,31.5,28.95,30.85,29.2,29.0,0.2,0.0,2900214.0,-,Banking,COOP,Co-operative Bank of Kenya Ltd,29.0,29.0,29.0,29.05,29.6,29.079999999999995,0.10954451150085415,29.209999999999997,0.23190036174556072,28.8625,0.49891329275155666,0.9269841269841269,2.115942028985507,0.006896551724137945,4,2,1,2376696.0,1.2202713346595442,30.55
2026-03-02,COOP,Co-operative Bank of Kenya Ltd,13.8,31.5,29.5,31.0,30.55,29.2,1.35,0.0,272117.0,-,Banking,COOP,Co-operative Bank of Kenya Ltd,29.2,29.0,29.0,29.2,29.1,29.35,0.6763874629234033,29.355,0.4781038938696025,28.985000000000003,0.593628450162301,0.9698412698412698,2.213768115942029,0.046232876712328785,0,3,1,2381636.4,0.11425631553162356,31.0
2026-03-03,COOP,Co-operative Bank of Kenya Ltd,13.8,31.5,30.45,31.5,31.0,30.55,0.45,0.0,931615.0,-,Banking,COOP,Co-operative Bank of Kenya Ltd,30.55,29.2,29.0,29.0,29.65,29.75,0.9526279441628575,29.49,0.7066352194260314,29.135,0.7009579910830235,0.9841269841269841,2.2463768115942027,0.014729950900163713,1,3,1,2456657.2,0.3792205929260297,30.45
2026-03-04,COOP,Co-operative Bank of Kenya Ltd,13.8,31.5,28.3,31.4,30.45,31.0,-0.55,0.0,1262638.0,-,Banking,COOP,Co-operative Bank of Kenya Ltd,31.0,30.55,29.2,29.0,29.5,30.04,0.8855789067045057,29.584999999999997,0.7692167733769111,29.25,0.7192832689925582,0.9666666666666667,2.2065217391304346,-0.01774193548387104,2,3,1,1930285.4,0.6541198519141264,29.85
2026-03-05,COOP,Co-operative Bank of Kenya Ltd,13.8,31.5,28.0,30.65,29.85,30.45,-0.6,0.0,835689.0,-,Banking,COOP,Co-operative Bank of Kenya Ltd,30.45,31.0,30.55,29.0,29.4,30.21,0.6976747093022254,29.630000000000003,0.7703534542301904,29.32,0.7053181439680358,0.9476190476190477,2.1630434782608696,-0.019704433497536922,3,3,1,1240454.6,0.673695756378347,30.0
2026-03-06,COOP,Co-operative Bank of Kenya Ltd,13.8,31.5,29.0,30.5,30.0,29.85,0.15,0.0,392736.0,-,Banking,COOP,Co-operative Bank of Kenya Ltd,29.85,30.45,31.0,29.2,29.05,30.369999999999997,0.4590751572454572,29.725,0.7491662031885457,29.402499999999996,0.6820007331374272,0.9523809523809523,2.1739130434782608,0.005025125628140614,4,3,1,738959.0,0.5314719761177549,29.9
2026-03-09,COOP,Co-operative Bank of Kenya Ltd,13.8,31.5,29.8,30.0,29.9,30.0,-0.1,0.0,496641.0,-,Banking,COOP,Co-operative Bank of Kenya Ltd,30.0,29.85,30.45,30.55,29.2,30.24,0.48656962502805723,29.794999999999998,0.7270373672193708,29.464999999999996,0.6665109467257463,0.9492063492063492,2.1666666666666665,-0.0033333333333334103,0,3,1,783863.8,0.6335807317546747,29.8
2026-03-10,COOP,Co-operative Bank of Kenya Ltd,13.8,31.5,29.5,30.0,29.8,29.9,-0.1,0.0,298781.0,-,Banking,COOP,Co-operative Bank of Kenya Ltd,29.9,30.0,29.85,31.0,29.0,30.0,0.26220221204244193,29.875,0.671751442127176,29.525,0.6379448912018291,0.946031746031746,2.1594202898550723,-0.0033444816053510573,1,3,1,657297.0,0.45456011513821,29.9
2026-03-11,COOP,Co-operative Bank of Kenya Ltd,13.8,31.5,29.8,29.95,29.9,29.8,0.1,0.0,228099.0,-,Banking,COOP,Co-operative Bank of Kenya Ltd,29.8,29.9,30.0,30.45,29.0,29.889999999999997,0.07416198487063842,29.964999999999996,0.597703940090694,29.590000000000003,0.604065175988562,0.9492063492063492,2.1666666666666665,0.003355704697986406,2,3,1,450389.2,0.5064486448609336,29.85
2026-03-12,COOP,Co-operative Bank of Kenya Ltd,13.8,31.5,29.6,30.0,29.85,29.9,-0.05,0.0,406945.0,-,Banking,COOP,Co-operative Bank of Kenya Ltd,29.9,29.8,29.9,29.85,29.0,29.890000000000004,0.07416198487063842,30.05,0.49721446300581557,29.65,0.564054868551659,0.9476190476190477,2.1630434782608696,-0.0016722408026754731,3,3,1,364640.4,1.1160173145926782,29.95
2026-03-13,COOP,Co-operative Bank of Kenya Ltd,13.8,31.5,29.8,30.0,29.95,29.85,0.1,0.0,486646.0,-,Banking,COOP,Co-operative Bank of Kenya Ltd,29.85,29.9,29.8,30.0,29.2,29.880000000000003,0.057008771254544864,30.125,0.4022506128714959,29.6675,0.5678387002253997,0.9507936507936507,2.1702898550724634,0.003350083752093669,4,3,1,383422.4,1.2692164046753658,30.1
2026-03-16,COOP,Co-operative Bank of Kenya Ltd,13.8,31.5,29.35,30.45,30.1,29.95,0.15,0.0,303056.0,-,Banking,COOP,Co-operative Bank of Kenya Ltd,29.95,29.85,29.9,29.9,30.55,29.919999999999998,0.1151086443320034,30.080000000000002,0.3735713526965021,29.7175,0.5591993806938703,0.9555555555555556,2.181159420289855,0.005008347245408995,0,3,1,344705.4,0.8791739264891121,30.15
2026-03-17,COOP,Co-operative Bank of Kenya Ltd,13.8,31.5,29.9,30.45,30.15,30.1,0.05,0.0,436288.0,-,Banking,COOP,Co-operative Bank of Kenya Ltd,30.1,29.95,29.85,29.8,31.0,29.99,0.12942179105524976,29.994999999999997,0.19500712237689596,29.7425,0.5671431175545204,0.9571428571428571,2.184782608695652,0.0016611295681061566,1,3,1,372206.8,1.1721655810694485,29.95
2026-03-18,COOP,Co-operative Bank of Kenya Ltd,13.8,31.5,29.9,30.0,29.95,30.15,-0.2,0.0,239207.0,-,Banking,COOP,Co-operative Bank of Kenya Ltd,30.15,30.1,29.95,29.9,30.45,30.0,0.12247448713894782,29.945,0.11167910378474,29.765000000000004,0.5659412281184303,0.9507936507936507,2.1702898550724634,-0.0066334991708125735,2,3,1,374428.4,0.63885912500227,29.95
2026-03-19,COOP,Co-operative Bank of Kenya Ltd,13.8,31.5,29.75,30.0,29.95,29.95,0.0,0.0,1566363.0,-,Banking,COOP,Co-operative Bank of Kenya Ltd,29.95,30.15,30.1,29.85,29.85,30.02,0.09746794344782049,29.955000000000002,0.10658851303518391,29.792499999999997,0.5606093958691992,0.9507936507936507,2.1702898550724634,0.0,3,3,1,606312.0,2.5834273443375686,30.05
2026-03-23,COOP,Co-operative Bank of Kenya Ltd,13.8,31.5,29.7,30.6,30.05,29.95,0.1,0.0,1105943.0,-,Banking,COOP,Co-operative Bank of Kenya Ltd,29.95,29.95,30.15,29.95,30.0,30.04,0.0894427190996932,29.959999999999997,0.11005049346119067,29.8425,0.5349065338916568,0.953968253968254,2.177536231884058,0.0033388981636059967,0,3,1,730171.4,1.5146347830112217,29.45
2026-03-24,COOP,Co-operative Bank of Kenya Ltd,13.8,31.5,28.0,30.0,29.45,30.05,-0.6,0.0,1558640.0,-,Banking,COOP,Co-operative Bank of Kenya Ltd,30.05,29.95,29.95,30.1,29.9,29.910000000000004,0.27018512172203657,29.915000000000003,0.19585992727214993,29.854999999999997,0.5218640678022811,0.9349206349206349,2.1340579710144927,-0.019966722129783787,1,3,1,981288.2,1.5883610951400415,28.75
2026-03-25,COOP,Co-operative Bank of Kenya Ltd,13.8,31.5,27.05,29.95,28.75,29.45,-0.7,0.0,823387.0,-,Banking,COOP,Co-operative Bank of Kenya Ltd,29.45,30.05,29.95,30.15,29.8,29.630000000000003,0.5449770637375145,29.810000000000002,0.4188608891319238,29.842499999999994,0.5458636324789773,0.9126984126984127,2.083333333333333,-0.02376910016977929,2,3,1,1058708.0,0.7777281365589,27.15
2026-03-26,COOP,Co-operative Bank of Kenya Ltd,13.8,31.5,25.9,28.85,27.15,28.75,-1.6,0.0,1173432.0,-,Banking,COOP,Co-operative Bank of Kenya Ltd,28.75,29.45,30.05,29.95,29.9,29.07,1.190378091196234,29.535000000000004,0.9363196272878129,29.75,0.7957121934071569,0.8619047619047618,1.967391304347826,-0.05565217391304356,3,3,1,1245553.0,0.9420972050165669,27.0
2026-03-27,COOP,Co-operative Bank of Kenya Ltd,13.8,31.5,26.5,28.55,27.0,27.15,-0.15,0.0,1443104.0,-,Banking,COOP,Co-operative Bank of Kenya Ltd,27.15,28.75,29.45,29.95,29.85,28.48,1.3636348484840128,29.25,1.220427975934832,29.65,0.9955162638445112,0.8571428571428571,1.9565217391304346,-0.0055248618784530246,4,3,1,1220901.2,1.1819990020486506,27.15
2026-03-30,COOP,Co-operative Bank of Kenya Ltd,13.8,31.5,26.55,29.0,27.15,27.0,0.15,0.0,909906.0,-,Banking,COOP,Co-operative Bank of Kenya Ltd,27.0,27.15,28.75,30.05,29.95,27.9,1.1247221879202187,28.97,1.3556876074113975,29.547500000000003,1.1394221758140526,0.8619047619047618,1.967391304347826,0.005555555555555536,0,3,1,1181693.8,0.7700015012349223,27.0
2026-03-31,COOP,Co-operative Bank of Kenya Ltd,13.8,31.5,26.7,28.0,27.0,27.15,-0.15,0.0,875384.0,-,Banking,COOP,Co-operative Bank of Kenya Ltd,27.15,27.0,27.15,29.45,30.1,27.410000000000004,0.7528280016046613,28.659999999999997,1.421423386765674,29.369999999999997,1.2465109200019866,0.8571428571428571,1.9565217391304346,-0.0055248618784530246,1,3,1,1045042.6,0.8376538908557412,27.5
2026-04-01,COOP,Co-operative Bank of Kenya Ltd,13.8,31.5,27.0,28.5,27.5,27.0,0.5,0.0,415028.0,-,Banking,COOP,Co-operative Bank of Kenya Ltd,27.0,27.15,27.0,28.75,30.15,27.160000000000004,0.20432816741722037,28.395,1.358399793875117,29.195,1.2513045823838118,0.873015873015873,1.9927536231884058,0.0185185185185186,2,4,2,963370.8,0.4308081581878961,28.7
2026-04-02,COOP,Co-operative Bank of Kenya Ltd,13.8,31.5,28.0,29.5,28.7,27.5,1.2,0.0,463530.0,-,Banking,COOP,Co-operative Bank of Kenya Ltd,27.5,27.0,27.15,27.15,29.95,27.47,0.7172865536172176,28.27,1.252819043419886,29.107499999999998,1.219714699168789,0.9111111111111111,2.079710144927536,0.043636363636363695,3,4,2,821390.4,0.564323615177387,28.75
2026-04-07,COOP,Co-operative Bank of Kenya Ltd,13.8,31.5,28.0,29.5,28.75,28.7,0.05,0.0,234077.0,-,Banking,COOP,Co-operative Bank of Kenya Ltd,28.7,27.5,27.0,27.0,29.95,27.82,0.8460200943240367,28.15,1.1249691353790652,29.0525,1.2092271346433983,0.9126984126984127,2.083333333333333,0.0017421602787457413,1,4,2,579585.0,0.4038700104385034,30.0
2026-04-08,COOP,Co-operative Bank of Kenya Ltd,13.8,31.5,28.75,31.0,30.0,28.75,1.25,0.0,686820.0,-,Banking,COOP,Co-operative Bank of Kenya Ltd,28.75,28.7,27.5,27.15,30.05,28.389999999999997,1.1770726400694353,28.145,1.115658749100463,29.0525,1.2092271346433983,0.9523809523809523,2.1739130434782608,0.04347826086956519,2,4,2,534967.8,1.2838529720854226,30.75
2026-04-09,COOP,Co-operative Bank of Kenya Ltd,13.8,31.5,29.95,31.0,30.75,30.0,0.75,0.0,879108.0,-,Banking,COOP,Co-operative Bank of Kenya Ltd,30.0,28.75,28.7,27.0,29.45,29.139999999999997,1.261645750597212,28.275,1.3381683169334142,29.095,1.2546649793974103,0.9761904761904762,2.2282608695652173,0.02499999999999991,3,4,2,535712.6,1.6410067637012833,30.9
2026-04-10,COOP,Co-operative Bank of Kenya Ltd,13.8,31.5,30.45,31.4,30.9,30.75,0.15,0.0,1403169.0,-,Banking,COOP,Co-operative Bank of Kenya Ltd,30.75,30.0,28.75,27.5,28.75,29.82,1.056290679690007,28.49,1.574766296594147,29.149999999999995,1.3100823598055478,0.9809523809523809,2.2391304347826084,0.004878048780487809,4,4,2,733340.8,1.9133927909097652,31.2
2026-04-13,COOP,Co-operative Bank of Kenya Ltd,13.8,31.5,30.5,31.5,31.2,30.9,0.3,0.0,615153.0,-,Banking,COOP,Co-operative Bank of Kenya Ltd,30.9,30.75,30.0,28.7,27.15,30.32,0.9827258010248623,28.895000000000003,1.7070849096892726,29.214999999999996,1.3796548004559117,0.9904761904761904,2.260869565217391,0.009708737864077666,0,4,2,763665.4,0.8055268707996984,31.9
2026-04-14,COOP,Co-operative Bank of Kenya Ltd,14.95,34.3,31.0,34.3,31.9,31.2,0.7,0.0,519504.0,-,Banking,COOP,Co-operative Bank of Kenya Ltd,31.2,30.9,30.75,28.75,27.0,30.95,0.6910137480542133,29.385,1.8032455308261184,29.317499999999995,1.500199548130353,0.9300291545189505,2.1337792642140467,0.022435897435897356,1,4,2,820750.8,0.6329619173079087,31.95
2026-04-15,COOP,Co-operative Bank of Kenya Ltd,14.95,34.3,31.0,32.5,31.95,31.9,0.05,0.0,548875.0,-,Banking,COOP,Co-operative Bank of Kenya Ltd,31.9,31.2,30.9,30.0,27.15,31.339999999999996,0.5583457710056688,29.865,1.78092516531278,29.4175,1.6074067870167021,0.9314868804664723,2.137123745819398,0.0015673981191222097,2,4,2,793161.8,0.6920088688083565,32.4
2026-04-16,COOP,Co-operative Bank of Kenya Ltd,13.8,34.3,30.0,34.0,32.4,31.95,0.45,0.0,772043.0,-,Banking,COOP,Co-operative Bank of Kenya Ltd,31.95,31.9,31.2,30.75,27.0,31.669999999999998,0.6078651166170832,30.404999999999994,1.6277882062615923,29.5325,1.7359416525484432,0.9446064139941691,2.3478260869565215,0.014084507042253502,3,4,2,771748.8,1.0003812121249815,32.5
2026-04-17,COOP,Co-operative Bank of Kenya Ltd,13.8,34.3,30.0,33.0,32.5,32.4,0.1,0.0,679032.0,-,Banking,COOP,Co-operative Bank of Kenya Ltd,32.4,31.95,31.9,30.9,27.5,31.99,0.5152669211194205,30.904999999999994,1.3863320910469241,29.65,1.8553620727644025,0.9475218658892129,2.3550724637681157,0.0030864197530864335,4,4,2,626921.4,1.0831214247910503,32.3
2026-04-20,COOP,Co-operative Bank of Kenya Ltd,13.8,34.3,31.0,33.0,32.3,32.5,-0.2,0.0,483836.0,-,Banking,COOP,Co-operative Bank of Kenya Ltd,32.5,32.4,31.95,31.2,28.7,32.21,0.27018512172189935,31.264999999999997,1.2057846684489415,29.767499999999995,1.9474865718069558,0.9416909620991254,2.3405797101449273,-0.006153846153846287,0,4,2,600658.0,0.8055099574133701,32.2
2026-04-21,COOP,Co-operative Bank of Kenya Ltd,13.8,34.3,30.85,33.0,32.2,32.3,-0.1,0.0,806807.0,-,Banking,COOP,Co-operative Bank of Kenya Ltd,32.3,32.5,32.4,31.9,28.75,32.269999999999996,0.21095023109699307,31.610000000000003,0.8461678320521561,29.880000000000003,2.0221406062830884,0.9387755102040818,2.3333333333333335,-0.003095975232197956,1,4,2,658118.6,1.2259294905204017,32.9
2026-04-22,COOP,Co-operative Bank of Kenya Ltd,13.8,34.3,31.95,33.45,32.9,32.2,0.7,0.0,2815492.0,-,Banking,COOP,Co-operative Bank of Kenya Ltd,32.2,32.3,32.5,31.95,30.0,32.46,0.27018512172187825,31.9,0.7207249436812065,30.022499999999997,2.1321767355402166,0.9591836734693878,2.3840579710144927,0.021739130434782483,2,4,2,1111442.0,2.5331884164895695,32.55
2026-04-23,COOP,Co-operative Bank of Kenya Ltd,13.8,34.3,31.5,33.25,32.55,32.9,-0.35,0.0,2229205.0,-,Banking,COOP,Co-operative Bank of Kenya Ltd,32.9,32.2,32.3,32.4,30.75,32.489999999999995,0.27018512172187564,32.08,0.6192289111825044,30.177500000000002,2.1999686002543877,0.9489795918367346,2.3586956521739126,-0.010638297872340496,3,4,2,1402874.4,1.5890267867173284,32.2
2026-04-24,COOP,Co-operative Bank of Kenya Ltd,13.8,34.3,31.8,32.5,32.2,32.55,-0.35,0.0,461433.0,-,Banking,COOP,Co-operative Bank of Kenya Ltd,32.55,32.9,32.2,32.5,30.9,32.43,0.2991655060328088,32.21,0.4599516882840799,30.35,2.2173360023614843,0.9387755102040818,2.3333333333333335,-0.01075268817204289,4,4,2,1359354.6,0.3394500596091704,32.3
2026-04-27,COOP,Co-operative Bank of Kenya Ltd,13.8,34.3,32.0,32.95,32.3,32.2,0.1,0.0,689491.0,-,Banking,COOP,Co-operative Bank of Kenya Ltd,32.2,32.55,32.9,32.3,31.2,32.43,0.2991655060328088,32.32,0.2926886855798886,30.607499999999998,2.1231973778391735,0.9416909620991254,2.3405797101449273,0.0031055900621115295,0,4,2,1400485.6,0.49232280574680665,31.9
2026-04-28,COOP,Co-operative Bank of Kenya Ltd,13.8,34.3,31.45,32.15,31.9,32.3,-0.4,0.0,349588.0,-,Banking,COOP,Co-operative Bank of Kenya Ltd,32.3,32.2,32.55,32.2,31.9,32.37,0.37682887362816175,32.32,0.2926886855798886,30.852500000000003,1.9615699271112799,0.9300291545189505,2.3115942028985503,-0.01238390092879249,1,4,2,1309041.8,0.26705640721327617,31.6
2026-04-29,COOP,Co-operative Bank of Kenya Ltd,13.8,34.3,31.4,32.0,31.6,31.9,-0.3,0.0,125215.0,-,Banking,COOP,Co-operative Bank of Kenya Ltd,31.9,32.3,32.2,32.9,31.95,32.11,0.3681032463859495,32.285000000000004,0.3559416306703415,31.075,1.7616902768588267,0.9212827988338194,2.289855072463768,-0.00940438871473348,2,4,2,770986.4,0.16240883107665713,31.3
2026-04-30,COOP,Co-operative Bank of Kenya Ltd,13.8,34.3,31.0,31.9,31.3,31.6,-0.3,0.0,240179.0,-,Banking,COOP,Co-operative Bank of Kenya Ltd,31.6,31.9,32.3,32.55,32.4,31.860000000000003,0.4159326868615634,32.175,0.4685971973167945,31.29,1.4776937935067609,0.9125364431486881,2.2681159420289854,-0.009493670886076,3,4,2,373181.2,0.6435988736838834,29.55
2026-05-04,COOP,Co-operative Bank of Kenya Ltd,13.8,34.3,29.0,30.95,29.55,31.3,-1.75,0.0,359327.0,-,Banking,COOP,Co-operative Bank of Kenya Ltd,31.3,31.6,31.9,32.2,32.5,31.329999999999995,1.0616025621671628,31.880000000000003,0.9363641267037145,31.392499999999995,1.2553333589549998,0.8615160349854228,2.141304347826087,-0.05591054313099042,0,5,2,352760.0,1.0186160562422044,29.25
2026-05-05,COOP,Co-operative Bank of Kenya Ltd,14.0,34.3,29.0,30.0,29.25,29.55,-0.3,0.0,190375.0,-,Banking,COOP,Co-operative Bank of Kenya Ltd,29.55,31.3,31.6,32.3,32.3,30.720000000000006,1.2281083014131506,31.575,1.2338399860236964,31.419999999999998,1.1979587902586104,0.8527696793002916,2.0892857142857144,-0.010152284263959421,1,5,2,252936.8,0.7526583715774059,29.3
2026-05-06,COOP,Co-operative Bank of Kenya Ltd,14.0,34.3,29.05,29.55,29.3,29.25,0.05,0.0,2947888.0,-,Banking,COOP,Co-operative Bank of Kenya Ltd,29.25,29.55,31.3,31.9,32.2,30.2,1.15162928062806,31.284999999999997,1.4002083178345957,31.4475,1.1382668034294294,0.8542274052478135,2.092857142857143,0.0017094017094017033,2,5,2,772596.8,3.8155581281206445,29.3
2026-05-07,COOP,Co-operative Bank of Kenya Ltd,14.0,34.3,29.0,29.5,29.3,29.3,0.0,0.0,187628.0,-,Banking,COOP,Co-operative Bank of Kenya Ltd,29.3,29.25,29.55,31.6,32.9,29.740000000000002,0.8799147685997258,30.925,1.4016359489301076,31.4125,1.1944911931556024,0.8542274052478135,2.092857142857143,0.0,3,5,2,785079.4,0.23899238726681657,29.4
2026-05-08,COOP,Co-operative Bank of Kenya Ltd,14.0,34.3,29.2,29.5,29.4,29.3,0.1,0.0,116400.0,-,Banking,COOP,Co-operative Bank of Kenya Ltd,29.3,29.3,29.25,31.3,32.55,29.360000000000003,0.11937336386277402,30.609999999999996,1.3488266505868043,31.345,1.269676709784188,0.8571428571428572,2.1,0.0034129692832762792,4,5,2,760323.6,0.15309270947265086,30.0
2026-05-11,COOP,Co-operative Bank of Kenya Ltd,14.5,34.3,29.0,31.5,30.0,29.4,0.6,0.0,358996.0,-,Banking,COOP,Co-operative Bank of Kenya Ltd,29.4,29.3,29.3,29.55,32.2,29.45,0.3122498999197803,30.389999999999997,1.2353137253345365,31.3,1.3018205875255024,0.8746355685131196,2.0689655172413794,0.020408163265306145,0,5,2,760257.4,0.4722032301165368,31.4
2026-05-12,COOP,Co-operative Bank of Kenya Ltd,14.2,34.3,31.0,31.6,31.4,30.0,1.4,0.0,349729.0,-,Banking,COOP,Co-operative Bank of Kenya Ltd,30.0,29.4,29.3,29.25,32.3,29.880000000000003,0.8983317872589756,30.3,1.1067971810588852,31.310000000000002,1.3017801576869075,0.9154518950437318,2.211267605633803,0.046666666666666634,1,5,2,792128.2,0.44150555427770405,31.6
2026-05-13,COOP,Co-operative Bank of Kenya Ltd,14.5,34.3,30.0,32.15,31.6,31.4,0.2,0.0,1329662.0,-,Banking,COOP,Co-operative Bank of Kenya Ltd,31.4,30.0,29.4,29.3,31.9,30.339999999999996,1.0945318634009251,30.27,1.0617595459110458,31.294999999999998,1.2963410045200228,0.9212827988338194,2.179310344827586,0.006369426751592355,2,5,2,468483.0,2.8382289218605585,32.65
2026-05-14,COOP,Co-operative Bank of Kenya Ltd,14.95,34.3,31.6,34.0,32.65,31.6,1.05,0.0,928927.0,-,Banking,COOP,Co-operative Bank of Kenya Ltd,31.6,31.4,30.0,29.3,31.6,31.009999999999998,1.3040322081911524,30.375,1.244152991664031,31.330000000000002,1.324108438873009,0.9518950437317785,2.1839464882943145,0.03322784810126578,3,5,2,616742.8,1.506182155673321,32.5
2026-05-15,COOP,Co-operative Bank of Kenya Ltd,14.95,34.3,30.0,33.0,32.5,32.65,-0.15,0.0,1943944.0,-,Banking,COOP,Co-operative Bank of Kenya Ltd,32.65,31.6,31.4,29.4,31.3,31.630000000000003,1.0616025621671616,30.495000000000005,1.3923301811471382,31.335,1.328542929599738,0.9475218658892129,2.1739130434782608,-0.004594180704440953,4,5,2,982251.6,1.9790693138092115,31.95
2026-05-18,COOP,Co-operative Bank of Kenya Ltd,15.0,34.3,31.0,32.0,31.95,32.5,-0.55,0.0,578404.0,-,Banking,COOP,Co-operative Bank of Kenya Ltd,32.5,32.65,31.6,30.0,29.55,32.019999999999996,0.5461226968364127,30.735000000000003,1.4179503987563233,31.307499999999997,1.3087031547942423,0.9314868804664723,2.13,-0.01692307692307693,0,5,2,1026133.2,0.5636734100407238,32.45
2026-05-19,COOP,Co-operative Bank of Kenya Ltd,15.0,34.3,31.55,32.75,32.45,31.95,0.5,0.0,840083.0,-,Banking,COOP,Co-operative Bank of Kenya Ltd,31.95,32.5,32.65,31.4,29.25,32.23,0.4396020928065187,31.055,1.4066212472919672,31.315000000000005,1.3151045585807928,0.9460641399416911,2.1633333333333336,0.015649452269170583,1,5,2,1124204.0,0.747269178903473,32.55
2026-05-20,COOP,Co-operative Bank of Kenya Ltd,15.0,34.3,30.0,32.9,32.55,32.45,0.1,0.0,692639.0,-,Banking,COOP,Co-operative Bank of Kenya Ltd,32.45,31.95,32.5,31.6,29.3,32.42,0.2729468812788768,31.380000000000003,1.3294108971018712,31.3325,1.3297481953956078,0.9489795918367346,2.17,0.0030816640986131016,2,5,2,996799.4,0.6948629784488233,32.35
2026-05-21,COOP,Co-operative Bank of Kenya Ltd,15.0,34.3,31.6,32.7,32.35,32.55,-0.2,0.0,708231.0,-,Banking,COOP,Co-operative Bank of Kenya Ltd,32.55,32.45,31.95,32.65,29.3,32.36,0.24083189157557133,31.684999999999995,1.1348152076683757,31.305,1.301001638414755,0.9431486880466473,2.1566666666666667,-0.006144393241167334,3,5,2,952660.2,0.7434245704816891,32.25
2026-05-22,COOP,Co-operative Bank of Kenya Ltd,15.0,34.3,31.7,32.45,32.25,32.35,-0.1,0.0,493233.0,-,Banking,COOP,Co-operative Bank of Kenya Ltd,32.35,32.55,32.45,32.5,29.4,32.309999999999995,0.23021728866414334,31.97,0.808015401393281,31.29,1.2875517363136106,0.9402332361516036,2.15,-0.0030911901081916993,4,5,2,662518.0,0.7444824140627122,32.25
2026-05-25,COOP,Co-operative Bank of Kenya Ltd,15.0,34.3,31.5,32.35,32.25,32.25,0.0,0.0,1032194.0,-,Banking,COOP,Co-operative Bank of Kenya Ltd,32.25,32.35,32.55,31.95,30.0,32.37,0.13038404810354298,32.195,0.4172995193967286,31.2925,1.2894587807946416,0.9402332361516036,2.15,0.0,0,5,2,753276.0,1.3702733128361981,31.8
2026-05-26,COOP,Co-operative Bank of Kenya Ltd,15.2,34.3,31.0,32.25,31.8,32.25,-0.45,0.0,153982.0,-,Banking,COOP,Co-operative Bank of Kenya Ltd,32.25,32.25,32.35,32.45,31.4,32.239999999999995,0.2747726332804495,32.235,0.34564754045425106,31.267499999999995,1.2736473733254943,0.9271137026239068,2.0921052631578947,-0.013953488372092981,1,5,2,616055.8,0.24994813781478883,31.75
2026-05-28,COOP,Co-operative Bank of Kenya Ltd,15.3,34.3,31.0,32.3,31.75,31.8,-0.05,0.0,316072.0,-,Banking,COOP,Co-operative Bank of Kenya Ltd,31.8,32.25,32.25,32.55,31.6,32.08,0.281957443597221,32.25,0.317104959840439,31.259999999999998,1.270163686094697,0.9256559766763849,2.07516339869281,-0.0015723270440252124,3,5,2,540742.4,0.5845149187487424,32.1
2026-05-29,COOP,Co-operative Bank of Kenya Ltd,15.3,34.3,31.5,32.3,32.1,31.75,0.35,0.0,570048.0,-,Banking,COOP,Co-operative Bank of Kenya Ltd,31.75,31.8,32.25,32.35,32.65,32.03,0.24135036772269955,32.195,0.28621087796678607,31.284999999999997,1.282072746109117,0.9358600583090381,2.0980392156862746,0.011023622047244164,4,5,2,513105.8,1.110975553190005,32.0
2026-06-02,COOP,Co-operative Bank of Kenya Ltd,15.3,34.3,31.5,32.05,32.0,32.1,-0.1,0.0,548474.0,-,Banking,COOP,Co-operative Bank of Kenya Ltd,32.1,31.75,31.8,32.25,32.5,31.98,0.20796634343057815,32.144999999999996,0.2702365219166914,31.32,1.2920200422105172,0.9329446064139942,2.0915032679738563,-0.0031152647975077885,1,6,2,524154.0,1.0463985775172946,31.9
2026-06-03,COOP,Co-operative Bank of Kenya Ltd,15.3,34.3,31.55,32.05,31.9,32.0,-0.1,0.0,1001694.0,-,Banking,COOP,Co-operative Bank of Kenya Ltd,32.0,32.1,31.75,32.25,31.95,31.910000000000004,0.14317821063237762,32.14,0.27467152099243414,31.4375,1.2278431024404166,0.9300291545189505,2.0849673202614376,-0.0031250000000000444,2,6,2,518054.0,1.9335706316329957,31.8
2026-06-04,COOP,Co-operative Bank of Kenya Ltd,15.35,34.3,31.45,32.0,31.8,31.9,-0.1,0.0,540768.0,-,Banking,COOP,Co-operative Bank of Kenya Ltd,31.9,32.0,32.1,31.8,32.45,31.909999999999997,0.14317821063237762,32.075,0.27003086243338914,31.565000000000005,1.1160432928784287,0.9271137026239068,2.0716612377850163,-0.0031347962382444194,3,6,2,595411.2,0.9082261133146303,31.95
2026-06-05,COOP,Co-operative Bank of Kenya Ltd,15.35,34.3,31.75,32.2,31.95,31.8,0.15,0.0,387226.0,-,Banking,COOP,Co-operative Bank of Kenya Ltd,31.8,31.9,32.0,31.75,32.55,31.95,0.11180339887448408,32.015,0.21350253706498973,31.697499999999998,0.9822738121854008,0.9314868804664723,2.0814332247557004,0.004716981132075526,4,6,2,609642.0,0.6351694929155144,31.45
2026-06-08,COOP,Co-operative Bank of Kenya Ltd,15.95,34.3,31.0,32.0,31.45,31.95,-0.5,0.0,790255.0,-,Banking,COOP,Co-operative Bank of Kenya Ltd,31.95,31.8,31.9,32.1,32.35,31.82,0.2196588263646488,31.925,0.24409697526431445,31.805,0.8083283595433729,0.9169096209912537,1.9717868338557993,-0.015649452269170583,0,6,2,653683.4,1.208926217187097,31.25
2026-06-09,COOP,Co-operative Bank of Kenya Ltd,15.65,34.3,30.75,32.0,31.25,31.45,-0.2,0.0,252458.0,-,Banking,COOP,Co-operative Bank of Kenya Ltd,31.45,31.95,31.8,32.0,32.25,31.669999999999998,0.30536862969189216,31.825,0.29556913084922304,31.8975,0.596806192644581,0.9110787172011663,1.996805111821086,-0.006359300476947549,1,6,2,594480.2,0.4246701572230665,31.05
2026-06-10,COOP,Co-operative Bank of Kenya Ltd,15.65,34.3,30.8,31.25,31.05,31.25,-0.2,0.0,214702.0,-,Banking,COOP,Co-operative Bank of Kenya Ltd,31.25,31.45,31.95,31.9,32.25,31.5,0.3741657386772793,31.705000000000002,0.3435517104856733,31.95,0.4489754418321714,0.9052478134110788,1.9840255591054312,-0.006399999999999961,2,6,2,437081.8,0.491216975861269,31.3
2026-06-11,COOP,Co-operative Bank of Kenya Ltd,15.95,34.3,30.5,31.5,31.3,31.05,0.25,0.0,1398586.0,-,Banking,COOP,Co-operative Bank of Kenya Ltd,31.05,31.25,31.45,31.8,31.8,31.4,0.33911649915614595,31.655,0.36396733675163273,31.945,0.45592589425541963,0.9125364431486881,1.9623824451410659,0.008051529790660261,3,6,2,608645.4,2.2978667053098567,31.7
2026-06-12,COOP,Co-operative Bank of Kenya Ltd,16.0,34.3,31.05,31.8,31.7,31.3,0.4,0.0,981116.0,-,Banking,COOP,Co-operative Bank of Kenya Ltd,31.3,31.05,31.25,31.95,31.75,31.35,0.24238399287065954,31.65,0.3628590176177531,31.95,0.45247855430421846,0.9241982507288631,1.98125,0.012779552715654896,4,6,2,727423.4,1.3487550716680272,31.9
2026-06-15,COOP,Co-operative Bank of Kenya Ltd,16.0,34.3,31.55,32.0,31.9,31.7,0.2,0.0,1034455.0,-,Banking,COOP,Co-operative Bank of Kenya Ltd,31.7,31.3,31.05,31.45,32.1,31.439999999999998,0.34892692644724027,31.629999999999995,0.34009802508471093,31.9125,0.4214245889960618,0.9300291545189505,1.99375,0.006309148264984188,0,6,2,776263.4,1.332608235812741,31.35
2026-06-16,COOP,Co-operative Bank of Kenya Ltd,16.0,34.3,31.0,32.0,31.35,31.9,-0.55,0.0,2346287.0,-,Banking,COOP,Co-operative Bank of Kenya Ltd,31.9,31.7,31.3,31.25,32.0,31.46,0.3380088756229878,31.564999999999998,0.32322163018906486,31.854999999999997,0.41545789577028,0.91399416909621,1.959375,-0.01724137931034475,1,6,2,1195029.2,1.9633721083970166,31.55
2026-06-17,COOP,Co-operative Bank of Kenya Ltd,16.0,34.3,31.0,32.1,31.55,31.35,0.2,0.0,2385239.0,-,Banking,COOP,Co-operative Bank of Kenya Ltd,31.35,31.9,31.7,31.05,31.9,31.559999999999995,0.24849547279560283,31.53,0.30110906108339136,31.835,0.4202442898575413,0.9198250728862974,1.971875,0.006379585326953707,2,6,2,1629136.6,1.4641123402420644,32.7
2026-06-18,COOP,Co-operative Bank of Kenya Ltd,16.0,35.95,32.0,33.45,32.7,31.55,1.15,0.0,670009.0,-,Banking,COOP,Co-operative Bank of Kenya Ltd,31.55,31.35,31.9,31.3,31.8,31.839999999999996,0.5212964607590309,31.619999999999997,0.47504385762424234,31.847499999999997,0.4426222697562616,0.9095966620305981,2.04375,0.03645007923930277,3,6,2,1483421.2,0.4516647058839391,33.3
2026-06-19,COOP,Co-operative Bank of Kenya Ltd,16.0,36.6,31.55,35.95,33.3,32.7,0.6,0.0,1355896.0,-,Banking,COOP,Co-operative Bank of Kenya Ltd,32.7,31.55,31.35,31.7,31.95,32.160000000000004,0.8196035627056952,31.755000000000003,0.7119808049845998,31.885,0.5286775955154273,0.9098360655737704,2.08125,0.0183486238532109,4,6,2,1558377.2,0.8700691976242979,34.75
2026-06-22,COOP,Co-operative Bank of Kenya Ltd,16.0,36.6,34.0,36.6,34.75,33.3,1.45,0.0,394701.0,-,Banking,COOP,Co-operative Bank of Kenya Ltd,33.3,32.7,31.55,31.9,31.45,32.730000000000004,1.387713947468942,32.085,1.1714307491268305,32.005,0.8276313697598099,0.9494535519125683,2.171875,0.04354354354354362,0,6,2,1430426.4,0.27593240728778495,35.55
2026-06-23,COOP,Co-operative Bank of Kenya Ltd,16.0,36.6,33.95,35.95,35.55,34.75,0.8,0.0,950484.0,-,Banking,COOP,Co-operative Bank of Kenya Ltd,34.75,33.3,32.7,31.35,31.25,33.57000000000001,1.5986713233181424,32.515,1.5567148457925586,32.17,1.1465508917481126,0.971311475409836,2.221875,0.02302158273381294,1,6,2,1151265.8,0.8255990927551222,34.2
2026-06-24,COOP,Co-operative Bank of Kenya Ltd,16.0,36.6,33.1,34.5,34.2,35.55,-1.35,0.0,574972.0,-,Banking,COOP,Co-operative Bank of Kenya Ltd,35.55,34.75,33.3,31.55,31.05,34.1,1.1330269193623579,32.83,1.5459984188578417,32.2675,1.2333389639510994,0.9344262295081968,2.1375,-0.03797468354430367,2,6,2,789212.4,0.7285389839287877,34.8
2026-06-25,COOP,Co-operative Bank of Kenya Ltd,16.0,36.6,33.55,35.45,34.8,34.2,0.6,0.0,1308502.0,-,Banking,COOP,Co-operative Bank of Kenya Ltd,34.2,35.55,34.75,32.7,31.3,34.52,0.8341162988455095,33.18,1.5572768254587688,32.417500000000004,1.3503678835978736,0.9508196721311474,2.175,0.01754385964912264,3,6,2,916911.0,1.4270763465592626,34.5
2026-06-26,COOP,Co-operative Bank of Kenya Ltd,16.0,36.6,33.9,35.9,34.5,34.8,-0.3,0.0,1917529.0,-,Banking,COOP,Co-operative Bank of Kenya Ltd,34.8,34.2,35.55,33.3,31.7,34.760000000000005,0.5017469481717997,33.46,1.5126870866845028,32.555,1.417178442131432,0.9426229508196721,2.15625,-0.008620689655172376,4,6,2,1029237.6,1.8630576652077226,34.45
2026-06-29,COOP,Co-operative Bank of Kenya Ltd,16.0,36.6,34.0,34.75,34.45,34.5,-0.05,0.0,425148.0,-,Banking,COOP,Co-operative Bank of Kenya Ltd,34.5,34.8,34.2,34.75,31.9,34.7,0.5208166663997207,33.715,1.4333430232229996,32.6725,1.473759514053471,0.9412568306010929,2.153125,-0.0014492753623187582,0,6,2,1035327.0,0.410641275654938,34.3
2026-06-30,COOP,Co-operative Bank of Kenya Ltd,16.0,36.6,33.5,36.0,34.3,34.45,-0.15,0.0,219239.0,-,Banking,COOP,Co-operative Bank of Kenya Ltd,34.45,34.5,34.8,35.55,31.35,34.45,0.2291287847472143,34.010000000000005,1.172319637868938,32.7875,1.5078631621567777,0.9371584699453551,2.14375,-0.004354136429608246,1,6,2,889078.0,0.24659141267695298,
2026-01-02,EQTY,Equity Group Holdings Plc,41.2,80.0,66.5,67.0,67.0,66.75,0.25,0.0,52955.0,-,Banking,EQTY,Equity Group Holdings Plc,,,,,,67.0,,67.0,,67.0,,0.8375,1.6262135922330097,,4,1,1,52955.0,1.0,67.25
2026-01-05,EQTY,Equity Group Holdings Plc,41.2,80.0,67.0,68.25,67.25,67.0,0.25,0.0,632144.0,-,Banking,EQTY,Equity Group Holdings Plc,67.0,,,,,67.125,0.1767766952966369,67.125,0.1767766952966369,67.125,0.1767766952966369,0.840625,1.6322815533980581,0.003731343283582156,0,1,1,342549.5,1.8454092036333436,69.25
2026-01-06,EQTY,Equity Group Holdings Plc,41.2,80.0,67.75,69.75,69.25,67.25,2.0,0.0,2266985.0,-,Banking,EQTY,Equity Group Holdings Plc,67.25,67.0,,,,67.83333333333333,1.233220715579064,67.83333333333333,1.233220715579064,67.83333333333333,1.233220715579064,0.865625,1.6808252427184465,0.029739776951672958,1,1,1,984028.0,2.30378098997183,69.5
2026-01-07,EQTY,Equity Group Holdings Plc,41.2,80.0,68.25,70.0,69.5,69.25,0.25,0.0,3801333.0,-,Banking,EQTY,Equity Group Holdings Plc,69.25,67.25,67.0,,,68.25,1.3070322617798456,68.25,1.3070322617798456,68.25,1.3070322617798456,0.86875,1.686893203883495,0.0036101083032491488,2,1,1,1688354.25,2.25150201742318,69.5
2026-01-08,EQTY,Equity Group Holdings Plc,41.2,80.0,69.0,70.0,69.5,69.5,0.0,0.0,1696425.0,-,Banking,EQTY,Equity Group Holdings Plc,69.5,69.25,67.25,,,68.5,1.2624381172952612,68.5,1.2624381172952612,68.5,1.2624381172952612,0.86875,1.686893203883495,0.0,3,1,1,1689968.4,1.0038205448101871,69.5
2026-01-09,EQTY,Equity Group Holdings Plc,41.2,80.0,69.25,69.75,69.5,69.5,0.0,0.0,1598732.0,-,Banking,EQTY,Equity Group Holdings Plc,69.5,69.5,69.25,67.0,,69.0,0.9842509842514784,68.66666666666667,1.2006942436218593,68.66666666666667,1.2006942436218593,0.86875,1.686893203883495,0.0,4,1,1,1999123.8,0.7997163557354476,69.5
2026-01-12,EQTY,Equity Group Holdings Plc,41.2,80.0,69.25,69.75,69.5,69.5,0.0,0.0,89540.0,-,Banking,EQTY,Equity Group Holdings Plc,69.5,69.5,69.5,67.25,,69.45,0.11180339887500716,68.78571428571429,1.1404364243986767,68.78571428571429,1.1404364243986767,0.86875,1.686893203883495,0.0,0,1,1,1890603.0,0.047360551104594674,69.25
2026-01-13,EQTY,Equity Group Holdings Plc,41.2,80.0,69.0,69.5,69.25,69.5,-0.25,0.0,318775.0,-,Banking,EQTY,Equity Group Holdings Plc,69.5,69.5,69.5,69.25,,69.45,0.11180339887500716,68.84375,1.0685228455342317,68.84375,1.0685228455342317,0.865625,1.6808252427184465,-0.003597122302158251,1,1,1,1500961.0,0.21238060149464244,69.25
2026-01-14,EQTY,Equity Group Holdings Plc,41.2,80.0,68.0,69.5,69.25,69.25,0.0,0.0,2473752.0,-,Banking,EQTY,Equity Group Holdings Plc,69.25,69.5,69.5,69.5,,69.4,0.1369306393763071,68.88888888888889,1.0086432030758503,68.88888888888889,1.0086432030758503,0.865625,1.6808252427184465,0.0,2,1,1,1235444.8,2.0023168983349153,69.0
2026-01-15,EQTY,Equity Group Holdings Plc,41.2,80.0,68.5,69.25,69.0,69.25,-0.25,0.0,407883.0,-,Banking,EQTY,Equity Group Holdings Plc,69.25,69.25,69.5,69.5,,69.3,0.20916500663352885,68.9,0.9516068282413467,68.9,0.9516068282413467,0.8625,1.674757281553398,-0.0036101083032491488,3,1,1,977736.4,0.4171707220882847,69.0
2026-01-16,EQTY,Equity Group Holdings Plc,41.2,80.0,68.5,69.5,69.0,69.0,0.0,0.0,241051.0,-,Banking,EQTY,Equity Group Holdings Plc,69.0,69.25,69.25,69.5,67.0,69.2,0.20916500663352885,69.1,0.679051626248782,68.9090909090909,0.9032768628217437,0.8625,1.674757281553398,0.0,4,1,1,706200.2,0.3413352191064234,69.5
2026-01-19,EQTY,Equity Group Holdings Plc,41.2,80.0,69.0,70.0,69.5,69.0,0.5,0.0,89277.0,-,Banking,EQTY,Equity Group Holdings Plc,69.0,69.0,69.25,69.5,67.25,69.2,0.20916500663352885,69.325,0.20581815058716252,68.95833333333333,0.8779711460710619,0.86875,1.686893203883495,0.007246376811594235,0,1,1,706147.6,0.1264282424807505,69.0
2026-01-20,EQTY,Equity Group Holdings Plc,41.2,80.0,68.5,69.5,69.0,69.5,-0.5,0.0,1391019.0,-,Banking,EQTY,Equity Group Holdings Plc,69.5,69.0,69.0,69.25,69.25,69.15,0.223606797749989,69.3,0.22973414586818733,68.96153846153847,0.8406728074767077,0.8625,1.674757281553398,-0.007194244604316502,1,1,1,920596.4,1.51099765326043,69.0
2026-01-21,EQTY,Equity Group Holdings Plc,41.2,80.0,68.25,69.25,69.0,69.0,0.0,0.0,1352938.0,-,Banking,EQTY,Equity Group Holdings Plc,69.0,69.5,69.0,69.25,69.5,69.1,0.223606797749989,69.25,0.23570226039552838,68.96428571428571,0.8077577158235804,0.8625,1.674757281553398,0.0,2,1,1,696433.6,1.9426661780821604,68.75
2026-01-22,EQTY,Equity Group Holdings Plc,41.2,80.0,68.5,69.0,68.75,69.0,-0.25,0.0,1082066.0,-,Banking,EQTY,Equity Group Holdings Plc,69.0,69.0,69.5,69.0,69.5,69.05,0.2738612787525911,69.175,0.26483747636785054,68.95,0.780338754278276,0.859375,1.6686893203883495,-0.0036231884057971175,3,1,1,831270.2,1.301701901499657,68.75
2026-01-23,EQTY,Equity Group Holdings Plc,41.2,80.0,68.5,69.25,68.75,68.75,0.0,0.0,2602658.0,-,Banking,EQTY,Equity Group Holdings Plc,68.75,69.0,69.0,69.0,69.5,69.0,0.3061862178479045,69.1,0.26874192494328514,68.9375,0.7555351304428757,0.859375,1.6686893203883495,0.0,4,1,1,1303591.6,1.9965286674139353,68.5
2026-01-26,EQTY,Equity Group Holdings Plc,41.2,80.0,68.0,69.0,68.5,68.75,-0.25,0.0,556225.0,-,Banking,EQTY,Equity Group Holdings Plc,68.75,68.75,69.0,69.5,69.5,68.8,0.20916500663352885,69.0,0.2886751345948036,68.91176470588235,0.7391991891070157,0.85625,1.6626213592233008,-0.0036363636363636598,0,1,1,1396981.2,0.3981621227257747,68.25
2026-01-27,EQTY,Equity Group Holdings Plc,41.2,80.0,68.0,68.5,68.25,68.5,-0.25,0.0,2728846.0,-,Banking,EQTY,Equity Group Holdings Plc,68.5,68.75,68.75,69.0,69.25,68.65,0.28504385627479273,68.9,0.3574601764921024,68.875,0.7338957290899494,0.853125,1.6565533980582523,-0.0036496350364964014,1,1,1,1664546.6,1.639392973437932,68.25
2026-01-28,EQTY,Equity Group Holdings Plc,41.2,80.0,67.75,68.5,68.25,68.25,0.0,0.0,2300908.0,-,Banking,EQTY,Equity Group Holdings Plc,68.25,68.5,68.75,69.0,69.25,68.5,0.25000000000001066,68.8,0.3872983346207153,68.84210526315789,0.7274886707584306,0.853125,1.6565533980582523,0.0,2,1,1,1854140.6,1.240956591965032,67.75
2026-01-29,EQTY,Equity Group Holdings Plc,41.2,80.0,67.25,68.5,67.75,68.25,-0.5,0.0,489642.0,-,Banking,EQTY,Equity Group Holdings Plc,68.25,68.25,68.5,68.75,69.0,68.3,0.37080992435478966,68.675,0.5006939628599643,68.7875,0.7490125078008377,0.846875,1.6444174757281553,-0.0073260073260073,3,1,1,1735655.8,0.2821077773600042,67.0
2026-01-30,EQTY,Equity Group Holdings Plc,41.2,80.0,66.5,68.0,67.0,67.75,-0.75,0.0,2070423.0,-,Banking,EQTY,Equity Group Holdings Plc,67.75,68.25,68.25,68.75,69.0,67.95,0.5968668193156705,68.475,0.7115124735378552,68.7875,0.7490125078008377,0.8375,1.6262135922330097,-0.011070110701106972,4,1,1,1629208.8,1.2708150115565298,69.0
2026-02-02,EQTY,Equity Group Holdings Plc,41.2,80.0,67.25,73.0,69.0,67.0,2.0,0.0,105529.0,-,Banking,EQTY,Equity Group Holdings Plc,67.0,67.75,68.25,68.5,69.5,68.05,0.7373940601876358,68.425,0.6460349147771072,68.875,0.6564457728034945,0.8625,1.674757281553398,0.029850746268656803,0,2,1,1539069.6,0.06856674967785732,68.0
2026-02-03,EQTY,Equity Group Holdings Plc,41.2,80.0,67.75,69.75,68.0,69.0,-1.0,0.0,10291286.0,-,Banking,EQTY,Equity Group Holdings Plc,69.0,67.0,67.75,68.25,69.0,68.0,0.7288689868556669,68.325,0.6241661103690896,68.8125,0.678014710289104,0.85,1.6504854368932038,-0.01449275362318836,1,2,1,3051557.6,3.372469849495877,68.0
2026-02-04,EQTY,Equity Group Holdings Plc,41.2,80.0,67.5,69.0,68.0,68.0,0.0,0.0,2017718.0,-,Banking,EQTY,Equity Group Holdings Plc,68.0,69.0,67.0,68.25,69.0,67.95,0.7158910531638222,68.225,0.5827377912348486,68.7375,0.6809194635119986,0.85,1.6504854368932038,0.0,2,2,1,2994919.6,0.6737135781541514,68.0
2026-02-05,EQTY,Equity Group Holdings Plc,41.2,80.0,67.75,68.0,68.0,68.0,0.0,0.0,3253775.0,-,Banking,EQTY,Equity Group Holdings Plc,68.0,68.0,69.0,67.75,68.75,68.0,0.7071067811865519,68.15,0.5552777082985272,68.6625,0.6750974588512092,0.85,1.6504854368932038,0.0,3,2,1,3547746.2,0.9171386047852014,68.0
2026-02-06,EQTY,Equity Group Holdings Plc,41.2,80.0,67.75,70.0,68.0,68.0,0.0,0.0,1250863.0,-,Banking,EQTY,Equity Group Holdings Plc,68.0,68.0,68.0,67.0,68.75,68.2,0.4472135954999651,68.075,0.5143766454002918,68.5875,0.6603179058923768,0.85,1.6504854368932038,0.0,4,2,1,3383834.2,0.36965847794788526,68.0
2026-02-09,EQTY,Equity Group Holdings Plc,41.2,80.0,67.75,69.75,68.0,68.0,0.0,0.0,2896000.0,-,Banking,EQTY,Equity Group Holdings Plc,68.0,68.0,68.0,69.0,68.5,68.0,0.0,68.025,0.49230184959131595,68.5125,0.6359565940169734,0.85,1.6504854368932038,0.0,0,2,1,3941928.4,0.7346658046858487,68.25
2026-02-10,EQTY,Equity Group Holdings Plc,41.2,80.0,67.75,73.5,68.25,68.0,0.25,0.0,11852118.0,-,Banking,EQTY,Equity Group Holdings Plc,68.0,68.0,68.0,68.0,68.25,68.05,0.11180339887502205,68.025,0.49230184959131595,68.4625,0.6138478724621421,0.853125,1.6565533980582523,0.003676470588235281,1,2,1,4254094.8,2.786049337687538,71.75
2026-02-11,EQTY,Equity Group Holdings Plc,41.2,80.0,71.0,73.75,71.75,68.25,3.5,0.0,3453916.0,-,Banking,EQTY,Equity Group Holdings Plc,68.25,68.0,68.0,68.0,68.25,68.8,1.652649388103844,68.375,1.2815463749357932,68.5875,0.946861158054109,0.896875,1.741504854368932,0.05128205128205132,2,2,1,4541334.4,0.7605509076803505,73.5
2026-02-12,EQTY,Equity Group Holdings Plc,41.2,80.0,72.5,76.5,73.5,71.75,1.75,0.0,1569777.0,-,Banking,EQTY,Equity Group Holdings Plc,71.75,68.25,68.0,68.0,67.75,69.9,2.5653947064730613,68.95,2.037154878746344,68.8125,1.450669083379694,0.91875,1.7839805825242718,0.024390243902439046,3,2,1,4204534.8,0.37335331366504565,76.75
2026-02-13,EQTY,Equity Group Holdings Plc,41.2,80.0,74.5,78.0,76.75,73.5,3.25,0.0,2222278.0,-,Banking,EQTY,Equity Group Holdings Plc,73.5,71.75,68.25,68.0,67.0,71.65,3.6852747523081626,69.925,3.0710340278154127,69.2,2.293583727660597,0.959375,1.8628640776699028,0.04421768707482987,4,2,1,4398817.8,0.5051989195824388,75.0
2026-02-16,EQTY,Equity Group Holdings Plc,41.2,80.0,74.0,76.75,75.0,76.75,-1.75,0.0,415562.0,-,Banking,EQTY,Equity Group Holdings Plc,76.75,73.5,71.75,68.0,69.0,73.05,3.256723813896411,70.525,3.434809553187323,69.475,2.6356613072084585,0.9375,1.820388349514563,-0.0228013029315961,0,2,1,3902730.2,0.10647981764150645,75.0
2026-02-17,EQTY,Equity Group Holdings Plc,41.2,80.0,74.0,76.0,75.0,75.0,0.0,0.0,5753881.0,-,Banking,EQTY,Equity Group Holdings Plc,75.0,76.75,73.5,68.25,68.0,74.4,1.8758331482304038,71.225,3.5735331100871583,69.775,2.906322508999268,0.9375,1.820388349514563,0.0,1,2,1,2683082.8,2.1445037029792746,74.75
2026-02-18,EQTY,Equity Group Holdings Plc,41.2,80.0,73.5,75.0,74.75,75.0,-0.25,0.0,1025592.0,-,Banking,EQTY,Equity Group Holdings Plc,75.0,75.0,76.75,71.75,68.0,75.0,1.1592023119369559,71.9,3.533962208186338,70.0625,3.1033460295215827,0.934375,1.8143203883495145,-0.0033333333333332993,2,2,1,2197418.0,0.4667259483630333,74.25
2026-02-19,EQTY,Equity Group Holdings Plc,41.2,80.0,73.5,74.75,74.25,74.75,-0.5,0.0,870412.0,-,Banking,EQTY,Equity Group Holdings Plc,74.75,75.0,75.0,73.5,68.0,75.15,0.945383520059444,72.525,3.313377766301731,70.3375,3.2223265132346115,0.928125,1.8021844660194173,-0.006688963210702337,3,2,1,2057545.0,0.42303424712460724,73.25
2026-02-20,EQTY,Equity Group Holdings Plc,41.2,80.0,73.0,75.0,73.25,74.25,-1.0,0.0,432171.0,-,Banking,EQTY,Equity Group Holdings Plc,74.25,74.75,75.0,76.75,68.0,74.45,0.7373940601876239,73.05,2.907843798341999,70.5625,3.2625012603344983,0.915625,1.7779126213592231,-0.013468013468013518,4,2,1,1699523.6,0.2542894961858723,73.75
2026-02-23,EQTY,Equity Group Holdings Plc,41.2,80.0,73.25,74.5,73.75,73.25,0.5,0.0,1631426.0,-,Banking,EQTY,Equity Group Holdings Plc,73.25,74.25,74.75,75.0,68.0,74.2,0.7158910531638106,73.625,2.3041327604498587,70.825,3.298823554254642,0.921875,1.7900485436893203,0.006825938566553003,0,2,1,1942696.4,0.8397740377755372,74.5
2026-02-24,EQTY,Equity Group Holdings Plc,41.2,80.0,74.0,76.5,74.5,73.75,0.75,0.0,5820316.0,-,Banking,EQTY,Equity Group Holdings Plc,73.75,73.25,74.25,75.0,68.25,74.1,0.6020797289396076,74.25,1.3228756555325039,71.1375,3.3378560326558104,0.93125,1.808252427184466,0.01016949152542379,1,2,1,1955983.4,2.9756469303369344,76.5
2026-02-25,EQTY,Equity Group Holdings Plc,41.2,80.0,75.5,77.75,76.5,74.5,2.0,0.0,6246389.0,-,Banking,EQTY,Equity Group Holdings Plc,74.5,73.75,73.25,74.75,71.75,74.45,1.242477363978913,74.725,1.1693421702443196,71.55,3.4694152396712434,0.95625,1.8567961165048543,0.02684563758389258,2,2,1,3000142.8,2.082030562011915,76.5
2026-02-26,EQTY,Equity Group Holdings Plc,41.2,80.0,75.75,78.0,76.5,76.5,0.0,0.0,4223133.0,-,Banking,EQTY,Equity Group Holdings Plc,76.5,74.5,73.75,74.25,73.5,74.9,1.5268431484602423,75.025,1.2044477757234027,71.9875,3.516385517155796,0.95625,1.8567961165048543,0.0,3,2,1,3670687.0,1.1505020722278962,77.25
2026-02-27,EQTY,Equity Group Holdings Plc,41.2,80.0,76.75,80.0,77.25,76.5,0.75,0.0,2978280.0,-,Banking,EQTY,Equity Group Holdings Plc,76.5,76.5,74.5,73.25,76.75,75.7,1.4937369246289594,75.075,1.2912633779023255,72.5,3.4981197957278405,0.965625,1.8749999999999998,0.009803921568627416,4,2,1,4179908.8,0.7125227229838125,77.25
2026-03-02,EQTY,Equity Group Holdings Plc,41.2,80.0,76.5,78.5,77.25,77.25,0.0,0.0,5460479.0,-,Banking,EQTY,Equity Group Holdings Plc,77.25,76.5,76.5,73.75,75.0,76.4,1.1263880326068714,75.3,1.461544084559801,72.9125,3.549717371996315,0.965625,1.8749999999999998,0.0,0,3,1,4945719.4,1.1040818449991319,76.75
2026-03-03,EQTY,Equity Group Holdings Plc,41.2,80.0,74.0,77.25,76.75,77.25,-0.5,0.0,5775493.0,-,Banking,EQTY,Equity Group Holdings Plc,77.25,77.25,76.5,74.5,75.0,76.85,0.3791437722025442,75.475,1.5250227685005548,73.35,3.4502097571627144,0.959375,1.8628640776699028,-0.006472491909385147,1,3,1,4936754.8,1.1698966697718105,74.5
2026-03-04,EQTY,Equity Group Holdings Plc,41.2,80.0,73.0,77.0,74.5,76.75,-2.25,0.0,4151143.0,-,Banking,EQTY,Equity Group Holdings Plc,76.75,77.25,77.25,76.5,74.75,76.45,1.1374313166077226,75.45,1.5402020069532671,73.675,3.218061691862243,0.93125,1.808252427184466,-0.02931596091205213,2,3,1,4517705.6,0.9188608925734338,74.5
2026-03-05,EQTY,Equity Group Holdings Plc,41.2,80.0,73.75,76.0,74.5,74.5,0.0,0.0,4721493.0,-,Banking,EQTY,Equity Group Holdings Plc,74.5,76.75,77.25,76.5,74.25,76.05,1.4295978455495713,75.475,1.5204622835033452,74.0,2.9301068778782016,0.93125,1.808252427184466,0.0,3,3,1,4617377.6,1.0225485998805903,74.5
2026-03-06,EQTY,Equity Group Holdings Plc,41.2,80.0,74.0,76.0,74.5,74.5,0.0,0.0,4114650.0,-,Banking,EQTY,Equity Group Holdings Plc,74.5,74.5,76.75,77.25,73.25,75.5,1.3806701271483985,75.6,1.3601470508737898,74.325,2.5676376609432965,0.93125,1.808252427184466,0.0,4,3,1,4844651.6,0.8493180397120818,74.0
2026-03-09,EQTY,Equity Group Holdings Plc,41.2,80.0,73.0,75.5,74.0,74.5,-0.5,0.0,3284476.0,-,Banking,EQTY,Equity Group Holdings Plc,74.5,74.5,74.5,77.25,73.75,74.85,1.0839741694339275,75.625,1.3241873818394791,74.625,2.0971471850561807,0.925,1.7961165048543688,-0.006711409395973145,0,3,1,4409451.0,0.7448718672687371,74.0
2026-03-10,EQTY,Equity Group Holdings Plc,41.2,80.0,73.5,75.5,74.0,74.0,0.0,0.0,4808702.0,-,Banking,EQTY,Equity Group Holdings Plc,74.0,74.5,74.5,76.75,74.5,74.3,0.2738612787525274,75.575,1.3796638076802947,74.9125,1.4807426124111105,0.925,1.7961165048543688,0.0,1,3,1,4216092.8,1.14055886056398,75.5
2026-03-11,EQTY,Equity Group Holdings Plc,41.2,80.0,74.75,77.0,75.5,74.0,1.5,0.0,3652097.0,-,Banking,EQTY,Equity Group Holdings Plc,74.0,74.0,74.5,74.5,76.5,74.5,0.6123724356957695,75.475,1.3408641492214344,75.1,1.283498508394988,0.94375,1.8325242718446602,0.020270270270270174,2,3,1,4116283.6,0.8872316280637224,77.0
2026-03-12,EQTY,Equity Group Holdings Plc,41.2,80.0,76.0,78.5,77.0,75.5,1.5,0.0,3353553.0,-,Banking,EQTY,Equity Group Holdings Plc,75.5,74.0,74.0,74.5,76.5,75.0,1.2747548783981841,75.525,1.3916916165430535,75.275,1.2924375175773912,0.9625,1.8689320388349513,0.019867549668874274,3,3,1,3842695.6,0.8727084705850757,77.0
2026-03-13,EQTY,Equity Group Holdings Plc,41.2,80.0,76.5,77.75,77.0,77.0,0.0,0.0,5366219.0,-,Banking,EQTY,Equity Group Holdings Plc,77.0,75.5,74.0,74.5,77.25,75.5,1.4999999999999898,75.5,1.3591255358585834,75.2875,1.308562389156624,0.9625,1.8689320388349513,0.0,4,3,1,4093009.4,1.3110693075857582,77.25
2026-03-16,EQTY,Equity Group Holdings Plc,41.2,80.0,76.75,78.0,77.25,77.0,0.25,0.0,2715356.0,-,Banking,EQTY,Equity Group Holdings Plc,77.0,77.0,75.5,74.0,77.25,76.15,1.387443692551149,75.5,1.3591255358585834,75.4,1.3774499704352672,0.965625,1.8749999999999998,0.0032467532467532756,0,3,1,3979185.4,0.6823899182983533,78.0
2026-03-17,EQTY,Equity Group Holdings Plc,41.2,80.0,77.0,79.5,78.0,77.25,0.75,0.0,1632936.0,-,Banking,EQTY,Equity Group Holdings Plc,77.25,77.0,77.0,74.0,76.75,76.95,0.9082951062292269,75.625,1.5331974577480632,75.55,1.49031964074101,0.975,1.8932038834951455,0.009708737864077666,1,3,1,3344032.2,0.48831347975656453,79.0
2026-03-18,EQTY,Equity Group Holdings Plc,41.2,80.0,77.75,79.75,79.0,78.0,1.0,0.0,1635485.0,-,Banking,EQTY,Equity Group Holdings Plc,78.0,77.25,77.0,75.5,74.5,77.65,0.8587782018658595,76.075,1.8029682316794164,75.7625,1.6632146267804044,0.9875,1.9174757281553396,0.012820512820512775,2,3,1,2940709.8,0.5561531437070057,76.5
2026-03-19,EQTY,Equity Group Holdings Plc,41.2,80.0,74.75,79.0,76.5,79.0,-2.5,0.0,1233215.0,-,Banking,EQTY,Equity Group Holdings Plc,79.0,78.0,77.25,77.0,74.5,77.55,0.9746794344808742,76.275,1.7177585524296588,75.875,1.6313136456628259,0.95625,1.8567961165048543,-0.03164556962025311,3,3,1,2516642.2,0.4900239692396479,73.25
2026-03-23,EQTY,Equity Group Holdings Plc,41.2,80.0,71.25,77.0,73.25,76.5,-3.25,0.0,2746354.0,-,Banking,EQTY,Equity Group Holdings Plc,76.5,79.0,78.0,77.0,74.5,76.8,2.189463404581121,76.15,1.8973665961012305,75.875,1.6313136456628259,0.915625,1.7779126213592231,-0.042483660130718914,0,3,1,1992669.2,1.378228759695789,72.75
2026-03-24,EQTY,Equity Group Holdings Plc,41.2,80.0,71.5,75.0,72.75,73.25,-0.5,0.0,705824.0,-,Banking,EQTY,Equity Group Holdings Plc,73.25,76.5,79.0,77.25,74.0,75.9,2.798437063791137,76.025,2.08649759698471,75.825,1.7131457676018296,0.909375,1.7657766990291262,-0.0068259385665528916,1,3,1,1590762.8,0.4437016002637225,71.0
2026-03-25,EQTY,Equity Group Holdings Plc,41.2,80.0,69.25,72.75,71.0,72.75,-1.75,0.0,1615499.0,-,Banking,EQTY,Equity Group Holdings Plc,72.75,73.25,76.5,78.0,74.0,74.5,3.2064388345951595,75.725,2.569722207208966,75.65,2.0088619454280394,0.8875,1.7233009708737863,-0.02405498281786944,2,3,1,1587275.4,1.0177811613536,67.25
2026-03-26,EQTY,Equity Group Holdings Plc,41.2,80.0,66.5,70.25,67.25,71.0,-3.75,0.0,4301580.0,-,Banking,EQTY,Equity Group Holdings Plc,71.0,72.75,73.25,79.0,75.5,72.15,3.3847082592152566,74.9,3.7178249316263905,75.1875,2.736059161794864,0.840625,1.6322815533980581,-0.052816901408450745,3,3,1,2120494.4,2.028574091023301,69.0
2026-03-27,EQTY,Equity Group Holdings Plc,41.2,80.0,67.75,72.0,69.0,67.25,1.75,0.0,3456708.0,-,Banking,EQTY,Equity Group Holdings Plc,67.25,71.0,72.75,76.5,77.0,70.65,2.528586561698053,74.1,4.060651288757666,74.8125,3.043408537530796,0.8625,1.674757281553398,0.026022304832713727,4,3,1,2565193.0,1.3475430503669705,69.75
2026-03-30,EQTY,Equity Group Holdings Plc,41.2,80.0,69.5,70.0,69.75,69.0,0.75,0.0,1162294.0,-,Banking,EQTY,Equity Group Holdings Plc,69.0,67.25,71.0,73.25,77.0,69.95,2.0721365785102073,73.375,4.131938608772753,74.4375,3.185983901568278,0.871875,1.6929611650485437,0.010869565217391353,0,3,1,2248381.0,0.5169470832567967,69.0
2026-03-31,EQTY,Equity Group Holdings Plc,41.2,80.0,68.0,70.0,69.0,69.75,-0.75,0.0,3220807.0,-,Banking,EQTY,Equity Group Holdings Plc,69.75,69.0,67.25,72.75,77.25,69.2,1.3624426593438677,72.55,4.095729483254486,74.025,3.333344298227527,0.8625,1.674757281553398,-0.010752688172043001,1,3,1,2751377.6,1.1706161306248912,69.0
2026-04-01,EQTY,Equity Group Holdings Plc,41.2,80.0,67.75,70.0,69.0,69.0,0.0,0.0,2666536.0,-,Banking,EQTY,Equity Group Holdings Plc,69.0,69.75,69.0,71.0,78.0,68.8,0.9253377761660831,71.65,3.738315128503729,73.6375,3.4483739493762187,0.8625,1.674757281553398,0.0,2,4,2,2961585.0,0.9003746304765861,69.25
2026-04-02,EQTY,Equity Group Holdings Plc,41.2,80.0,68.75,70.0,69.25,69.0,0.25,0.0,1588499.0,-,Banking,EQTY,Equity Group Holdings Plc,69.0,69.0,69.75,67.25,79.0,69.2,0.3259601202601225,70.675,2.748863401480623,73.375,3.576697241575595,0.865625,1.6808252427184465,0.0036231884057971175,3,4,2,2418968.8,0.6566843689757388,70.0
2026-04-07,EQTY,Equity Group Holdings Plc,41.2,80.0,69.5,72.0,70.0,69.25,0.75,0.0,3575249.0,-,Banking,EQTY,Equity Group Holdings Plc,69.25,69.0,69.0,69.0,76.5,69.4,0.45414755311461524,70.025,1.8350370871212873,73.15,3.643126187912298,0.875,1.6990291262135921,0.010830324909747224,1,4,2,2442677.0,1.4636601564594909,71.5
2026-04-08,EQTY,Equity Group Holdings Plc,41.2,80.0,70.5,75.0,71.5,70.0,1.5,0.0,2647989.0,-,Banking,EQTY,Equity Group Holdings Plc,70.0,69.25,69.0,69.75,73.25,69.75,1.0606601717798179,69.85,1.5554563460424948,73.0,3.646375273004512,0.89375,1.7354368932038833,0.021428571428571352,2,4,2,2739816.0,0.9664842456573726,73.25
2026-04-09,EQTY,Equity Group Holdings Plc,41.2,80.0,72.75,75.0,73.25,71.5,1.75,0.0,4102121.0,-,Banking,EQTY,Equity Group Holdings Plc,71.5,70.0,69.25,69.0,72.75,70.6,1.7730623226497138,69.9,1.663329993316451,72.9625,3.639399711924712,0.915625,1.7779126213592231,0.02447552447552437,3,4,2,2916078.8,1.406725017170318,74.25
2026-04-10,EQTY,Equity Group Holdings Plc,41.2,80.0,74.0,75.5,74.25,73.25,1.0,0.0,1859347.0,-,Banking,EQTY,Equity Group Holdings Plc,73.25,71.5,70.0,69.0,71.0,71.65,2.110983183258454,70.225,2.1488045772267483,72.975,3.64357762298769,0.928125,1.8021844660194173,0.013651877133105783,4,4,2,2754641.0,0.6749870491290879,74.0
2026-04-13,EQTY,Equity Group Holdings Plc,41.2,80.0,73.75,75.5,74.0,74.25,-0.25,0.0,1353239.0,-,Banking,EQTY,Equity Group Holdings Plc,74.25,73.25,71.5,69.25,67.25,72.6,1.8079684731764527,70.9,2.1705094128132183,72.9,3.6040912424923865,0.925,1.7961165048543688,-0.0033670033670033517,0,4,2,2707589.0,0.499794835922291,75.25
2026-04-14,EQTY,Equity Group Holdings Plc,41.2,80.0,74.5,77.0,75.25,74.0,1.25,0.0,438029.0,-,Banking,EQTY,Equity Group Holdings Plc,74.0,74.25,73.25,70.0,69.0,73.65,1.3986600730699348,71.525,2.4450914547767013,72.8125,3.519564678524261,0.940625,1.8264563106796114,0.016891891891891886,1,4,2,2080145.0,0.21057618579474027,74.75
2026-04-15,EQTY,Equity Group Holdings Plc,41.2,80.0,73.75,75.0,74.75,75.25,-0.5,0.0,2667599.0,-,Banking,EQTY,Equity Group Holdings Plc,75.25,74.0,74.25,71.5,69.75,74.3,0.7582875444051498,72.025,2.550735188136931,72.7,3.41301687814844,0.934375,1.8143203883495145,-0.006644518272425293,2,4,2,2084067.0,1.2799967563422865,74.75
2026-04-16,EQTY,Equity Group Holdings Plc,41.2,80.0,74.25,75.0,74.75,74.75,0.0,0.0,789715.0,-,Banking,EQTY,Equity Group Holdings Plc,74.75,75.25,74.0,73.25,69.0,74.6,0.4873397172404412,72.6,2.4386927281275743,72.575,3.280825473790628,0.934375,1.8143203883495145,0.0,3,4,2,1421585.8,0.5555169445277239,75.0
2026-04-17,EQTY,Equity Group Holdings Plc,41.2,80.0,74.5,76.0,75.0,74.75,0.25,0.0,3472438.0,-,Banking,EQTY,Equity Group Holdings Plc,74.75,74.75,75.25,74.25,69.0,74.75,0.467707173346736,73.2,2.178812112648189,72.425,3.0823137242559633,0.9375,1.820388349514563,0.0033444816053511683,4,4,2,1744204.0,1.990843960912829,76.0
2026-04-20,EQTY,Equity Group Holdings Plc,41.2,80.0,75.75,76.5,76.0,75.0,1.0,0.0,391337.0,-,Banking,EQTY,Equity Group Holdings Plc,75.0,74.75,74.75,74.0,69.25,75.15,0.5184110338331855,73.875,1.8380620833428407,72.275,2.80612581778918,0.95,1.8446601941747571,0.01333333333333342,0,4,2,1551823.6,0.25217879145542055,76.0
2026-04-21,EQTY,Equity Group Holdings Plc,41.2,80.0,75.75,77.0,76.0,76.0,0.0,0.0,536267.0,-,Banking,EQTY,Equity Group Holdings Plc,76.0,75.0,74.75,75.25,70.0,75.3,0.6471089552772339,74.475,1.3460332668831374,72.25,2.7684785865544215,0.95,1.8446601941747571,0.0,1,4,2,1571471.2,0.34125156095765546,75.5
2026-04-22,EQTY,Equity Group Holdings Plc,41.2,80.0,75.0,76.0,75.5,76.0,-0.5,0.0,616151.0,-,Banking,EQTY,Equity Group Holdings Plc,76.0,76.0,75.0,74.75,71.5,75.45,0.5700877125495633,74.875,0.8759915017348845,72.3625,2.855598149157811,0.94375,1.8325242718446602,-0.006578947368421018,2,4,2,1161181.6,0.5306241504343506,74.75
2026-04-23,EQTY,Equity Group Holdings Plc,41.2,80.0,74.75,77.0,74.75,75.5,-0.75,0.0,1103370.0,-,Banking,EQTY,Equity Group Holdings Plc,75.5,76.0,76.0,74.75,73.25,75.45,0.5700877125495633,75.025,0.6713378020379194,72.4625,2.904482696943111,0.934375,1.8143203883495145,-0.009933774834437137,3,4,2,1223912.6,0.9015104509913534,75.0
2026-04-24,EQTY,Equity Group Holdings Plc,41.2,80.0,74.75,76.5,75.0,74.75,0.25,0.0,1007398.0,-,Banking,EQTY,Equity Group Holdings Plc,74.75,75.5,76.0,75.0,74.25,75.45,0.5700877125495633,75.1,0.614636297153411,72.6625,2.9360228648901394,0.9375,1.820388349514563,0.0033444816053511683,4,4,2,730904.6,1.3782893143646928,74.75
2026-04-27,EQTY,Equity Group Holdings Plc,41.2,80.0,74.5,76.75,74.75,75.0,-0.25,0.0,1272117.0,-,Banking,EQTY,Equity Group Holdings Plc,75.0,74.75,75.5,76.0,74.0,75.2,0.5419870847169648,75.175,0.5006939628606911,73.0375,2.6757623114484965,0.934375,1.8143203883495145,-0.0033333333333332993,0,4,2,907060.6,1.4024608719637917,74.25
2026-04-28,EQTY,Equity Group Holdings Plc,41.2,80.0,74.0,75.0,74.25,74.75,-0.5,0.0,3653393.0,-,Banking,EQTY,Equity Group Holdings Plc,74.75,75.0,74.75,76.0,75.25,74.85,0.4541475531146172,75.075,0.5779513628139065,73.3,2.511290295319953,0.928125,1.8021844660194173,-0.006688963210702337,1,4,2,1530485.8,2.387080624988484,74.0
2026-04-29,EQTY,Equity Group Holdings Plc,41.2,80.0,73.75,74.75,74.0,74.25,-0.25,0.0,999590.0,-,Banking,EQTY,Equity Group Holdings Plc,74.25,74.75,75.0,75.5,74.75,74.55,0.41079191812886534,75.0,0.666666666667158,73.5125,2.370979977273389,0.925,1.7961165048543688,-0.0033670033670033517,2,4,2,1607173.6,0.6219552137989325,73.5
2026-04-30,EQTY,Equity Group Holdings Plc,41.2,80.0,73.25,74.0,73.5,74.0,-0.5,0.0,5710200.0,-,Banking,EQTY,Equity Group Holdings Plc,74.0,74.25,74.75,74.75,74.75,74.3,0.596866819315659,74.875,0.8186201126832355,73.7375,2.1205060840825967,0.91875,1.7839805825242718,-0.006756756756756799,3,4,2,2528539.6,2.2582996129465402,74.5
2026-05-04,EQTY,Equity Group Holdings Plc,41.2,80.0,73.75,77.0,74.5,73.5,1.0,0.0,1625344.0,-,Banking,EQTY,Equity Group Holdings Plc,73.5,74.0,74.25,75.0,75.0,74.2,0.48088460154177387,74.825,0.8253787009613296,74.0125,1.807286057805061,0.93125,1.808252427184466,0.013605442176870763,0,5,2,2652128.8,0.6128450473446087,74.5
2026-05-05,EQTY,Equity Group Holdings Plc,41.2,80.0,74.25,77.0,74.5,74.5,0.0,0.0,970261.0,-,Banking,EQTY,Equity Group Holdings Plc,74.5,73.5,74.0,74.75,76.0,74.15,0.4183300132670264,74.675,0.7173446405556446,74.275,1.418626095911007,0.93125,1.808252427184466,0.0,1,5,2,2591757.6,0.37436409948214294,75.0
2026-05-06,EQTY,Equity Group Holdings Plc,41.2,80.0,74.0,76.0,75.0,74.5,0.5,0.0,6972449.0,-,Banking,EQTY,Equity Group Holdings Plc,74.5,74.5,73.5,74.25,76.0,74.3,0.5700877125495614,74.575,0.5658081732260826,74.525,1.0062305898747546,0.9375,1.820388349514563,0.006711409395973256,2,5,2,3255568.8,2.141699170971291,74.5
2026-05-07,EQTY,Equity Group Holdings Plc,41.2,80.0,74.25,76.0,74.5,75.0,-0.5,0.0,2800539.0,-,Banking,EQTY,Equity Group Holdings Plc,75.0,74.5,74.5,74.0,75.5,74.4,0.5477225575051583,74.475,0.4632314036568049,74.675,0.7122056178555135,0.93125,1.808252427184466,-0.00666666666666671,3,5,2,3615758.6,0.7745370501227599,74.75
2026-05-08,EQTY,Equity Group Holdings Plc,41.2,80.0,74.5,76.0,74.75,74.5,0.25,0.0,1379156.0,-,Banking,EQTY,Equity Group Holdings Plc,74.5,75.0,74.5,73.5,74.75,74.65,0.22360679774995573,74.475,0.4632314036568049,74.75,0.6282808624372955,0.934375,1.8143203883495145,0.003355704697986628,4,5,2,2749549.8,0.5015933881248487,74.75
2026-05-11,EQTY,Equity Group Holdings Plc,41.2,80.0,74.5,75.25,74.75,74.75,0.0,0.0,1416764.0,-,Banking,EQTY,Equity Group Holdings Plc,74.75,74.5,75.0,74.5,75.0,74.7,0.2091650066334933,74.45,0.4377975178860434,74.775,0.6171880204858702,0.934375,1.8143203883495145,0.0,0,5,2,2707833.8,0.5232093638834112,74.75
2026-05-12,EQTY,Equity Group Holdings Plc,41.2,80.0,74.5,75.25,74.75,74.75,0.0,0.0,3155348.0,-,Banking,EQTY,Equity Group Holdings Plc,74.75,74.75,74.5,74.5,74.75,74.75,0.1767766952966061,74.45,0.4377975178860434,74.8125,0.589798136742521,0.934375,1.8143203883495145,0.0,1,5,2,3144851.2,1.0033377731830364,74.5
2026-05-13,EQTY,Equity Group Holdings Plc,41.2,80.0,74.25,75.25,74.5,74.75,-0.25,0.0,1964084.0,-,Banking,EQTY,Equity Group Holdings Plc,74.75,74.75,74.75,75.0,74.25,74.65,0.13693063937625277,74.475,0.43221008266360034,74.775,0.5843349796313254,0.93125,1.808252427184466,-0.0033444816053511683,2,5,2,2143178.2,0.9164352268980712,75.0
2026-05-14,EQTY,Equity Group Holdings Plc,41.2,80.0,74.5,75.0,75.0,74.5,0.5,0.0,2775516.0,-,Banking,EQTY,Equity Group Holdings Plc,74.5,74.75,74.75,74.5,74.0,74.75,0.1767766952966061,74.575,0.42573465914880315,74.7875,0.5864422168329108,0.9375,1.820388349514563,0.006711409395973256,3,5,2,2138173.6,1.2980779483948357,75.0
2026-05-15,EQTY,Equity Group Holdings Plc,41.2,80.0,74.75,76.0,75.0,75.0,0.0,0.0,1689879.0,-,Banking,EQTY,Equity Group Holdings Plc,75.0,74.5,74.75,74.75,73.5,74.8,0.2091650066334933,74.725,0.21889875894407662,74.8,0.588262383276914,0.9375,1.820388349514563,0.0,4,5,2,2200318.2,0.7680157351786664,75.5
2026-05-18,EQTY,Equity Group Holdings Plc,41.2,80.0,75.0,75.5,75.5,75.0,0.5,0.0,113762.0,-,Banking,EQTY,Equity Group Holdings Plc,75.0,75.0,74.5,74.75,74.5,74.95,0.3708099243547681,74.825,0.3129163892596316,74.825,0.6075186806741893,0.94375,1.8325242718446602,0.006666666666666599,0,5,2,1939717.8,0.058648737460675976,75.25
2026-05-19,EQTY,Equity Group Holdings Plc,41.2,80.0,75.0,75.5,75.25,75.5,-0.25,0.0,2300189.0,-,Banking,EQTY,Equity Group Holdings Plc,75.5,75.0,75.0,74.75,74.5,75.05,0.3708099243547681,74.9,0.31622776601784885,74.7875,0.5517615331584581,0.940625,1.8264563106796114,-0.0033112582781457123,1,5,2,1768686.0,1.3005072692382933,75.25
2026-05-20,EQTY,Equity Group Holdings Plc,41.2,80.0,75.0,75.5,75.25,75.25,0.0,0.0,1250752.0,-,Banking,EQTY,Equity Group Holdings Plc,75.25,75.5,75.0,74.5,75.0,75.2,0.2091650066334933,74.925,0.33437337746328033,74.75,0.4866642633919689,0.940625,1.8264563106796114,0.0,2,5,2,1626019.6,0.7692109000408113,75.25
2026-05-21,EQTY,Equity Group Holdings Plc,41.2,80.0,74.75,75.25,75.25,75.25,0.0,0.0,3532462.0,-,Banking,EQTY,Equity Group Holdings Plc,75.25,75.25,75.5,75.0,74.5,75.25,0.1767766952966061,75.0,0.3118047822322298,74.7375,0.4692869731385957,0.940625,1.8264563106796114,0.0,3,5,2,1777408.8,1.9874223645117544,76.0
2026-05-22,EQTY,Equity Group Holdings Plc,41.2,80.0,75.25,76.0,76.0,75.25,0.75,0.0,4707390.0,-,Banking,EQTY,Equity Group Holdings Plc,75.25,75.25,75.25,75.0,74.75,75.45,0.325960120260115,75.125,0.42898458920861027,74.8,0.547722557504879,0.95,1.8446601941747571,0.009966777408637828,4,5,2,2380911.0,1.977138162661267,71.0
2026-05-25,EQTY,Equity Group Holdings Plc,41.2,80.0,69.75,72.75,71.0,76.0,-5.0,0.0,1848148.0,-,Banking,EQTY,Equity Group Holdings Plc,76.0,75.25,75.25,75.5,74.75,74.55,2.0109077552190167,74.75,1.3794121131041206,74.6,1.007863817032793,0.8875,1.7233009708737863,-0.06578947368421051,0,5,2,2727788.2,0.6775262096961926,71.25
2026-05-26,EQTY,Equity Group Holdings Plc,41.2,80.0,71.0,72.0,71.25,71.0,0.25,0.0,817490.0,-,Banking,EQTY,Equity Group Holdings Plc,71.0,76.0,75.25,75.25,74.75,73.75,2.4173849507267113,74.4,1.768552452651116,74.425,1.254203458689693,0.890625,1.7293689320388348,0.0035211267605634866,1,5,2,2431248.4,0.33624289480252206,72.5
2026-05-28,EQTY,Equity Group Holdings Plc,41.2,80.0,71.0,74.0,72.5,71.25,1.25,0.0,3724669.0,-,Banking,EQTY,Equity Group Holdings Plc,71.25,71.0,76.0,75.25,74.5,73.2,2.3008150729687045,74.2,1.8663690238893753,74.3375,1.3260422911409953,0.90625,1.7597087378640774,0.01754385964912286,3,5,2,2926031.8,1.272942078073109,74.25
2026-05-29,EQTY,Equity Group Holdings Plc,41.2,80.0,66.75,76.0,74.25,72.5,1.75,0.0,9797175.0,-,Banking,EQTY,Equity Group Holdings Plc,72.5,71.25,71.0,75.25,75.0,73.0,2.1139418156609673,74.125,1.8456028825292903,74.35,1.3238699252370267,0.928125,1.8021844660194173,0.024137931034482696,4,5,2,4178974.4,2.344396988887991,75.25
2026-06-02,EQTY,Equity Group Holdings Plc,41.2,80.0,74.75,76.0,75.25,74.25,1.0,0.0,1220515.0,-,Banking,EQTY,Equity Group Holdings Plc,74.25,72.5,71.25,76.0,75.0,72.85,1.8590992442578183,74.15,1.8604061683168933,74.4375,1.3225647929605047,0.940625,1.8264563106796114,0.013468013468013407,1,6,2,3481599.4,0.3505615838513759,76.25
2026-06-03,EQTY,Equity Group Holdings Plc,41.2,80.0,75.0,77.25,76.25,75.25,1.0,0.0,1278761.0,-,Banking,EQTY,Equity Group Holdings Plc,75.25,74.25,72.5,71.0,75.5,73.9,2.027929979067322,74.225,1.934518315010631,74.525,1.3834073114861691,0.953125,1.8507281553398056,0.013289036544850585,2,6,2,3367722.0,0.3797109737680248,77.5
2026-06-04,EQTY,Equity Group Holdings Plc,42.85,80.0,76.25,78.5,77.5,76.25,1.25,0.0,1102037.0,-,Banking,EQTY,Equity Group Holdings Plc,76.25,75.25,74.25,71.25,75.25,75.15,1.9088609168821025,74.45,2.181997046540542,74.675,1.5349009911493536,0.96875,1.808634772462077,0.016393442622950838,3,6,2,3424631.4,0.3217972596992482,77.25
2026-06-05,EQTY,Equity Group Holdings Plc,42.85,80.0,77.0,78.5,77.25,77.5,-0.25,0.0,3162767.0,-,Banking,EQTY,Equity Group Holdings Plc,77.5,76.25,75.25,72.5,75.25,76.1,1.3647344063956102,74.65,2.3487585373271704,74.7875,1.6389080928599327,0.965625,1.8028004667444573,-0.003225806451612856,4,6,2,3312251.0,0.954869362255457,77.0
2026-06-08,EQTY,Equity Group Holdings Plc,45.1,80.0,76.5,77.5,77.0,77.25,-0.25,0.0,1421229.0,-,Banking,EQTY,Equity Group Holdings Plc,77.25,77.5,76.25,74.25,75.25,76.65,0.9117291264405131,74.825,2.460944940465076,74.9125,1.709637927195383,0.9625,1.7073170731707317,-0.003236245954692518,0,6,2,1637061.8,0.868158428716619,75.5
2026-06-09,EQTY,Equity Group Holdings Plc,44.9,80.0,75.0,77.0,75.5,77.0,-1.5,0.0,1705015.0,-,Banking,EQTY,Equity Group Holdings Plc,77.0,77.25,77.5,75.25,76.0,76.7,0.8177713616897939,74.775,2.4394045266099447,74.95,1.7141055669755292,0.94375,1.6815144766146994,-0.01948051948051943,1,6,2,1733961.8,0.9833059759447987,75.75
2026-06-10,EQTY,Equity Group Holdings Plc,44.9,80.0,75.0,76.75,75.75,75.5,0.25,0.0,657905.0,-,Banking,EQTY,Equity Group Holdings Plc,75.5,77.0,77.25,76.25,71.0,76.6,0.9117291264405113,75.25,2.0548046676565175,75.0,1.7225287408799739,0.946875,1.6870824053452116,0.0033112582781456013,2,6,2,1609790.6,0.40868980102132535,75.25
2026-06-11,EQTY,Equity Group Holdings Plc,45.1,80.0,74.75,76.0,75.25,75.75,-0.5,0.0,1315537.0,-,Banking,EQTY,Equity Group Holdings Plc,75.75,75.5,77.0,77.5,71.25,76.15,0.9117291264405113,75.65,1.5055453054184662,75.025,1.7223377625833742,0.940625,1.6685144124168514,-0.0066006600660065695,3,6,2,1652490.6,0.7960934845862361,75.5
2026-06-12,EQTY,Equity Group Holdings Plc,45.2,80.0,75.0,76.0,75.5,75.25,0.25,0.0,136221.0,-,Banking,EQTY,Equity Group Holdings Plc,75.25,75.75,75.5,77.25,72.5,75.8,0.6937218462755657,75.95,1.0327955589891324,75.075,1.7208091731874173,0.94375,1.6703539823008848,0.0033222591362125353,4,6,2,1047181.4,0.13008347932841435,76.5
2026-06-15,EQTY,Equity Group Holdings Plc,45.95,80.0,75.5,77.75,76.5,75.5,1.0,0.0,2678280.0,-,Banking,EQTY,Equity Group Holdings Plc,75.5,75.25,75.75,77.0,74.25,75.7,0.4808846015417605,76.175,0.8502450627129484,75.15,1.7498120199789455,0.95625,1.6648531011969532,0.013245033112582849,0,6,2,1298591.6,2.0624498110106364,77.25
2026-06-16,EQTY,Equity Group Holdings Plc,45.95,80.0,77.0,78.5,77.25,76.5,0.75,0.0,3826724.0,-,Banking,EQTY,Equity Group Holdings Plc,76.5,75.5,75.25,75.5,75.25,76.05,0.8177713616897933,76.375,0.8436856971388687,75.2625,1.8109226348669103,0.965625,1.6811751904243741,0.009803921568627416,1,6,2,1722933.4,2.2210516088433834,79.0
2026-06-17,EQTY,Equity Group Holdings Plc,45.95,80.0,78.0,79.75,79.0,77.25,1.75,0.0,184655.0,-,Banking,EQTY,Equity Group Holdings Plc,77.25,76.5,75.5,75.75,76.25,76.7,1.5145131230860884,76.65,1.179689224612947,75.4375,1.9948535759481942,0.9875,1.7192600652883567,0.02265372168284796,2,6,2,1628283.4,0.11340470583929063,79.0
2026-06-18,EQTY,Equity Group Holdings Plc,46.0,80.5,78.75,79.75,79.0,79.0,0.0,0.0,2021423.0,-,Banking,EQTY,Equity Group Holdings Plc,79.0,77.25,76.5,75.25,77.5,77.45,1.5451537140362361,76.8,1.3784048752094855,75.625,2.14675397555904,0.9813664596273292,1.7173913043478262,0.0,3,6,2,1769460.6,1.1423950327009258,80.0
2026-06-19,EQTY,Equity Group Holdings Plc,46.0,80.5,78.75,80.5,80.0,79.0,1.0,0.0,976260.0,-,Banking,EQTY,Equity Group Holdings Plc,79.0,79.0,77.25,75.5,77.25,78.35,1.4317821063276268,77.075,1.7120893668267911,75.8625,2.3556692534348973,0.9937888198757764,1.7391304347826086,0.012658227848101333,4,6,2,1937468.4,0.503884347223418,79.0
2026-06-22,EQTY,Equity Group Holdings Plc,46.0,80.5,77.0,80.0,79.0,80.0,-1.0,0.0,28921302.0,-,Banking,EQTY,Equity Group Holdings Plc,80.0,79.0,79.0,76.5,77.0,78.85,0.9937303457175791,77.275,1.8160167033009622,76.05,2.45163747642041,0.9813664596273292,1.7173913043478262,-0.012499999999999956,0,6,2,7186072.8,4.024632480761954,78.75
2026-06-23,EQTY,Equity Group Holdings Plc,46.0,80.5,78.0,79.5,78.75,79.0,-0.25,0.0,4677745.0,-,Banking,EQTY,Equity Group Holdings Plc,79.0,80.0,79.0,77.25,75.5,79.15,0.4873397172404307,77.6,1.7527755766850923,76.1875,2.5247133761238123,0.9782608695652174,1.7119565217391304,-0.0031645569620253333,1,6,2,7356277.0,0.6358848368542946,78.75
2026-06-24,EQTY,Equity Group Holdings Plc,46.5,80.5,78.0,79.0,78.75,78.75,0.0,0.0,2663490.0,-,Banking,EQTY,Equity Group Holdings Plc,78.75,79.0,80.0,79.0,75.75,79.1,0.5184110338331758,77.9,1.6549588783080156,76.575,2.2683462559410144,0.9782608695652174,1.6935483870967742,0.0,2,6,2,7852044.0,0.33920976499876976,79.0
2026-06-25,EQTY,Equity Group Holdings Plc,46.5,83.5,78.75,79.75,79.0,78.75,0.25,0.0,293056.0,-,Banking,EQTY,Equity Group Holdings Plc,78.75,78.75,79.0,79.0,75.25,79.1,0.5184110338331758,78.275,1.3916916165434492,76.9625,1.9504975748442142,0.9461077844311377,1.6989247311827957,0.0031746031746031633,3,6,2,7506370.6,0.03904097141166998,79.75
2026-06-26,EQTY,Equity Group Holdings Plc,48.0,84.0,79.0,83.5,79.75,79.0,0.75,0.0,8802784.0,-,Banking,EQTY,Equity Group Holdings Plc,79.0,78.75,78.75,80.0,75.5,79.05,0.4107919181288516,78.7,1.0593499054722775,77.325,1.7398200148894611,0.9494047619047619,1.6614583333333333,0.009493670886076,4,6,2,9071675.4,0.9703592348553388,79.25
2026-06-29,EQTY,Equity Group Holdings Plc,48.0,84.0,79.0,84.0,79.25,79.75,-0.5,0.0,35910479.0,-,Banking,EQTY,Equity Group Holdings Plc,79.75,79.0,78.75,79.0,76.5,79.1,0.4183300132670155,78.975,0.7307720422811517,77.575,1.630506863395049,0.9434523809523809,1.6510416666666667,-0.006269592476489061,0,6,2,10469510.8,3.4300054401777778,80.0
2026-06-30,EQTY,Equity Group Holdings Plc,48.0,84.0,79.25,84.0,80.0,79.25,0.75,0.0,33660891.0,-,Banking,EQTY,Equity Group Holdings Plc,79.25,79.75,79.0,78.75,77.25,79.35,0.5184110338331768,79.25,0.48591265790591304,77.8125,1.619931366317209,0.9523809523809523,1.6666666666666667,0.009463722397476282,1,6,2,16266140.0,2.069384070221946,
2026-01-02,KCB,KCB Group Plc,37.5,80.5,65.0,66.5,65.75,65.75,0.0,0.0,199339.0,-,Banking,KCB,KCB Group Plc,,,,,,65.75,,65.75,,65.75,,0.8167701863354038,1.7533333333333334,,4,1,1,199339.0,1.0,65.5
2026-01-05,KCB,KCB Group Plc,35.0,80.5,64.5,66.0,65.5,65.75,-0.25,0.0,676772.0,-,Banking,KCB,KCB Group Plc,65.75,,,,,65.625,0.1767766952966369,65.625,0.1767766952966369,65.625,0.1767766952966369,0.8136645962732919,1.8714285714285714,-0.0038022813688213253,0,1,1,438055.5,1.5449457888326936,66.25
2026-01-06,KCB,KCB Group Plc,35.0,80.5,65.5,66.75,66.25,65.5,0.75,0.0,2390812.0,-,Banking,KCB,KCB Group Plc,65.5,65.75,,,,65.83333333333333,0.38188130791298863,65.83333333333333,0.38188130791298863,65.83333333333333,0.38188130791298863,0.8229813664596274,1.8928571428571428,0.011450381679389388,1,1,1,1088974.3333333333,2.1954713961730965,66.25
2026-01-07,KCB,KCB Group Plc,35.0,80.5,65.25,66.5,66.25,66.25,0.0,0.0,1131827.0,-,Banking,KCB,KCB Group Plc,66.25,65.5,65.75,,,65.9375,0.37500000000000194,65.9375,0.37500000000000194,65.9375,0.37500000000000194,0.8229813664596274,1.8928571428571428,0.0,2,1,1,1099687.5,1.0292260301221938,66.5
2026-01-08,KCB,KCB Group Plc,35.0,80.5,66.25,67.25,66.5,66.25,0.25,0.0,308771.0,-,Banking,KCB,KCB Group Plc,66.25,66.25,65.5,,,66.05,0.41079191812887644,66.05,0.41079191812887644,66.05,0.41079191812887644,0.8260869565217391,1.9,0.0037735849056603765,3,1,1,941504.2,0.32795498947322804,67.0
2026-01-09,KCB,KCB Group Plc,35.0,80.5,66.5,67.25,67.0,66.5,0.5,0.0,1992615.0,-,Banking,KCB,KCB Group Plc,66.5,66.25,66.25,65.75,,66.3,0.5419870847169722,66.20833333333333,0.5342440141608226,66.20833333333333,0.5342440141608226,0.8322981366459627,1.9142857142857144,0.007518796992481258,4,1,1,1300159.4,1.5325928497690362,67.0
2026-01-12,KCB,KCB Group Plc,35.0,80.5,66.5,68.0,67.0,67.0,0.0,0.0,432156.0,-,Banking,KCB,KCB Group Plc,67.0,66.5,66.25,65.5,,66.6,0.37914377220258255,66.32142857142857,0.5721721352713319,66.32142857142857,0.5721721352713319,0.8322981366459627,1.9142857142857144,0.0,0,1,1,1251236.2,0.34538322980105596,67.0
2026-01-13,KCB,KCB Group Plc,35.0,80.5,66.5,67.0,67.0,67.0,0.0,0.0,384328.0,-,Banking,KCB,KCB Group Plc,67.0,67.0,66.5,66.25,,66.75,0.35355339059328006,66.40625,0.5815235531404945,66.40625,0.5815235531404945,0.8322981366459627,1.9142857142857144,0.0,1,1,1,849939.4,0.45218282621090394,67.0
2026-01-14,KCB,KCB Group Plc,35.0,80.5,66.75,67.5,67.0,67.0,0.0,0.0,1569087.0,-,Banking,KCB,KCB Group Plc,67.0,67.0,67.0,66.25,,66.9,0.2236067977499885,66.47222222222223,0.5788518328937434,66.47222222222223,0.5788518328937434,0.8322981366459627,1.9142857142857144,0.0,2,1,1,937391.4,1.6738867030356797,67.25
2026-01-15,KCB,KCB Group Plc,35.0,80.5,67.0,67.75,67.25,67.0,0.25,0.0,1199452.0,-,Banking,KCB,KCB Group Plc,67.0,67.0,67.0,66.5,,67.05,0.11180339887500616,66.55,0.5986094998689325,66.55,0.5986094998689325,0.8354037267080745,1.9214285714285715,0.003731343283582156,3,1,1,1115527.6,1.0752329211755942,67.5
2026-01-16,KCB,KCB Group Plc,35.0,80.5,67.0,68.0,67.5,67.25,0.25,0.0,546481.0,-,Banking,KCB,KCB Group Plc,67.25,67.0,67.0,67.0,65.75,67.15,0.223606797749986,66.725,0.5945352993912292,66.63636363636364,0.6360388781713373,0.8385093167701864,1.9285714285714286,0.0037174721189590088,4,1,1,826300.8,0.6613584302471932,66.75
2026-01-19,KCB,KCB Group Plc,35.0,80.5,66.75,67.25,66.75,67.5,-0.75,0.0,2269514.0,-,Banking,KCB,KCB Group Plc,67.5,67.25,67.0,67.0,65.5,67.1,0.28504385627478845,66.85,0.41163630117427585,66.64583333333333,0.6073258573201833,0.8291925465838509,1.9071428571428573,-0.011111111111111072,0,1,1,1193772.4,1.9011278866892887,67.0
2026-01-20,KCB,KCB Group Plc,35.0,80.5,66.75,67.25,67.0,66.75,0.25,0.0,455814.0,-,Banking,KCB,KCB Group Plc,66.75,67.5,67.25,67.0,66.25,67.1,0.28504385627478845,66.925,0.3545341231030351,66.67307692307692,0.5897087503644562,0.8322981366459627,1.9142857142857144,0.0037453183520599342,1,1,1,1208069.6,0.3773077312764099,66.75
2026-01-21,KCB,KCB Group Plc,35.0,80.5,66.5,67.0,66.75,67.0,-0.25,0.0,1199262.0,-,Banking,KCB,KCB Group Plc,67.0,66.75,67.5,67.0,66.25,67.05,0.32596012026013577,66.975,0.2751262336536388,66.67857142857143,0.5669467095138393,0.8291925465838509,1.9071428571428573,-0.003731343283582045,2,1,1,1134104.6,1.057452725260086,66.75
2026-01-22,KCB,KCB Group Plc,35.0,80.5,66.5,67.0,66.75,66.75,0.0,0.0,650279.0,-,Banking,KCB,KCB Group Plc,66.75,67.0,66.75,67.25,66.5,66.95,0.32596012026013577,67.0,0.23570226039549783,66.68333333333334,0.5466347261284468,0.8291925465838509,1.9071428571428573,0.0,3,1,1,1024270.0,0.634870688392709,66.75
2026-01-23,KCB,KCB Group Plc,35.0,80.5,66.25,67.0,66.75,66.75,0.0,0.0,1100447.0,-,Banking,KCB,KCB Group Plc,66.75,66.75,67.0,67.5,67.0,66.8,0.11180339887500121,66.975,0.2486072315029209,66.6875,0.5283622494715768,0.8291925465838509,1.9071428571428573,0.0,4,1,1,1135063.2,0.9695028435421041,66.75
2026-01-26,KCB,KCB Group Plc,36.5,80.5,66.25,67.0,66.75,66.75,0.0,0.0,6441834.0,-,Banking,KCB,KCB Group Plc,66.75,66.75,66.75,66.75,67.0,66.8,0.11180339887500121,66.95,0.2581988897471434,66.69117647058823,0.5118090751557293,0.8291925465838509,1.8287671232876712,0.0,0,1,1,1969527.2,3.270751477816605,66.75
2026-01-27,KCB,KCB Group Plc,36.5,80.5,66.25,67.0,66.75,66.75,0.0,0.0,894017.0,-,Banking,KCB,KCB Group Plc,66.75,66.75,66.75,67.0,67.0,66.75,0.0,66.925,0.26483747636782623,66.69444444444444,0.4967212761134649,0.8291925465838509,1.8287671232876712,0.0,1,1,1,2057167.8,0.4345863278629969,66.75
2026-01-28,KCB,KCB Group Plc,36.5,80.5,66.5,67.0,66.75,66.75,0.0,0.0,1541578.0,-,Banking,KCB,KCB Group Plc,66.75,66.75,66.75,66.75,67.0,66.75,0.0,66.9,0.26874192494326427,66.69736842105263,0.48289453766109447,0.8291925465838509,1.8287671232876712,0.0,2,1,1,2125631.0,0.7252331190126602,67.0
2026-01-29,KCB,KCB Group Plc,36.5,80.5,66.5,67.5,67.0,66.75,0.25,0.0,4408799.0,-,Banking,KCB,KCB Group Plc,66.75,66.75,66.75,66.75,67.25,66.8,0.11180339887500121,66.875,0.24295632895186214,66.7125,0.47486147564592934,0.8322981366459627,1.8356164383561644,0.0037453183520599342,3,1,1,2877335.0,1.532250850179072,66.5
2026-01-30,KCB,KCB Group Plc,36.5,80.5,66.25,68.0,66.5,67.0,-0.5,0.0,1011109.0,-,Banking,KCB,KCB Group Plc,67.0,66.75,66.75,66.75,67.5,66.75,0.17677669529664441,66.775,0.14191155304932335,66.75,0.42146361521175923,0.8260869565217391,1.821917808219178,-0.007462686567164201,4,1,1,2859467.4,0.3536004641983329,66.5
2026-02-02,KCB,KCB Group Plc,35.0,80.5,66.25,67.75,66.5,66.5,0.0,0.0,2921761.0,-,Banking,KCB,KCB Group Plc,66.5,67.0,66.75,66.75,66.75,66.7,0.2091650066335257,66.75,0.1666666666666101,66.8,0.30992358990393903,0.8260869565217391,1.9,0.0,0,2,1,2155452.8,1.355520751834603,67.0
2026-02-03,KCB,KCB Group Plc,35.0,80.5,66.5,68.0,67.0,66.5,0.5,0.0,487666.0,-,Banking,KCB,KCB Group Plc,66.5,66.5,67.0,66.75,67.0,66.75,0.2500000000000058,66.75,0.1666666666666101,66.8375,0.28417702044212867,0.8322981366459627,1.9142857142857144,0.007518796992481258,1,2,1,2074182.6,0.2351123763163378,67.0
2026-02-04,KCB,KCB Group Plc,35.0,80.5,66.75,67.5,67.0,67.0,0.0,0.0,547042.0,-,Banking,KCB,KCB Group Plc,67.0,66.5,66.5,66.75,66.75,66.8,0.27386127875258864,66.775,0.18446619684310595,66.875,0.2499999999999938,0.8322981366459627,1.9142857142857144,0.0,2,2,1,1875275.4,0.2917128865445577,67.25
2026-02-05,KCB,KCB Group Plc,35.0,80.5,67.0,67.75,67.25,67.0,0.25,0.0,198988.0,-,Banking,KCB,KCB Group Plc,67.0,67.0,66.5,67.0,66.75,66.85,0.33541019662497384,66.825,0.23717082451259192,66.9125,0.24702173354201307,0.8354037267080745,1.9214285714285715,0.003731343283582156,3,2,1,1033313.2,0.19257278432134614,67.25
2026-02-06,KCB,KCB Group Plc,35.0,80.5,67.0,68.0,67.25,67.25,0.0,0.0,2439157.0,-,Banking,KCB,KCB Group Plc,67.25,67.0,67.0,66.5,66.75,67.0,0.3061862178479042,66.875,0.2700308624336319,66.925,0.25777387071045127,0.8354037267080745,1.9214285714285715,0.0,4,2,1,1318922.8,1.8493553982082953,68.75
2026-02-09,KCB,KCB Group Plc,35.0,80.5,67.5,69.0,68.75,67.25,1.5,0.0,2094002.0,-,Banking,KCB,KCB Group Plc,67.25,67.25,67.0,66.5,66.75,67.45,0.7373940601876333,67.075,0.6460349147771361,67.0125,0.483102637019019,0.8540372670807453,1.9642857142857142,0.02230483271375472,0,2,1,1153371.0,1.8155493765666035,70.0
2026-02-10,KCB,KCB Group Plc,35.0,80.5,68.75,72.0,70.0,68.75,1.25,0.0,469039.0,-,Banking,KCB,KCB Group Plc,68.75,67.25,67.25,67.0,66.75,68.05,1.291801068276383,67.4,1.1130538571375987,67.1625,0.824281984198169,0.8695652173913043,2.0,0.018181818181818077,1,2,1,1149645.6,0.40798573055905224,70.75
2026-02-11,KCB,KCB Group Plc,35.0,80.5,70.0,73.0,70.75,70.0,0.75,0.0,1092905.0,-,Banking,KCB,KCB Group Plc,70.0,68.75,67.25,67.0,66.75,68.8,1.5850867484147382,67.8,1.5036991424853288,67.35,1.1482251750556405,0.8788819875776398,2.0214285714285714,0.010714285714285676,2,2,1,1258818.2,0.868199236394898,73.5
2026-02-12,KCB,KCB Group Plc,35.0,80.5,72.0,75.5,73.5,70.75,2.75,0.0,3766343.0,-,Banking,KCB,KCB Group Plc,70.75,70.0,68.75,67.25,67.0,70.05,2.3412069536886335,68.45,2.3087995918995565,67.6625,1.790462671754799,0.9130434782608695,2.1,0.03886925795053009,3,2,1,1972289.2,1.909630190136416,75.25
2026-02-13,KCB,KCB Group Plc,35.0,80.5,74.0,76.25,75.25,73.5,1.75,0.0,4559641.0,-,Banking,KCB,KCB Group Plc,73.5,70.75,70.0,67.25,66.5,71.65,2.661061818147036,69.325,3.0323487413041534,68.05,2.4650184156459414,0.9347826086956522,2.15,0.023809523809523725,4,2,1,2396386.0,1.9027155892247742,75.25
2026-02-16,KCB,KCB Group Plc,35.0,80.5,74.75,76.5,75.25,75.25,0.0,0.0,5589173.0,-,Banking,KCB,KCB Group Plc,75.25,73.5,70.75,68.75,66.5,72.95,2.4710827586303137,70.2,3.370212654022492,68.475,2.9198729244158494,0.9347826086956522,2.15,0.0,0,2,1,3095420.2,1.8056265834279945,75.0
2026-02-17,KCB,KCB Group Plc,35.0,80.5,73.5,75.5,75.0,75.25,-0.25,0.0,1796296.0,-,Banking,KCB,KCB Group Plc,75.25,75.25,73.5,70.0,67.0,73.95,1.931644377208185,71.0,3.4741105976126376,68.875,3.2378314705337656,0.9316770186335404,2.142857142857143,-0.0033222591362126463,1,2,1,3360871.6,0.534473259853188,75.0
2026-02-18,KCB,KCB Group Plc,35.0,80.5,74.25,75.25,75.0,75.0,0.0,0.0,1609521.0,-,Banking,KCB,KCB Group Plc,75.0,75.25,75.25,70.75,67.0,74.8,0.7373940601876278,71.8,3.370212654022492,69.2875,3.4700551717136587,0.9316770186335404,2.142857142857143,0.0,2,2,1,3464194.8,0.4646161930616604,74.75
2026-02-19,KCB,KCB Group Plc,35.0,80.5,74.5,75.25,74.75,75.0,-0.25,0.0,1650416.0,-,Banking,KCB,KCB Group Plc,75.0,75.0,75.25,73.5,67.25,75.05,0.2091650066335087,72.55,3.065941943351178,69.6875,3.620005633900798,0.9285714285714286,2.1357142857142857,-0.0033333333333332993,3,2,1,3041009.4,0.5427197956047094,74.75
2026-02-20,KCB,KCB Group Plc,35.0,80.5,73.5,75.25,74.75,74.75,0.0,0.0,1289554.0,-,Banking,KCB,KCB Group Plc,74.75,75.0,75.0,75.25,67.25,74.95,0.2091650066335087,73.3,2.4883059833281496,70.0875,3.7189725165624945,0.9285714285714286,2.1357142857142857,0.0,4,2,1,2386992.0,0.540242279823309,75.0
2026-02-23,KCB,KCB Group Plc,35.0,80.5,73.75,75.5,75.0,74.75,0.25,0.0,2925085.0,-,Banking,KCB,KCB Group Plc,74.75,74.75,75.0,75.25,68.75,74.9,0.13693063937627628,73.925,1.94382926776562,70.5,3.7862285081317073,0.9316770186335404,2.142857142857143,0.0033444816053511683,0,2,1,1854174.4,1.5775673528876248,75.0
2026-02-24,KCB,KCB Group Plc,35.0,80.5,74.5,75.5,75.0,75.0,0.0,0.0,3274656.0,-,Banking,KCB,KCB Group Plc,75.0,74.75,74.75,75.0,70.0,74.9,0.13693063937627628,74.425,1.3846880916333162,70.9125,3.8055318115108183,0.9316770186335404,2.142857142857143,0.0,1,2,1,2149846.4,1.523204634526448,75.5
2026-02-25,KCB,KCB Group Plc,35.0,80.5,75.25,76.5,75.5,75.0,0.5,0.0,1286868.0,-,Banking,KCB,KCB Group Plc,75.0,75.0,74.75,75.0,70.75,75.0,0.30618621784789074,74.9,0.5426273532033311,71.35,3.804775392775955,0.937888198757764,2.157142857142857,0.006666666666666599,2,2,1,2085315.8,0.6171094085605643,77.0
2026-02-26,KCB,KCB Group Plc,35.0,80.5,75.5,78.5,77.0,75.5,1.5,0.0,2714790.0,-,Banking,KCB,KCB Group Plc,75.5,75.0,75.0,74.75,73.5,75.45,0.9082951062292446,75.25,0.6561673228343307,71.85,3.8597109245450425,0.9565217391304348,2.2,0.019867549668874274,3,2,1,2298190.6,1.1812727804212584,80.25
2026-02-27,KCB,KCB Group Plc,35.0,80.5,77.75,80.5,80.25,77.0,3.25,0.0,1062307.0,-,Banking,KCB,KCB Group Plc,77.0,75.5,75.0,74.75,75.25,76.55,2.224859546128698,75.75,1.7118865486811876,72.5375,4.075177587347665,0.9968944099378882,2.2928571428571427,0.04220779220779214,4,2,1,2252741.2,0.47156193529909246,77.75
2026-03-02,KCB,KCB Group Plc,35.0,80.5,76.0,79.5,77.75,80.25,-2.5,0.0,312007.0,-,Banking,KCB,KCB Group Plc,80.25,77.0,75.5,75.0,75.25,77.1,2.081165538826741,76.0,1.810463415200047,73.1,3.973100340513581,0.9658385093167702,2.2214285714285715,-0.031152647975077885,0,3,1,1730125.6,0.1803377743211244,77.5
2026-03-03,KCB,KCB Group Plc,35.0,80.5,75.5,78.0,77.5,77.75,-0.25,0.0,2194884.0,-,Banking,KCB,KCB Group Plc,77.75,80.25,77.0,75.0,75.0,77.6,1.7193748864049405,76.25,1.8295415333416918,73.625,3.8152222808941563,0.9627329192546584,2.2142857142857144,-0.003215434083601254,1,3,1,1514171.2,1.4495613177690871,75.0
2026-03-04,KCB,KCB Group Plc,35.0,80.5,74.0,78.0,75.0,77.5,-2.5,0.0,1582237.0,-,Banking,KCB,KCB Group Plc,77.5,77.75,80.25,75.5,75.0,77.5,1.8791620472966153,76.25,1.8295415333416918,74.025,3.489552075010507,0.9316770186335404,2.142857142857143,-0.032258064516129004,2,3,1,1573245.0,1.0057155751329259,74.25
2026-03-05,KCB,KCB Group Plc,35.0,80.5,73.0,75.5,74.25,75.0,-0.75,0.0,997937.0,-,Banking,KCB,KCB Group Plc,75.0,77.5,77.75,77.0,74.75,76.95,2.394002923974824,76.2,1.8811934746030072,74.375,3.1040084441013085,0.922360248447205,2.1214285714285714,-0.010000000000000009,3,3,1,1229874.4,0.8114137508675683,77.5
2026-03-06,KCB,KCB Group Plc,36.5,80.5,74.25,79.0,77.5,74.25,3.25,0.0,2782623.0,-,Banking,KCB,KCB Group Plc,74.25,75.0,77.5,80.25,74.75,76.4,1.6450683876362129,76.475,1.8463552685704423,74.8875,2.6833735150090847,0.9627329192546584,2.1232876712328768,0.04377104377104368,4,3,1,1573937.6,1.7679373057737484,77.0
2026-03-09,KCB,KCB Group Plc,36.5,80.5,75.5,78.5,77.0,77.5,-0.5,0.0,2603319.0,-,Banking,KCB,KCB Group Plc,77.5,74.25,75.0,77.75,75.0,76.25,1.5206906325745586,76.675,1.7758018533108573,75.3,2.2964503501112055,0.9565217391304348,2.1095890410958904,-0.006451612903225823,0,3,1,2032200.0,1.2810348390906408,78.0
2026-03-10,KCB,KCB Group Plc,36.5,80.5,76.75,78.5,78.0,77.0,1.0,0.0,3951987.0,-,Banking,KCB,KCB Group Plc,77.0,77.5,74.25,77.5,75.0,76.35,1.635542723379617,76.975,1.7137110478594715,75.7,2.0026298499196034,0.968944099378882,2.136986301369863,0.01298701298701288,1,3,1,2383620.6,1.6579765252909795,78.25
2026-03-11,KCB,KCB Group Plc,36.5,80.5,78.0,79.25,78.25,78.0,0.25,0.0,815273.0,-,Banking,KCB,KCB Group Plc,78.0,77.0,77.5,75.0,75.5,77.0,1.6105123408406459,77.25,1.6708281379802987,76.075,1.7073756408438308,0.9720496894409938,2.143835616438356,0.0032051282051281937,2,3,1,2230227.8,0.36555593110264345,78.75
2026-03-12,KCB,KCB Group Plc,36.5,80.5,77.75,80.0,78.75,78.25,0.5,0.0,2399263.0,-,Banking,KCB,KCB Group Plc,78.25,78.0,77.0,74.25,77.0,77.9,0.6754628043053261,77.425,1.732251264812493,76.3375,1.6941753932687695,0.9782608695652174,2.1575342465753424,0.006389776357827559,3,3,1,2510493.0,0.9556939613056081,79.25
2026-03-13,KCB,KCB Group Plc,35.0,80.5,78.5,80.0,79.25,78.75,0.5,0.0,2391329.0,-,Banking,KCB,KCB Group Plc,78.75,78.25,78.0,77.5,80.25,78.25,0.8477912478906672,77.325,1.5725510060620318,76.5375,1.7922989500402184,0.984472049689441,2.2642857142857142,0.006349206349206327,4,3,1,2432234.2,0.9831820471893701,78.75
2026-03-16,KCB,KCB Group Plc,35.0,80.5,78.25,79.0,78.75,79.25,-0.5,0.0,460147.0,-,Banking,KCB,KCB Group Plc,79.25,78.75,78.25,77.0,77.75,78.6,0.4873397172404635,77.425,1.6332057773321598,76.7125,1.8304353091688588,0.9782608695652174,2.25,-0.006309148264984188,0,3,1,2003599.8,0.22966013472351116,78.5
2026-03-17,KCB,KCB Group Plc,35.0,80.5,78.0,79.0,78.5,78.75,-0.25,0.0,409964.0,-,Banking,KCB,KCB Group Plc,78.75,79.25,78.75,78.0,77.5,78.7,0.3708099243548049,77.525,1.668540613164031,76.8875,1.825396496222259,0.9751552795031055,2.242857142857143,-0.0031746031746031633,1,3,1,1295195.2,0.3165268061524626,78.25
2026-03-18,KCB,KCB Group Plc,35.0,80.5,77.5,79.0,78.25,78.5,-0.25,0.0,686102.0,-,Banking,KCB,KCB Group Plc,78.5,78.75,79.25,78.25,75.0,78.7,0.3708099243548049,77.85,1.4200938936093814,77.05,1.7928953355424735,0.9720496894409938,2.2357142857142858,-0.0031847133757961776,2,3,1,1269361.0,0.5405097525447844,76.0
2026-03-19,KCB,KCB Group Plc,35.0,80.5,75.0,78.5,76.0,78.25,-2.25,0.0,1517769.0,-,Banking,KCB,KCB Group Plc,78.25,78.5,78.75,78.75,74.25,78.15,1.257477633995937,78.025,0.9606855191302888,77.1125,1.729152134793982,0.9440993788819876,2.1714285714285713,-0.028753993610223683,3,3,1,1093062.2,1.3885476965537735,72.5
2026-03-23,KCB,KCB Group Plc,35.0,80.5,71.5,76.5,72.5,76.0,-3.5,0.0,2690677.0,-,Banking,KCB,KCB Group Plc,76.0,78.25,78.5,79.25,77.5,76.8,2.642205518123073,77.525,2.0015618901248144,77.0,1.9500337378996297,0.9006211180124224,2.0714285714285716,-0.046052631578947345,0,3,1,1152931.8,2.333769438920845,72.0
2026-03-24,KCB,KCB Group Plc,35.0,80.5,70.25,75.0,72.0,72.5,-0.5,0.0,816533.0,-,Banking,KCB,KCB Group Plc,72.5,76.0,78.25,78.75,77.0,75.45,3.0842341026582303,77.025,2.66262714876368,76.85,2.2100250058122035,0.8944099378881988,2.057142857142857,-0.006896551724137945,1,3,1,1224209.0,0.6669882348520555,70.5
2026-03-25,KCB,KCB Group Plc,35.0,80.5,69.25,72.0,70.5,72.0,-1.5,0.0,471435.0,-,Banking,KCB,KCB Group Plc,72.0,72.5,76.0,78.5,78.0,73.85,3.1800157232315716,76.275,3.3301026010219985,76.625,2.602503855095882,0.8757763975155279,2.0142857142857142,-0.02083333333333337,2,3,1,1236503.2,0.38126468253377754,66.5
2026-03-26,KCB,KCB Group Plc,35.0,80.5,65.5,69.75,66.5,70.5,-4.0,0.0,8948389.0,-,Banking,KCB,KCB Group Plc,70.5,72.0,72.5,78.25,78.25,71.5,3.4460121880225563,75.1,4.442846935118198,76.175,3.448016210732363,0.8260869565217391,1.9,-0.05673758865248224,3,3,1,2888960.6,3.0974423811802763,68.0
2026-03-27,KCB,KCB Group Plc,35.0,80.5,66.25,70.0,68.0,66.5,1.5,0.0,1033267.0,-,Banking,KCB,KCB Group Plc,66.5,70.5,72.0,76.0,78.75,69.9,2.5836021365527646,74.025,4.751388685894351,75.725,3.8932296158979343,0.84472049689441,1.9428571428571428,0.022556390977443552,4,3,1,2792060.2,0.37007332435024143,68.5
2026-03-30,KCB,KCB Group Plc,35.0,80.5,67.75,69.5,68.5,68.0,0.5,0.0,511564.0,-,Banking,KCB,KCB Group Plc,68.0,66.5,70.5,72.5,79.25,69.1,2.1621748310439686,72.95,4.652956049652792,75.1375,4.057542521747496,0.8509316770186336,1.957142857142857,0.007352941176470562,0,3,1,2356237.6,0.21711053248619747,67.75
2026-03-31,KCB,KCB Group Plc,35.0,80.5,67.0,68.75,67.75,68.5,-0.75,0.0,869697.0,-,Banking,KCB,KCB Group Plc,68.5,68.0,66.5,72.0,78.75,68.25,1.457737973711328,71.85,4.42405043169976,74.6375,4.325927798263519,0.8416149068322981,1.9357142857142857,-0.010948905109489093,1,3,1,2366870.4,0.3674459742282467,68.75
2026-04-01,KCB,KCB Group Plc,35.0,80.5,67.5,70.0,68.75,67.75,1.0,0.0,2159779.0,-,Banking,KCB,KCB Group Plc,67.75,68.5,68.0,70.5,78.5,67.9,0.8767838958375133,70.875,3.830161731427224,74.2,4.461531481217448,0.8540372670807453,1.9642857142857142,0.014760147601476037,2,4,2,2704539.2,0.7985755946891063,68.25
2026-04-02,KCB,KCB Group Plc,35.0,80.5,67.5,70.0,68.25,68.75,-0.5,0.0,1798963.0,-,Banking,KCB,KCB Group Plc,68.75,67.75,68.5,66.5,78.25,68.25,0.3952847075210536,69.875,2.877716108305472,73.8625,4.649189940759873,0.8478260869565217,1.95,-0.0072727272727273196,3,4,2,1274654.0,1.4113343699545131,67.5
2026-04-07,KCB,KCB Group Plc,35.0,80.5,67.0,69.0,67.5,68.25,-0.75,0.0,462103.0,-,Banking,KCB,KCB Group Plc,68.25,68.75,67.75,68.0,76.0,68.15,0.5184110338331989,69.025,1.9841384920303375,73.525,4.8598110208005405,0.8385093167701864,1.9285714285714286,-0.01098901098901095,1,4,2,1160421.2,0.39822006009542055,69.5
2026-04-08,KCB,KCB Group Plc,35.0,80.5,67.5,71.0,69.5,67.5,2.0,0.0,2909052.0,-,Banking,KCB,KCB Group Plc,67.5,68.25,68.75,68.5,72.5,68.35,0.8023403267940661,68.725,1.587494531924371,73.125,4.844625345353526,0.8633540372670807,1.9857142857142858,0.029629629629629672,2,4,2,1639918.8,1.7739000248061063,70.25
2026-04-09,KCB,KCB Group Plc,36.5,80.5,70.0,71.25,70.25,69.5,0.75,0.0,5431787.0,-,Banking,KCB,KCB Group Plc,69.5,67.5,68.25,67.75,72.0,68.85,1.0694624818103775,68.55,1.2461050428349454,72.7875,4.7953342180871585,0.8726708074534162,1.9246575342465753,0.010791366906474753,3,4,2,2552336.8,2.128162317763079,71.0
2026-04-10,KCB,KCB Group Plc,36.5,80.5,70.5,71.5,71.0,70.25,0.75,0.0,317275.0,-,Banking,KCB,KCB Group Plc,70.25,69.5,67.5,68.75,70.5,69.3,1.4295978455495846,68.6,1.3395687531610105,72.4375,4.6480577437757145,0.8819875776397516,1.9452054794520548,0.01067615658362997,4,4,2,2183836.0,0.1452833454526805,70.0
2026-04-13,KCB,KCB Group Plc,37.5,80.5,69.0,72.0,70.0,71.0,-1.0,0.0,1005853.0,-,Banking,KCB,KCB Group Plc,71.0,70.25,69.5,68.25,66.5,69.65,1.318142632646412,68.95,1.1773322008303282,72.025,4.467646855006822,0.8695652173913043,1.8666666666666667,-0.014084507042253502,0,4,2,2025214.0,0.4966650437929029,69.75
2026-04-14,KCB,KCB Group Plc,40.2,80.5,69.5,70.0,69.75,70.0,-0.25,0.0,280531.0,-,Banking,KCB,KCB Group Plc,70.0,71.0,70.25,67.5,68.0,70.1,0.5755432216610754,69.125,1.1501811451538964,71.575,4.199859020190251,0.8664596273291926,1.7350746268656716,-0.0035714285714285587,1,4,2,1988899.6,0.14104834653292705,69.5
2026-04-15,KCB,KCB Group Plc,40.2,80.5,69.0,70.0,69.5,69.75,-0.25,0.0,1954360.0,-,Banking,KCB,KCB Group Plc,69.75,70.0,71.0,69.5,68.5,70.1,0.5755432216610754,69.225,1.133149494894047,71.0875,3.8098513232491005,0.8633540372670807,1.7288557213930347,-0.0035842293906810374,2,4,2,1797961.2,1.0869867492134981,69.0
2026-04-16,KCB,KCB Group Plc,37.5,80.5,68.5,69.75,69.0,69.5,-0.5,0.0,416248.0,-,Banking,KCB,KCB Group Plc,69.5,69.75,70.0,70.25,67.75,69.85,0.7416198487095718,69.35,1.0151628221898226,70.6,3.3769731074470872,0.8571428571428571,1.84,-0.007194244604316502,3,4,2,794853.4,0.5236789576543297,69.25
2026-04-17,KCB,KCB Group Plc,37.5,80.5,68.5,70.0,69.25,69.0,0.25,0.0,477142.0,-,Banking,KCB,KCB Group Plc,69.0,69.5,69.75,71.0,68.75,69.5,0.395284707521055,69.4,0.9944289260121794,70.1375,2.826652986353819,0.860248447204969,1.8466666666666667,0.0036231884057971175,4,4,2,826826.8,0.5770761179971428,69.75
2026-04-20,KCB,KCB Group Plc,37.5,80.5,69.5,70.75,69.75,69.25,0.5,0.0,669360.0,-,Banking,KCB,KCB Group Plc,69.25,69.0,69.5,70.0,68.25,69.45,0.3259601202601412,69.55,0.9113482076332824,69.7125,2.084205957597289,0.8664596273291926,1.86,0.0072202166064982976,0,4,2,759528.2,0.8812839338947521,69.75
2026-04-21,KCB,KCB Group Plc,37.5,80.5,69.5,70.0,69.75,69.75,0.0,0.0,568587.0,-,Banking,KCB,KCB Group Plc,69.75,69.25,69.0,69.75,67.5,69.45,0.3259601202601412,69.775,0.5583955189257745,69.4,1.4698728910315022,0.8664596273291926,1.86,0.0,1,4,2,817139.4,0.6958261956283102,69.25
2026-04-22,KCB,KCB Group Plc,38.0,80.5,68.5,69.75,69.25,69.75,-0.5,0.0,426270.0,-,Banking,KCB,KCB Group Plc,69.75,69.75,69.25,69.5,69.5,69.4,0.33541019662497745,69.75,0.5773502691903446,69.2375,1.2759800155174217,0.860248447204969,1.8223684210526316,-0.007168458781361964,2,4,2,511521.4,0.8333375690635817,68.5
2026-04-23,KCB,KCB Group Plc,38.0,80.5,68.0,69.5,68.5,69.25,-0.75,0.0,2182154.0,-,Banking,KCB,KCB Group Plc,69.25,69.75,69.75,69.0,70.25,69.3,0.5123475382979844,69.575,0.6671872967088959,69.0625,1.1058308379246402,0.8509316770186336,1.8026315789473684,-0.010830324909747335,3,4,2,864702.6,2.523589035120283,68.5
2026-04-24,KCB,KCB Group Plc,38.0,80.5,68.0,69.75,68.5,68.5,0.0,0.0,530350.0,-,Banking,KCB,KCB Group Plc,68.5,69.25,69.75,69.25,71.0,69.15,0.6274950199005613,69.325,0.527704673300386,68.9625,1.0584093079512058,0.8509316770186336,1.8026315789473684,0.0,4,4,2,875344.2,0.6058759514257364,68.25
2026-04-27,KCB,KCB Group Plc,38.0,80.5,68.0,69.0,68.25,68.5,-0.25,0.0,416783.0,-,Banking,KCB,KCB Group Plc,68.5,68.5,69.25,69.75,70.0,68.85,0.6274950199005613,69.15,0.567646212198295,69.05,0.9053931975142693,0.8478260869565217,1.7960526315789473,-0.0036496350364964014,0,4,2,824828.8,0.5052963718046702,68.0
2026-04-28,KCB,KCB Group Plc,38.0,80.5,67.75,68.75,68.0,68.25,-0.25,0.0,381172.0,-,Banking,KCB,KCB Group Plc,68.25,68.5,68.5,69.75,69.75,68.5,0.46770717334674716,68.975,0.6286007388555485,69.05,0.9053931975142693,0.84472049689441,1.7894736842105263,-0.00366300366300365,1,4,2,787345.8,0.4841227323496232,67.25
2026-04-29,KCB,KCB Group Plc,38.0,80.5,66.75,68.0,67.25,68.0,-0.75,0.0,658767.0,-,Banking,KCB,KCB Group Plc,68.0,68.25,68.5,69.25,69.5,68.1,0.5184110338331956,68.75,0.7993052538859876,68.9875,0.9850026716500568,0.8354037267080745,1.769736842105263,-0.011029411764705843,2,4,2,833845.2,0.7900351288224722,67.0
2026-04-30,KCB,KCB Group Plc,38.0,80.5,66.5,67.5,67.0,67.25,-0.25,0.0,1722139.0,-,Banking,KCB,KCB Group Plc,67.25,68.0,68.25,68.5,69.0,67.8,0.6471089552772402,68.55,0.9632122184537711,68.95,1.0469253228281405,0.8322981366459627,1.763157894736842,-0.0037174721189591198,3,4,2,741842.2,2.3214357446907172,67.5
2026-05-04,KCB,KCB Group Plc,38.0,80.5,67.0,68.0,67.5,67.0,0.5,0.0,622298.0,-,Banking,KCB,KCB Group Plc,67.0,67.25,68.0,68.5,69.25,67.6,0.5184110338331935,68.375,0.9807168579954233,68.8875,1.095670306731225,0.8385093167701864,1.7763157894736843,0.00746268656716409,0,5,2,760231.8,0.8185634960284481,67.5
2026-05-05,KCB,KCB Group Plc,38.0,80.5,67.25,68.0,67.5,67.5,0.0,0.0,191512.0,-,Banking,KCB,KCB Group Plc,67.5,67.0,67.25,68.25,69.75,67.45,0.3708099243547822,68.15,0.8834905520470591,68.85,1.13090555238752,0.8385093167701864,1.7763157894736843,0.0,1,5,2,715177.6,0.2677824361389395,67.0
2026-05-06,KCB,KCB Group Plc,38.0,80.5,66.75,67.5,67.0,67.5,-0.5,0.0,4159101.0,-,Banking,KCB,KCB Group Plc,67.5,67.5,67.0,68.0,69.75,67.25,0.24999999999999956,67.875,0.7476816018725099,68.825,1.16726175299282,0.8322981366459627,1.763157894736842,-0.007407407407407418,2,5,2,1470763.4,2.827851848910573,67.0
2026-05-07,KCB,KCB Group Plc,38.0,80.5,66.75,67.5,67.0,67.0,0.0,0.0,1240112.0,-,Banking,KCB,KCB Group Plc,67.0,67.5,67.5,67.25,69.25,67.2,0.273861278752583,67.65,0.6146362971535639,68.7,1.2236700621705652,0.8322981366459627,1.763157894736842,0.0,3,5,2,1587032.4,0.7814030765849519,66.75
2026-05-08,KCB,KCB Group Plc,38.35,80.5,66.5,67.0,66.75,67.0,-0.25,0.0,3332140.0,-,Banking,KCB,KCB Group Plc,67.0,67.0,67.5,67.0,68.5,67.15,0.3354101966249692,67.475,0.5945352993919613,68.525,1.240490140820791,0.8291925465838509,1.740547588005215,-0.003731343283582045,4,5,2,1909032.6,1.7454599780014233,66.75
2026-05-11,KCB,KCB Group Plc,40.0,80.5,66.75,67.0,66.75,66.75,0.0,0.0,832126.0,-,Banking,KCB,KCB Group Plc,66.75,67.0,67.0,67.5,68.5,67.0,0.30618621784789907,67.3,0.5109903238927075,68.3125,1.1552938792222287,0.8291925465838509,1.66875,0.0,0,5,2,1950998.2,0.42651295116520355,66.75
2026-05-12,KCB,KCB Group Plc,38.45,80.5,66.5,67.0,66.75,66.75,0.0,0.0,416509.0,-,Banking,KCB,KCB Group Plc,66.75,66.75,67.0,67.5,68.25,66.85,0.13693063937629493,67.15,0.4116363011753247,68.15,1.1338105290521059,0.8291925465838509,1.7360208062418725,0.0,1,5,2,1995997.6,0.2086720945957049,67.0
2026-05-13,KCB,KCB Group Plc,40.0,80.5,66.5,67.0,67.0,66.75,0.25,0.0,321288.0,-,Banking,KCB,KCB Group Plc,66.75,66.75,66.75,67.0,68.0,66.85,0.13693063937629493,67.05,0.28382310610028116,68.0125,1.0956703067312668,0.8322981366459627,1.675,0.0037453183520599342,2,5,2,1228435.0,0.26154253175788705,66.75
2026-05-14,KCB,KCB Group Plc,40.2,80.5,66.5,67.0,66.75,67.0,-0.25,0.0,527393.0,-,Banking,KCB,KCB Group Plc,67.0,66.75,66.75,67.0,67.25,66.8,0.11180339887499227,67.0,0.28867513459629207,67.875,1.0714598992913562,0.8291925465838509,1.6604477611940298,-0.003731343283582045,3,5,2,1085891.2,0.4856775706442782,66.75
2026-05-15,KCB,KCB Group Plc,40.2,80.5,66.5,67.0,66.75,66.75,0.0,0.0,146305.0,-,Banking,KCB,KCB Group Plc,66.75,67.0,66.75,66.75,67.0,66.8,0.11180339887499227,66.975,0.29930474993589196,67.7625,1.0652248341868495,0.8291925465838509,1.6604477611940298,0.0,4,5,2,448724.2,0.3260466005622162,66.5
2026-05-18,KCB,KCB Group Plc,40.2,80.5,66.25,67.0,66.5,66.75,-0.25,0.0,262277.0,-,Banking,KCB,KCB Group Plc,66.75,66.75,67.0,66.75,67.5,66.75,0.17677669529663875,66.875,0.27003086243523755,67.625,1.0403061290337843,0.8260869565217391,1.6542288557213929,-0.0037453183520599342,0,5,2,334754.4,0.7834908219279567,66.75
2026-05-19,KCB,KCB Group Plc,40.2,80.5,66.25,67.0,66.75,66.5,0.25,0.0,827649.0,-,Banking,KCB,KCB Group Plc,66.5,66.75,66.75,66.75,67.5,66.75,0.17677669529663875,66.8,0.15811388301110493,67.475,0.9280001134301243,0.8291925465838509,1.6604477611940298,0.003759398496240518,1,5,2,416982.4,1.9848535573683683,66.75
2026-05-20,KCB,KCB Group Plc,40.2,80.5,66.25,67.0,66.75,66.75,0.0,0.0,2742962.0,-,Banking,KCB,KCB Group Plc,66.75,66.5,66.75,67.0,67.0,66.7,0.11180339887499227,66.775,0.14191155305237577,67.325,0.769911136362348,0.8291925465838509,1.6604477611940298,0.0,2,5,2,901317.2,3.0432815439447958,66.75
2026-05-21,KCB,KCB Group Plc,40.2,80.5,66.5,67.0,66.75,66.75,0.0,0.0,581635.0,-,Banking,KCB,KCB Group Plc,66.75,66.75,66.5,66.75,67.0,66.7,0.11180339887499227,66.75,0.11785113020135157,67.2,0.6314144522628191,0.8291925465838509,1.6604477611940298,0.0,3,5,2,912165.6,0.6376418930948503,66.75
2026-05-22,KCB,KCB Group Plc,40.55,80.5,66.5,67.0,66.75,66.75,0.0,0.0,449819.0,-,Banking,KCB,KCB Group Plc,66.75,66.75,66.75,66.75,66.75,66.7,0.11180339887499227,66.75,0.11785113020135157,67.1125,0.5588698652779913,0.8291925465838509,1.6461159062885329,0.0,4,5,2,972868.4,0.46236366604157353,66.5
2026-05-25,KCB,KCB Group Plc,40.55,80.5,66.25,67.0,66.5,66.75,-0.25,0.0,951387.0,-,Banking,KCB,KCB Group Plc,66.75,66.75,66.75,66.5,66.75,66.7,0.11180339887499227,66.725,0.1419115530523666,67.0125,0.46928697313899087,0.8260869565217391,1.6399506781750925,-0.0037453183520599342,0,5,2,1110690.4,0.8565726326616311,66.5
2026-05-26,KCB,KCB Group Plc,41.0,80.5,66.25,69.0,66.5,66.5,0.0,0.0,1030806.0,-,Banking,KCB,KCB Group Plc,66.5,66.75,66.75,66.75,66.75,66.65,0.13693063937629493,66.7,0.15811388301108958,66.925,0.38130661788405157,0.8260869565217391,1.6219512195121952,0.0,1,5,2,1151321.8,0.8953239658972842,66.5
2026-05-28,KCB,KCB Group Plc,41.75,80.5,66.25,70.0,66.5,66.5,0.0,0.0,1404589.0,-,Banking,KCB,KCB Group Plc,66.5,66.5,66.75,66.75,67.0,66.6,0.13693063937629493,66.65,0.12909944487684152,66.85,0.2969139517384068,0.8260869565217391,1.592814371257485,0.0,3,5,2,883647.2,1.5895359596001664,66.75
2026-05-29,KCB,KCB Group Plc,41.75,80.5,66.5,68.75,66.75,66.5,0.25,0.0,27877685.0,-,Banking,KCB,KCB Group Plc,66.5,66.5,66.5,66.75,66.75,66.6,0.13693063937629493,66.65,0.12909944487684152,66.825,0.2821440468235538,0.8291925465838509,1.598802395209581,0.003759398496240518,4,5,2,6342857.2,4.395130478422248,67.5
2026-06-02,KCB,KCB Group Plc,42.2,80.5,67.0,68.5,67.5,66.75,0.75,0.0,586413.0,-,Banking,KCB,KCB Group Plc,66.75,66.5,66.5,66.75,66.75,66.75,0.4330127018922201,66.725,0.2993047499358817,66.85,0.3183014129308233,0.8385093167701864,1.5995260663507107,0.011235955056179803,1,6,2,6370176.0,0.09205601226716499,68.0
2026-06-03,KCB,KCB Group Plc,42.2,80.5,67.5,68.5,68.0,67.5,0.5,0.0,1457954.0,-,Banking,KCB,KCB Group Plc,67.5,66.75,66.5,66.5,66.5,67.05,0.670820393249938,66.875,0.48947250518715957,66.875,0.3847418820320266,0.84472049689441,1.6113744075829384,0.007407407407407307,2,6,2,6471489.4,0.22528878746212577,69.5
2026-06-04,KCB,KCB Group Plc,42.7,80.5,68.0,71.0,69.5,68.0,1.5,0.0,2866004.0,-,Banking,KCB,KCB Group Plc,68.0,67.5,66.75,66.5,66.75,67.65,1.1937336386313318,67.15,0.9588766575766295,66.975,0.6925353876575256,0.8633540372670807,1.6276346604215455,0.022058823529411686,3,6,2,6838529.0,0.41909656301815784,70.75
2026-06-05,KCB,KCB Group Plc,42.7,80.5,70.0,71.0,70.75,69.5,1.25,0.0,1629749.0,-,Banking,KCB,KCB Group Plc,69.5,68.0,67.5,66.5,66.75,68.5,1.6105123408406397,67.55,1.4710162775747284,67.1625,1.092061666853377,0.8788819875776398,1.6569086651053864,0.017985611510791477,4,6,2,6883561.0,0.23675957836358244,70.0
2026-06-08,KCB,KCB Group Plc,43.1,80.5,69.5,70.5,70.0,70.75,-0.75,0.0,748289.0,-,Banking,KCB,KCB Group Plc,70.75,69.5,68.0,66.75,66.75,69.15,1.3647344063956162,67.875,1.625534100261223,67.3125,1.2614606195743405,0.8695652173913043,1.6241299303944314,-0.010600706713780883,0,6,2,1457681.8,0.5133418006591013,69.5
2026-06-09,KCB,KCB Group Plc,43.1,80.5,69.0,70.0,69.5,70.0,-0.5,0.0,470692.0,-,Banking,KCB,KCB Group Plc,70.0,70.75,69.5,67.5,66.75,69.55,1.0062305898749013,68.15,1.6465452046974256,67.45,1.344090379166687,0.8633540372670807,1.6125290023201855,-0.0071428571428571175,1,6,2,1434537.6,0.32811409056130697,69.25
2026-06-10,KCB,KCB Group Plc,43.1,80.5,68.75,69.5,69.25,69.5,-0.25,0.0,476532.0,-,Banking,KCB,KCB Group Plc,69.5,70.0,70.75,68.0,66.5,69.8,0.5968668193156601,68.425,1.5681287503833286,67.575,1.3909954784443586,0.860248447204969,1.6067285382830625,-0.003597122302158251,2,6,2,1238253.2,0.38484213083398455,69.25
2026-06-11,KCB,KCB Group Plc,43.1,80.5,69.0,69.25,69.25,69.25,0.0,0.0,189153.0,-,Banking,KCB,KCB Group Plc,69.25,69.5,70.0,69.5,66.5,69.75,0.6373774391990927,68.7,1.4278966660406194,67.7,1.424873032201377,0.860248447204969,1.6067285382830625,0.0,3,6,2,702883.0,0.269110221758102,69.25
2026-06-12,KCB,KCB Group Plc,43.1,80.5,69.0,70.0,69.25,69.25,0.0,0.0,470851.0,-,Banking,KCB,KCB Group Plc,69.25,69.25,69.5,70.75,66.5,69.45,0.32596012026012217,68.975,1.2044477757235872,67.8125,1.455197128986492,0.860248447204969,1.6067285382830625,0.0,4,6,2,471103.4,0.9994642365136825,71.0
2026-06-15,KCB,KCB Group Plc,43.1,80.5,69.75,71.75,71.0,69.25,1.75,0.0,2657968.0,-,Banking,KCB,KCB Group Plc,69.25,69.25,69.25,70.0,66.75,69.65,0.7623975340988397,69.4,1.0749676997736441,68.025,1.5954293268089619,0.8819875776397516,1.6473317865429233,0.025270758122743597,0,6,2,853039.2,3.115880254975387,70.75
2026-06-16,KCB,KCB Group Plc,43.1,80.5,70.5,71.5,70.75,71.0,-0.25,0.0,1859550.0,-,Banking,KCB,KCB Group Plc,71.0,69.25,69.25,69.5,67.5,69.9,0.8944271909999101,69.725,0.9162878004941696,68.225,1.6758736920122979,0.8788819875776398,1.6415313225058004,-0.0035211267605633756,1,6,2,1130810.8,1.6444395472699764,71.75
2026-06-17,KCB,KCB Group Plc,43.1,80.5,70.75,73.25,71.75,70.75,1.0,0.0,1068084.0,-,Banking,KCB,KCB Group Plc,70.75,71.0,69.25,69.25,68.0,70.4,1.112429773064343,70.1,0.8990735972847114,68.4875,1.7981624392403226,0.8913043478260869,1.6647331786542923,0.014134275618374659,2,6,2,1249121.2,0.8550683472508512,72.0
2026-06-18,KCB,KCB Group Plc,43.1,80.5,71.75,74.0,72.0,71.75,0.25,0.0,4037358.0,-,Banking,KCB,KCB Group Plc,71.75,70.75,71.0,69.25,69.5,70.95,1.0810874155219747,70.35,1.0488088481707032,68.75,1.9108416442692573,0.8944099378881988,1.6705336426914152,0.0034843205574912606,3,6,2,2018762.2,1.9999175732535512,73.25
2026-06-19,KCB,KCB Group Plc,43.4,80.5,72.75,74.0,73.25,72.0,1.25,0.0,4230093.0,-,Banking,KCB,KCB Group Plc,72.0,71.75,70.75,69.25,70.75,71.75,0.9842509842514671,70.6,1.395429045929387,69.075,2.0965196724195168,0.9099378881987578,1.6877880184331797,0.01736111111111116,4,6,2,2770610.6,1.526772834840089,74.0
2026-06-22,KCB,KCB Group Plc,43.5,80.5,73.75,75.0,74.0,73.25,0.75,0.0,1931179.0,-,Banking,KCB,KCB Group Plc,73.25,72.0,71.75,71.0,70.0,72.35,1.2820881404958024,71.0,1.7360555546669851,69.4375,2.2911083849479623,0.9192546583850931,1.7011494252873562,0.010238907849829282,0,6,2,2625252.8,0.73561639473349,74.0
2026-06-23,KCB,KCB Group Plc,43.5,80.5,73.25,74.25,74.0,74.0,0.0,0.0,3958185.0,-,Banking,KCB,KCB Group Plc,74.0,73.25,72.0,70.75,69.5,73.0,1.0752906583803226,71.45,1.8811934746033245,69.8,2.4137762509134055,0.9192546583850931,1.7011494252873562,0.0,1,6,2,3044979.8,1.2999051750688133,74.0
2026-06-24,KCB,KCB Group Plc,44.05,80.5,74.0,74.5,74.0,74.0,0.0,0.0,4367057.0,-,Banking,KCB,KCB Group Plc,74.0,74.0,73.25,71.75,69.25,73.45,0.8732124598286415,71.925,1.8635763109322758,70.175,2.456329096757765,0.9192546583850931,1.6799091940976165,0.0,2,6,2,3704774.4,1.1787646232925817,74.5
2026-06-25,KCB,KCB Group Plc,44.5,80.5,74.0,75.0,74.5,74.0,0.5,0.0,1634375.0,-,Banking,KCB,KCB Group Plc,74.0,74.0,74.0,72.0,69.25,73.95,0.4472135954999413,72.45,1.7630466055480973,70.575,2.477663372912781,0.9254658385093167,1.6741573033707866,0.006756756756756799,3,6,2,3224177.8,0.5069121808356847,76.0
2026-06-26,KCB,KCB Group Plc,45.55,80.5,74.75,77.0,76.0,74.5,1.5,0.0,472584.0,-,Banking,KCB,KCB Group Plc,74.5,74.0,74.0,73.25,69.25,74.5,0.8660254037844297,73.125,1.692508000966237,71.05,2.5644328397276297,0.9440993788819876,1.6684961580680573,0.020134228187919545,4,6,2,2472676.0,0.19112249239285697,76.75
2026-06-29,KCB,KCB Group Plc,45.55,84.0,76.0,77.0,76.75,76.0,0.75,0.0,2839430.0,-,Banking,KCB,KCB Group Plc,76.0,74.5,74.0,74.0,71.0,75.05,1.2549900398011078,73.7,1.8589124658135499,71.55,2.655183609470314,0.9136904761904762,1.684961580680571,0.009868421052631637,0,6,2,2654326.2,1.0697366435218096,78.75
2026-06-30,KCB,KCB Group Plc,45.55,84.0,76.5,84.0,78.75,76.75,2.0,0.0,3452820.0,-,Banking,KCB,KCB Group Plc,76.75,76.0,74.5,74.0,70.75,76.0,1.8957188610128841,74.5,2.1473497877878835,72.1125,2.929517429274117,0.9375,1.728869374313941,0.026058631921824116,1,6,2,2553253.2,1.3523218143817464,
2026-01-02,SCOM,Safaricom Plc,17.0,34.2,28.25,28.95,28.5,28.35,0.15,0.0,203295.0,-,Telecommunication,SCOM,Safaricom Plc,,,,,,28.5,,28.5,,28.5,,0.8333333333333333,1.6764705882352942,,4,1,1,203295.0,1.0,29.0
2026-01-05,SCOM,Safaricom Plc,17.0,34.2,28.3,29.75,29.0,28.5,0.5,0.0,1677382.0,-,Telecommunication,SCOM,Safaricom Plc,28.5,,,,,28.75,0.3535533905932738,28.75,0.3535533905932738,28.75,0.3535533905932738,0.8479532163742689,1.7058823529411764,0.01754385964912286,0,1,1,940338.5,1.7838065760361828,29.0
2026-01-06,SCOM,Safaricom Plc,17.0,34.2,28.7,29.5,29.0,29.0,0.0,0.0,11960173.0,-,Telecommunication,SCOM,Safaricom Plc,29.0,28.5,,,,28.833333333333332,0.28867513459481314,28.833333333333332,0.28867513459481314,28.833333333333332,0.28867513459481314,0.8479532163742689,1.7058823529411764,0.0,1,1,1,4613616.666666667,2.5923638360360814,29.1
2026-01-07,SCOM,Safaricom Plc,17.0,34.2,29.0,29.75,29.1,29.0,0.1,0.0,14255776.0,-,Telecommunication,SCOM,Safaricom Plc,29.0,29.0,28.5,,,28.9,0.270801280154533,28.9,0.270801280154533,28.9,0.270801280154533,0.8508771929824561,1.711764705882353,0.0034482758620690834,2,1,1,7024156.5,2.0295356460238323,29.15
2026-01-08,SCOM,Safaricom Plc,17.0,34.2,29.1,30.0,29.15,29.1,0.05,0.0,7344434.0,-,Telecommunication,SCOM,Safaricom Plc,29.1,29.0,29.0,,,28.95,0.2598076211353323,28.95,0.2598076211353323,28.95,0.2598076211353323,0.8523391812865496,1.714705882352941,0.0017182130584192379,3,1,1,7088212.0,1.0361476208668703,29.1
2026-01-09,SCOM,Safaricom Plc,17.0,34.2,28.7,29.45,29.1,29.15,-0.05,0.0,13483078.0,-,Telecommunication,SCOM,Safaricom Plc,29.15,29.1,29.0,28.5,,29.07,0.0670820393249972,28.974999999999998,0.24031229681395902,28.974999999999998,0.24031229681395902,0.8508771929824561,1.711764705882353,-0.0017152658662091813,4,1,1,9744168.6,1.3837073796116377,29.05
2026-01-12,SCOM,Safaricom Plc,17.0,34.2,28.9,29.45,29.05,29.1,-0.05,0.0,5915195.0,-,Telecommunication,SCOM,Safaricom Plc,29.1,29.15,29.1,29.0,,29.080000000000002,0.057008771254960865,28.985714285714288,0.22119803667431517,28.985714285714288,0.22119803667431517,0.8494152046783625,1.7088235294117649,-0.0017182130584192379,0,1,1,10591731.2,0.5584729151736781,29.3
2026-01-13,SCOM,Safaricom Plc,17.0,34.2,29.1,29.5,29.3,29.05,0.25,0.0,1381481.0,-,Telecommunication,SCOM,Safaricom Plc,29.05,29.1,29.15,29.0,,29.139999999999997,0.09617692030836107,29.025,0.23299294900428724,29.025,0.23299294900428724,0.8567251461988303,1.723529411764706,0.008605851979345935,1,1,1,8475992.8,0.16298751457174432,29.3
2026-01-14,SCOM,Safaricom Plc,17.0,34.2,29.05,29.9,29.3,29.3,0.0,0.0,8842799.0,-,Telecommunication,SCOM,Safaricom Plc,29.3,29.05,29.1,29.1,,29.18,0.11510864433221901,29.055555555555557,0.23643768265185183,29.055555555555557,0.23643768265185183,0.8567251461988303,1.723529411764706,0.0,2,1,1,7393397.4,1.196039996443313,29.7
2026-01-15,SCOM,Safaricom Plc,17.0,34.2,29.55,29.9,29.7,29.3,0.4,0.0,1207992.0,-,Telecommunication,SCOM,Safaricom Plc,29.3,29.3,29.05,29.15,,29.29,0.25592967784139864,29.119999999999997,0.3020301677353141,29.119999999999997,0.3020301677353141,0.8684210526315789,1.7470588235294118,0.013651877133105783,3,1,1,6166109.0,0.19590831105969744,29.7
2026-01-16,SCOM,Safaricom Plc,17.0,34.2,29.5,29.9,29.7,29.7,0.0,0.0,1414764.0,-,Telecommunication,SCOM,Safaricom Plc,29.7,29.3,29.3,29.1,28.5,29.410000000000004,0.28372521918222793,29.24,0.2643650674519768,29.172727272727272,0.33568112574557696,0.8684210526315789,1.7470588235294118,0.0,4,1,1,3752446.2,0.37702445940464113,29.7
2026-01-19,SCOM,Safaricom Plc,17.0,34.2,29.6,30.0,29.7,29.7,0.0,0.0,1246795.0,-,Telecommunication,SCOM,Safaricom Plc,29.7,29.7,29.3,29.05,29.0,29.54,0.21908902300207656,29.310000000000002,0.28557933320805007,29.21666666666667,0.3544094533249083,0.8684210526315789,1.7470588235294118,0.0,0,1,1,2818766.2,0.4423194091088505,29.75
2026-01-20,SCOM,Safaricom Plc,17.0,34.2,29.65,29.9,29.75,29.7,0.05,0.0,2635053.0,-,Telecommunication,SCOM,Safaricom Plc,29.7,29.7,29.7,29.3,29.0,29.630000000000003,0.18574175621008204,29.385,0.29349427403083556,29.25769230769231,0.3701610875946183,0.8698830409356725,1.75,0.0016835016835017313,1,1,1,3069480.6,0.8584686933678616,29.6
2026-01-21,SCOM,Safaricom Plc,17.0,34.2,29.25,29.75,29.6,29.75,-0.15,0.0,5850799.0,-,Telecommunication,SCOM,Safaricom Plc,29.75,29.7,29.7,29.3,29.1,29.689999999999998,0.05477225575057424,29.434999999999995,0.28190818048119876,29.282142857142855,0.3672177842900602,0.8654970760233918,1.7411764705882353,-0.005042016806722671,2,1,1,2471080.6,2.3677086858275684,29.6
2026-01-22,SCOM,Safaricom Plc,17.0,34.2,29.4,29.75,29.6,29.6,0.0,0.0,2379898.0,-,Telecommunication,SCOM,Safaricom Plc,29.6,29.75,29.7,29.7,29.15,29.669999999999998,0.06708203932503948,29.48,0.26687491868330293,29.303333333333335,0.36325250302287143,0.8654970760233918,1.7411764705882353,0.0,3,1,1,2705461.8,0.8796642406852686,29.65
2026-01-23,SCOM,Safaricom Plc,17.0,34.2,29.55,29.8,29.65,29.6,0.05,0.0,4323876.0,-,Telecommunication,SCOM,Safaricom Plc,29.6,29.6,29.75,29.7,29.1,29.660000000000004,0.06519202405207337,29.534999999999997,0.2345800029366842,29.325,0.3614784456460259,0.8669590643274853,1.7441176470588236,0.0016891891891890332,4,1,1,3287284.2,1.3153337943826091,29.55
2026-01-26,SCOM,Safaricom Plc,17.0,34.2,29.4,29.8,29.55,29.65,-0.1,0.0,6776501.0,-,Telecommunication,SCOM,Safaricom Plc,29.65,29.6,29.6,29.7,29.05,29.630000000000003,0.0758287544405537,29.585,0.1616752575036935,29.33823529411765,0.35422865662799063,0.8640350877192982,1.738235294117647,-0.003372681281618828,0,1,1,4393225.4,1.5424888056051027,29.5
2026-01-27,SCOM,Safaricom Plc,17.0,34.2,29.35,29.75,29.5,29.55,-0.05,0.0,8908682.0,-,Telecommunication,SCOM,Safaricom Plc,29.55,29.65,29.6,29.75,29.3,29.580000000000002,0.057008771255002554,29.605,0.13218253372597605,29.34722222222222,0.34576097754774404,0.8625730994152047,1.7352941176470589,-0.0016920473773266442,1,1,1,5647951.2,1.5773298466176549,29.55
2026-01-28,SCOM,Safaricom Plc,17.0,34.2,29.45,29.65,29.55,29.5,0.05,0.0,776550.0,-,Telecommunication,SCOM,Safaricom Plc,29.5,29.55,29.65,29.6,29.3,29.57,0.057008771255001,29.630000000000003,0.08232726023483453,29.357894736842102,0.33922426124203586,0.8640350877192982,1.738235294117647,0.0016949152542373724,2,1,1,4633101.4,0.1676091095265042,29.5
2026-01-29,SCOM,Safaricom Plc,17.0,34.2,29.45,29.65,29.5,29.55,-0.05,0.0,6086264.0,-,Telecommunication,SCOM,Safaricom Plc,29.55,29.5,29.55,29.6,29.7,29.55,0.06123724356961781,29.610000000000003,0.087559503577071,29.365,0.33170214920840346,0.8625730994152047,1.7352941176470589,-0.0016920473773266442,3,1,1,5374374.6,1.132459951712335,29.6
2026-01-30,SCOM,Safaricom Plc,17.0,34.2,29.45,29.9,29.6,29.5,0.1,0.0,641942.0,-,Telecommunication,SCOM,Safaricom Plc,29.5,29.55,29.5,29.65,29.7,29.54,0.04183300132675983,29.6,0.08164965809275074,29.419999999999998,0.2652704677355391,0.8654970760233918,1.7411764705882353,0.003389830508474523,4,1,1,4637987.8,0.13840959219427013,29.95
2026-02-02,SCOM,Safaricom Plc,17.0,34.2,29.65,30.0,29.95,29.6,0.35,0.0,5914175.0,-,Telecommunication,SCOM,Safaricom Plc,29.6,29.5,29.55,29.55,29.7,29.619999999999997,0.189076704011906,29.625,0.1359125535858216,29.4675,0.27109670055652013,0.8757309941520467,1.761764705882353,0.011824324324324342,0,2,1,4465522.6,1.3244082562699382,30.0
2026-02-03,SCOM,Safaricom Plc,17.0,34.2,29.85,30.5,30.0,29.95,0.05,0.0,6960859.0,-,Telecommunication,SCOM,Safaricom Plc,29.95,29.6,29.5,29.5,29.75,29.72,0.2361143790623682,29.65,0.17795130420051306,29.517500000000002,0.27254888504054087,0.8771929824561403,1.7647058823529411,0.0016694490818029983,1,2,1,4075958.0,1.7077847710893979,30.6
2026-02-04,SCOM,Safaricom Plc,17.0,34.2,29.95,31.0,30.6,30.0,0.6,0.0,7164887.0,-,Telecommunication,SCOM,Safaricom Plc,30.0,29.95,29.6,29.55,29.6,29.93,0.4324349662088077,29.75,0.34721111093332474,29.5925,0.3476518978881937,0.8947368421052632,1.8,0.020000000000000018,2,2,1,5353625.4,1.3383243063662988,31.95
2026-02-05,SCOM,Safaricom Plc,17.0,34.2,31.0,32.5,31.95,30.6,1.35,0.0,19234956.0,-,Telecommunication,SCOM,Safaricom Plc,30.6,30.0,29.95,29.5,29.6,30.419999999999998,0.927766134324821,29.985000000000003,0.7710202476084672,29.732499999999998,0.6184179731166318,0.9342105263157894,1.8794117647058823,0.04411764705882337,3,2,1,7983363.8,2.4093798656651475,32.0
2026-02-06,SCOM,Safaricom Plc,17.0,34.2,31.9,32.4,32.0,31.95,0.05,0.0,8514271.0,-,Telecommunication,SCOM,Safaricom Plc,31.95,30.6,30.0,29.6,29.65,30.9,1.0142731387550559,30.220000000000006,0.9857878969523716,29.877499999999998,0.7809365160531693,0.935672514619883,1.8823529411764706,0.0015649452269170805,4,2,1,9557829.6,0.8908163627441109,32.05
2026-02-09,SCOM,Safaricom Plc,17.0,34.2,31.95,32.25,32.05,32.0,0.05,0.0,1416940.0,-,Telecommunication,SCOM,Safaricom Plc,32.0,31.95,30.6,29.95,29.55,31.32,0.9556411460375914,30.47,1.1065963833103551,30.027500000000003,0.8936140400819454,0.9371345029239765,1.8852941176470586,0.0015624999999999112,0,2,1,8658382.6,0.16364950192891684,32.3
2026-02-10,SCOM,Safaricom Plc,17.0,34.2,32.05,32.8,32.3,32.05,0.25,0.0,5482877.0,-,Telecommunication,SCOM,Safaricom Plc,32.05,32.0,31.95,30.0,29.5,31.779999999999994,0.6732384421585353,30.75,1.1853269591129723,30.1775,1.009360793039988,0.9444444444444443,1.9,0.007800312012480548,1,2,1,8362786.2,0.6556280250235262,33.05
2026-02-11,SCOM,Safaricom Plc,17.0,34.2,32.8,33.95,33.05,32.3,0.75,0.0,18515620.0,-,Telecommunication,SCOM,Safaricom Plc,32.3,32.05,32.0,30.6,29.55,32.269999999999996,0.4563441683642545,31.1,1.3025615788386653,30.365,1.1728395591806002,0.9663742690058478,1.9441176470588233,0.023219814241486114,2,2,1,10632932.8,1.7413464702795827,33.85
2026-02-12,SCOM,Safaricom Plc,17.0,34.2,33.3,34.0,33.85,33.05,0.8,0.0,4163354.0,-,Telecommunication,SCOM,Safaricom Plc,33.05,32.3,32.05,31.95,29.5,32.64999999999999,0.7913595895672668,31.534999999999997,1.4290731261905445,30.572499999999998,1.3950547055864677,0.989766081871345,1.9911764705882353,0.02420574886535576,3,2,1,7618612.4,0.5464714283141638,33.95
2026-02-13,SCOM,Safaricom Plc,17.0,34.2,33.75,34.2,33.95,33.85,0.1,0.0,3327846.0,-,Telecommunication,SCOM,Safaricom Plc,33.85,33.05,32.3,32.0,29.6,33.040000000000006,0.8677557259967139,31.970000000000006,1.436662799685446,30.785000000000004,1.5681115024801418,0.9926900584795322,1.997058823529412,0.002954209748892156,4,2,1,6581327.4,0.5056496657498,33.85
2026-02-16,SCOM,Safaricom Plc,17.0,34.2,33.3,34.1,33.85,33.95,-0.1,0.0,2235327.0,-,Telecommunication,SCOM,Safaricom Plc,33.95,33.85,33.05,32.05,29.95,33.4,0.7141428428543463,32.36,1.3543756249037264,30.9925,1.6870462352881748,0.989766081871345,1.9911764705882353,-0.002945508100147265,0,2,1,6745004.8,0.33140480493060587,33.15
2026-02-17,SCOM,Safaricom Plc,17.0,34.2,32.5,33.7,33.15,33.85,-0.7,0.0,1571105.0,-,Telecommunication,SCOM,Safaricom Plc,33.85,33.95,33.85,32.3,30.0,33.57,0.43243496620889377,32.675,1.0837819583907826,31.1625,1.726105671583779,0.969298245614035,1.95,-0.020679468242245314,1,2,1,5962650.4,0.2634910475381887,33.1
2026-02-18,SCOM,Safaricom Plc,17.0,34.2,32.5,33.35,33.1,33.15,-0.05,0.0,5167178.0,-,Telecommunication,SCOM,Safaricom Plc,33.15,33.85,33.95,33.05,30.6,33.58,0.41773197148421215,32.925,0.8042422244296709,31.3375,1.7367449135485755,0.9678362573099415,1.947058823529412,-0.0015082956259425684,2,2,1,3292962.0,1.5691581014296552,32.15
2026-02-19,SCOM,Safaricom Plc,17.0,34.2,31.8,33.0,32.15,33.1,-0.95,0.0,2167265.0,-,Telecommunication,SCOM,Safaricom Plc,33.1,33.15,33.85,33.85,31.95,33.24,0.7231873892706436,32.945,0.7794050437495591,31.465000000000003,1.6955902558665177,0.9400584795321636,1.8911764705882352,-0.028700906344410915,3,2,1,2893744.2,0.7489483693824768,32.0
2026-02-20,SCOM,Safaricom Plc,17.0,34.2,31.8,32.45,32.0,32.15,-0.15,0.0,4268281.0,-,Telecommunication,SCOM,Safaricom Plc,32.15,33.1,33.15,33.95,32.0,32.85,0.7689278249615429,32.94500000000001,0.7794050437495591,31.5825,1.643830171148759,0.935672514619883,1.8823529411764706,-0.004665629860031051,4,2,1,3081831.2,1.3849820846774474,32.25
2026-02-23,SCOM,Safaricom Plc,17.0,34.2,32.0,32.9,32.25,32.0,0.25,0.0,4954448.0,-,Telecommunication,SCOM,Safaricom Plc,32.0,32.15,33.1,33.85,32.05,32.53,0.5506813960904157,32.965,0.7561047840375527,31.7175,1.5776627449623442,0.9429824561403508,1.8970588235294117,0.0078125,0,2,1,3625655.4,1.3664972131659285,32.9
2026-02-24,SCOM,Safaricom Plc,17.0,34.2,32.3,33.45,32.9,32.25,0.65,0.0,11818533.0,-,Telecommunication,SCOM,Safaricom Plc,32.25,32.0,32.15,33.15,32.3,32.48,0.4881085944747235,33.025,0.720435824885053,31.8875,1.507775897769543,0.9619883040935672,1.9352941176470588,0.020155038759689825,1,2,1,5675141.0,2.082509139420501,33.1
2026-02-25,SCOM,Safaricom Plc,17.0,34.2,32.25,33.3,33.1,32.9,0.2,0.0,7920799.0,-,Telecommunication,SCOM,Safaricom Plc,32.9,32.25,32.0,33.1,33.05,32.480000000000004,0.4881085944747235,33.03,0.7208020224413807,32.065000000000005,1.4247899198792406,0.9678362573099415,1.947058823529412,0.006079027355623268,2,2,1,6225865.2,1.2722406839132976,32.7
2026-02-26,SCOM,Safaricom Plc,17.0,34.2,31.95,33.15,32.7,33.1,-0.4,0.0,12763939.0,-,Telecommunication,SCOM,Safaricom Plc,33.1,32.9,32.25,32.15,33.85,32.589999999999996,0.45607017003975403,32.915000000000006,0.665018796726851,32.225,1.2953865507212494,0.956140350877193,1.9235294117647062,-0.012084592145015116,3,2,1,8345200.0,1.5294946795762834,32.0
2026-02-27,SCOM,Safaricom Plc,17.0,34.2,31.8,32.5,32.0,32.7,-0.7,0.0,8548403.0,-,Telecommunication,SCOM,Safaricom Plc,32.7,33.1,32.9,32.0,33.95,32.589999999999996,0.45607017003975403,32.72,0.6115553940568486,32.345,1.1414326178328082,0.935672514619883,1.8823529411764706,-0.021406727828746308,4,2,1,9201224.4,0.9290505946143428,31.7
2026-03-02,SCOM,Safaricom Plc,17.0,34.2,31.1,32.1,31.7,32.0,-0.3,0.0,772223.0,-,Telecommunication,SCOM,Safaricom Plc,32.0,32.7,33.1,32.25,33.85,32.480000000000004,0.6016643582597291,32.505,0.5443905869053367,32.4325,1.0073773923045648,0.9269005847953216,1.8647058823529412,-0.009375000000000022,0,3,1,8364779.4,0.0923183939554939,31.05
2026-03-03,SCOM,Safaricom Plc,17.0,34.2,30.65,31.7,31.05,31.7,-0.65,0.0,1311344.0,-,Telecommunication,SCOM,Safaricom Plc,31.7,32.0,32.7,32.9,33.15,32.11,0.8111719916269895,32.295,0.6605763476776436,32.485,0.8950301376872466,0.9078947368421052,1.826470588235294,-0.02050473186119872,1,3,1,6263341.6,0.20936811110542017,30.55
2026-03-04,SCOM,Safaricom Plc,17.0,34.2,29.95,31.0,30.55,31.05,-0.5,0.0,2524620.0,-,Telecommunication,SCOM,Safaricom Plc,31.05,31.7,32.0,33.1,33.1,31.6,0.8344159634139936,32.040000000000006,0.794005317642435,32.4825,0.9006247831367012,0.8932748538011696,1.7970588235294118,-0.01610305958132041,2,3,1,5184105.8,0.4869923758114659,30.75
2026-03-05,SCOM,Safaricom Plc,17.0,34.2,30.55,31.0,30.75,30.55,0.2,0.0,2057116.0,-,Telecommunication,SCOM,Safaricom Plc,30.55,31.05,31.7,32.7,32.15,31.21,0.6198790204548839,31.9,0.8900686615212561,32.4225,0.9748785349441048,0.8991228070175438,1.8088235294117647,0.006546644844517058,3,3,1,3042741.2,0.6760732723506028,30.65
2026-03-06,SCOM,Safaricom Plc,17.0,34.2,30.4,30.9,30.65,30.75,-0.1,0.0,19348587.0,-,Telecommunication,SCOM,Safaricom Plc,30.75,30.55,31.05,32.0,32.0,30.940000000000005,0.46421977553752464,31.764999999999997,0.9718396072512371,32.355000000000004,1.0495487752262744,0.8961988304093567,1.802941176470588,-0.003252032520325243,4,3,1,5202778.0,3.7188953670519864,30.15
2026-03-09,SCOM,Safaricom Plc,17.0,34.2,29.9,30.5,30.15,30.65,-0.5,0.0,8460555.0,-,Telecommunication,SCOM,Safaricom Plc,30.65,30.75,30.55,31.7,32.25,30.630000000000003,0.3271085446760979,31.554999999999996,1.076633126412569,32.26,1.158901476217443,0.8815789473684209,1.7735294117647058,-0.01631321370309946,0,3,1,6740444.4,1.2551924617907981,29.95
2026-03-10,SCOM,Safaricom Plc,17.0,34.2,29.8,30.0,29.95,30.15,-0.2,0.0,3060470.0,-,Telecommunication,SCOM,Safaricom Plc,30.15,30.65,30.75,31.05,32.9,30.409999999999997,0.34351128074652415,31.26,1.071292054794899,32.1425,1.2685751435121444,0.8757309941520467,1.761764705882353,-0.0066334991708125735,1,3,1,7090269.6,0.43164367120821473,30.25
2026-03-11,SCOM,Safaricom Plc,17.0,34.2,29.9,31.5,30.25,29.95,0.3,0.0,26571435.0,-,Telecommunication,SCOM,Safaricom Plc,29.95,30.15,30.65,30.55,33.1,30.35,0.33911649915643693,30.975,0.8913940393189421,32.002500000000005,1.3167418921437586,0.8845029239766081,1.7794117647058822,0.01001669449081799,2,3,1,11899632.6,2.2329626378548864,30.95
2026-03-12,SCOM,Safaricom Plc,17.0,34.2,30.5,31.5,30.95,30.25,0.7,0.0,16009517.0,-,Telecommunication,SCOM,Safaricom Plc,30.25,29.95,30.15,30.75,32.7,30.389999999999997,0.4037325847638726,30.8,0.6557438524302024,31.857499999999998,1.261085059112109,0.904970760233918,1.8205882352941176,0.023140495867768562,3,3,1,14690112.8,1.0898157977384626,30.7
2026-03-13,SCOM,Safaricom Plc,17.0,34.2,30.5,30.8,30.7,30.95,-0.25,0.0,830867.0,-,Telecommunication,SCOM,Safaricom Plc,30.95,30.25,29.95,30.65,32.0,30.4,0.41231056256190846,30.669999999999998,0.5023279141490494,31.695,1.1843163695389372,0.8976608187134502,1.8058823529411765,-0.008077544426494332,4,3,1,10986568.8,0.07562570399595549,30.6
2026-03-16,SCOM,Safaricom Plc,17.0,34.2,30.4,30.95,30.6,30.7,-0.1,0.0,2727470.0,-,Telecommunication,SCOM,Safaricom Plc,30.7,30.95,30.25,30.15,31.7,30.49,0.39274673773325847,30.560000000000002,0.3486481830664773,31.5325,1.092471244954583,0.8947368421052632,1.8,-0.0032573289902279035,0,3,1,9839951.8,0.27718326831641593,30.3
2026-03-17,SCOM,Safaricom Plc,17.0,34.2,30.2,30.7,30.3,30.6,-0.3,0.0,4470756.0,-,Telecommunication,SCOM,Safaricom Plc,30.6,30.7,30.95,29.95,31.05,30.560000000000002,0.2902585054742,30.484999999999996,0.3100627176699712,31.389999999999997,1.0556365004359265,0.8859649122807017,1.7823529411764707,-0.009803921568627527,1,3,1,10122009.0,0.4416866256491177,30.4
2026-03-18,SCOM,Safaricom Plc,17.0,34.2,30.25,30.65,30.4,30.3,0.1,0.0,623139.0,-,Telecommunication,SCOM,Safaricom Plc,30.3,30.6,30.7,30.25,30.55,30.590000000000003,0.25592967784162163,30.47,0.31019706997684793,31.254999999999995,0.9964278303282201,0.8888888888888887,1.788235294117647,0.0033003300330032292,2,3,1,4932349.8,0.12633714664762827,30.25
2026-03-19,SCOM,Safaricom Plc,17.0,34.2,29.8,31.0,30.25,30.4,-0.15,0.0,3510353.0,-,Telecommunication,SCOM,Safaricom Plc,30.4,30.3,30.6,30.95,30.75,30.45,0.19364916731067408,30.419999999999998,0.30018512806451586,31.159999999999997,0.9971802349889415,0.8845029239766081,1.7794117647058822,-0.004934210526315708,3,3,1,2432517.0,1.4430949506211057,28.9
2026-03-23,SCOM,Safaricom Plc,17.0,34.2,28.0,29.95,28.9,30.25,-1.35,0.0,5340829.0,-,Telecommunication,SCOM,Safaricom Plc,30.25,30.4,30.3,30.7,30.65,30.089999999999996,0.678601503093031,30.244999999999997,0.5540006016843878,31.005000000000003,1.0957933919743723,0.8450292397660818,1.7,-0.044628099173553815,0,3,1,3334509.4,1.601683593994367,28.85
2026-03-24,SCOM,Safaricom Plc,17.0,34.2,28.75,29.35,28.85,28.9,-0.05,0.0,10552122.0,-,Telecommunication,SCOM,Safaricom Plc,28.9,30.25,30.4,30.6,30.15,29.740000000000002,0.7916754385479721,30.115000000000002,0.7094794648974037,30.834999999999997,1.1546359645040825,0.8435672514619883,1.697058823529412,-0.0017301038062282892,1,3,1,4899439.8,2.15374051539525,28.55
2026-03-25,SCOM,Safaricom Plc,17.0,34.2,28.4,28.95,28.55,28.85,-0.3,0.0,3095416.0,-,Telecommunication,SCOM,Safaricom Plc,28.85,28.9,30.25,30.3,29.95,29.389999999999997,0.8655922827752852,29.975,0.8664262487046652,30.6175,1.1548837945643353,0.8347953216374269,1.6794117647058824,-0.010398613518197597,2,3,1,4624371.8,0.6693700536795074,27.95
2026-03-26,SCOM,Safaricom Plc,17.0,34.2,27.65,28.95,27.95,28.55,-0.6,0.0,13761303.0,-,Telecommunication,SCOM,Safaricom Plc,28.55,28.85,28.9,30.4,30.25,28.9,0.8440971508067899,29.744999999999997,1.0673044967997098,30.359999999999996,1.146344303932215,0.817251461988304,1.6441176470588235,-0.021015761821366108,3,3,1,7252004.6,1.8975860826122477,28.05
2026-03-27,SCOM,Safaricom Plc,17.0,34.2,27.9,29.0,28.05,27.95,0.1,0.0,3502369.0,-,Telecommunication,SCOM,Safaricom Plc,27.95,28.55,28.85,30.25,30.95,28.46,0.4421538193888525,29.455000000000002,1.0970794562534314,30.127500000000005,1.1179722009536701,0.8201754385964912,1.6500000000000001,0.003577817531305927,4,3,1,7250407.8,0.48305820811899713,27.9
2026-03-30,SCOM,Safaricom Plc,17.0,34.2,27.5,28.0,27.9,28.05,-0.15,0.0,1889386.0,-,Telecommunication,SCOM,Safaricom Plc,28.05,27.95,28.55,28.9,30.7,28.26,0.41892720131325206,29.175,1.1013249596130372,29.922500000000003,1.1323560673029567,0.8157894736842104,1.6411764705882352,-0.005347593582887722,0,3,1,6560119.2,0.28801092516733534,27.5
2026-03-31,SCOM,Safaricom Plc,17.0,34.2,27.4,27.9,27.5,27.9,-0.4,0.0,3724323.0,-,Telecommunication,SCOM,Safaricom Plc,27.9,28.05,27.95,28.85,30.6,27.99,0.37649701194054114,28.865,1.0919020102554946,29.7125,1.1740477664450686,0.804093567251462,1.6176470588235294,-0.014336917562723928,1,3,1,5194559.4,0.716966101109557,27.6
2026-04-01,SCOM,Safaricom Plc,17.0,34.2,27.45,28.7,27.6,27.5,0.1,0.0,23108614.0,-,Telecommunication,SCOM,Safaricom Plc,27.5,27.9,28.05,28.55,30.3,27.8,0.23717082451295787,28.595000000000006,1.0296844176736815,29.540000000000003,1.2197497586325325,0.8070175438596491,1.6235294117647059,0.0036363636363636598,2,4,2,9197199.0,2.5125708381432217,28.5
2026-04-02,SCOM,Safaricom Plc,17.0,34.2,28.3,29.0,28.5,27.6,0.9,0.0,10080574.0,-,Telecommunication,SCOM,Safaricom Plc,27.6,27.5,27.9,27.95,30.4,27.910000000000004,0.39749213828723123,28.405,0.8118736902307387,29.4375,1.216538986330921,0.8333333333333333,1.6764705882352942,0.032608695652173836,3,4,2,8461053.2,1.191408889853098,28.4
2026-04-07,SCOM,Safaricom Plc,17.0,34.2,28.0,28.45,28.4,28.5,-0.1,0.0,1572632.0,-,Telecommunication,SCOM,Safaricom Plc,28.5,27.6,27.5,28.05,30.25,27.979999999999997,0.45497252664326265,28.22,0.49283758875401973,29.32,1.1964200987243074,0.830409356725146,1.6705882352941175,-0.0035087719298245723,1,4,2,8075105.8,0.19475063719908164,29.3
2026-04-08,SCOM,Safaricom Plc,17.0,34.2,28.4,30.2,29.3,28.4,0.9,0.0,6218998.0,-,Telecommunication,SCOM,Safaricom Plc,28.4,28.5,27.6,27.9,28.9,28.26,0.736885337077724,28.26,0.5650958620741455,29.252499999999998,1.1547926448637778,0.8567251461988303,1.723529411764706,0.03169014084507049,2,4,2,8941028.2,0.6955573633019075,29.45
2026-04-09,SCOM,Safaricom Plc,17.0,34.2,29.0,30.2,29.45,29.3,0.15,0.0,6932985.0,-,Telecommunication,SCOM,Safaricom Plc,29.3,28.4,28.5,27.5,28.85,28.65,0.7500000000000969,28.32,0.6587867636800153,29.2175,1.1366241567396453,0.861111111111111,1.7323529411764707,0.005119453924914641,3,4,2,9582760.6,0.723485151032574,29.75
2026-04-10,SCOM,Safaricom Plc,17.0,34.2,29.2,29.95,29.75,29.45,0.3,0.0,835574.0,-,Telecommunication,SCOM,Safaricom Plc,29.45,29.3,28.4,27.6,28.55,29.080000000000002,0.5985398900659333,28.439999999999998,0.7995832247698311,29.2075,1.1307048337442138,0.8698830409356725,1.75,0.01018675721561979,4,4,2,5128152.6,0.16293859898006938,29.05
2026-04-13,SCOM,Safaricom Plc,17.0,34.2,28.8,29.85,29.05,29.75,-0.7,0.0,2933703.0,-,Telecommunication,SCOM,Safaricom Plc,29.75,29.45,29.3,28.5,27.95,29.190000000000005,0.5091659847241742,28.55,0.8003471469028579,29.147499999999997,1.1039969250528792,0.8494152046783625,1.7088235294117649,-0.02352941176470591,0,4,2,3698778.4,0.7931545723312324,29.0
2026-04-14,SCOM,Safaricom Plc,19.5,34.2,28.8,29.35,29.0,29.05,-0.05,0.0,4107838.0,-,Telecommunication,SCOM,Safaricom Plc,29.05,29.75,29.45,28.4,28.05,29.310000000000002,0.3070016286603949,28.645,0.7907275131168694,29.05,1.019287676969042,0.8479532163742689,1.4871794871794872,-0.0017211703958691649,1,4,2,4205819.6,0.9767033279316119,29.0
2026-04-15,SCOM,Safaricom Plc,19.5,34.2,28.95,29.3,29.0,29.0,0.0,0.0,19525274.0,-,Telecommunication,SCOM,Safaricom Plc,29.0,29.05,29.75,29.3,27.9,29.25,0.3372684390810029,28.754999999999995,0.7510917979107992,28.964999999999996,0.9424352553497807,0.8479532163742689,1.4871794871794872,0.0,2,4,2,6867074.8,2.843317506895367,29.35
2026-04-16,SCOM,Safaricom Plc,17.0,34.2,29.0,29.75,29.35,29.0,0.35,0.0,10754346.0,-,Telecommunication,SCOM,Safaricom Plc,29.0,29.0,29.05,29.45,27.5,29.23,0.32519225083039216,28.939999999999998,0.6248555388603287,28.902499999999996,0.8667050430099247,0.8581871345029239,1.7264705882352942,0.012068965517241459,3,4,2,7631347.0,1.4092329964814863,29.6
2026-04-17,SCOM,Safaricom Plc,17.0,34.2,29.35,30.0,29.6,29.35,0.25,0.0,1807405.0,-,Telecommunication,SCOM,Safaricom Plc,29.35,29.0,29.0,29.75,27.6,29.2,0.26692695630104074,29.140000000000004,0.4414622168304742,28.8675,0.8201853128216254,0.8654970760233918,1.7411764705882353,0.008517887563884052,4,4,2,7825713.2,0.23095722444824582,29.85
2026-04-20,SCOM,Safaricom Plc,17.0,34.2,29.65,29.95,29.85,29.6,0.25,0.0,20780264.0,-,Telecommunication,SCOM,Safaricom Plc,29.6,29.35,29.0,29.05,28.5,29.360000000000003,0.3731621631410875,29.275,0.4302776881141718,28.840000000000003,0.7740189036178514,0.8728070175438596,1.7558823529411764,0.008445945945946054,0,4,2,11395025.4,1.8236259482142092,29.95
2026-04-21,SCOM,Safaricom Plc,17.0,34.2,29.8,30.2,29.95,29.85,0.1,0.0,2305988.0,-,Telecommunication,SCOM,Safaricom Plc,29.85,29.6,29.35,29.0,28.4,29.55,0.3856812155137087,29.43,0.35213633723316146,28.825,0.7477158199264655,0.8757309941520467,1.761764705882353,0.003350083752093669,1,4,2,11034655.4,0.2089768929258996,29.85
2026-04-22,SCOM,Safaricom Plc,17.0,34.2,29.8,30.0,29.85,29.95,-0.1,0.0,2435612.0,-,Telecommunication,SCOM,Safaricom Plc,29.95,29.85,29.6,29.0,29.3,29.720000000000006,0.24392621835327252,29.485000000000003,0.3719692340921466,28.872499999999995,0.7821150473992354,0.8728070175438596,1.7558823529411764,-0.0033388981636058856,2,4,2,7616723.0,0.31977163932573105,29.7
2026-04-23,SCOM,Safaricom Plc,17.0,34.2,29.5,29.95,29.7,29.85,-0.15,0.0,2786357.0,-,Telecommunication,SCOM,Safaricom Plc,29.85,29.95,29.85,29.35,29.45,29.79,0.1387443692555743,29.509999999999998,0.37771241264572414,28.915000000000003,0.8036266480608846,0.8684210526315789,1.7470588235294118,-0.005025125628140725,3,4,2,6023125.2,0.4626098424784529,29.9
2026-04-24,SCOM,Safaricom Plc,17.0,34.2,29.65,29.9,29.9,29.7,0.2,0.0,20967747.0,-,Telecommunication,SCOM,Safaricom Plc,29.7,29.85,29.95,29.6,29.75,29.85,0.09354143467002085,29.525000000000006,0.39104560688831896,28.982499999999998,0.8276909860696462,0.8742690058479531,1.7588235294117647,0.006734006734006703,4,4,2,9855193.6,2.1275834703034144,29.85
2026-04-27,SCOM,Safaricom Plc,17.0,34.2,29.8,30.0,29.85,29.9,-0.05,0.0,693679.0,-,Telecommunication,SCOM,Safaricom Plc,29.9,29.7,29.85,29.85,29.05,29.85,0.09354143467002085,29.605,0.3639673367518159,29.077500000000004,0.8118327219451964,0.8728070175438596,1.7558823529411764,-0.0016722408026754731,0,4,2,5837876.6,0.11882385455012873,29.8
2026-04-28,SCOM,Safaricom Plc,17.2,34.2,29.75,29.95,29.8,29.85,-0.05,0.0,2042823.0,-,Telecommunication,SCOM,Safaricom Plc,29.85,29.9,29.7,29.95,29.0,29.820000000000004,0.07582875444134911,29.685000000000002,0.29818897811061856,29.165,0.7892534780610575,0.871345029239766,1.732558139534884,-0.0016750418760469454,1,4,2,5785243.6,0.35310924504544633,29.8
2026-04-29,SCOM,Safaricom Plc,17.5,34.2,29.75,30.0,29.8,29.8,0.0,0.0,5450985.0,-,Telecommunication,SCOM,Safaricom Plc,29.8,29.85,29.9,29.85,29.0,29.810000000000002,0.07416198487180985,29.765000000000004,0.17646214576752162,29.26,0.7419036680267048,0.871345029239766,1.7028571428571428,0.0,2,4,2,6388318.2,0.8532738710479387,29.7
2026-04-30,SCOM,Safaricom Plc,18.0,34.2,29.2,29.95,29.7,29.8,-0.1,0.0,1306931.0,-,Telecommunication,SCOM,Safaricom Plc,29.8,29.8,29.85,29.7,29.35,29.810000000000002,0.07416198487180985,29.8,0.10540925533889786,29.369999999999997,0.6203564340466385,0.8684210526315789,1.65,-0.003355704697986628,3,4,2,6092433.0,0.21451709029873614,29.85
2026-05-04,SCOM,Safaricom Plc,18.0,34.2,29.6,29.95,29.85,29.7,0.15,0.0,767996.0,-,Telecommunication,SCOM,Safaricom Plc,29.7,29.8,29.8,29.9,29.6,29.8,0.0612372435706147,29.825,0.07905694150414791,29.482499999999998,0.46771420648433965,0.8728070175438596,1.6583333333333334,0.005050505050505194,0,5,2,2052482.8,0.3741790186987194,29.9
2026-05-05,SCOM,Safaricom Plc,18.0,34.2,29.75,29.9,29.9,29.85,0.05,0.0,2635016.0,-,Telecommunication,SCOM,Safaricom Plc,29.85,29.7,29.8,29.85,29.85,29.810000000000002,0.07416198487180985,29.830000000000002,0.08232726023479753,29.5525,0.41468916704330105,0.8742690058479531,1.661111111111111,0.0016750418760467234,1,5,2,2440750.2,1.0795926596666876,30.05
2026-05-06,SCOM,Safaricom Plc,18.0,34.2,29.85,31.2,30.05,29.9,0.15,0.0,11336212.0,-,Telecommunication,SCOM,Safaricom Plc,29.9,29.85,29.7,29.8,29.95,29.860000000000003,0.12942179105593413,29.840000000000003,0.1021980647783263,29.635,0.32851339794822654,0.8786549707602339,1.6694444444444445,0.0050167224080268635,2,5,2,4299428.0,2.6366791117330024,32.1
2026-05-07,SCOM,Safaricom Plc,18.0,34.2,31.5,32.7,32.1,30.05,2.05,0.0,22919949.0,-,Telecommunication,SCOM,Safaricom Plc,30.05,29.9,29.85,29.8,29.85,30.320000000000004,1.0028708790268666,30.064999999999998,0.7222841853761155,29.775,0.6333910407688377,0.9385964912280701,1.7833333333333334,0.06821963394342756,3,5,2,7793220.8,2.941011115712261,32.2
2026-05-08,SCOM,Safaricom Plc,18.0,34.2,31.55,32.7,32.2,32.1,0.1,0.0,652264.0,-,Telecommunication,SCOM,Safaricom Plc,32.1,30.05,29.9,29.7,29.7,30.820000000000004,1.2168607151190776,30.315000000000005,0.9715537384348146,29.9125,0.8277863632349929,0.9415204678362573,1.788888888888889,0.0031152647975078995,4,5,2,7662287.4,0.08512653806225018,31.75
2026-05-11,SCOM,Safaricom Plc,19.1,34.2,31.6,32.0,31.75,32.2,-0.45,0.0,2103543.0,-,Telecommunication,SCOM,Safaricom Plc,32.2,32.1,30.05,29.85,29.9,31.2,1.1319231422672245,30.5,1.05619863451699,30.0125,0.9225073099125173,0.9283625730994152,1.6623036649214658,-0.013975155279503215,0,5,2,7929396.8,0.26528411341452857,31.75
2026-05-12,SCOM,Safaricom Plc,18.6,34.2,31.0,31.95,31.75,31.75,0.0,0.0,8576625.0,-,Telecommunication,SCOM,Safaricom Plc,31.75,32.2,32.1,29.9,29.85,31.570000000000004,0.8736418030291935,30.690000000000005,1.0964082775641157,30.1475,0.970549898389097,0.9283625730994152,1.7069892473118278,0.0,1,5,2,9117718.6,0.9406547159724803,31.05
2026-05-13,SCOM,Safaricom Plc,19.1,34.2,30.85,31.65,31.05,31.75,-0.7,0.0,1985736.0,-,Telecommunication,SCOM,Safaricom Plc,31.75,31.75,32.2,30.05,29.8,31.770000000000003,0.4508325631541009,30.815000000000005,1.0541057294640275,30.250000000000007,0.9510382138539221,0.9078947368421052,1.62565445026178,-0.022047244094488216,2,5,2,7247623.4,0.27398443467689004,30.5
2026-05-14,SCOM,Safaricom Plc,19.5,34.2,30.25,31.45,30.5,31.05,-0.55,0.0,1190999.0,-,Telecommunication,SCOM,Safaricom Plc,31.05,31.75,31.75,32.1,29.8,31.45,0.6717514421272953,30.885,1.0011243678984152,30.325000000000006,0.9053205306176532,0.891812865497076,1.564102564102564,-0.017713365539452464,3,5,2,2901833.4,0.4104298337733655,30.05
2026-05-15,SCOM,Safaricom Plc,19.5,34.2,29.75,30.9,30.05,30.5,-0.45,0.0,2556379.0,-,Telecommunication,SCOM,Safaricom Plc,30.5,31.05,31.75,32.2,29.7,31.02,0.7546522377891062,30.919999999999998,0.9603818684946808,30.360000000000003,0.8787850464673784,0.8786549707602339,1.541025641025641,-0.014754098360655665,4,5,2,3282656.4,0.7787531463847389,30.6
2026-05-18,SCOM,Safaricom Plc,19.5,34.2,30.4,31.0,30.6,30.05,0.55,0.0,614701.0,-,Telecommunication,SCOM,Safaricom Plc,30.05,30.5,31.05,31.75,29.85,30.79,0.643622560201326,30.994999999999997,0.8945669343319154,30.410000000000004,0.8615469562912251,0.8947368421052632,1.5692307692307692,0.01830282861896837,0,5,2,2984888.0,0.2059377102256433,30.55
2026-05-19,SCOM,Safaricom Plc,19.5,34.2,30.4,30.95,30.55,30.6,-0.05,0.0,1133247.0,-,Telecommunication,SCOM,Safaricom Plc,30.6,30.05,30.5,31.75,29.9,30.55,0.3553167600889567,31.060000000000002,0.8272444217601801,30.445,0.8517628778010571,0.8932748538011696,1.5666666666666667,-0.0016339869281045694,1,5,2,1496212.4,0.7574105120369274,30.55
2026-05-20,SCOM,Safaricom Plc,19.75,34.2,30.5,30.85,30.55,30.55,0.0,0.0,5044178.0,-,Telecommunication,SCOM,Safaricom Plc,30.55,30.6,30.05,31.05,30.05,30.45,0.22638462845368965,31.110000000000003,0.7727296494318778,30.475000000000005,0.8439412551269209,0.8932748538011696,1.5468354430379747,0.0,2,5,2,2107900.8,2.3929864251676363,30.6
2026-05-21,SCOM,Safaricom Plc,19.75,34.2,30.4,30.85,30.6,30.55,0.05,0.0,3221260.0,-,Telecommunication,SCOM,Safaricom Plc,30.55,30.55,30.6,30.5,32.1,30.470000000000006,0.23611437906259447,30.959999999999997,0.7015063158027249,30.5125,0.8312759691233989,0.8947368421052632,1.549367088607595,0.0016366612111293755,3,5,2,2513953.0,1.2813525153413767,30.75
2026-05-22,SCOM,Safaricom Plc,19.8,34.2,30.6,30.9,30.75,30.6,0.15,0.0,562531.0,-,Telecommunication,SCOM,Safaricom Plc,30.6,30.55,30.55,30.05,32.2,30.610000000000003,0.0821583836264445,30.814999999999998,0.5502777076672798,30.564999999999998,0.8101494339090168,0.8991228070175438,1.553030303030303,0.004901960784313708,4,5,2,2115183.4,0.2659490425274707,30.75
2026-05-25,SCOM,Safaricom Plc,19.8,34.2,30.6,31.0,30.75,30.75,0.0,0.0,1791315.0,-,Telecommunication,SCOM,Safaricom Plc,30.75,30.6,30.55,30.6,31.75,30.639999999999997,0.10246950766012748,30.714999999999996,0.4416194943362201,30.607499999999998,0.7955922983935313,0.8991228070175438,1.553030303030303,0.0,0,5,2,2350506.2,0.7620975430739131,30.9
2026-05-26,SCOM,Safaricom Plc,20.0,34.2,30.7,31.0,30.9,30.75,0.15,0.0,871451.0,-,Telecommunication,SCOM,Safaricom Plc,30.75,30.75,30.6,30.55,31.75,30.71,0.13874436925549866,30.630000000000003,0.26791375063213657,30.660000000000004,0.7774113589680672,0.9035087719298245,1.545,0.004878048780487809,1,5,2,2298147.0,0.37919724021135287,30.8
2026-05-28,SCOM,Safaricom Plc,20.2,34.2,30.7,31.0,30.8,30.9,-0.1,0.0,7688868.0,-,Telecommunication,SCOM,Safaricom Plc,30.9,30.75,30.75,30.55,31.05,30.759999999999998,0.10839741694387556,30.604999999999997,0.233868434048816,30.71,0.7508942037751424,0.9005847953216374,1.5247524752475248,-0.003236245954692518,3,5,2,2827085.0,2.7197158911033803,30.55
2026-05-29,SCOM,Safaricom Plc,20.2,34.2,30.0,30.9,30.55,30.8,-0.25,0.0,4654735.0,-,Telecommunication,SCOM,Safaricom Plc,30.8,30.9,30.75,30.6,30.5,30.75,0.1274754878402304,30.609999999999996,0.23190036174568307,30.747499999999995,0.7211969217904,0.8932748538011696,1.5123762376237624,-0.008116883116883078,4,5,2,3113780.0,1.4948824258618143,31.0
2026-06-02,SCOM,Safaricom Plc,20.4,34.2,30.1,31.5,31.0,30.55,0.45,0.0,13150039.0,-,Telecommunication,SCOM,Safaricom Plc,30.55,30.8,30.9,30.75,30.05,30.8,0.16955824957843516,30.705000000000002,0.16064107680028814,30.8125,0.6791781023684379,0.9064327485380116,1.519607843137255,0.014729950900163713,1,6,2,5631281.6,2.3351769515486493,31.25
2026-06-03,SCOM,Safaricom Plc,20.4,34.2,30.85,31.7,31.25,31.0,0.25,0.0,2294501.0,-,Telecommunication,SCOM,Safaricom Plc,31.0,30.55,30.8,30.75,30.6,30.9,0.2573907535248683,30.77,0.22997584414213834,30.8825,0.6460965790604657,0.9137426900584794,1.5318627450980393,0.008064516129032251,2,6,2,5731918.8,0.40030242577755987,31.45
2026-06-04,SCOM,Safaricom Plc,20.9,34.2,31.0,31.7,31.45,31.25,0.2,0.0,12683578.0,-,Telecommunication,SCOM,Safaricom Plc,31.25,31.0,30.55,30.9,30.55,31.009999999999998,0.3560196623784926,30.859999999999996,0.299814757623584,30.96,0.6142175167598948,0.9195906432748537,1.5047846889952154,0.006399999999999961,3,6,2,8094344.2,1.5669679577006375,31.75
2026-06-05,SCOM,Safaricom Plc,20.9,34.2,31.5,32.0,31.75,31.45,0.3,0.0,13812903.0,-,Telecommunication,SCOM,Safaricom Plc,31.45,31.25,31.0,30.8,30.55,31.2,0.45552167895731455,30.979999999999997,0.3888730155490617,31.044999999999998,0.5991002024966583,0.9283625730994152,1.5191387559808613,0.009538950715421324,4,6,2,9319151.2,1.4822061262403383,31.6
2026-06-08,SCOM,Safaricom Plc,22.5,34.2,31.5,31.8,31.6,31.75,-0.15,0.0,6190057.0,-,Telecommunication,SCOM,Safaricom Plc,31.75,31.45,31.25,30.55,30.6,31.410000000000004,0.29453352950060896,31.080000000000002,0.40838435055444516,31.02,0.562045137726555,0.9239766081871345,1.4044444444444446,-0.0047244094488188,0,6,2,9626215.6,0.6430415915471497,31.5
2026-06-09,SCOM,Safaricom Plc,22.5,34.2,31.3,31.7,31.5,31.6,-0.1,0.0,344356.0,-,Telecommunication,SCOM,Safaricom Plc,31.6,31.75,31.45,31.0,30.75,31.51,0.1850675552334428,31.155,0.40991191465700993,30.985000000000003,0.5034355653119948,0.9210526315789473,1.4,-0.0031645569620253333,1,6,2,7065079.0,0.04874057317688875,31.4
2026-06-10,SCOM,Safaricom Plc,22.5,34.2,31.2,31.75,31.4,31.5,-0.1,0.0,249108.0,-,Telecommunication,SCOM,Safaricom Plc,31.5,31.6,31.75,31.25,30.75,31.54,0.1387443692554137,31.22,0.38958667556498316,30.9675,0.48102822983135957,0.9181286549707601,1.3955555555555554,-0.0031746031746032743,2,6,2,6656000.4,0.0374260794816058,31.35
2026-06-11,SCOM,Safaricom Plc,22.5,34.2,31.0,31.75,31.35,31.4,-0.05,0.0,20810471.0,-,Telecommunication,SCOM,Safaricom Plc,31.4,31.5,31.6,31.45,30.9,31.52,0.16046806535907113,31.264999999999997,0.3742028564532546,30.9475,0.45435755685763374,0.9166666666666666,1.3933333333333333,-0.0015923566878980333,3,6,2,8281379.0,2.5129233911405335,31.15
2026-06-12,SCOM,Safaricom Plc,22.5,34.2,31.05,31.7,31.15,31.35,-0.2,0.0,2074748.0,-,Telecommunication,SCOM,Safaricom Plc,31.35,31.4,31.5,31.75,30.8,31.4,0.16955824957838908,31.3,0.3407508050043436,30.952499999999997,0.4560918074708853,0.9108187134502923,1.3844444444444444,-0.006379585326953818,4,6,2,5933748.0,0.3496521928467471,31.75
2026-06-15,SCOM,Safaricom Plc,23.1,34.2,31.4,31.9,31.75,31.15,0.6,0.0,5975724.0,-,Telecommunication,SCOM,Safaricom Plc,31.15,31.35,31.4,31.6,30.55,31.43,0.21965882636508385,31.419999999999998,0.2451756739791032,31.014999999999997,0.4760307376187501,0.9283625730994152,1.3744588744588744,0.019261637239165408,0,6,2,5890881.4,1.0144023609098631,31.75
2026-06-16,SCOM,Safaricom Plc,23.1,34.2,31.6,31.9,31.75,31.75,0.0,0.0,8442353.0,-,Telecommunication,SCOM,Safaricom Plc,31.75,31.15,31.35,31.5,31.0,31.48,0.2636285265294419,31.494999999999997,0.2153163047962398,31.1,0.4454447806760558,0.9283625730994152,1.3744588744588744,0.0,1,6,2,7510480.8,1.124076237569238,31.9
2026-06-17,SCOM,Safaricom Plc,23.1,34.2,31.65,32.2,31.9,31.75,0.15,0.0,27036284.0,-,Telecommunication,SCOM,Safaricom Plc,31.75,31.75,31.15,31.4,31.25,31.580000000000002,0.3154362059118791,31.560000000000002,0.23069941963996846,31.165,0.4631414470763375,0.9327485380116958,1.3809523809523807,0.0047244094488188,2,6,2,12867916.0,2.1010615860408164,32.0
2026-06-18,SCOM,Safaricom Plc,23.3,34.2,31.9,32.5,32.0,31.9,0.1,0.0,8879487.0,-,Telecommunication,SCOM,Safaricom Plc,31.9,31.75,31.75,31.35,31.45,31.71,0.3305298776208848,31.615000000000002,0.264627620965337,31.2375,0.47513848396792296,0.935672514619883,1.3733905579399142,0.0031347962382446415,3,6,2,10481719.2,0.8471403240796606,32.65
2026-06-19,SCOM,Safaricom Plc,23.75,34.2,32.2,32.8,32.65,32.0,0.65,0.0,3924397.0,-,Telecommunication,SCOM,Safaricom Plc,32.0,31.9,31.75,31.15,31.75,32.010000000000005,0.3731621631409933,31.705000000000002,0.4219333807341795,31.342499999999994,0.5424784739847426,0.9546783625730993,1.374736842105263,0.020312499999999956,4,6,2,10851649.0,0.36164061332982667,32.75
2026-06-22,SCOM,Safaricom Plc,23.9,34.2,32.4,33.0,32.75,32.65,0.1,0.0,10845650.0,-,Telecommunication,SCOM,Safaricom Plc,32.65,32.0,31.9,31.75,31.6,32.21,0.457438520459371,31.82,0.5323950079071375,31.45,0.5978029951853786,0.9576023391812865,1.3702928870292888,0.003062787136294043,0,6,2,11825634.2,0.9171305163489668,32.6
2026-06-23,SCOM,Safaricom Plc,23.9,34.2,32.35,32.8,32.6,32.75,-0.15,0.0,10160989.0,-,Telecommunication,SCOM,Safaricom Plc,32.75,32.65,32.0,31.75,31.5,32.38,0.3978064856183875,31.93,0.5711586664161011,31.5425,0.6262408734496095,0.9532163742690059,1.3640167364016738,-0.004580152671755711,1,6,2,12169361.4,0.8349648486895952,32.6
2026-06-24,SCOM,Safaricom Plc,24.0,34.2,32.4,32.8,32.6,32.6,0.0,0.0,2831695.0,-,Telecommunication,SCOM,Safaricom Plc,32.6,32.75,32.65,31.9,31.4,32.519999999999996,0.29706901555033655,32.05,0.5734883511361728,31.635,0.6395105035967062,0.9532163742690059,1.3583333333333334,0.0,2,6,2,7328443.6,0.38639787034725903,32.95
2026-06-25,SCOM,Safaricom Plc,24.2,34.2,32.6,33.7,32.95,32.6,0.35,0.0,16371492.0,-,Telecommunication,SCOM,Safaricom Plc,32.6,32.6,32.75,32.0,31.35,32.71,0.14747881203765764,32.21,0.5796550698475772,31.7375,0.6785966556450321,0.9634502923976608,1.3615702479338845,0.010736196319018454,3,6,2,8826844.6,1.8547388950293744,33.6
2026-06-26,SCOM,Safaricom Plc,24.9,34.2,33.05,34.0,33.6,32.95,0.65,0.0,717353.0,-,Telecommunication,SCOM,Safaricom Plc,32.95,32.6,32.6,32.65,31.15,32.900000000000006,0.41683330001336305,32.455,0.599281977777484,31.877499999999998,0.7590636544973968,0.9824561403508771,1.349397590361446,0.019726858877086473,4,6,2,8185435.8,0.08763772846401166,33.95
2026-06-29,SCOM,Safaricom Plc,24.9,37.3,33.5,34.2,33.95,33.6,0.35,0.0,12036647.0,-,Telecommunication,SCOM,Safaricom Plc,33.6,32.95,32.6,32.75,31.75,33.14,0.6097130472607736,32.675000000000004,0.7060256526658443,32.0475,0.8240584739088936,0.9101876675603219,1.3634538152610445,0.01041666666666674,0,6,2,8423635.2,1.4289136120234647,34.05
2026-06-30,SCOM,Safaricom Plc,25.0,37.3,33.95,37.3,34.05,33.95,0.1,0.0,2523262.0,-,Telecommunication,SCOM,Safaricom Plc,33.95,33.6,32.95,32.6,31.75,33.43,0.6330481814206579,32.905,0.7447781175923867,32.2,0.8988296483995791,0.9128686327077747,1.3619999999999999,0.002945508100147043,1,6,2,6896089.8,0.3658974974484816,
