Date,Code,Name,12m Low,12m High,Day Low,Day High,Day Price,Previous,Change,Change%,Volume,Adjusted Price
2-Jan-26,EGAD,Eaagads Ltd,11,35.25,18.5,20.5,20.3,20.5,-0.2,-0.98%,1136,-
2-Jan-26,KUKZ,Kakuzi Plc,365,440,390,405,402,402,-,-,84,-
2-Jan-26,KAPC,Kapchorua Tea Kenya Plc,198,424.25,230,235.75,233,231.5,1.5,0.65%,699,-
2-Jan-26,LIMT,Limuru Tea Plc,295,555,460,460,460,460,-,-,-,-
2-Jan-26,SASN,Sasini Plc,13.3,33.9,17.9,18.9,18.15,17.85,0.3,1.68%,4127,-
2-Jan-26,WTK,Williamson Tea Kenya Plc,136,350,149,155,150,149.5,0.5,0.33%,24702,-
2-Jan-26,CGEN,Car and General (K) Ltd,19.8,74.25,51,56,51,51,-,-,25,-
2-Jan-26,ABSA,ABSA Bank Kenya Plc,15,33,24.3,25.45,24.85,24.7,0.15,0.61%,140294,-
2-Jan-26,BKG,BK Group Plc,28.75,52,38.5,43,40.55,42.5,-1.95,-4.59%,2113,-
2-Jan-26,COOP,Co-operative Bank of Kenya Ltd,13.8,31.5,23.4,24,23.9,23.95,-0.05,-0.21%,125042,-
2-Jan-26,DTK,Diamond Trust Bank Kenya Ltd,66,170,113.5,115,114.75,114.5,0.25,0.22%,4393,-
2-Jan-26,EQTY,Equity Group Holdings Plc,41.2,80,66.5,67,67,66.75,0.25,0.37%,52955,-
2-Jan-26,HFCK,HF Group Ltd,5.3,11.5,9.98,10.05,10,9.96,0.04,0.40%,128891,-
2-Jan-26,IMH,I & M Holdings Plc,29.5,52,42.15,43,42.8,42.45,0.35,0.82%,111814,-
2-Jan-26,KCB,KCB Group Plc,37.5,80.5,65,66.5,65.75,65.75,-,-,199339,-
2-Jan-26,NCBA,NCBA Group Plc,48,100,84,86.5,85,84,1,1.19%,511699,-
2-Jan-26,SBIC,Stanbic Holdings Plc,147,300,197,198,197.75,197.75,-,-,2891,-
2-Jan-26,SCBK,Standard Chartered Bank Kenya Ltd,260,365,298,300,299.75,297.25,2.5,0.84%,10335,-
2-Jan-26,DCON,Deacons (East Africa) Plc,0.45,0.45,0.45,0.45,0.45,0.45,-,-,-,-
2-Jan-26,EVRD,Eveready East Africa Ltd,0.75,1.78,1.3,1.37,1.35,1.37,-0.02,-1.46%,8947,-
2-Jan-26,XPRS,Express Kenya Plc,2.8,10,7.28,7.6,7.5,7.4,0.1,1.35%,393,-
2-Jan-26,HBE,Homeboyz Entertainment Plc,4.66,4.66,4.66,4.66,4.66,4.66,-,-,-,-
2-Jan-26,KQ,Kenya Airways Plc,1.56,7.58,3.53,3.6,3.58,3.53,0.05,1.42%,53789,-
2-Jan-26,LKL,Longhorn Publishers Plc,2.35,3.5,2.9,3,2.9,2.9,-,-,33219,-
2-Jan-26,NBV,Nairobi Business Ventures Ltd,1.33,2.16,1.4,1.52,1.44,1.47,-0.03,-2.04%,32879,-
2-Jan-26,NMG,Nation Media Group Plc,10.05,20,11.6,12.7,12.7,11.55,1.15,9.96%,1257,-
2-Jan-26,SMER,Sameer Africa Plc,2.7,21.5,13.1,14.45,14,14.25,-0.25,-1.75%,4405,-
2-Jan-26,SGL,Standard Group Plc,5.2,7.14,5.9,6.64,6.58,6.04,0.54,8.94%,28858,-
2-Jan-26,TPSE,TPS Eastern Africa (Serena) Ltd,13.05,18.2,15,15.9,15.55,14.7,0.85,5.78%,775,-
2-Jan-26,UCHM,Uchumi Supermarket Plc,0.23,2.93,1.13,1.13,1.13,1.03,0.1,9.71%,447614,-
2-Jan-26,SCAN,WPP ScanGroup Plc,2,3.33,2.48,2.5,2.5,2.55,-0.05,-1.96%,56877,-
2-Jan-26,ARM,ARM Cement Plc,5.55,5.55,5.55,5.55,5.55,5.55,-,-,-,-
2-Jan-26,BAMB,Bamburi Cement Ltd,47.2,56.5,47.2,47.2,47.2,47.2,-,-,-,-
2-Jan-26,CRWN,Crown Paints Kenya Plc,33.95,70.75,54,59.75,54.25,54.5,-0.25,-0.46%,260,-
2-Jan-26,CABL,East African Cables Plc,1,2.44,1,1,1,1,-,-,-,-
2-Jan-26,PORT,East African Portland Cement Ltd,28,101,71,75,72.75,73.5,-0.75,-1.02%,219,-
2-Jan-26,KEGN,Kenya Electricity Generating Company Plc,4.7,10.75,9.06,9.2,9.18,9.18,-,-,626520,-
2-Jan-26,KPLC-P4,KPLC-P4,4,5,5,5,5,5,-,-,-,-
2-Jan-26,KPLC-P7,KPLC-P7,6,6,6,6,6,6,-,-,-,-
2-Jan-26,KPLC,Kenya Power and Lighting Company Plc,6,19,13.5,13.8,13.6,13.6,-,-,378530,-
2-Jan-26,TOTL,TotalEnergies Marketing Kenya Plc,21,47,37.5,40,37.9,38.55,-0.65,-1.69%,5572,-
2-Jan-26,UMME,Umeme Ltd,5.8,24.75,7.5,8,7.9,7.82,0.08,1.02%,113513,-
2-Jan-26,BRIT,Britam Holdings Plc,5.92,13.4,9,9.1,9.06,9.1,-0.04,-0.44%,16962,-
2-Jan-26,CIC,CIC Insurance Group Ltd,2.55,6.62,4.5,4.6,4.54,4.57,-0.03,-0.66%,135273,-
2-Jan-26,JUB,Jubilee Holdings Ltd,182,437.75,320,334,322.5,335,-12.5,-3.73%,222,-
2-Jan-26,KNRE,Kenya Re-Insurance Corporation Ltd,1.5,4.02,2.99,3.04,3,3.01,-0.01,-0.33%,1735806,-
2-Jan-26,LBTY,Liberty Kenya Holdings Ltd,9.1,12.2,9.1,10.25,9.98,10.1,-0.12,-1.19%,3459,-
2-Jan-26,SLAM,Sanlam Allianz Holdings (Kenya) Plc,5.5,11,8.2,8.8,8.78,8.46,0.32,3.78%,30364,-
2-Jan-26,CTUM,Centum Investment Company Plc,10.85,16.75,13.85,14,14,13.85,0.15,1.08%,13647,-
2-Jan-26,HAFR,Home Afrika Ltd,0.48,1.93,1.3,1.42,1.36,1.34,0.02,1.49%,294617,-
2-Jan-26,KURV,Kurwitu Ventures Ltd,1400,1500,1500,1500,1500,1500,-,-,-,-
2-Jan-26,OCH,Olympia Capital Holdings Ltd,3.12,9,7.5,9,8.72,8.22,0.5,6.08%,1873,-
2-Jan-26,TCL,Trans-Century Plc,0.71,1.39,0.71,0.71,0.71,0.71,-,-,-,-
2-Jan-26,NSE,Nairobi Securities Exchange Plc,6.5,25.9,20.3,21.5,20.65,20.25,0.4,1.98%,51536,-
2-Jan-26,AMAC,Africa Mega Agricorp Plc,51,120,70.5,70.5,70.5,70.5,-,-,-,-
2-Jan-26,BOC,BOC Kenya Plc,76,150,123,132,126,127,-1,-0.79%,257,-
2-Jan-26,BAT,British American Tobacco Kenya Plc,345,629,455,460,458.5,459,-0.5,-0.11%,960,-
2-Jan-26,CARB,Carbacid Investments Plc,18,33,29.3,29.35,29.35,29.35,-,-,3191,-
2-Jan-26,EABL,East African Breweries Ltd,167,351,261.5,270,267,263,4,1.52%,1018,-
2-Jan-26,FTGH,Flame Tree Group Holdings Ltd,1.05,3.11,1.57,1.65,1.59,1.57,0.02,1.27%,8309,-
2-Jan-26,MSC,Mumias Sugar Company Ltd,0.27,0.27,0.27,0.27,0.27,0.27,-,-,-,-
2-Jan-26,SKL,Shri Krishana Overseas Plc,5.8,12,7.4,8.2,8.14,8.16,-0.02,-0.25%,5462,-
2-Jan-26,UNGA,Unga Group Ltd,18.05,34,23,25,24.4,23.2,1.2,5.17%,295,-
2-Jan-26,SCOM,Safaricom Plc,17,34.2,28.25,28.95,28.5,28.35,0.15,0.53%,203295,-
2-Jan-26,LAPR,LAPTrust Imara Income-REIT,20,20,20,20,20,20,-,-,-,-
2-Jan-26,GLD,ABSA NewGold ETF,881,9800,5280,5690,5445,5395,50,0.93%,168,-
2-Jan-26,SMWF,Satrix MSCI World Feeder ETF,755,1050,866,893,871,871,-,-,79,-
2-Jan-26,^N10I,NSE 10-Share Index,1268.27,2271.75,1975.5,1975.5,1975.5,1965.2,10.3,0.52%,-,-
2-Jan-26,^N20I,NSE 20-Share Index,2092.84,3758.73,3140.93,3140.93,3140.93,3139.19,1.74,0.06%,-,-
2-Jan-26,^N25I,NSE 25-Share Index,3365.92,5948.29,5119.32,5119.32,5119.32,5096.68,22.64,0.44%,-,-
2-Jan-26,^NASI,NSE All-Share Index,125.33,216.69,187.35,187.35,187.35,186.58,0.77,0.41%,-,-
2-Jan-26,^NBSI,NSE Banking Sector Index,149.92,245.9,204.38,204.38,204.38,203.65,0.73,0.36%,-,-
2-Jan-26,^NBDI,NSE Bonds Index,1140.96,1210.41,1149.98,1149.98,1149.98,1154.5,-4.52,-0.39%,-,-
2-Jan-26,^ZKEQTK,Zamara Kenya Equity Index (KES),2473.14,4790.09,4094.35,4094.35,4094.35,4077.82,16.53,0.41%,-,-
2-Jan-26,^ZKEQTU,Zamara Kenya Equity Index (USD),1641.77,3197.11,2731.68,2731.68,2731.68,2721.71,9.97,0.37%,-,-
5-Jan-26,EGAD,Eaagads Ltd,11,35.25,20.3,20.3,20.3,20.3,-,-,-,-
5-Jan-26,KUKZ,Kakuzi Plc,365,440,402,405,402,402,-,-,27,-
5-Jan-26,KAPC,Kapchorua Tea Kenya Plc,198,424.25,233,235.75,234.25,233,1.25,0.54%,222,-
5-Jan-26,LIMT,Limuru Tea Plc,295,555,460,460,460,460,-,-,100,-
5-Jan-26,SASN,Sasini Plc,13.3,33.9,17.8,18.2,18,18.15,-0.15,-0.83%,4953,-
5-Jan-26,WTK,Williamson Tea Kenya Plc,138.5,350,149,155,149.5,150,-0.5,-0.33%,6561,-
5-Jan-26,CGEN,Car and General (K) Ltd,19.8,74.25,50.5,56,54,51,3,5.88%,2895,-
5-Jan-26,ABSA,ABSA Bank Kenya Plc,15,33,24,26,25.45,24.85,0.6,2.41%,253463,-
5-Jan-26,BKG,BK Group Plc,28.75,50,40,44.5,42.8,40.55,2.25,5.55%,29445,-
5-Jan-26,COOP,Co-operative Bank of Kenya Ltd,13.8,31.5,23.4,24,23.75,23.9,-0.15,-0.63%,188590,-
5-Jan-26,DTK,Diamond Trust Bank Kenya Ltd,66,170,113.75,115,114.25,114.75,-0.5,-0.44%,14380,-
5-Jan-26,EQTY,Equity Group Holdings Plc,41.2,80,67,68.25,67.25,67,0.25,0.37%,632144,-
5-Jan-26,HFCK,HF Group Ltd,5.3,11.5,9.96,10.35,10.05,10,0.05,0.50%,231897,-
5-Jan-26,IMH,I & M Holdings Plc,29.5,52,42.55,44.95,43,42.8,0.2,0.47%,23997,-
5-Jan-26,KCB,KCB Group Plc,35,80.5,64.5,66,65.5,65.75,-0.25,-0.38%,676772,-
5-Jan-26,NCBA,NCBA Group Plc,48,100,84.5,89,86,85,1,1.18%,12368,-
5-Jan-26,SBIC,Stanbic Holdings Plc,147,270,197,198,197,197.75,-0.75,-0.38%,85849,-
5-Jan-26,SCBK,Standard Chartered Bank Kenya Ltd,260,365,294,300,297,299.75,-2.75,-0.92%,9920,-
5-Jan-26,DCON,Deacons (East Africa) Plc,0.45,0.45,0.45,0.45,0.45,0.45,-,-,-,-
5-Jan-26,EVRD,Eveready East Africa Ltd,0.75,1.78,1.3,1.38,1.32,1.35,-0.03,-2.22%,66370,-
5-Jan-26,XPRS,Express Kenya Plc,2.8,10,7,7.38,7.24,7.5,-0.26,-3.47%,834,-
5-Jan-26,HBE,Homeboyz Entertainment Plc,4.66,4.66,4.66,4.66,4.66,4.66,-,-,-,-
5-Jan-26,KQ,Kenya Airways Plc,1.56,6.02,3.45,3.6,3.54,3.58,-0.04,-1.12%,84231,-
5-Jan-26,LKL,Longhorn Publishers Plc,2.35,3.5,2.68,2.9,2.78,2.9,-0.12,-4.14%,2687,-
5-Jan-26,NBV,Nairobi Business Ventures Ltd,1.33,2.16,1.4,1.52,1.42,1.44,-0.02,-1.39%,97983,-
5-Jan-26,NMG,Nation Media Group Plc,10.05,20,11.6,13.95,12.9,12.7,0.2,1.57%,7037,-
5-Jan-26,SMER,Sameer Africa Plc,2.7,21.5,13.4,14.1,13.55,14,-0.45,-3.21%,56774,-
5-Jan-26,SGL,Standard Group Plc,5.2,7.14,5.94,6.62,6.5,6.58,-0.08,-1.22%,4895,-
5-Jan-26,TPSE,TPS Eastern Africa (Serena) Ltd,13.05,18.2,15.8,15.95,15.9,15.55,0.35,2.25%,117,-
5-Jan-26,UCHM,Uchumi Supermarket Plc,0.23,2.93,1.24,1.24,1.24,1.13,0.11,9.73%,979388,-
5-Jan-26,SCAN,WPP ScanGroup Plc,2,3.4,2.49,2.6,2.5,2.5,-,-,3275,-
5-Jan-26,ARM,ARM Cement Plc,5.55,5.55,5.55,5.55,5.55,5.55,-,-,-,-
5-Jan-26,BAMB,Bamburi Cement Ltd,47.2,56.5,47.2,47.2,47.2,47.2,-,-,-,-
5-Jan-26,CRWN,Crown Paints Kenya Plc,30,70.75,54.5,59.5,55.5,54.25,1.25,2.30%,300,-
5-Jan-26,CABL,East African Cables Plc,1,2.44,1,1,1,1,-,-,-,-
5-Jan-26,PORT,East African Portland Cement Ltd,28,101,70,80,71.25,72.75,-1.5,-2.06%,1425,-
5-Jan-26,KEGN,Kenya Electricity Generating Company Plc,4.5,10.75,9.14,9.2,9.18,9.18,-,-,1995431,-
5-Jan-26,KPLC-P4,KPLC-P4,4,5,5,5,5,5,-,-,-,-
5-Jan-26,KPLC-P7,KPLC-P7,6,6,6,6,6,6,-,-,-,-
5-Jan-26,KPLC,Kenya Power and Lighting Company Plc,5.7,19,13.5,14,13.65,13.6,0.05,0.37%,857638,-
5-Jan-26,TOTL,TotalEnergies Marketing Kenya Plc,21,47,38,40,39.25,37.9,1.35,3.56%,3126,-
5-Jan-26,UMME,Umeme Ltd,5.8,24.75,7.7,8.38,7.9,7.9,-,-,160680,-
5-Jan-26,BRIT,Britam Holdings Plc,5.92,13.4,8.82,9.3,9.06,9.06,-,-,105358,-
5-Jan-26,CIC,CIC Insurance Group Ltd,2.55,6.62,4.44,4.59,4.55,4.54,0.01,0.22%,107086,-
5-Jan-26,JUB,Jubilee Holdings Ltd,182,437.75,333,334,322.5,322.5,-,-,67,-
5-Jan-26,KNRE,Kenya Re-Insurance Corporation Ltd,1.5,4.02,2.98,3.04,3,3,-,-,1656797,-
5-Jan-26,LBTY,Liberty Kenya Holdings Ltd,8.1,12.2,10,10.3,10.1,9.98,0.12,1.20%,10207,-
5-Jan-26,SLAM,Sanlam Allianz Holdings (Kenya) Plc,5.5,11,8.2,8.8,8.24,8.78,-0.54,-6.15%,17726,-
5-Jan-26,CTUM,Centum Investment Company Plc,10.85,16.75,12.75,14,13.1,14,-0.9,-6.43%,23660,-
5-Jan-26,HAFR,Home Afrika Ltd,0.48,1.93,1.34,1.39,1.37,1.36,0.01,0.74%,372942,-
5-Jan-26,KURV,Kurwitu Ventures Ltd,1400,1500,1500,1500,1500,1500,-,-,-,-
5-Jan-26,OCH,Olympia Capital Holdings Ltd,3.12,9,8.5,9,8.92,8.72,0.2,2.29%,8689,-
5-Jan-26,TCL,Trans-Century Plc,0.71,1.42,0.71,0.71,0.71,0.71,-,-,-,-
5-Jan-26,NSE,Nairobi Securities Exchange Plc,6.5,25.9,19.8,20.9,20.3,20.65,-0.35,-1.69%,79026,-
5-Jan-26,AMAC,Africa Mega Agricorp Plc,51,118.25,63.5,63.5,70.5,70.5,-,-,50,-
5-Jan-26,BOC,BOC Kenya Plc,76,150,120.5,132,125.5,126,-0.5,-0.40%,607,-
5-Jan-26,BAT,British American Tobacco Kenya Plc,345,629,450,459,454.5,458.5,-4,-0.87%,2619,-
5-Jan-26,CARB,Carbacid Investments Plc,18,33,29.35,29.75,29.5,29.35,0.15,0.51%,10552,-
5-Jan-26,EABL,East African Breweries Ltd,167,351,262,270,266.75,267,-0.25,-0.09%,1428,-
5-Jan-26,FTGH,Flame Tree Group Holdings Ltd,1.05,3.11,1.56,1.74,1.62,1.59,0.03,1.89%,161435,-
5-Jan-26,MSC,Mumias Sugar Company Ltd,0.27,0.27,0.27,0.27,0.27,0.27,-,-,-,-
5-Jan-26,SKL,Shri Krishana Overseas Plc,5.8,12,8.2,8.2,8.2,8.14,0.06,0.74%,129,-
5-Jan-26,UNGA,Unga Group Ltd,18.05,34,23.4,25,23.65,24.4,-0.75,-3.07%,1004,-
5-Jan-26,SCOM,Safaricom Plc,17,34.2,28.3,29.75,29,28.5,0.5,1.75%,1677382,-
5-Jan-26,LAPR,LAPTrust Imara Income-REIT,20,20,20,20,20,20,-,-,-,-
5-Jan-26,GLD,ABSA NewGold ETF,881,9800,5325,5840,5450,5445,5,0.09%,348,-
5-Jan-26,SMWF,Satrix MSCI World Feeder ETF,755,1050,866,870,867,871,-4,-0.46%,190,-
5-Jan-26,^N10I,NSE 10-Share Index,1250.85,2271.75,1987.76,1987.76,1987.76,1975.5,12.26,0.62%,-,-
5-Jan-26,^N20I,NSE 20-Share Index,2092.84,3758.73,3144.48,3144.48,3144.48,3140.93,3.55,0.11%,-,-
5-Jan-26,^N25I,NSE 25-Share Index,3314.15,5948.29,5147.31,5147.31,5147.31,5119.32,27.99,0.55%,-,-
5-Jan-26,^NASI,NSE All-Share Index,123.6,216.69,188.87,188.87,188.87,187.35,1.52,0.81%,-,-
5-Jan-26,^NBSI,NSE Banking Sector Index,149.92,245.9,204.98,204.98,204.98,204.38,0.6,0.29%,-,-
5-Jan-26,^NBDI,NSE Bonds Index,1140.96,1210.41,1150.68,1150.68,1150.68,1149.98,0.7,0.06%,-,-
5-Jan-26,^ZKEQTK,Zamara Kenya Equity Index (KES),2424.57,4790.09,4110.02,4110.02,4110.02,4094.35,15.67,0.38%,-,-
5-Jan-26,^ZKEQTU,Zamara Kenya Equity Index (USD),1610.77,3197.11,2743.2,2743.2,2743.2,2731.68,11.52,0.42%,-,-
6-Jan-26,EGAD,Eaagads Ltd,11,35.25,19,21,19.25,20.3,-1.05,-5.17%,1789,-
6-Jan-26,KUKZ,Kakuzi Plc,365,440,403,405,403.75,402,1.75,0.44%,107,-
6-Jan-26,KAPC,Kapchorua Tea Kenya Plc,198,424.25,233,236,235.5,234.25,1.25,0.53%,7357,-
6-Jan-26,LIMT,Limuru Tea Plc,295,555,460,460,460,460,-,-,301,-
6-Jan-26,SASN,Sasini Plc,13.3,33.9,17.95,18.2,18,18,-,-,51076,-
6-Jan-26,WTK,Williamson Tea Kenya Plc,136,350,148.5,149.5,149,149.5,-0.5,-0.33%,7036,-
6-Jan-26,CGEN,Car and General (K) Ltd,19.8,74.25,55,56,55.75,54,1.75,3.24%,7909,-
6-Jan-26,ABSA,ABSA Bank Kenya Plc,15,33,25,26.5,26.05,25.45,0.6,2.36%,544062,-
6-Jan-26,BKG,BK Group Plc,28.75,50,42.5,43,42.8,42.8,-,-,535,-
6-Jan-26,COOP,Co-operative Bank of Kenya Ltd,13.8,31.5,23.75,25,24.75,23.75,1,4.21%,702663,-
6-Jan-26,DTK,Diamond Trust Bank Kenya Ltd,66,170,114,115,115,114.25,0.75,0.66%,17705,-
6-Jan-26,EQTY,Equity Group Holdings Plc,41.2,80,67.75,69.75,69.25,67.25,2,2.97%,2266985,-
6-Jan-26,HFCK,HF Group Ltd,5.3,11.5,10.05,10.35,10.05,10.05,-,-,306476,-
6-Jan-26,IMH,I & M Holdings Plc,29.5,52,43.1,43.8,43.6,43,0.6,1.40%,251695,-
6-Jan-26,KCB,KCB Group Plc,35,80.5,65.5,66.75,66.25,65.5,0.75,1.15%,2390812,-
6-Jan-26,NCBA,NCBA Group Plc,48,100,86,90,90,86,4,4.65%,503028,-
6-Jan-26,SBIC,Stanbic Holdings Plc,147,270,197,199.75,197.25,197,0.25,0.13%,12504,-
6-Jan-26,SCBK,Standard Chartered Bank Kenya Ltd,260,365,295,300,298.25,297,1.25,0.42%,6889,-
6-Jan-26,DCON,Deacons (East Africa) Plc,0.45,0.45,0.45,0.45,0.45,0.45,-,-,-,-
6-Jan-26,EVRD,Eveready East Africa Ltd,0.75,1.78,1.29,1.35,1.32,1.32,-,-,21939,-
6-Jan-26,XPRS,Express Kenya Plc,2.8,10,7,7.38,7,7.24,-0.24,-3.31%,11675,-
6-Jan-26,HBE,Homeboyz Entertainment Plc,4.66,4.66,4.66,4.66,4.66,4.66,-,-,-,-
6-Jan-26,KQ,Kenya Airways Plc,1.56,6.02,3.4,3.6,3.49,3.54,-0.05,-1.41%,520139,-
6-Jan-26,LKL,Longhorn Publishers Plc,2.35,3.5,2.55,2.78,2.64,2.78,-0.14,-5.04%,1165,-
6-Jan-26,NBV,Nairobi Business Ventures Ltd,1.33,2.16,1.38,1.48,1.4,1.42,-0.02,-1.41%,32015,-
6-Jan-26,NMG,Nation Media Group Plc,10.05,20,11.7,13,11.9,12.9,-1,-7.75%,106225,-
6-Jan-26,SMER,Sameer Africa Plc,2.7,21.5,12.85,13.95,13.75,13.55,0.2,1.48%,13226,-
6-Jan-26,SGL,Standard Group Plc,5.2,7.14,5.9,6.3,5.96,6.5,-0.54,-8.31%,2898,-
6-Jan-26,TPSE,TPS Eastern Africa (Serena) Ltd,13.05,18.2,15,15.75,15.2,15.9,-0.7,-4.40%,3086,-
6-Jan-26,UCHM,Uchumi Supermarket Plc,0.23,2.93,1.12,1.36,1.29,1.24,0.05,4.03%,2725511,-
6-Jan-26,SCAN,WPP ScanGroup Plc,2,3.4,2.4,2.6,2.49,2.5,-0.01,-0.40%,45096,-
6-Jan-26,ARM,ARM Cement Plc,5.55,5.55,5.55,5.55,5.55,5.55,-,-,-,-
6-Jan-26,BAMB,Bamburi Cement Ltd,47.2,56.5,47.2,47.2,47.2,47.2,-,-,-,-
6-Jan-26,CRWN,Crown Paints Kenya Plc,30,70.75,57.5,58,55.5,55.5,-,-,24,-
6-Jan-26,CABL,East African Cables Plc,1,2.44,1,1,1,1,-,-,-,-
6-Jan-26,PORT,East African Portland Cement Ltd,28,101,67.5,71.5,69.25,71.25,-2,-2.81%,932,-
6-Jan-26,KEGN,Kenya Electricity Generating Company Plc,4.5,10.75,9.12,9.2,9.16,9.18,-0.02,-0.22%,1150442,-
6-Jan-26,KPLC-P4,KPLC-P4,4,5,5,5,5,5,-,-,-,-
6-Jan-26,KPLC-P7,KPLC-P7,6,6,6,6,6,6,-,-,-,-
6-Jan-26,KPLC,Kenya Power and Lighting Company Plc,5.7,19,13.85,14.5,14,13.65,0.35,2.56%,742484,-
6-Jan-26,TOTL,TotalEnergies Marketing Kenya Plc,21,47,39,39.5,39.4,39.25,0.15,0.38%,1848,-
6-Jan-26,UMME,Umeme Ltd,5.8,24.75,7.5,8.1,7.72,7.9,-0.18,-2.28%,117277,-
6-Jan-26,BRIT,Britam Holdings Plc,5.92,13.4,8.72,9.18,9.06,9.06,-,-,134426,-
6-Jan-26,CIC,CIC Insurance Group Ltd,2.55,6.62,4.41,4.6,4.56,4.55,0.01,0.22%,60340,-
6-Jan-26,JUB,Jubilee Holdings Ltd,182,437.75,320,345,335,322.5,12.5,3.88%,22634,-
6-Jan-26,KNRE,Kenya Re-Insurance Corporation Ltd,1.5,4.02,3,3.05,3.01,3,0.01,0.33%,2285565,-
6-Jan-26,LBTY,Liberty Kenya Holdings Ltd,9.1,12.2,10.1,10.3,10.2,10.1,0.1,0.99%,769,-
6-Jan-26,SLAM,Sanlam Allianz Holdings (Kenya) Plc,5.5,11,8.04,8.5,8.1,8.24,-0.14,-1.70%,16698,-
6-Jan-26,CTUM,Centum Investment Company Plc,10.85,16.75,12.95,13.95,13.45,13.1,0.35,2.67%,1220,-
6-Jan-26,HAFR,Home Afrika Ltd,0.48,1.93,1.24,1.39,1.29,1.37,-0.08,-5.84%,991930,-
6-Jan-26,KURV,Kurwitu Ventures Ltd,1400,1500,1500,1500,1500,1500,-,-,-,-
6-Jan-26,OCH,Olympia Capital Holdings Ltd,3.12,9,8.04,8.9,8.44,8.92,-0.48,-5.38%,1137,-
6-Jan-26,TCL,Trans-Century Plc,0.71,1.42,0.71,0.71,0.71,0.71,-,-,-,-
6-Jan-26,NSE,Nairobi Securities Exchange Plc,6.5,25.9,19.1,20.9,20,20.3,-0.3,-1.48%,42159,-
6-Jan-26,AMAC,Africa Mega Agricorp Plc,51,118.25,63.5,63.5,70.5,70.5,-,-,30,-
6-Jan-26,BOC,BOC Kenya Plc,76,150,127,132,127,125.5,1.5,1.20%,8691,-
6-Jan-26,BAT,British American Tobacco Kenya Plc,345,629,454.5,466,463,454.5,8.5,1.87%,1853,-
6-Jan-26,CARB,Carbacid Investments Plc,18,33,29.4,29.75,29.45,29.5,-0.05,-0.17%,10963,-
6-Jan-26,EABL,East African Breweries Ltd,167,351,263,268,266.25,266.75,-0.5,-0.19%,4448,-
6-Jan-26,FTGH,Flame Tree Group Holdings Ltd,1.05,3.11,1.62,1.75,1.71,1.62,0.09,5.56%,25374,-
6-Jan-26,MSC,Mumias Sugar Company Ltd,0.27,0.27,0.27,0.27,0.27,0.27,-,-,-,-
6-Jan-26,SKL,Shri Krishana Overseas Plc,5.8,12,7.5,8.2,8.12,8.2,-0.08,-0.98%,141,-
6-Jan-26,UNGA,Unga Group Ltd,18.05,34,21.3,25,22.4,23.65,-1.25,-5.29%,578,-
6-Jan-26,SCOM,Safaricom Plc,17,34.2,28.7,29.5,29,29,-,-,11960173,-
6-Jan-26,LAPR,LAPTrust Imara Income-REIT,20,20,20,20,20,20,-,-,-,-
6-Jan-26,GLD,ABSA NewGold ETF,881,9800,5365,5750,5375,5450,-75,-1.38%,1557,-
6-Jan-26,SMWF,Satrix MSCI World Feeder ETF,755,1050,821,873,850,867,-17,-1.96%,235,-
6-Jan-26,^N10I,NSE 10-Share Index,1250.85,2271.75,2016.62,2016.62,2016.62,1987.76,28.86,1.45%,-,-
6-Jan-26,^N20I,NSE 20-Share Index,2092.84,3758.73,3183.75,3183.75,3183.75,3144.48,39.27,1.25%,-,-
6-Jan-26,^N25I,NSE 25-Share Index,3314.15,5948.29,5230.68,5230.68,5230.68,5147.31,83.37,1.62%,-,-
6-Jan-26,^NASI,NSE All-Share Index,123.6,216.69,190.68,190.68,190.68,188.87,1.81,0.96%,-,-
6-Jan-26,^NBSI,NSE Banking Sector Index,149.92,245.9,209.6,209.6,209.6,204.98,4.62,2.25%,-,-
6-Jan-26,^NBDI,NSE Bonds Index,1140.96,1210.41,1151.64,1151.64,1151.64,1150.68,0.96,0.08%,-,-
6-Jan-26,^ZKEQTK,Zamara Kenya Equity Index (KES),2424.57,4790.09,4164.37,4164.37,4164.37,4110.02,54.35,1.32%,-,-
6-Jan-26,^ZKEQTU,Zamara Kenya Equity Index (USD),1610.77,3197.11,2780.55,2780.55,2780.55,2743.2,37.35,1.36%,-,-
7-Jan-26,EGAD,Eaagads Ltd,11,35.25,18.5,19.5,19.3,19.25,0.05,0.26%,1826,-
7-Jan-26,KUKZ,Kakuzi Plc,365,440,400,405,402.75,403.75,-1,-0.25%,133,-
7-Jan-26,KAPC,Kapchorua Tea Kenya Plc,198,424.25,234.25,240,237,235.5,1.5,0.64%,1815,-
7-Jan-26,LIMT,Limuru Tea Plc,295,555,460,460,460,460,-,-,-,-
7-Jan-26,SASN,Sasini Plc,13.3,33.9,17.85,18.2,18,18,-,-,3193,-
7-Jan-26,WTK,Williamson Tea Kenya Plc,136,350,148.75,149.5,149,149,-,-,6815,-
7-Jan-26,CGEN,Car and General (K) Ltd,19.8,74.25,55.75,56,56,55.75,0.25,0.45%,1240,-
7-Jan-26,ABSA,ABSA Bank Kenya Plc,15,33,25,26,25.65,26.05,-0.4,-1.54%,345242,-
7-Jan-26,BKG,BK Group Plc,28.75,50,40.3,43.95,43.1,42.8,0.3,0.70%,874,-
7-Jan-26,COOP,Co-operative Bank of Kenya Ltd,13.8,31.5,24.8,26,25.75,24.75,1,4.04%,533918,-
7-Jan-26,DTK,Diamond Trust Bank Kenya Ltd,66,170,114.75,119,115,115,-,-,20465,-
7-Jan-26,EQTY,Equity Group Holdings Plc,41.2,80,68.25,70,69.5,69.25,0.25,0.36%,3801333,-
7-Jan-26,HFCK,HF Group Ltd,5.3,11.5,10.05,10.25,10.2,10.05,0.15,1.49%,461726,-
7-Jan-26,IMH,I & M Holdings Plc,29.5,52,43.5,44.95,44,43.6,0.4,0.92%,1022180,-
7-Jan-26,KCB,KCB Group Plc,35,80.5,65.25,66.5,66.25,66.25,-,-,1131827,-
7-Jan-26,NCBA,NCBA Group Plc,48,100,88,90,88.25,90,-1.75,-1.94%,134802,-
7-Jan-26,SBIC,Stanbic Holdings Plc,147,270,197,198,197,197.25,-0.25,-0.13%,241028,-
7-Jan-26,SCBK,Standard Chartered Bank Kenya Ltd,260,365,299,305,299.25,298.25,1,0.34%,46776,-
7-Jan-26,DCON,Deacons (East Africa) Plc,0.45,0.45,0.45,0.45,0.45,0.45,-,-,-,-
7-Jan-26,EVRD,Eveready East Africa Ltd,0.75,1.78,1.23,1.42,1.34,1.32,0.02,1.52%,30760,-
7-Jan-26,XPRS,Express Kenya Plc,2.8,10,7,7.38,7.02,7,0.02,0.29%,1272,-
7-Jan-26,HBE,Homeboyz Entertainment Plc,4.66,4.66,4.66,4.66,4.66,4.66,-,-,-,-
7-Jan-26,KQ,Kenya Airways Plc,1.56,6.02,3.36,3.56,3.48,3.49,-0.01,-0.29%,411520,-
7-Jan-26,LKL,Longhorn Publishers Plc,2.35,3.5,2.55,2.8,2.65,2.64,0.01,0.38%,5446,-
7-Jan-26,NBV,Nairobi Business Ventures Ltd,1.33,2.16,1.39,1.5,1.44,1.4,0.04,2.86%,19786,-
7-Jan-26,NMG,Nation Media Group Plc,10.05,20,11.8,12.95,11.85,11.9,-0.05,-0.42%,104399,-
7-Jan-26,SMER,Sameer Africa Plc,2.7,21.5,13.1,13.5,13.25,13.75,-0.5,-3.64%,12230,-
7-Jan-26,SGL,Standard Group Plc,5.2,7.14,5.86,6.2,5.88,5.96,-0.08,-1.34%,813,-
7-Jan-26,TPSE,TPS Eastern Africa (Serena) Ltd,13.05,18.2,15.25,15.75,15.3,15.2,0.1,0.66%,116,-
7-Jan-26,UCHM,Uchumi Supermarket Plc,0.23,2.93,1.28,1.34,1.32,1.29,0.03,2.33%,881977,-
7-Jan-26,SCAN,WPP ScanGroup Plc,2,3.4,2.45,2.65,2.53,2.49,0.04,1.61%,39034,-
7-Jan-26,ARM,ARM Cement Plc,5.55,5.55,5.55,5.55,5.55,5.55,-,-,-,-
7-Jan-26,BAMB,Bamburi Cement Ltd,47.2,56.5,47.2,47.2,47.2,47.2,-,-,-,-
7-Jan-26,CRWN,Crown Paints Kenya Plc,30,70.75,55.5,58,56.25,55.5,0.75,1.35%,3240,-
7-Jan-26,CABL,East African Cables Plc,1,2.44,1,1,1,1,-,-,-,-
7-Jan-26,PORT,East African Portland Cement Ltd,28,101,72.75,74.75,74.25,69.25,5,7.22%,432,-
7-Jan-26,KEGN,Kenya Electricity Generating Company Plc,4.5,10.75,9.16,9.28,9.2,9.16,0.04,0.44%,1736314,-
7-Jan-26,KPLC-P4,KPLC-P4,4,5,5,5,5,5,-,-,-,-
7-Jan-26,KPLC-P7,KPLC-P7,6,6,6,6,6,6,-,-,-,-
7-Jan-26,KPLC,Kenya Power and Lighting Company Plc,5.7,19,13.95,14.45,14.3,14,0.3,2.14%,720795,-
7-Jan-26,TOTL,TotalEnergies Marketing Kenya Plc,21,47,39,39.5,39.1,39.4,-0.3,-0.76%,1130,-
7-Jan-26,UMME,Umeme Ltd,5.8,24.75,8,8.3,8.18,7.72,0.46,5.96%,136047,-
7-Jan-26,BRIT,Britam Holdings Plc,5.92,13.4,9.06,9.3,9.2,9.06,0.14,1.55%,135084,-
7-Jan-26,CIC,CIC Insurance Group Ltd,2.55,6.62,4.48,4.6,4.51,4.56,-0.05,-1.10%,158613,-
7-Jan-26,JUB,Jubilee Holdings Ltd,182,437.75,330,335,335,335,-,-,20360,-
7-Jan-26,KNRE,Kenya Re-Insurance Corporation Ltd,1.5,4.02,3,3.3,3.17,3.01,0.16,5.32%,1791961,-
7-Jan-26,LBTY,Liberty Kenya Holdings Ltd,9.1,12.2,10.1,10.3,10.2,10.2,-,-,2036,-
7-Jan-26,SLAM,Sanlam Allianz Holdings (Kenya) Plc,5.5,11,8.1,8.5,8.38,8.1,0.28,3.46%,4016,-
7-Jan-26,CTUM,Centum Investment Company Plc,10.85,16.75,12.95,13.8,13.1,13.45,-0.35,-2.60%,90701,-
7-Jan-26,HAFR,Home Afrika Ltd,0.48,1.93,1.24,1.41,1.38,1.29,0.09,6.98%,1533283,-
7-Jan-26,KURV,Kurwitu Ventures Ltd,1400,1500,1500,1500,1500,1500,-,-,-,-
7-Jan-26,OCH,Olympia Capital Holdings Ltd,3.12,9,7.6,8.5,8.5,8.44,0.06,0.71%,66405,-
7-Jan-26,TCL,Trans-Century Plc,0.71,1.42,0.71,0.71,0.71,0.71,-,-,-,-
7-Jan-26,NSE,Nairobi Securities Exchange Plc,6.5,25.9,19.5,20.2,20,20,-,-,143802,-
7-Jan-26,AMAC,Africa Mega Agricorp Plc,51,118.25,63.5,63.5,70.5,70.5,-,-,20,-
7-Jan-26,BOC,BOC Kenya Plc,76,150,132,133,132,127,5,3.94%,680,-
7-Jan-26,BAT,British American Tobacco Kenya Plc,345,629,460,468,461.5,463,-1.5,-0.32%,5952,-
7-Jan-26,CARB,Carbacid Investments Plc,18,33,29.4,29.75,29.55,29.45,0.1,0.34%,23878,-
7-Jan-26,EABL,East African Breweries Ltd,167,351,264.75,267.75,265,266.25,-1.25,-0.47%,8482,-
7-Jan-26,FTGH,Flame Tree Group Holdings Ltd,1.05,3.11,1.68,1.75,1.7,1.71,-0.01,-0.58%,268809,-
7-Jan-26,MSC,Mumias Sugar Company Ltd,0.27,0.27,0.27,0.27,0.27,0.27,-,-,-,-
7-Jan-26,SKL,Shri Krishana Overseas Plc,5.8,12,7.42,8,7.5,8.12,-0.62,-7.64%,1175,-
7-Jan-26,UNGA,Unga Group Ltd,18.05,34,21.5,24,22.3,22.4,-0.1,-0.45%,2819,-
7-Jan-26,SCOM,Safaricom Plc,17,34.2,29,29.75,29.1,29,0.1,0.34%,14255776,-
7-Jan-26,LAPR,LAPTrust Imara Income-REIT,20,20,20,20,20,20,-,-,-,-
7-Jan-26,GLD,ABSA NewGold ETF,881,9800,5375,5375,5375,5375,-,-,-,-
7-Jan-26,SMWF,Satrix MSCI World Feeder ETF,755,1050,875,890,875,850,25,2.94%,107,-
7-Jan-26,^N10I,NSE 10-Share Index,1250.85,2271.75,2025.73,2025.73,2025.73,2016.62,9.11,0.45%,-,-
7-Jan-26,^N20I,NSE 20-Share Index,2092.84,3758.73,3198.42,3198.42,3198.42,3183.75,14.67,0.46%,-,-
7-Jan-26,^N25I,NSE 25-Share Index,3314.15,5948.29,5239.13,5239.13,5239.13,5230.68,8.45,0.16%,-,-
7-Jan-26,^NASI,NSE All-Share Index,123.6,216.69,191.27,191.27,191.27,190.68,0.59,0.31%,-,-
7-Jan-26,^NBSI,NSE Banking Sector Index,149.92,245.9,210.17,210.17,210.17,209.6,0.57,0.27%,-,-
7-Jan-26,^NBDI,NSE Bonds Index,1140.96,1210.41,1151.71,1151.71,1151.71,1151.64,0.07,0.01%,-,-
7-Jan-26,^ZKEQTK,Zamara Kenya Equity Index (KES),2424.57,4790.09,4176.53,4176.53,4176.53,4164.37,12.16,0.29%,-,-
7-Jan-26,^ZKEQTU,Zamara Kenya Equity Index (USD),1610.77,3197.11,2787.59,2787.59,2787.59,2780.55,7.04,0.25%,-,-
8-Jan-26,EGAD,Eaagads Ltd,11,35.25,18.5,19.3,19.15,19.3,-0.15,-0.78%,490,-
8-Jan-26,KUKZ,Kakuzi Plc,365,440,400,405,402.75,402.75,-,-,82,-
8-Jan-26,KAPC,Kapchorua Tea Kenya Plc,198,424.25,235,238,237.25,237,0.25,0.11%,133,-
8-Jan-26,LIMT,Limuru Tea Plc,295,555,460,460,460,460,-,-,50,-
8-Jan-26,SASN,Sasini Plc,13.3,33.9,17.9,18.35,18.2,18,0.2,1.11%,23733,-
8-Jan-26,WTK,Williamson Tea Kenya Plc,136,350,149,150,149.25,149,0.25,0.17%,55468,-
8-Jan-26,CGEN,Car and General (K) Ltd,19.8,74.25,56,58,56.25,56,0.25,0.45%,4456,-
8-Jan-26,ABSA,ABSA Bank Kenya Plc,15,33,25.1,25.75,25.5,25.65,-0.15,-0.58%,323372,-
8-Jan-26,BKG,BK Group Plc,28.75,50,40.35,43.9,41.4,43.1,-1.7,-3.94%,1613,-
8-Jan-26,COOP,Co-operative Bank of Kenya Ltd,13.8,31.5,25.5,26.5,26.1,25.75,0.35,1.36%,491368,-
8-Jan-26,DTK,Diamond Trust Bank Kenya Ltd,66,170,114.75,118,116.5,115,1.5,1.30%,24814,-
8-Jan-26,EQTY,Equity Group Holdings Plc,41.2,80,69,70,69.5,69.5,-,-,1696425,-
8-Jan-26,HFCK,HF Group Ltd,5.3,11.5,10.25,10.5,10.35,10.2,0.15,1.47%,195787,-
8-Jan-26,IMH,I & M Holdings Plc,29.5,52,44.2,45,44.95,44,0.95,2.16%,81005,-
8-Jan-26,KCB,KCB Group Plc,35,80.5,66.25,67.25,66.5,66.25,0.25,0.38%,308771,-
8-Jan-26,NCBA,NCBA Group Plc,48,100,88.75,90,89.5,88.25,1.25,1.42%,269137,-
8-Jan-26,SBIC,Stanbic Holdings Plc,147,270,197.25,197.75,197.75,197,0.75,0.38%,8078,-
8-Jan-26,SCBK,Standard Chartered Bank Kenya Ltd,260,365,300,310,302.25,299.25,3,1.00%,111303,-
8-Jan-26,DCON,Deacons (East Africa) Plc,0.45,0.45,0.45,0.45,0.45,0.45,-,-,-,-
8-Jan-26,EVRD,Eveready East Africa Ltd,0.75,1.78,1.21,1.39,1.29,1.34,-0.05,-3.73%,39767,-
8-Jan-26,XPRS,Express Kenya Plc,2.8,10,7.2,7.5,7.3,7.02,0.28,3.99%,29249,-
8-Jan-26,HBE,Homeboyz Entertainment Plc,4.66,4.66,4.66,4.66,4.66,4.66,-,-,-,-
8-Jan-26,KQ,Kenya Airways Plc,1.56,6.02,3.4,3.5,3.45,3.48,-0.03,-0.86%,470759,-
8-Jan-26,LKL,Longhorn Publishers Plc,2.35,3.5,2.7,2.9,2.86,2.65,0.21,7.92%,4389,-
8-Jan-26,NBV,Nairobi Business Ventures Ltd,1.33,2.16,1.39,1.49,1.4,1.44,-0.04,-2.78%,55709,-
8-Jan-26,NMG,Nation Media Group Plc,10.05,20,11.9,12.95,12.4,11.85,0.55,4.64%,6617,-
8-Jan-26,SMER,Sameer Africa Plc,2.7,21.5,12.85,14.45,13.95,13.25,0.7,5.28%,124183,-
8-Jan-26,SGL,Standard Group Plc,5.2,7.14,5.7,6.26,6.16,5.88,0.28,4.76%,3622,-
8-Jan-26,TPSE,TPS Eastern Africa (Serena) Ltd,13.05,18.2,15,15.75,15,15.3,-0.3,-1.96%,9201,-
8-Jan-26,UCHM,Uchumi Supermarket Plc,0.23,2.93,1.19,1.32,1.22,1.32,-0.1,-7.58%,699607,-
8-Jan-26,SCAN,WPP ScanGroup Plc,2,3.4,2.28,2.5,2.32,2.53,-0.21,-8.30%,93529,-
8-Jan-26,ARM,ARM Cement Plc,5.55,5.55,5.55,5.55,5.55,5.55,-,-,-,-
8-Jan-26,BAMB,Bamburi Cement Ltd,47.2,56.5,47.2,47.2,47.2,47.2,-,-,-,-
8-Jan-26,CRWN,Crown Paints Kenya Plc,30,70.75,56.5,58,56.75,56.25,0.5,0.89%,2487,-
8-Jan-26,CABL,East African Cables Plc,1,2.44,1,1,1,1,-,-,-,-
8-Jan-26,PORT,East African Portland Cement Ltd,28,101,70,75,73.5,74.25,-0.75,-1.01%,1211,-
8-Jan-26,KEGN,Kenya Electricity Generating Company Plc,4.5,10.75,9.3,9.74,9.5,9.2,0.3,3.26%,7906085,-
8-Jan-26,KPLC-P4,KPLC-P4,4,5,5,5,5,5,-,-,-,-
8-Jan-26,KPLC-P7,KPLC-P7,6,6,6,6,6,6,-,-,-,-
8-Jan-26,KPLC,Kenya Power and Lighting Company Plc,5.7,19,14.25,15.4,14.9,14.3,0.6,4.20%,2263492,-
8-Jan-26,TOTL,TotalEnergies Marketing Kenya Plc,21,47,39,39.35,39,39.1,-0.1,-0.26%,26063,-
8-Jan-26,UMME,Umeme Ltd,5.8,24.75,8.18,8.36,8.26,8.18,0.08,0.98%,356347,-
8-Jan-26,BRIT,Britam Holdings Plc,5.92,13.4,9.02,9.5,9.2,9.2,-,-,354237,-
8-Jan-26,CIC,CIC Insurance Group Ltd,2.55,6.62,4.3,4.6,4.59,4.51,0.08,1.77%,243013,-
8-Jan-26,JUB,Jubilee Holdings Ltd,182,437.75,344,360,345.75,335,10.75,3.21%,620,-
8-Jan-26,KNRE,Kenya Re-Insurance Corporation Ltd,1.5,4.02,3.15,3.29,3.18,3.17,0.01,0.32%,4054955,-
8-Jan-26,LBTY,Liberty Kenya Holdings Ltd,9.1,12.2,10.1,10.25,10.15,10.2,-0.05,-0.49%,8402,-
8-Jan-26,SLAM,Sanlam Allianz Holdings (Kenya) Plc,5.5,11,8.22,8.5,8.48,8.38,0.1,1.19%,123764,-
8-Jan-26,CTUM,Centum Investment Company Plc,10.85,16.75,12.9,13.5,12.95,13.1,-0.15,-1.15%,153804,-
8-Jan-26,HAFR,Home Afrika Ltd,0.48,1.93,1.25,1.38,1.33,1.38,-0.05,-3.62%,436732,-
8-Jan-26,KURV,Kurwitu Ventures Ltd,1400,1500,1500,1500,1500,1500,-,-,-,-
8-Jan-26,OCH,Olympia Capital Holdings Ltd,3.12,9,8.3,8.5,8.48,8.5,-0.02,-0.24%,58717,-
8-Jan-26,TCL,Trans-Century Plc,0.71,1.42,0.71,0.71,0.71,0.71,-,-,-,-
8-Jan-26,NSE,Nairobi Securities Exchange Plc,6.5,25.9,19.9,20.5,20.05,20,0.05,0.25%,59839,-
8-Jan-26,AMAC,Africa Mega Agricorp Plc,51,118.25,70.5,70.5,70.5,70.5,-,-,38,-
8-Jan-26,BOC,BOC Kenya Plc,76,150,130,133,133,132,1,0.76%,123,-
8-Jan-26,BAT,British American Tobacco Kenya Plc,345,629,465,469,467.25,461.5,5.75,1.25%,2693,-
8-Jan-26,CARB,Carbacid Investments Plc,18,33,29,29.55,29.2,29.55,-0.35,-1.18%,133158,-
8-Jan-26,EABL,East African Breweries Ltd,167,351,264,265,264.5,265,-0.5,-0.19%,3916,-
8-Jan-26,FTGH,Flame Tree Group Holdings Ltd,1.05,3.11,1.71,1.74,1.72,1.7,0.02,1.18%,148104,-
8-Jan-26,MSC,Mumias Sugar Company Ltd,0.27,0.27,0.27,0.27,0.27,0.27,-,-,-,-
8-Jan-26,SKL,Shri Krishana Overseas Plc,5.8,12,7.42,8.2,8.16,7.5,0.66,8.80%,2438,-
8-Jan-26,UNGA,Unga Group Ltd,18.05,34,21.3,23.5,22.85,22.3,0.55,2.47%,632,-
8-Jan-26,SCOM,Safaricom Plc,17,34.2,29.1,30,29.15,29.1,0.05,0.17%,7344434,-
8-Jan-26,LAPR,LAPTrust Imara Income-REIT,20,20,20,20,20,20,-,-,-,-
8-Jan-26,GLD,ABSA NewGold ETF,881,9800,5325,5770,5420,5375,45,0.84%,187,-
8-Jan-26,SMWF,Satrix MSCI World Feeder ETF,755,1050,870,875,874,875,-1,-0.11%,155,-
8-Jan-26,^N10I,NSE 10-Share Index,1250.85,2271.75,2032.54,2032.54,2032.54,2025.73,6.81,0.34%,-,-
8-Jan-26,^N20I,NSE 20-Share Index,2092.84,3758.73,3221.29,3221.29,3221.29,3198.42,22.87,0.72%,-,-
8-Jan-26,^N25I,NSE 25-Share Index,3314.15,5948.29,5264.11,5264.11,5264.11,5239.13,24.98,0.48%,-,-
8-Jan-26,^NASI,NSE All-Share Index,123.6,216.69,192.08,192.08,192.08,191.27,0.81,0.42%,-,-
8-Jan-26,^NBSI,NSE Banking Sector Index,149.92,245.9,211.42,211.42,211.42,210.17,1.25,0.59%,-,-
8-Jan-26,^NBDI,NSE Bonds Index,1140.96,1210.41,1151.59,1151.59,1151.59,1151.71,-0.12,-0.01%,-,-
8-Jan-26,^ZKEQTK,Zamara Kenya Equity Index (KES),2424.57,4790.09,4190.49,4190.49,4190.49,4176.53,13.96,0.33%,-,-
8-Jan-26,^ZKEQTU,Zamara Kenya Equity Index (USD),1610.77,3197.11,2797.99,2797.99,2797.99,2787.59,10.4,0.37%,-,-
9-Jan-26,EGAD,Eaagads Ltd,11,35.25,19.1,19.3,19.2,19.15,0.05,0.26%,2440,-
9-Jan-26,KUKZ,Kakuzi Plc,365,440,405,405,402.75,402.75,-,-,41,-
9-Jan-26,KAPC,Kapchorua Tea Kenya Plc,198,424.25,236,238,237.5,237.25,0.25,0.11%,2331,-
9-Jan-26,LIMT,Limuru Tea Plc,295,555,440,440,460,460,-,-,2,-
9-Jan-26,SASN,Sasini Plc,13.3,33.9,18,18.4,18.1,18.2,-0.1,-0.55%,29204,-
9-Jan-26,WTK,Williamson Tea Kenya Plc,136,350,149,150,149.5,149.25,0.25,0.17%,8038,-
9-Jan-26,CGEN,Car and General (K) Ltd,19.8,74.25,56,61.5,57.25,56.25,1,1.78%,518,-
9-Jan-26,ABSA,ABSA Bank Kenya Plc,15,33,25.35,26,25.55,25.5,0.05,0.20%,1961778,-
9-Jan-26,BKG,BK Group Plc,28.75,50,40.3,43.95,42.95,41.4,1.55,3.74%,28729,-
9-Jan-26,COOP,Co-operative Bank of Kenya Ltd,13.8,31.5,25.6,26.5,25.95,26.1,-0.15,-0.57%,381773,-
9-Jan-26,DTK,Diamond Trust Bank Kenya Ltd,66,170,116,117,116.5,116.5,-,-,13416,-
9-Jan-26,EQTY,Equity Group Holdings Plc,41.2,80,69.25,69.75,69.5,69.5,-,-,1598732,-
9-Jan-26,HFCK,HF Group Ltd,5.3,11.5,10.25,10.35,10.35,10.35,-,-,338806,-
9-Jan-26,IMH,I & M Holdings Plc,29.5,52,44.5,45,44.9,44.95,-0.05,-0.11%,1124866,-
9-Jan-26,KCB,KCB Group Plc,35,80.5,66.5,67.25,67,66.5,0.5,0.75%,1992615,-
9-Jan-26,NCBA,NCBA Group Plc,48,100,88.25,89.5,89,89.5,-0.5,-0.56%,65568,-
9-Jan-26,SBIC,Stanbic Holdings Plc,147,270,197.5,197.75,197.75,197.75,-,-,9127,-
9-Jan-26,SCBK,Standard Chartered Bank Kenya Ltd,260,365,303,310,305.75,302.25,3.5,1.16%,7051,-
9-Jan-26,DCON,Deacons (East Africa) Plc,0.45,0.45,0.45,0.45,0.45,0.45,-,-,-,-
9-Jan-26,EVRD,Eveready East Africa Ltd,0.75,1.78,1.27,1.41,1.37,1.29,0.08,6.20%,56602,-
9-Jan-26,XPRS,Express Kenya Plc,2.8,10,7.2,7.5,7.32,7.3,0.02,0.27%,1979,-
9-Jan-26,HBE,Homeboyz Entertainment Plc,4.66,4.66,4.66,4.66,4.66,4.66,-,-,-,-
9-Jan-26,KQ,Kenya Airways Plc,1.56,6.02,3.38,3.44,3.42,3.45,-0.03,-0.87%,159110,-
9-Jan-26,LKL,Longhorn Publishers Plc,2.35,3.5,2.8,2.9,2.81,2.86,-0.05,-1.75%,1423,-
9-Jan-26,NBV,Nairobi Business Ventures Ltd,1.33,2.16,1.39,1.53,1.41,1.4,0.01,0.71%,28671,-
9-Jan-26,NMG,Nation Media Group Plc,10.05,20,12,12.6,12,12.4,-0.4,-3.23%,45835,-
9-Jan-26,SMER,Sameer Africa Plc,2.7,21.5,13.05,15,14.4,13.95,0.45,3.23%,225607,-
9-Jan-26,SGL,Standard Group Plc,5.2,7.14,5.7,6.16,5.86,6.16,-0.3,-4.87%,5475,-
9-Jan-26,TPSE,TPS Eastern Africa (Serena) Ltd,13.05,18.2,14.7,15.75,15.55,15,0.55,3.67%,1383,-
9-Jan-26,UCHM,Uchumi Supermarket Plc,0.23,2.93,1.1,1.22,1.16,1.22,-0.06,-4.92%,586673,-
9-Jan-26,SCAN,WPP ScanGroup Plc,2,3.4,2.1,2.51,2.32,2.32,-,-,58277,-
9-Jan-26,ARM,ARM Cement Plc,5.55,5.55,5.55,5.55,5.55,5.55,-,-,-,-
9-Jan-26,BAMB,Bamburi Cement Ltd,47.2,56.5,47.2,47.2,47.2,47.2,-,-,-,-
9-Jan-26,CRWN,Crown Paints Kenya Plc,30,70.75,54.75,59,57.75,56.75,1,1.76%,4924,-
9-Jan-26,CABL,East African Cables Plc,1,2.44,1,1,1,1,-,-,-,-
9-Jan-26,PORT,East African Portland Cement Ltd,28,101,72,75.25,74.75,73.5,1.25,1.70%,2852,-
9-Jan-26,KEGN,Kenya Electricity Generating Company Plc,4.5,10.75,9.6,10.05,9.82,9.5,0.32,3.37%,2670368,-
9-Jan-26,KPLC-P4,KPLC-P4,4,5,5,5,5,5,-,-,-,-
9-Jan-26,KPLC-P7,KPLC-P7,6,6,6,6,6,6,-,-,-,-
9-Jan-26,KPLC,Kenya Power and Lighting Company Plc,5.7,19,14.9,15.5,15.05,14.9,0.15,1.01%,1941836,-
9-Jan-26,TOTL,TotalEnergies Marketing Kenya Plc,21,47,38.5,39.35,39,39,-,-,17126,-
9-Jan-26,UMME,Umeme Ltd,5.8,24.75,8,8.4,8.3,8.26,0.04,0.48%,977802,-
9-Jan-26,BRIT,Britam Holdings Plc,5.92,13.4,9.2,10.1,9.24,9.2,0.04,0.43%,384927,-
9-Jan-26,CIC,CIC Insurance Group Ltd,2.55,6.62,4.45,4.6,4.56,4.59,-0.03,-0.65%,134227,-
9-Jan-26,JUB,Jubilee Holdings Ltd,182,437.75,335,350,345.75,345.75,-,-,37,-
9-Jan-26,KNRE,Kenya Re-Insurance Corporation Ltd,1.5,4.02,3.15,3.2,3.17,3.18,-0.01,-0.31%,3342076,-
9-Jan-26,LBTY,Liberty Kenya Holdings Ltd,9.1,12.2,10.2,10.3,10.25,10.15,0.1,0.99%,17541,-
9-Jan-26,SLAM,Sanlam Allianz Holdings (Kenya) Plc,5.5,11,8.48,8.5,8.5,8.48,0.02,0.24%,7028,-
9-Jan-26,CTUM,Centum Investment Company Plc,10.85,16.75,13,13.5,13.35,12.95,0.4,3.09%,10293,-
9-Jan-26,HAFR,Home Afrika Ltd,0.48,1.93,1.29,1.38,1.32,1.33,-0.01,-0.75%,180682,-
9-Jan-26,KURV,Kurwitu Ventures Ltd,1400,1500,1500,1500,1500,1500,-,-,-,-
9-Jan-26,OCH,Olympia Capital Holdings Ltd,3.12,9,7.64,8.48,8.36,8.48,-0.12,-1.42%,7031,-
9-Jan-26,TCL,Trans-Century Plc,0.71,1.42,0.71,0.71,0.71,0.71,-,-,-,-
9-Jan-26,NSE,Nairobi Securities Exchange Plc,6.5,25.9,20,20.5,20.3,20.05,0.25,1.25%,293254,-
9-Jan-26,AMAC,Africa Mega Agricorp Plc,51,118.25,63.5,63.5,70.5,70.5,-,-,50,-
9-Jan-26,BOC,BOC Kenya Plc,76,150,130,133,130,133,-3,-2.26%,321,-
9-Jan-26,BAT,British American Tobacco Kenya Plc,345,629,465,469,467.75,467.25,0.5,0.11%,3570,-
9-Jan-26,CARB,Carbacid Investments Plc,18,33,28.5,29.6,29,29.2,-0.2,-0.68%,65286,-
9-Jan-26,EABL,East African Breweries Ltd,167,351,255,265,255.25,264.5,-9.25,-3.50%,126125,-
9-Jan-26,FTGH,Flame Tree Group Holdings Ltd,1.05,3.11,1.7,1.74,1.7,1.72,-0.02,-1.16%,67761,-
9-Jan-26,MSC,Mumias Sugar Company Ltd,0.27,0.27,0.27,0.27,0.27,0.27,-,-,-,-
9-Jan-26,SKL,Shri Krishana Overseas Plc,5.8,12,8,8.2,8.08,8.16,-0.08,-0.98%,1742,-
9-Jan-26,UNGA,Unga Group Ltd,18.05,34,22.1,25,24.4,22.85,1.55,6.78%,9099,-
9-Jan-26,SCOM,Safaricom Plc,17,34.2,28.7,29.45,29.1,29.15,-0.05,-0.17%,13483078,-
9-Jan-26,LAPR,LAPTrust Imara Income-REIT,20,20,20,20,20,20,-,-,-,-
9-Jan-26,GLD,ABSA NewGold ETF,881,9800,5375,5630,5380,5420,-40,-0.74%,117,-
9-Jan-26,SMWF,Satrix MSCI World Feeder ETF,755,1050,830,890,874,874,-,-,41,-
9-Jan-26,^N10I,NSE 10-Share Index,1250.85,2271.75,2022.61,2022.61,2022.61,2032.54,-9.93,-0.49%,-,-
9-Jan-26,^N20I,NSE 20-Share Index,2092.84,3758.73,3233.75,3233.75,3233.75,3221.29,12.46,0.39%,-,-
9-Jan-26,^N25I,NSE 25-Share Index,3314.15,5948.29,5245.74,5245.74,5245.74,5264.11,-18.37,-0.35%,-,-
9-Jan-26,^NASI,NSE All-Share Index,123.6,216.69,191.87,191.87,191.87,192.08,-0.21,-0.11%,-,-
9-Jan-26,^NBSI,NSE Banking Sector Index,149.92,245.9,211.72,211.72,211.72,211.42,0.3,0.14%,-,-
9-Jan-26,^NBDI,NSE Bonds Index,1140.96,1210.41,1157.65,1157.65,1157.65,1151.59,6.06,0.53%,-,-
9-Jan-26,^ZKEQTK,Zamara Kenya Equity Index (KES),2424.57,4790.09,4185.44,4185.44,4185.44,4190.49,-5.05,-0.12%,-,-
9-Jan-26,^ZKEQTU,Zamara Kenya Equity Index (USD),1610.77,3197.11,2794.62,2794.62,2794.62,2797.99,-3.37,-0.12%,-,-
12-Jan-26,EGAD,Eaagads Ltd,11,35.25,19.3,20.3,19.2,19.2,-,-,56,-
12-Jan-26,KUKZ,Kakuzi Plc,365,440,405,405,402.75,402.75,-,-,1,-
12-Jan-26,KAPC,Kapchorua Tea Kenya Plc,198,424.25,236,238,236.5,237.5,-1,-0.42%,1272,-
12-Jan-26,LIMT,Limuru Tea Plc,295,555,440,460,460,460,-,-,2,-
12-Jan-26,SASN,Sasini Plc,13.3,33.9,19,29.95,19.75,18.1,1.65,9.12%,30111,-
12-Jan-26,WTK,Williamson Tea Kenya Plc,136,350,149,155,151,149.5,1.5,1.00%,3764,-
12-Jan-26,CGEN,Car and General (K) Ltd,19.8,74.25,56,59.75,57.5,57.25,0.25,0.44%,889,-
12-Jan-26,ABSA,ABSA Bank Kenya Plc,15,33,25.3,26,25.7,25.55,0.15,0.59%,2483805,-
12-Jan-26,BKG,BK Group Plc,28.75,50,40.35,43.95,43.7,42.95,0.75,1.75%,298,-
12-Jan-26,COOP,Co-operative Bank of Kenya Ltd,13.8,31.5,25.5,26.25,26,25.95,0.05,0.19%,1441504,-
12-Jan-26,DTK,Diamond Trust Bank Kenya Ltd,66,170,116.5,118,117,116.5,0.5,0.43%,103775,-
12-Jan-26,EQTY,Equity Group Holdings Plc,41.2,80,69.25,69.75,69.5,69.5,-,-,89540,-
12-Jan-26,HFCK,HF Group Ltd,5.3,11.5,10.3,10.5,10.35,10.35,-,-,177327,-
12-Jan-26,IMH,I & M Holdings Plc,29.5,52,43,46,44.6,44.9,-0.3,-0.67%,302805,-
12-Jan-26,KCB,KCB Group Plc,35,80.5,66.5,68,67,67,-,-,432156,-
12-Jan-26,NCBA,NCBA Group Plc,48,100,88,90,89.25,89,0.25,0.28%,26981,-
12-Jan-26,SBIC,Stanbic Holdings Plc,147,270,197.5,198,198,197.75,0.25,0.13%,4153,-
12-Jan-26,SCBK,Standard Chartered Bank Kenya Ltd,260,365,305,310,307.5,305.75,1.75,0.57%,6229,-
12-Jan-26,DCON,Deacons (East Africa) Plc,0.45,0.45,0.45,0.45,0.45,0.45,-,-,-,-
12-Jan-26,EVRD,Eveready East Africa Ltd,0.75,1.78,1.35,1.42,1.4,1.37,0.03,2.19%,39671,-
12-Jan-26,XPRS,Express Kenya Plc,2.8,10,7.2,7.5,7.34,7.32,0.02,0.27%,1988,-
12-Jan-26,HBE,Homeboyz Entertainment Plc,4.66,4.66,4.66,4.66,4.66,4.66,-,-,-,-
12-Jan-26,KQ,Kenya Airways Plc,1.56,6.02,3.35,3.44,3.39,3.42,-0.03,-0.88%,234052,-
12-Jan-26,LKL,Longhorn Publishers Plc,2.35,3.5,2.58,2.9,2.78,2.81,-0.03,-1.07%,2515,-
12-Jan-26,NBV,Nairobi Business Ventures Ltd,1.33,2.16,1.39,1.55,1.44,1.41,0.03,2.13%,81707,-
12-Jan-26,NMG,Nation Media Group Plc,10.05,20,11.8,12.6,12.6,12,0.6,5.00%,39470,-
12-Jan-26,SMER,Sameer Africa Plc,2.7,21.5,14,14.95,14.5,14.4,0.1,0.69%,33499,-
12-Jan-26,SGL,Standard Group Plc,5.2,7.14,5.7,6.16,5.86,5.86,-,-,2168,-
12-Jan-26,TPSE,TPS Eastern Africa (Serena) Ltd,13.05,18.2,15.5,15.75,15.75,15.55,0.2,1.29%,9806,-
12-Jan-26,UCHM,Uchumi Supermarket Plc,0.23,2.93,1.1,1.27,1.21,1.16,0.05,4.31%,889275,-
12-Jan-26,SCAN,WPP ScanGroup Plc,2,3.4,2.3,2.55,2.36,2.32,0.04,1.72%,52171,-
12-Jan-26,ARM,ARM Cement Plc,5.55,5.55,5.55,5.55,5.55,5.55,-,-,-,-
12-Jan-26,BAMB,Bamburi Cement Ltd,47.2,56.5,47.2,47.2,47.2,47.2,-,-,-,-
12-Jan-26,CRWN,Crown Paints Kenya Plc,30,70.75,52,58.75,55.25,57.75,-2.5,-4.33%,1666,-
12-Jan-26,CABL,East African Cables Plc,1,2.44,1,1,1,1,-,-,-,-
12-Jan-26,PORT,East African Portland Cement Ltd,28,101,74,82,81.5,74.75,6.75,9.03%,4351,-
12-Jan-26,KEGN,Kenya Electricity Generating Company Plc,4.5,10.75,9.82,9.96,9.9,9.82,0.08,0.81%,1750334,-
12-Jan-26,KPLC-P4,KPLC-P4,4,5,5,5,5,5,-,-,-,-
12-Jan-26,KPLC-P7,KPLC-P7,6,6,6,6,6,6,-,-,-,-
12-Jan-26,KPLC,Kenya Power and Lighting Company Plc,5.7,19,14.95,15.4,15.15,15.05,0.1,0.66%,935970,-
12-Jan-26,TOTL,TotalEnergies Marketing Kenya Plc,21,47,38,39.5,38.3,39,-0.7,-1.79%,19516,-
12-Jan-26,UMME,Umeme Ltd,5.8,24.75,8.14,8.4,8.26,8.3,-0.04,-0.48%,97109,-
12-Jan-26,BRIT,Britam Holdings Plc,5.92,13.4,9.24,9.5,9.46,9.24,0.22,2.38%,240481,-
12-Jan-26,CIC,CIC Insurance Group Ltd,2.55,6.62,4.42,4.6,4.49,4.56,-0.07,-1.54%,422475,-
12-Jan-26,JUB,Jubilee Holdings Ltd,182,437.75,335,350,338,345.75,-7.75,-2.24%,541,-
12-Jan-26,KNRE,Kenya Re-Insurance Corporation Ltd,1.5,4.02,3.15,3.2,3.18,3.17,0.01,0.32%,773597,-
12-Jan-26,LBTY,Liberty Kenya Holdings Ltd,9.1,12.2,10.1,10.5,10.2,10.25,-0.05,-0.49%,14521,-
12-Jan-26,SLAM,Sanlam Allianz Holdings (Kenya) Plc,5.5,11,8.48,8.5,8.5,8.5,-,-,56031,-
12-Jan-26,CTUM,Centum Investment Company Plc,10.85,16.75,13.05,13.95,13.6,13.35,0.25,1.87%,29411,-
12-Jan-26,HAFR,Home Afrika Ltd,0.48,1.93,1.28,1.32,1.29,1.32,-0.03,-2.27%,336058,-
12-Jan-26,KURV,Kurwitu Ventures Ltd,1400,1500,1500,1500,1500,1500,-,-,-,-
12-Jan-26,OCH,Olympia Capital Holdings Ltd,3.12,9,8.3,8.5,8.46,8.36,0.1,1.20%,32831,-
12-Jan-26,TCL,Trans-Century Plc,0.71,1.42,0.71,0.71,0.71,0.71,-,-,-,-
12-Jan-26,NSE,Nairobi Securities Exchange Plc,6.5,25.9,20,20.5,20.2,20.3,-0.1,-0.49%,52899,-
12-Jan-26,AMAC,Africa Mega Agricorp Plc,51,118.25,63.5,63.5,70.5,70.5,-,-,99,-
12-Jan-26,BOC,BOC Kenya Plc,76,150,126,133,129.75,130,-0.25,-0.19%,831,-
12-Jan-26,BAT,British American Tobacco Kenya Plc,345,629,465,469,467.5,467.75,-0.25,-0.05%,1576,-
12-Jan-26,CARB,Carbacid Investments Plc,18,33,28.5,29.6,29.05,29,0.05,0.17%,16346,-
12-Jan-26,EABL,East African Breweries Ltd,167,351,254,258.5,255.5,255.25,0.25,0.10%,22707,-
12-Jan-26,FTGH,Flame Tree Group Holdings Ltd,1.05,3.11,1.7,1.75,1.74,1.7,0.04,2.35%,58905,-
12-Jan-26,MSC,Mumias Sugar Company Ltd,0.27,0.27,0.27,0.27,0.27,0.27,-,-,-,-
12-Jan-26,SKL,Shri Krishana Overseas Plc,5.8,12,7.4,8.2,8.18,8.08,0.1,1.24%,4823,-
12-Jan-26,UNGA,Unga Group Ltd,18.05,34,23.9,25,24.15,24.4,-0.25,-1.02%,2387,-
12-Jan-26,SCOM,Safaricom Plc,17,34.2,28.9,29.45,29.05,29.1,-0.05,-0.17%,5915195,-
12-Jan-26,LAPR,LAPTrust Imara Income-REIT,20,20,20,20,20,20,-,-,-,-
12-Jan-26,GLD,ABSA NewGold ETF,881,9800,5400,5600,5380,5380,-,-,6,-
12-Jan-26,SMWF,Satrix MSCI World Feeder ETF,755,1050,860,876,874,874,-,-,26,-
12-Jan-26,^N10I,NSE 10-Share Index,1250.85,2271.75,2023.21,2023.21,2023.21,2022.61,0.6,0.03%,-,-
12-Jan-26,^N20I,NSE 20-Share Index,2092.84,3758.73,3246.01,3246.01,3246.01,3233.75,12.26,0.38%,-,-
12-Jan-26,^N25I,NSE 25-Share Index,3314.15,5948.29,5250.2,5250.2,5250.2,5245.74,4.46,0.09%,-,-
12-Jan-26,^NASI,NSE All-Share Index,123.6,216.69,192,192,192,191.87,0.13,0.07%,-,-
12-Jan-26,^NBSI,NSE Banking Sector Index,149.92,245.9,212.06,212.06,212.06,211.72,0.34,0.16%,-,-
12-Jan-26,^NBDI,NSE Bonds Index,1140.96,1210.41,1167.15,1167.15,1167.15,1157.65,9.5,0.82%,-,-
12-Jan-26,^ZKEQTK,Zamara Kenya Equity Index (KES),2424.57,4790.09,4188.5,4188.5,4188.5,4185.44,3.06,0.07%,-,-
12-Jan-26,^ZKEQTU,Zamara Kenya Equity Index (USD),1610.77,3197.11,2796.66,2796.66,2796.66,2794.62,2.04,0.07%,-,-
13-Jan-26,EGAD,Eaagads Ltd,11,35.25,18.5,21,20.4,19.2,1.2,6.25%,926,-
13-Jan-26,KUKZ,Kakuzi Plc,365,440,405,405,405,402.75,2.25,0.56%,515,-
13-Jan-26,KAPC,Kapchorua Tea Kenya Plc,198,424.25,235.25,236.5,236,236.5,-0.5,-0.21%,492,-
13-Jan-26,LIMT,Limuru Tea Plc,295,555,460,460,460,460,-,-,4,-
13-Jan-26,SASN,Sasini Plc,13.3,33.9,19.6,21.65,20.3,19.75,0.55,2.78%,36268,-
13-Jan-26,WTK,Williamson Tea Kenya Plc,136,350,149,150,149.25,151,-1.75,-1.16%,17090,-
13-Jan-26,CGEN,Car and General (K) Ltd,19.8,74.25,56.25,57.5,56.5,57.5,-1,-1.74%,3900,-
13-Jan-26,ABSA,ABSA Bank Kenya Plc,15,33,25.6,26,25.7,25.7,-,-,1542924,-
13-Jan-26,BKG,BK Group Plc,28.75,50,42,43.75,43.5,43.7,-0.2,-0.46%,49807,-
13-Jan-26,COOP,Co-operative Bank of Kenya Ltd,13.8,31.5,25.95,27,26.45,26,0.45,1.73%,1372754,-
13-Jan-26,DTK,Diamond Trust Bank Kenya Ltd,66,170,116.5,118,117,117,-,-,32078,-
13-Jan-26,EQTY,Equity Group Holdings Plc,41.2,80,69,69.5,69.25,69.5,-0.25,-0.36%,318775,-
13-Jan-26,HFCK,HF Group Ltd,5.3,11.5,10.2,10.55,10.3,10.35,-0.05,-0.48%,724571,-
13-Jan-26,IMH,I & M Holdings Plc,29.5,52,44.5,45,44.9,44.6,0.3,0.67%,364102,-
13-Jan-26,KCB,KCB Group Plc,35,80.5,66.5,67,67,67,-,-,384328,-
13-Jan-26,NCBA,NCBA Group Plc,48,100,88.25,89.5,88.75,89.25,-0.5,-0.56%,229183,-
13-Jan-26,SBIC,Stanbic Holdings Plc,147,270,197.5,199.75,198,198,-,-,105586,-
13-Jan-26,SCBK,Standard Chartered Bank Kenya Ltd,260,365,302.25,310,306.5,307.5,-1,-0.33%,67553,-
13-Jan-26,DCON,Deacons (East Africa) Plc,0.45,0.45,0.45,0.45,0.45,0.45,-,-,-,-
13-Jan-26,EVRD,Eveready East Africa Ltd,0.75,1.78,1.3,1.4,1.37,1.4,-0.03,-2.14%,10475,-
13-Jan-26,XPRS,Express Kenya Plc,2.8,10,7.46,7.5,7.48,7.34,0.14,1.91%,1442,-
13-Jan-26,HBE,Homeboyz Entertainment Plc,4.66,4.66,4.66,4.66,4.66,4.66,-,-,-,-
13-Jan-26,KQ,Kenya Airways Plc,1.56,6.02,3.2,3.4,3.29,3.39,-0.1,-2.95%,369534,-
13-Jan-26,LKL,Longhorn Publishers Plc,2.35,3.5,2.6,3.01,2.67,2.78,-0.11,-3.96%,3184,-
13-Jan-26,NBV,Nairobi Business Ventures Ltd,1.33,2.16,1.39,1.49,1.41,1.44,-0.03,-2.08%,38168,-
13-Jan-26,NMG,Nation Media Group Plc,10.05,20,12.6,12.95,12.75,12.6,0.15,1.19%,11436,-
13-Jan-26,SMER,Sameer Africa Plc,2.7,21.5,14.1,14.95,14.75,14.5,0.25,1.72%,10135,-
13-Jan-26,SGL,Standard Group Plc,5.2,7.14,6.12,6.14,6.12,5.86,0.26,4.44%,1322,-
13-Jan-26,TPSE,TPS Eastern Africa (Serena) Ltd,13.05,18.2,15.75,15.75,15.75,15.75,-,-,9,-
13-Jan-26,UCHM,Uchumi Supermarket Plc,0.23,2.93,1.15,1.28,1.21,1.21,-,-,524154,-
13-Jan-26,SCAN,WPP ScanGroup Plc,2,3.4,2.3,2.36,2.34,2.36,-0.02,-0.85%,41213,-
13-Jan-26,ARM,ARM Cement Plc,5.55,5.55,5.55,5.55,5.55,5.55,-,-,-,-
13-Jan-26,BAMB,Bamburi Cement Ltd,47.2,56.5,47.2,47.2,47.2,47.2,-,-,-,-
13-Jan-26,CRWN,Crown Paints Kenya Plc,30,70.75,53,58.25,56.25,55.25,1,1.81%,142,-
13-Jan-26,CABL,East African Cables Plc,1,2.44,1,1,1,1,-,-,-,-
13-Jan-26,PORT,East African Portland Cement Ltd,28,101,74.75,82,81.5,81.5,-,-,1410,-
13-Jan-26,KEGN,Kenya Electricity Generating Company Plc,4.5,10.75,9.8,9.98,9.9,9.9,-,-,3387765,-
13-Jan-26,KPLC-P4,KPLC-P4,4,5,5,5,5,5,-,-,-,-
13-Jan-26,KPLC-P7,KPLC-P7,6,6,6,6,6,6,-,-,-,-
13-Jan-26,KPLC,Kenya Power and Lighting Company Plc,5.7,19,14.85,15.3,15.05,15.15,-0.1,-0.66%,1228546,-
13-Jan-26,TOTL,TotalEnergies Marketing Kenya Plc,21,47,38,39.5,38.2,38.3,-0.1,-0.26%,23246,-
13-Jan-26,UMME,Umeme Ltd,5.8,24.75,8.16,8.4,8.28,8.26,0.02,0.24%,168316,-
13-Jan-26,BRIT,Britam Holdings Plc,5.92,13.4,9.2,9.9,9.6,9.46,0.14,1.48%,174599,-
13-Jan-26,CIC,CIC Insurance Group Ltd,2.55,6.62,4.5,4.6,4.53,4.49,0.04,0.89%,195502,-
13-Jan-26,JUB,Jubilee Holdings Ltd,182,437.75,345,349,345.5,338,7.5,2.22%,1448,-
13-Jan-26,KNRE,Kenya Re-Insurance Corporation Ltd,1.5,4.02,3.15,3.19,3.18,3.18,-,-,1718366,-
13-Jan-26,LBTY,Liberty Kenya Holdings Ltd,9.1,12.2,10.15,10.2,10.2,10.2,-,-,8927,-
13-Jan-26,SLAM,Sanlam Allianz Holdings (Kenya) Plc,5.5,11,8.48,8.5,8.5,8.5,-,-,43486,-
13-Jan-26,CTUM,Centum Investment Company Plc,10.85,16.75,13,13.75,13.2,13.6,-0.4,-2.94%,50256,-
13-Jan-26,HAFR,Home Afrika Ltd,0.48,1.93,1.24,1.3,1.26,1.29,-0.03,-2.33%,256350,-
13-Jan-26,KURV,Kurwitu Ventures Ltd,1400,1500,1500,1500,1500,1500,-,-,-,-
13-Jan-26,OCH,Olympia Capital Holdings Ltd,3.12,9,8.4,8.5,8.5,8.46,0.04,0.47%,8783,-
13-Jan-26,TCL,Trans-Century Plc,0.71,1.42,0.71,0.71,0.71,0.71,-,-,-,-
13-Jan-26,NSE,Nairobi Securities Exchange Plc,6.5,25.9,20.2,20.5,20.4,20.2,0.2,0.99%,54750,-
13-Jan-26,AMAC,Africa Mega Agricorp Plc,51,118.25,70.5,70.5,70.5,70.5,-,-,-,-
13-Jan-26,BOC,BOC Kenya Plc,76,150,133,133,129.75,129.75,-,-,57,-
13-Jan-26,BAT,British American Tobacco Kenya Plc,345,629,469,472,470,467.5,2.5,0.53%,61643,-
13-Jan-26,CARB,Carbacid Investments Plc,18,33,28.5,29.3,29,29.05,-0.05,-0.17%,272444,-
13-Jan-26,EABL,East African Breweries Ltd,167,351,252,257,254.75,255.5,-0.75,-0.29%,5401,-
13-Jan-26,FTGH,Flame Tree Group Holdings Ltd,1.05,3.11,1.75,1.8,1.79,1.74,0.05,2.87%,140649,-
13-Jan-26,MSC,Mumias Sugar Company Ltd,0.27,0.27,0.27,0.27,0.27,0.27,-,-,-,-
13-Jan-26,SKL,Shri Krishana Overseas Plc,5.8,12,8.18,8.18,8.18,8.18,-,-,100,-
13-Jan-26,UNGA,Unga Group Ltd,18.05,34,24,24,24,24.15,-0.15,-0.62%,3927,-
13-Jan-26,SCOM,Safaricom Plc,17,34.2,29.1,29.5,29.3,29.05,0.25,0.86%,1381481,-
13-Jan-26,LAPR,LAPTrust Imara Income-REIT,20,20,20,20,20,20,-,-,-,-
13-Jan-26,GLD,ABSA NewGold ETF,881,9800,5520,5600,5380,5380,-,-,32,-
13-Jan-26,SMWF,Satrix MSCI World Feeder ETF,755,1050,874,874,874,874,-,-,-,-
13-Jan-26,^N10I,NSE 10-Share Index,1250.85,2271.75,2029.31,2029.31,2029.31,2023.21,6.1,0.30%,-,-
13-Jan-26,^N20I,NSE 20-Share Index,2092.84,3758.73,3246.01,3246.01,3246.01,3246.01,-,-,-,-
13-Jan-26,^N25I,NSE 25-Share Index,3314.15,5948.29,5261.37,5261.37,5261.37,5250.2,11.17,0.21%,-,-
13-Jan-26,^NASI,NSE All-Share Index,123.6,216.69,192.67,192.67,192.67,192,0.67,0.35%,-,-
13-Jan-26,^NBSI,NSE Banking Sector Index,149.92,245.9,212.21,212.21,212.21,212.06,0.15,0.07%,-,-
13-Jan-26,^NBDI,NSE Bonds Index,1140.96,1210.41,1160.55,1160.55,1160.55,1167.15,-6.6,-0.57%,-,-
13-Jan-26,^ZKEQTK,Zamara Kenya Equity Index (KES),2424.57,4790.09,4197.13,4197.13,4197.13,4188.5,8.63,0.21%,-,-
13-Jan-26,^ZKEQTU,Zamara Kenya Equity Index (USD),1610.77,3197.11,2801.34,2801.34,2801.34,2796.66,4.68,0.17%,-,-
14-Jan-26,EGAD,Eaagads Ltd,11,35.25,19,20.4,19.25,20.4,-1.15,-5.64%,110,-
14-Jan-26,KUKZ,Kakuzi Plc,365,440,405,405,405,405,-,-,8,-
14-Jan-26,KAPC,Kapchorua Tea Kenya Plc,198,424.25,235,236,236,236,-,-,748,-
14-Jan-26,LIMT,Limuru Tea Plc,295,555,460,460,460,460,-,-,-,-
14-Jan-26,SASN,Sasini Plc,13.3,33.9,19.6,21.35,19.95,20.3,-0.35,-1.72%,20706,-
14-Jan-26,WTK,Williamson Tea Kenya Plc,136,350,145,149.5,148.75,149.25,-0.5,-0.34%,8496,-
14-Jan-26,CGEN,Car and General (K) Ltd,19.8,74.25,56.25,57.5,56.5,56.5,-,-,1060,-
14-Jan-26,ABSA,ABSA Bank Kenya Plc,15,33,25.6,26,25.7,25.7,-,-,3073075,-
14-Jan-26,BKG,BK Group Plc,28.75,50,43,43.45,43.4,43.5,-0.1,-0.23%,822,-
14-Jan-26,COOP,Co-operative Bank of Kenya Ltd,13.8,31.5,26.2,27.1,26.9,26.45,0.45,1.70%,769228,-
14-Jan-26,DTK,Diamond Trust Bank Kenya Ltd,66,170,116.5,117,117,117,-,-,10856,-
14-Jan-26,EQTY,Equity Group Holdings Plc,41.2,80,68,69.5,69.25,69.25,-,-,2473752,-
14-Jan-26,HFCK,HF Group Ltd,5.3,11.5,10.2,10.55,10.5,10.3,0.2,1.94%,1062446,-
14-Jan-26,IMH,I & M Holdings Plc,29.5,52,44.5,45,44.9,44.9,-,-,429199,-
14-Jan-26,KCB,KCB Group Plc,35,80.5,66.75,67.5,67,67,-,-,1569087,-
14-Jan-26,NCBA,NCBA Group Plc,48,100,88,90,90,88.75,1.25,1.41%,924725,-
14-Jan-26,SBIC,Stanbic Holdings Plc,147,270,197.5,200,198,198,-,-,430274,-
14-Jan-26,SCBK,Standard Chartered Bank Kenya Ltd,260,365,304,310,308,306.5,1.5,0.49%,13262,-
14-Jan-26,DCON,Deacons (East Africa) Plc,0.45,0.45,0.45,0.45,0.45,0.45,-,-,-,-
14-Jan-26,EVRD,Eveready East Africa Ltd,0.75,1.78,1.28,1.37,1.31,1.37,-0.06,-4.38%,1028,-
14-Jan-26,XPRS,Express Kenya Plc,2.8,10,7.4,7.46,7.42,7.48,-0.06,-0.80%,5818,-
14-Jan-26,HBE,Homeboyz Entertainment Plc,4.66,4.66,4.66,4.66,4.66,4.66,-,-,-,-
14-Jan-26,KQ,Kenya Airways Plc,1.56,6.02,3.24,3.3,3.27,3.29,-0.02,-0.61%,505605,-
14-Jan-26,LKL,Longhorn Publishers Plc,2.35,3.5,2.78,2.9,2.88,2.67,0.21,7.87%,921,-
14-Jan-26,NBV,Nairobi Business Ventures Ltd,1.33,2.16,1.38,1.54,1.39,1.41,-0.02,-1.42%,192640,-
14-Jan-26,NMG,Nation Media Group Plc,10.05,20,12.6,12.95,12.75,12.75,-,-,8051,-
14-Jan-26,SMER,Sameer Africa Plc,2.7,21.5,14.75,14.8,14.8,14.75,0.05,0.34%,10425,-
14-Jan-26,SGL,Standard Group Plc,5.2,7.14,5.6,6.66,5.74,6.12,-0.38,-6.21%,48766,-
14-Jan-26,TPSE,TPS Eastern Africa (Serena) Ltd,13.05,18.2,15.05,15.75,15.55,15.75,-0.2,-1.27%,14555,-
14-Jan-26,UCHM,Uchumi Supermarket Plc,0.23,2.93,1.2,1.3,1.26,1.21,0.05,4.13%,626674,-
14-Jan-26,SCAN,WPP ScanGroup Plc,2,3.4,2.28,2.36,2.29,2.34,-0.05,-2.14%,44769,-
14-Jan-26,ARM,ARM Cement Plc,5.55,5.55,5.55,5.55,5.55,5.55,-,-,-,-
14-Jan-26,BAMB,Bamburi Cement Ltd,47.2,56.5,47.2,47.2,47.2,47.2,-,-,-,-
14-Jan-26,CRWN,Crown Paints Kenya Plc,30,70.75,56.25,59,57,56.25,0.75,1.33%,322,-
14-Jan-26,CABL,East African Cables Plc,1,2.44,1,1,1,1,-,-,-,-
14-Jan-26,PORT,East African Portland Cement Ltd,28,101,73.5,89.5,81,81.5,-0.5,-0.61%,11548,-
14-Jan-26,KEGN,Kenya Electricity Generating Company Plc,4.5,10.75,9.64,9.94,9.82,9.9,-0.08,-0.81%,529598,-
14-Jan-26,KPLC-P4,KPLC-P4,4,5,5,5,5,5,-,-,-,-
14-Jan-26,KPLC-P7,KPLC-P7,6,6,6,6,6,6,-,-,-,-
14-Jan-26,KPLC,Kenya Power and Lighting Company Plc,5.7,19,14.75,15,14.95,15.05,-0.1,-0.66%,1164700,-
14-Jan-26,TOTL,TotalEnergies Marketing Kenya Plc,21,47,37.4,38,37.65,38.2,-0.55,-1.44%,11168,-
14-Jan-26,UMME,Umeme Ltd,5.8,24.75,8.18,8.28,8.22,8.28,-0.06,-0.72%,99843,-
14-Jan-26,BRIT,Britam Holdings Plc,5.92,13.4,9.3,9.9,9.54,9.6,-0.06,-0.63%,157994,-
14-Jan-26,CIC,CIC Insurance Group Ltd,2.55,6.62,4.5,4.7,4.57,4.53,0.04,0.88%,910558,-
14-Jan-26,JUB,Jubilee Holdings Ltd,182,437.75,340,348.5,345.25,345.5,-0.25,-0.07%,1453,-
14-Jan-26,KNRE,Kenya Re-Insurance Corporation Ltd,1.5,4.02,3.15,3.18,3.16,3.18,-0.02,-0.63%,1252099,-
14-Jan-26,LBTY,Liberty Kenya Holdings Ltd,9.1,12.2,10.1,10.3,10.25,10.2,0.05,0.49%,7484,-
14-Jan-26,SLAM,Sanlam Allianz Holdings (Kenya) Plc,5.5,11,8.4,8.5,8.5,8.5,-,-,3542,-
14-Jan-26,CTUM,Centum Investment Company Plc,10.85,16.75,13.05,13.6,13.35,13.2,0.15,1.14%,32897,-
14-Jan-26,HAFR,Home Afrika Ltd,0.48,1.93,1.27,1.3,1.29,1.26,0.03,2.38%,172164,-
14-Jan-26,KURV,Kurwitu Ventures Ltd,1400,1500,1500,1500,1500,1500,-,-,-,-
14-Jan-26,OCH,Olympia Capital Holdings Ltd,3.12,9,8.4,8.5,8.46,8.5,-0.04,-0.47%,3973,-
14-Jan-26,TCL,Trans-Century Plc,0.71,1.42,0.71,0.71,0.71,0.71,-,-,-,-
14-Jan-26,NSE,Nairobi Securities Exchange Plc,6.5,25.9,20.3,20.5,20.4,20.4,-,-,31850,-
14-Jan-26,AMAC,Africa Mega Agricorp Plc,51,118.25,75,75.5,70.5,70.5,-,-,30,-
14-Jan-26,BOC,BOC Kenya Plc,76,150,133,133.5,133,129.75,3.25,2.50%,176,-
14-Jan-26,BAT,British American Tobacco Kenya Plc,345,629,470,474,470,470,-,-,128129,-
14-Jan-26,CARB,Carbacid Investments Plc,18,33,29.25,30,29.5,29,0.5,1.72%,15000,-
14-Jan-26,EABL,East African Breweries Ltd,167,351,245,257,252.5,254.75,-2.25,-0.88%,68692,-
14-Jan-26,FTGH,Flame Tree Group Holdings Ltd,1.05,3.11,1.74,1.86,1.78,1.79,-0.01,-0.56%,197977,-
14-Jan-26,MSC,Mumias Sugar Company Ltd,0.27,0.27,0.27,0.27,0.27,0.27,-,-,-,-
14-Jan-26,SKL,Shri Krishana Overseas Plc,5.8,12,8.18,8.5,8.38,8.18,0.2,2.44%,25199,-
14-Jan-26,UNGA,Unga Group Ltd,18.05,34,23.9,24,23.9,24,-0.1,-0.42%,729,-
14-Jan-26,SCOM,Safaricom Plc,17,34.2,29.05,29.9,29.3,29.3,-,-,8842799,-
14-Jan-26,LAPR,LAPTrust Imara Income-REIT,20,20,20,20,20,20,-,-,-,-
14-Jan-26,GLD,ABSA NewGold ETF,881,9800,5565,5700,5570,5380,190,3.53%,41515,-
14-Jan-26,SMWF,Satrix MSCI World Feeder ETF,755,1050,800,880,808,874,-66,-7.55%,892,-
14-Jan-26,^N10I,NSE 10-Share Index,1250.85,2271.75,2030.74,2030.74,2030.74,2029.31,1.43,0.07%,-,-
14-Jan-26,^N20I,NSE 20-Share Index,2092.84,3758.73,3251.94,3251.94,3251.94,3246.01,5.93,0.18%,-,-
14-Jan-26,^N25I,NSE 25-Share Index,3314.15,5948.29,5270.04,5270.04,5270.04,5261.37,8.67,0.16%,-,-
14-Jan-26,^NASI,NSE All-Share Index,123.6,216.69,192.85,192.85,192.85,192.67,0.18,0.09%,-,-
14-Jan-26,^NBSI,NSE Banking Sector Index,149.92,245.9,213.13,213.13,213.13,212.21,0.92,0.43%,-,-
14-Jan-26,^NBDI,NSE Bonds Index,1140.96,1210.41,1154.84,1154.84,1154.84,1160.55,-5.71,-0.49%,-,-
14-Jan-26,^ZKEQTK,Zamara Kenya Equity Index (KES),2424.57,4790.09,4198.58,4198.58,4198.58,4197.13,1.45,0.03%,-,-
14-Jan-26,^ZKEQTU,Zamara Kenya Equity Index (USD),1610.77,3197.11,2802.31,2802.31,2802.31,2801.34,0.97,0.03%,-,-
15-Jan-26,EGAD,Eaagads Ltd,11,35.25,19.5,20,19.5,19.25,0.25,1.30%,19704,-
15-Jan-26,KUKZ,Kakuzi Plc,365,440,405,410,405,405,-,-,27,-
15-Jan-26,KAPC,Kapchorua Tea Kenya Plc,198,424.25,235,236,235.25,236,-0.75,-0.32%,2475,-
15-Jan-26,LIMT,Limuru Tea Plc,295,555,460,460,460,460,-,-,-,-
15-Jan-26,SASN,Sasini Plc,13.3,33.9,19.9,20.3,20.05,19.95,0.1,0.50%,71440,-
15-Jan-26,WTK,Williamson Tea Kenya Plc,136,350,148.5,149.5,149.25,148.75,0.5,0.34%,17095,-
15-Jan-26,CGEN,Car and General (K) Ltd,19.8,74.25,56.25,59.25,58.5,56.5,2,3.54%,10581,-
15-Jan-26,ABSA,ABSA Bank Kenya Plc,15,33,25.7,26,25.8,25.7,0.1,0.39%,300910,-
15-Jan-26,BKG,BK Group Plc,28.75,50,43,43.45,43.2,43.4,-0.2,-0.46%,705,-
15-Jan-26,COOP,Co-operative Bank of Kenya Ltd,13.8,31.5,26.3,27.2,26.95,26.9,0.05,0.19%,837461,-
15-Jan-26,DTK,Diamond Trust Bank Kenya Ltd,66,170,116.75,118,117,117,-,-,343204,-
15-Jan-26,EQTY,Equity Group Holdings Plc,41.2,80,68.5,69.25,69,69.25,-0.25,-0.36%,407883,-
15-Jan-26,HFCK,HF Group Ltd,5.3,11.5,10.4,10.55,10.55,10.5,0.05,0.48%,344247,-
15-Jan-26,IMH,I & M Holdings Plc,29.5,52,44.7,45,44.9,44.9,-,-,252017,-
15-Jan-26,KCB,KCB Group Plc,35,80.5,67,67.75,67.25,67,0.25,0.37%,1199452,-
15-Jan-26,NCBA,NCBA Group Plc,48,100,89.25,91,90,90,-,-,187070,-
15-Jan-26,SBIC,Stanbic Holdings Plc,147,270,198,206,199.75,198,1.75,0.88%,8671,-
15-Jan-26,SCBK,Standard Chartered Bank Kenya Ltd,260,365,306,310,308.5,308,0.5,0.16%,21559,-
15-Jan-26,DCON,Deacons (East Africa) Plc,0.45,0.45,0.45,0.45,0.45,0.45,-,-,-,-
15-Jan-26,EVRD,Eveready East Africa Ltd,0.75,1.78,1.28,1.35,1.33,1.31,0.02,1.53%,26649,-
15-Jan-26,XPRS,Express Kenya Plc,2.8,10,7.4,7.46,7.42,7.42,-,-,2380,-
15-Jan-26,HBE,Homeboyz Entertainment Plc,4.66,4.66,4.66,4.66,4.66,4.66,-,-,-,-
15-Jan-26,KQ,Kenya Airways Plc,1.56,6.02,3.21,3.34,3.24,3.27,-0.03,-0.92%,360710,-
15-Jan-26,LKL,Longhorn Publishers Plc,2.35,3.5,2.9,2.95,2.92,2.88,0.04,1.39%,4478,-
15-Jan-26,NBV,Nairobi Business Ventures Ltd,1.33,2.16,1.38,1.49,1.42,1.39,0.03,2.16%,89229,-
15-Jan-26,NMG,Nation Media Group Plc,10.05,20,12.1,12.9,12.25,12.75,-0.5,-3.92%,33228,-
15-Jan-26,SMER,Sameer Africa Plc,2.7,21.5,14.5,14.8,14.65,14.8,-0.15,-1.01%,7761,-
15-Jan-26,SGL,Standard Group Plc,5.2,7.14,6.28,6.3,6.28,5.74,0.54,9.41%,9702,-
15-Jan-26,TPSE,TPS Eastern Africa (Serena) Ltd,13.05,18.2,15.5,15.7,15.55,15.55,-,-,3197,-
15-Jan-26,UCHM,Uchumi Supermarket Plc,0.23,2.93,1.2,1.3,1.24,1.26,-0.02,-1.59%,440259,-
15-Jan-26,SCAN,WPP ScanGroup Plc,2,3.4,2.24,2.34,2.29,2.29,-,-,111682,-
15-Jan-26,ARM,ARM Cement Plc,5.55,5.55,5.55,5.55,5.55,5.55,-,-,-,-
15-Jan-26,BAMB,Bamburi Cement Ltd,47.2,56.5,47.2,47.2,47.2,47.2,-,-,-,-
15-Jan-26,CRWN,Crown Paints Kenya Plc,30,70.75,56,56.25,56.25,57,-0.75,-1.32%,1085,-
15-Jan-26,CABL,East African Cables Plc,1,2.44,1,1,1,1,-,-,-,-
15-Jan-26,PORT,East African Portland Cement Ltd,28,101,76.25,89,85.75,81,4.75,5.86%,558,-
15-Jan-26,KEGN,Kenya Electricity Generating Company Plc,4.5,10.75,9.7,9.88,9.8,9.82,-0.02,-0.20%,446999,-
15-Jan-26,KPLC-P4,KPLC-P4,4,5,5,5,5,5,-,-,-,-
15-Jan-26,KPLC-P7,KPLC-P7,6,6,6,6,6,6,-,-,-,-
15-Jan-26,KPLC,Kenya Power and Lighting Company Plc,5.7,19,14.55,15,14.8,14.95,-0.15,-1.00%,625532,-
15-Jan-26,TOTL,TotalEnergies Marketing Kenya Plc,21,47,37,39.5,37.1,37.65,-0.55,-1.46%,34101,-
15-Jan-26,UMME,Umeme Ltd,5.8,24.75,8.16,8.28,8.18,8.22,-0.04,-0.49%,38231,-
15-Jan-26,BRIT,Britam Holdings Plc,5.92,13.4,9.5,9.9,9.6,9.54,0.06,0.63%,7429,-
15-Jan-26,CIC,CIC Insurance Group Ltd,2.55,6.62,4.45,4.68,4.51,4.57,-0.06,-1.31%,427151,-
15-Jan-26,JUB,Jubilee Holdings Ltd,182,437.75,336,345,336,345.25,-9.25,-2.68%,413,-
15-Jan-26,KNRE,Kenya Re-Insurance Corporation Ltd,1.5,4.02,3.16,3.18,3.17,3.16,0.01,0.32%,821815,-
15-Jan-26,LBTY,Liberty Kenya Holdings Ltd,9.1,12.2,10.25,10.5,10.3,10.25,0.05,0.49%,14636,-
15-Jan-26,SLAM,Sanlam Allianz Holdings (Kenya) Plc,5.5,11,8.42,8.7,8.64,8.5,0.14,1.65%,135864,-
15-Jan-26,CTUM,Centum Investment Company Plc,10.85,16.75,13,13.7,13.5,13.35,0.15,1.12%,18448,-
15-Jan-26,HAFR,Home Afrika Ltd,0.48,1.93,1.23,1.32,1.27,1.29,-0.02,-1.55%,162584,-
15-Jan-26,KURV,Kurwitu Ventures Ltd,1400,1500,1500,1500,1500,1500,-,-,-,-
15-Jan-26,OCH,Olympia Capital Holdings Ltd,3.12,9,8.2,8.5,8.36,8.46,-0.1,-1.18%,2632,-
15-Jan-26,TCL,Trans-Century Plc,0.71,1.42,0.71,0.71,0.71,0.71,-,-,-,-
15-Jan-26,NSE,Nairobi Securities Exchange Plc,6.5,25.9,19.9,20.5,20.2,20.4,-0.2,-0.98%,63834,-
15-Jan-26,AMAC,Africa Mega Agricorp Plc,51,118.25,63.5,75,70.5,70.5,-,-,53,-
15-Jan-26,BOC,BOC Kenya Plc,76,150,133,133,133,133,-,-,6,-
15-Jan-26,BAT,British American Tobacco Kenya Plc,345,629,470,474.75,470,470,-,-,112133,-
15-Jan-26,CARB,Carbacid Investments Plc,18,33,29.35,30,29.7,29.5,0.2,0.68%,28152,-
15-Jan-26,EABL,East African Breweries Ltd,167,351,250,254.75,251.75,252.5,-0.75,-0.30%,52695,-
15-Jan-26,FTGH,Flame Tree Group Holdings Ltd,1.05,3.11,1.69,1.85,1.74,1.78,-0.04,-2.25%,12872,-
15-Jan-26,MSC,Mumias Sugar Company Ltd,0.27,0.27,0.27,0.27,0.27,0.27,-,-,-,-
15-Jan-26,SKL,Shri Krishana Overseas Plc,5.8,12,8,8.4,8.36,8.38,-0.02,-0.24%,8980,-
15-Jan-26,UNGA,Unga Group Ltd,18.05,34,22,24,22.9,23.9,-1,-4.18%,3349,-
15-Jan-26,SCOM,Safaricom Plc,17,34.2,29.55,29.9,29.7,29.3,0.4,1.37%,1207992,-
15-Jan-26,LAPR,LAPTrust Imara Income-REIT,20,20,20,20,20,20,-,-,-,-
15-Jan-26,GLD,ABSA NewGold ETF,881,9800,5540,5730,5560,5570,-10,-0.18%,1223,-
15-Jan-26,SMWF,Satrix MSCI World Feeder ETF,755,1050,810,869,864,808,56,6.93%,248,-
15-Jan-26,^N10I,NSE 10-Share Index,1250.85,2271.75,2036.89,2036.89,2036.89,2030.74,6.15,0.30%,-,-
15-Jan-26,^N20I,NSE 20-Share Index,2092.84,3758.73,3255.56,3255.56,3255.56,3251.94,3.62,0.11%,-,-
15-Jan-26,^N25I,NSE 25-Share Index,3314.15,5948.29,5283.11,5283.11,5283.11,5270.04,13.07,0.25%,-,-
15-Jan-26,^NASI,NSE All-Share Index,123.6,216.69,193.87,193.87,193.87,192.85,1.02,0.53%,-,-
15-Jan-26,^NBSI,NSE Banking Sector Index,149.92,245.9,213.4,213.4,213.4,213.13,0.27,0.13%,-,-
15-Jan-26,^NBDI,NSE Bonds Index,1140.96,1210.41,1159.04,1159.04,1159.04,1154.84,4.2,0.36%,-,-
15-Jan-26,^ZKEQTK,Zamara Kenya Equity Index (KES),2424.57,4790.09,4212.75,4212.75,4212.75,4198.58,14.17,0.34%,-,-
15-Jan-26,^ZKEQTU,Zamara Kenya Equity Index (USD),1610.77,3197.11,2812.86,2812.86,2812.86,2802.31,10.55,0.38%,-,-
16-Jan-26,EGAD,Eaagads Ltd,11,35.25,19.5,21.2,20.45,19.5,0.95,4.87%,7544,-
16-Jan-26,KUKZ,Kakuzi Plc,365,440,410,410,405,405,-,-,21,-
16-Jan-26,KAPC,Kapchorua Tea Kenya Plc,198,424.25,230,235,234.5,235.25,-0.75,-0.32%,248,-
16-Jan-26,LIMT,Limuru Tea Plc,295,555,460,460,460,460,-,-,-,-
16-Jan-26,SASN,Sasini Plc,13.3,33.9,20,20.3,20.2,20.05,0.15,0.75%,76909,-
16-Jan-26,WTK,Williamson Tea Kenya Plc,136,350,148.75,149.25,149.25,149.25,-,-,4917,-
16-Jan-26,CGEN,Car and General (K) Ltd,19.8,74.25,56.5,59.25,59,58.5,0.5,0.85%,2591,-
16-Jan-26,ABSA,ABSA Bank Kenya Plc,15,33,25.65,25.9,25.75,25.8,-0.05,-0.19%,149318,-
16-Jan-26,BKG,BK Group Plc,28.75,50,42,43.45,43.3,43.2,0.1,0.23%,1210,-
16-Jan-26,COOP,Co-operative Bank of Kenya Ltd,13.8,31.5,26.65,27.95,26.95,26.95,-,-,493548,-
16-Jan-26,DTK,Diamond Trust Bank Kenya Ltd,66,170,118,119,118,117,1,0.85%,58235,-
16-Jan-26,EQTY,Equity Group Holdings Plc,41.2,80,68.5,69.5,69,69,-,-,241051,-
16-Jan-26,HFCK,HF Group Ltd,5.3,11.5,10.35,10.6,10.55,10.55,-,-,195513,-
16-Jan-26,IMH,I & M Holdings Plc,29.5,52,44.9,45,44.95,44.9,0.05,0.11%,229370,-
16-Jan-26,KCB,KCB Group Plc,35,80.5,67,68,67.5,67.25,0.25,0.37%,546481,-
16-Jan-26,NCBA,NCBA Group Plc,48,100,88.5,91,90,90,-,-,619525,-
16-Jan-26,SBIC,Stanbic Holdings Plc,147,270,197.75,206,200,199.75,0.25,0.13%,8957,-
16-Jan-26,SCBK,Standard Chartered Bank Kenya Ltd,260,365,307,310,309.25,308.5,0.75,0.24%,11106,-
16-Jan-26,DCON,Deacons (East Africa) Plc,0.45,0.45,0.45,0.45,0.45,0.45,-,-,-,-
16-Jan-26,EVRD,Eveready East Africa Ltd,0.75,1.78,1.3,1.4,1.33,1.33,-,-,83858,-
16-Jan-26,XPRS,Express Kenya Plc,2.8,10,7.34,7.44,7.4,7.42,-0.02,-0.27%,8678,-
16-Jan-26,HBE,Homeboyz Entertainment Plc,4.66,4.66,4.66,4.66,4.66,4.66,-,-,-,-
16-Jan-26,KQ,Kenya Airways Plc,1.56,6.02,3.23,3.45,3.26,3.24,0.02,0.62%,290250,-
16-Jan-26,LKL,Longhorn Publishers Plc,2.35,3.5,2.8,2.92,2.87,2.92,-0.05,-1.71%,689,-
16-Jan-26,NBV,Nairobi Business Ventures Ltd,1.33,2.16,1.39,1.5,1.41,1.42,-0.01,-0.70%,283637,-
16-Jan-26,NMG,Nation Media Group Plc,10.05,20,12.5,13,12.85,12.25,0.6,4.90%,214483,-
16-Jan-26,SMER,Sameer Africa Plc,2.7,21.5,14.4,14.9,14.8,14.65,0.15,1.02%,42909,-
16-Jan-26,SGL,Standard Group Plc,5.2,7.14,5.74,6.28,6.16,6.28,-0.12,-1.91%,1702,-
16-Jan-26,TPSE,TPS Eastern Africa (Serena) Ltd,13.05,18.2,15.5,15.8,15.5,15.55,-0.05,-0.32%,7874,-
16-Jan-26,UCHM,Uchumi Supermarket Plc,0.23,2.93,1.15,1.28,1.21,1.24,-0.03,-2.42%,413294,-
16-Jan-26,SCAN,WPP ScanGroup Plc,2,3.4,2.28,2.29,2.29,2.29,-,-,9225,-
16-Jan-26,ARM,ARM Cement Plc,5.55,5.55,5.55,5.55,5.55,5.55,-,-,-,-
16-Jan-26,BAMB,Bamburi Cement Ltd,47.2,56.5,47.2,47.2,47.2,47.2,-,-,-,-
16-Jan-26,CRWN,Crown Paints Kenya Plc,30,70.75,56.25,58.75,58,56.25,1.75,3.11%,157,-
16-Jan-26,CABL,East African Cables Plc,1,2.44,1,1,1,1,-,-,-,-
16-Jan-26,PORT,East African Portland Cement Ltd,28,101,77.25,87.75,85.25,85.75,-0.5,-0.58%,227,-
16-Jan-26,KEGN,Kenya Electricity Generating Company Plc,4.5,10.75,9.6,9.78,9.7,9.8,-0.1,-1.02%,1086345,-
16-Jan-26,KPLC-P4,KPLC-P4,4,5,5,5,5,5,-,-,-,-
16-Jan-26,KPLC-P7,KPLC-P7,6,6,6,6,6,6,-,-,-,-
16-Jan-26,KPLC,Kenya Power and Lighting Company Plc,5.7,19,14.55,15,14.85,14.8,0.05,0.34%,677750,-
16-Jan-26,TOTL,TotalEnergies Marketing Kenya Plc,21,47,38,40,39.6,37.1,2.5,6.74%,88352,-
16-Jan-26,UMME,Umeme Ltd,5.8,24.75,8.18,8.2,8.2,8.18,0.02,0.24%,16921,-
16-Jan-26,BRIT,Britam Holdings Plc,5.92,13.4,9.22,9.6,9.32,9.6,-0.28,-2.92%,232331,-
16-Jan-26,CIC,CIC Insurance Group Ltd,2.55,6.62,4.48,4.79,4.63,4.51,0.12,2.66%,159534,-
16-Jan-26,JUB,Jubilee Holdings Ltd,182,437.75,334,335,334.75,336,-1.25,-0.37%,232,-
16-Jan-26,KNRE,Kenya Re-Insurance Corporation Ltd,1.5,4.02,3.17,3.2,3.18,3.17,0.01,0.32%,2508127,-
16-Jan-26,LBTY,Liberty Kenya Holdings Ltd,9.1,12.2,10.2,10.3,10.3,10.3,-,-,21111,-
16-Jan-26,SLAM,Sanlam Allianz Holdings (Kenya) Plc,5.5,11,8.26,8.8,8.38,8.64,-0.26,-3.01%,32240,-
16-Jan-26,CTUM,Centum Investment Company Plc,10.85,16.75,13,13.9,13.45,13.5,-0.05,-0.37%,15342,-
16-Jan-26,HAFR,Home Afrika Ltd,0.48,1.93,1.23,1.32,1.25,1.27,-0.02,-1.57%,587252,-
16-Jan-26,KURV,Kurwitu Ventures Ltd,1400,1500,1500,1500,1500,1500,-,-,-,-
16-Jan-26,OCH,Olympia Capital Holdings Ltd,3.12,9,8,8.48,8.16,8.36,-0.2,-2.39%,1341,-
16-Jan-26,TCL,Trans-Century Plc,0.71,1.42,0.71,0.71,0.71,0.71,-,-,-,-
16-Jan-26,NSE,Nairobi Securities Exchange Plc,6.5,25.9,18.9,20.5,20.15,20.2,-0.05,-0.25%,197615,-
16-Jan-26,AMAC,Africa Mega Agricorp Plc,51,118.25,70.5,70.5,70.5,70.5,-,-,1,-
16-Jan-26,BOC,BOC Kenya Plc,76,150,132,133,132.75,133,-0.25,-0.19%,304,-
16-Jan-26,BAT,British American Tobacco Kenya Plc,345,629,469,490,473.5,470,3.5,0.74%,10343,-
16-Jan-26,CARB,Carbacid Investments Plc,18,33,29.5,30.7,29.8,29.7,0.1,0.34%,15475,-
16-Jan-26,EABL,East African Breweries Ltd,167,351,248,252.5,249.75,251.75,-2,-0.79%,12314,-
16-Jan-26,FTGH,Flame Tree Group Holdings Ltd,1.05,3.11,1.7,1.8,1.74,1.74,-,-,164366,-
16-Jan-26,MSC,Mumias Sugar Company Ltd,0.27,0.27,0.27,0.27,0.27,0.27,-,-,-,-
16-Jan-26,SKL,Shri Krishana Overseas Plc,5.8,12,7.54,8.4,8.18,8.36,-0.18,-2.15%,653,-
16-Jan-26,UNGA,Unga Group Ltd,18.05,34,20.65,24.15,22.5,22.9,-0.4,-1.75%,1709,-
16-Jan-26,SCOM,Safaricom Plc,17,34.2,29.5,29.9,29.7,29.7,-,-,1414764,-
16-Jan-26,LAPR,LAPTrust Imara Income-REIT,20,20,20,20,20,20,-,-,-,-
16-Jan-26,GLD,ABSA NewGold ETF,881,9800,881,5750,3260,5560,-2300,-41.37%,693,-
16-Jan-26,SMWF,Satrix MSCI World Feeder ETF,755,1050,855,880,856,864,-8,-0.93%,138,-
16-Jan-26,^N10I,NSE 10-Share Index,1250.85,2271.75,2034.91,2034.91,2034.91,2036.89,-1.98,-0.10%,-,-
16-Jan-26,^N20I,NSE 20-Share Index,2092.84,3758.73,3256.54,3256.54,3256.54,3255.56,0.98,0.03%,-,-
16-Jan-26,^N25I,NSE 25-Share Index,3314.15,5948.29,5280.48,5280.48,5280.48,5283.11,-2.63,-0.05%,-,-
16-Jan-26,^NASI,NSE All-Share Index,123.6,216.69,193.87,193.87,193.87,193.87,-,-,-,-
16-Jan-26,^NBSI,NSE Banking Sector Index,149.92,245.9,213.62,213.62,213.62,213.4,0.22,0.10%,-,-
16-Jan-26,^NBDI,NSE Bonds Index,1140.96,1210.41,1163.47,1163.47,1163.47,1159.04,4.43,0.38%,-,-
16-Jan-26,^ZKEQTK,Zamara Kenya Equity Index (KES),2424.57,4790.09,4212.7,4212.7,4212.7,4212.75,-0.05,#VALUE!,-,-
16-Jan-26,^ZKEQTU,Zamara Kenya Equity Index (USD),1610.77,3197.11,2812.82,2812.82,2812.82,2812.86,-0.04,#VALUE!,-,-
19-Jan-26,EGAD,Eaagads Ltd,11,35.25,19.5,22.45,20.85,20.45,0.4,1.96%,1396,-
19-Jan-26,KUKZ,Kakuzi Plc,365,440,408,410,405,405,-,-,6,-
19-Jan-26,KAPC,Kapchorua Tea Kenya Plc,198,424.25,234,235.25,235,234.5,0.5,0.21%,474,-
19-Jan-26,LIMT,Limuru Tea Plc,295,555,460,460,460,460,-,-,-,-
19-Jan-26,SASN,Sasini Plc,13.3,33.9,19.5,20.4,20.05,20.2,-0.15,-0.74%,11336,-
19-Jan-26,WTK,Williamson Tea Kenya Plc,136,350,149,149.25,149.25,149.25,-,-,2752,-
19-Jan-26,CGEN,Car and General (K) Ltd,19.8,74.25,57,59.25,58.75,59,-0.25,-0.42%,498,-
19-Jan-26,ABSA,ABSA Bank Kenya Plc,15,33,25.6,25.8,25.7,25.75,-0.05,-0.19%,247587,-
19-Jan-26,BKG,BK Group Plc,28.75,50,41,43.45,42.75,43.3,-0.55,-1.27%,766,-
19-Jan-26,COOP,Co-operative Bank of Kenya Ltd,13.8,31.5,26.7,27,26.9,26.95,-0.05,-0.19%,207370,-
19-Jan-26,DTK,Diamond Trust Bank Kenya Ltd,66,170,117.25,118.5,118,118,-,-,14206,-
19-Jan-26,EQTY,Equity Group Holdings Plc,41.2,80,69,70,69.5,69,0.5,0.72%,89277,-
19-Jan-26,HFCK,HF Group Ltd,5.3,11.5,10.45,10.8,10.65,10.55,0.1,0.95%,85655,-
19-Jan-26,IMH,I & M Holdings Plc,29.5,52,44.8,45,44.9,44.95,-0.05,-0.11%,170449,-
19-Jan-26,KCB,KCB Group Plc,35,80.5,66.75,67.25,66.75,67.5,-0.75,-1.11%,2269514,-
19-Jan-26,NCBA,NCBA Group Plc,48,100,88.5,91.25,90.25,90,0.25,0.28%,31716,-
19-Jan-26,SBIC,Stanbic Holdings Plc,147,270,198,206,198,200,-2,-1.00%,1322378,-
19-Jan-26,SCBK,Standard Chartered Bank Kenya Ltd,260,365,305,309,307.75,309.25,-1.5,-0.49%,4283,-
19-Jan-26,DCON,Deacons (East Africa) Plc,0.45,0.45,0.45,0.45,0.45,0.45,-,-,-,-
19-Jan-26,EVRD,Eveready East Africa Ltd,0.75,1.78,1.28,1.37,1.31,1.33,-0.02,-1.50%,124056,-
19-Jan-26,XPRS,Express Kenya Plc,2.8,10,7.3,7.4,7.4,7.4,-,-,106,-
19-Jan-26,HBE,Homeboyz Entertainment Plc,4.66,4.66,4.66,4.66,4.66,4.66,-,-,-,-
19-Jan-26,KQ,Kenya Airways Plc,1.56,6.02,3.4,3.58,3.54,3.26,0.28,8.59%,244220,-
19-Jan-26,LKL,Longhorn Publishers Plc,2.35,3.5,2.8,2.9,2.86,2.87,-0.01,-0.35%,3195,-
19-Jan-26,NBV,Nairobi Business Ventures Ltd,1.33,2.16,1.39,1.5,1.44,1.41,0.03,2.13%,22734,-
19-Jan-26,NMG,Nation Media Group Plc,10.05,20,12.5,13.3,12.55,12.85,-0.3,-2.33%,23104,-
19-Jan-26,SMER,Sameer Africa Plc,2.7,21.5,14,14.9,14.35,14.8,-0.45,-3.04%,22153,-
19-Jan-26,SGL,Standard Group Plc,5.2,7.14,5.6,6.2,5.68,6.16,-0.48,-7.79%,4168,-
19-Jan-26,TPSE,TPS Eastern Africa (Serena) Ltd,13.05,18.2,15.6,15.75,15.65,15.5,0.15,0.97%,1192,-
19-Jan-26,UCHM,Uchumi Supermarket Plc,0.23,2.93,1.22,1.33,1.28,1.21,0.07,5.79%,667127,-
19-Jan-26,SCAN,WPP ScanGroup Plc,2,3.4,2.23,2.31,2.26,2.29,-0.03,-1.31%,17892,-
19-Jan-26,ARM,ARM Cement Plc,5.55,5.55,5.55,5.55,5.55,5.55,-,-,-,-
19-Jan-26,BAMB,Bamburi Cement Ltd,47.2,56.5,47.2,47.2,47.2,47.2,-,-,-,-
19-Jan-26,CRWN,Crown Paints Kenya Plc,30,70.75,56,59,58.25,58,0.25,0.43%,2896,-
19-Jan-26,CABL,East African Cables Plc,1,2.44,1,1,1,1,-,-,-,-
19-Jan-26,PORT,East African Portland Cement Ltd,28,101,77.5,87.5,86.25,85.25,1,1.17%,851,-
19-Jan-26,KEGN,Kenya Electricity Generating Company Plc,4.5,10.75,9.5,9.8,9.62,9.7,-0.08,-0.82%,2070715,-
19-Jan-26,KPLC-P4,KPLC-P4,4,5,5,5,5,5,-,-,-,-
19-Jan-26,KPLC-P7,KPLC-P7,6,6,6,6,6,6,-,-,-,-
19-Jan-26,KPLC,Kenya Power and Lighting Company Plc,5.7,19,14.5,15,14.7,14.85,-0.15,-1.01%,584084,-
19-Jan-26,TOTL,TotalEnergies Marketing Kenya Plc,21,47,37.5,40,39.3,39.6,-0.3,-0.76%,1942,-
19-Jan-26,UMME,Umeme Ltd,5.8,24.75,8.16,8.22,8.2,8.2,-,-,168839,-
19-Jan-26,BRIT,Britam Holdings Plc,5.92,13.4,9.3,9.98,9.68,9.32,0.36,3.86%,26394,-
19-Jan-26,CIC,CIC Insurance Group Ltd,2.55,6.62,4.5,4.79,4.73,4.63,0.1,2.16%,103173,-
19-Jan-26,JUB,Jubilee Holdings Ltd,182,437.75,320,335,330.25,334.75,-4.5,-1.34%,460,-
19-Jan-26,KNRE,Kenya Re-Insurance Corporation Ltd,1.5,4.02,3.18,3.2,3.19,3.18,0.01,0.31%,4180889,-
19-Jan-26,LBTY,Liberty Kenya Holdings Ltd,9.1,12.2,9.5,10.3,9.92,10.3,-0.38,-3.69%,28840,-
19-Jan-26,SLAM,Sanlam Allianz Holdings (Kenya) Plc,5.5,11,8.64,8.98,8.82,8.38,0.44,5.25%,9461,-
19-Jan-26,CTUM,Centum Investment Company Plc,10.85,16.75,13.05,13.8,13.5,13.45,0.05,0.37%,14984,-
19-Jan-26,HAFR,Home Afrika Ltd,0.48,1.93,1.29,1.35,1.3,1.25,0.05,4.00%,267165,-
19-Jan-26,KURV,Kurwitu Ventures Ltd,1400,1500,1500,1500,1500,1500,-,-,-,-
19-Jan-26,OCH,Olympia Capital Holdings Ltd,3.12,9,7.4,8,7.56,8.16,-0.6,-7.35%,9107,-
19-Jan-26,TCL,Trans-Century Plc,0.71,1.42,0.71,0.71,0.71,0.71,-,-,-,-
19-Jan-26,NSE,Nairobi Securities Exchange Plc,6.5,25.9,18.9,20.4,20.25,20.15,0.1,0.50%,40068,-
19-Jan-26,AMAC,Africa Mega Agricorp Plc,51,118.25,70.5,70.5,70.5,70.5,-,-,1,-
19-Jan-26,BOC,BOC Kenya Plc,76,150,130,133,131.25,132.75,-1.5,-1.13%,398,-
19-Jan-26,BAT,British American Tobacco Kenya Plc,345,629,470,489.75,471,473.5,-2.5,-0.53%,8211,-
19-Jan-26,CARB,Carbacid Investments Plc,18,33,29.5,30.5,30,29.8,0.2,0.67%,87701,-
19-Jan-26,EABL,East African Breweries Ltd,167,351,225,252,245.5,249.75,-4.25,-1.70%,23197,-
19-Jan-26,FTGH,Flame Tree Group Holdings Ltd,1.05,3.11,1.74,1.8,1.79,1.74,0.05,2.87%,152567,-
19-Jan-26,MSC,Mumias Sugar Company Ltd,0.27,0.27,0.27,0.27,0.27,0.27,-,-,-,-
19-Jan-26,SKL,Shri Krishana Overseas Plc,5.8,12,7.56,8.18,8.06,8.18,-0.12,-1.47%,200,-
19-Jan-26,UNGA,Unga Group Ltd,18.05,34,22.9,24,23.4,22.5,0.9,4.00%,2063,-
19-Jan-26,SCOM,Safaricom Plc,17,34.2,29.6,30,29.7,29.7,-,-,1246795,-
19-Jan-26,LAPR,LAPTrust Imara Income-REIT,20,20,20,20,20,20,-,-,-,-
19-Jan-26,GLD,ABSA NewGold ETF,881,9800,5100,5700,3260,3260,-,-,93,-
19-Jan-26,SMWF,Satrix MSCI World Feeder ETF,755,1050,856,875,870,856,14,1.64%,367,-
19-Jan-26,^N10I,NSE 10-Share Index,1250.85,2271.75,2029.24,2029.24,2029.24,2034.91,-5.67,-0.28%,-,-
19-Jan-26,^N20I,NSE 20-Share Index,2092.84,3758.73,3256.69,3256.69,3256.69,3256.54,0.15,-,-,-
19-Jan-26,^N25I,NSE 25-Share Index,3314.15,5948.29,5267.78,5267.78,5267.78,5280.48,-12.7,-0.24%,-,-
19-Jan-26,^NASI,NSE All-Share Index,123.6,216.69,193.6,193.6,193.6,193.87,-0.27,-0.14%,-,-
19-Jan-26,^NBSI,NSE Banking Sector Index,149.92,245.9,213.29,213.29,213.29,213.62,-0.33,-0.15%,-,-
19-Jan-26,^NBDI,NSE Bonds Index,1140.96,1210.41,1156.2,1156.2,1156.2,1163.47,-7.27,-0.62%,-,-
19-Jan-26,^ZKEQTK,Zamara Kenya Equity Index (KES),2424.57,4790.09,4196.42,4196.42,4196.42,4212.7,-16.28,-0.39%,-,-
19-Jan-26,^ZKEQTU,Zamara Kenya Equity Index (USD),1610.77,3197.11,2800.87,2800.87,2800.87,2812.82,-11.95,-0.42%,-,-
20-Jan-26,EGAD,Eaagads Ltd,11,35.25,20.45,20.85,20.6,20.85,-0.25,-1.20%,482,-
20-Jan-26,KUKZ,Kakuzi Plc,365,440,408,409,408.75,405,3.75,0.93%,261,-
20-Jan-26,KAPC,Kapchorua Tea Kenya Plc,198,424.25,233,235.25,234.5,235,-0.5,-0.21%,904,-
20-Jan-26,LIMT,Limuru Tea Plc,295,555,460,460,460,460,-,-,-,-
20-Jan-26,SASN,Sasini Plc,13.3,33.9,19.5,20.15,19.9,20.05,-0.15,-0.75%,25384,-
20-Jan-26,WTK,Williamson Tea Kenya Plc,136,350,142,149.5,144.25,149.25,-5,-3.35%,8719,-
20-Jan-26,CGEN,Car and General (K) Ltd,19.8,74.25,57,59.25,57.75,58.75,-1,-1.70%,555,-
20-Jan-26,ABSA,ABSA Bank Kenya Plc,15,33,25.6,25.85,25.75,25.7,0.05,0.19%,235468,-
20-Jan-26,BKG,BK Group Plc,28.75,50,43.45,45,44.95,42.75,2.2,5.15%,210920,-
20-Jan-26,COOP,Co-operative Bank of Kenya Ltd,13.8,31.5,26.85,27.2,27,26.9,0.1,0.37%,124023,-
20-Jan-26,DTK,Diamond Trust Bank Kenya Ltd,66,170,117.25,119,118.25,118,0.25,0.21%,15324,-
20-Jan-26,EQTY,Equity Group Holdings Plc,41.2,80,68.5,69.5,69,69.5,-0.5,-0.72%,1391019,-
20-Jan-26,HFCK,HF Group Ltd,5.3,11.5,10.4,10.8,10.55,10.65,-0.1,-0.94%,142420,-
20-Jan-26,IMH,I & M Holdings Plc,29.5,52,44.35,45,44.6,44.9,-0.3,-0.67%,154545,-
20-Jan-26,KCB,KCB Group Plc,35,80.5,66.75,67.25,67,66.75,0.25,0.37%,455814,-
20-Jan-26,NCBA,NCBA Group Plc,48,100,88.5,92.5,90.5,90.25,0.25,0.28%,169643,-
20-Jan-26,SBIC,Stanbic Holdings Plc,147,270,198,206,198.25,198,0.25,0.13%,120035,-
20-Jan-26,SCBK,Standard Chartered Bank Kenya Ltd,260,365,308,310,308.25,307.75,0.5,0.16%,14959,-
20-Jan-26,DCON,Deacons (East Africa) Plc,0.45,0.45,0.45,0.45,0.45,0.45,-,-,-,-
20-Jan-26,EVRD,Eveready East Africa Ltd,0.75,1.78,1.24,1.33,1.25,1.31,-0.06,-4.58%,136366,-
20-Jan-26,XPRS,Express Kenya Plc,2.8,10,7.3,7.3,7.3,7.4,-0.1,-1.35%,250,-
20-Jan-26,HBE,Homeboyz Entertainment Plc,4.66,4.66,4.66,4.66,4.66,4.66,-,-,-,-
20-Jan-26,KQ,Kenya Airways Plc,1.56,6.02,3.57,3.89,3.86,3.54,0.32,9.04%,387189,-
20-Jan-26,LKL,Longhorn Publishers Plc,2.35,3.5,2.87,2.91,2.89,2.86,0.03,1.05%,231,-
20-Jan-26,NBV,Nairobi Business Ventures Ltd,1.33,2.16,1.4,1.53,1.43,1.44,-0.01,-0.69%,124311,-
20-Jan-26,NMG,Nation Media Group Plc,10.05,20,12.5,13,12.9,12.55,0.35,2.79%,25146,-
20-Jan-26,SMER,Sameer Africa Plc,2.7,21.5,13.9,14.9,14.45,14.35,0.1,0.70%,5451,-
20-Jan-26,SGL,Standard Group Plc,5.2,7.14,5.68,6.2,5.88,5.68,0.2,3.52%,639,-
20-Jan-26,TPSE,TPS Eastern Africa (Serena) Ltd,13.05,18.2,15.6,15.75,15.65,15.65,-,-,1459,-
20-Jan-26,UCHM,Uchumi Supermarket Plc,0.23,2.93,1.26,1.36,1.31,1.28,0.03,2.34%,629863,-
20-Jan-26,SCAN,WPP ScanGroup Plc,2,3.4,2.25,2.34,2.32,2.26,0.06,2.65%,8223,-
20-Jan-26,ARM,ARM Cement Plc,5.55,5.55,5.55,5.55,5.55,5.55,-,-,-,-
20-Jan-26,BAMB,Bamburi Cement Ltd,47.2,56.5,47.2,47.2,47.2,47.2,-,-,-,-
20-Jan-26,CRWN,Crown Paints Kenya Plc,30,70.75,56,59,58.25,58.25,-,-,218,-
20-Jan-26,CABL,East African Cables Plc,1,2.44,1,1,1,1,-,-,-,-
20-Jan-26,PORT,East African Portland Cement Ltd,28,101,77.75,87.5,83,86.25,-3.25,-3.77%,1316,-
20-Jan-26,KEGN,Kenya Electricity Generating Company Plc,4.5,10.75,9.5,9.66,9.6,9.62,-0.02,-0.21%,674735,-
20-Jan-26,KPLC-P4,KPLC-P4,4,5,5,5,5,5,-,-,-,-
20-Jan-26,KPLC-P7,KPLC-P7,6,6,6,6,6,6,-,-,-,-
20-Jan-26,KPLC,Kenya Power and Lighting Company Plc,5.7,19,14.05,14.8,14.3,14.7,-0.4,-2.72%,1476199,-
20-Jan-26,TOTL,TotalEnergies Marketing Kenya Plc,21,47,38.5,39.5,38.65,39.3,-0.65,-1.65%,5653,-
20-Jan-26,UMME,Umeme Ltd,5.8,24.75,8.16,8.36,8.2,8.2,-,-,289980,-
20-Jan-26,BRIT,Britam Holdings Plc,5.92,13.4,9.6,9.8,9.76,9.68,0.08,0.83%,14679,-
20-Jan-26,CIC,CIC Insurance Group Ltd,2.55,6.62,4.6,4.8,4.67,4.73,-0.06,-1.27%,86061,-
20-Jan-26,JUB,Jubilee Holdings Ltd,182,437.75,325,335,333,330.25,2.75,0.83%,159,-
20-Jan-26,KNRE,Kenya Re-Insurance Corporation Ltd,1.5,4.02,3.18,3.2,3.19,3.19,-,-,1533331,-
20-Jan-26,LBTY,Liberty Kenya Holdings Ltd,9.1,12.2,9.44,10.2,9.7,9.92,-0.22,-2.22%,20464,-
20-Jan-26,SLAM,Sanlam Allianz Holdings (Kenya) Plc,5.5,11,8.4,8.82,8.62,8.82,-0.2,-2.27%,14548,-
20-Jan-26,CTUM,Centum Investment Company Plc,10.85,16.75,13.5,13.8,13.5,13.5,-,-,9453,-
20-Jan-26,HAFR,Home Afrika Ltd,0.48,1.93,1.29,1.33,1.3,1.3,-,-,161795,-
20-Jan-26,KURV,Kurwitu Ventures Ltd,1400,1500,1500,1500,1500,1500,-,-,-,-
20-Jan-26,OCH,Olympia Capital Holdings Ltd,3.12,9,7.5,7.6,7.52,7.56,-0.04,-0.53%,25249,-
20-Jan-26,TCL,Trans-Century Plc,0.71,1.42,0.71,0.71,0.71,0.71,-,-,-,-
20-Jan-26,NSE,Nairobi Securities Exchange Plc,6.5,25.9,20,20.4,20.25,20.25,-,-,69264,-
20-Jan-26,AMAC,Africa Mega Agricorp Plc,51,118.25,70.5,70.5,70.5,70.5,-,-,1,-
20-Jan-26,BOC,BOC Kenya Plc,76,150,130,133,131.25,131.25,-,-,95,-
20-Jan-26,BAT,British American Tobacco Kenya Plc,345,629,470.25,489.75,472.25,471,1.25,0.27%,7720,-
20-Jan-26,CARB,Carbacid Investments Plc,18,33,30,32.5,30.7,30,0.7,2.33%,14381,-
20-Jan-26,EABL,East African Breweries Ltd,167,351,243,246,244.75,245.5,-0.75,-0.31%,25049,-
20-Jan-26,FTGH,Flame Tree Group Holdings Ltd,1.05,3.11,1.79,1.8,1.79,1.79,-,-,190937,-
20-Jan-26,MSC,Mumias Sugar Company Ltd,0.27,0.27,0.27,0.27,0.27,0.27,-,-,-,-
20-Jan-26,SKL,Shri Krishana Overseas Plc,5.8,12,7.56,8.18,8.08,8.06,0.02,0.25%,683,-
20-Jan-26,UNGA,Unga Group Ltd,18.05,34,23,24.3,23.05,23.4,-0.35,-1.50%,2181,-
20-Jan-26,SCOM,Safaricom Plc,17,34.2,29.65,29.9,29.75,29.7,0.05,0.17%,2635053,-
20-Jan-26,LAPR,LAPTrust Imara Income-REIT,20,20,20,20,20,20,-,-,-,-
20-Jan-26,GLD,ABSA NewGold ETF,881,9800,5105,5700,5685,3260,2425,74.39%,629,-
20-Jan-26,SMWF,Satrix MSCI World Feeder ETF,755,1050,865,870,870,870,-,-,398,-
20-Jan-26,^N10I,NSE 10-Share Index,1250.85,2271.75,2027.22,2027.22,2027.22,2029.24,-2.02,-0.10%,-,-
20-Jan-26,^N20I,NSE 20-Share Index,2092.84,3758.73,3258.49,3258.49,3258.49,3256.69,1.8,0.06%,-,-
20-Jan-26,^N25I,NSE 25-Share Index,3314.15,5948.29,5266.89,5266.89,5266.89,5267.78,-0.89,-0.02%,-,-
20-Jan-26,^NASI,NSE All-Share Index,123.6,216.69,193.84,193.84,193.84,193.6,0.24,0.12%,-,-
20-Jan-26,^NBSI,NSE Banking Sector Index,149.92,245.9,213.31,213.31,213.31,213.29,0.02,0.01%,-,-
20-Jan-26,^NBDI,NSE Bonds Index,1140.96,1210.41,1158.36,1158.36,1158.36,1156.2,2.16,0.19%,-,-
20-Jan-26,^ZKEQTK,Zamara Kenya Equity Index (KES),2424.57,4790.09,4196.36,4196.36,4196.36,4196.42,-0.06,#VALUE!,-,-
20-Jan-26,^ZKEQTU,Zamara Kenya Equity Index (USD),1610.77,3197.11,2800.83,2800.83,2800.83,2800.87,-0.04,#VALUE!,-,-
21-Jan-26,EGAD,Eaagads Ltd,11,35.25,20.6,20.6,20.6,20.6,-,-,-,-
21-Jan-26,KUKZ,Kakuzi Plc,365,440,405,408,408.75,408.75,-,-,7,-
21-Jan-26,KAPC,Kapchorua Tea Kenya Plc,198,424.25,233,236,234.75,234.5,0.25,0.11%,2810,-
21-Jan-26,LIMT,Limuru Tea Plc,295,555,460,460,460,460,-,-,-,-
21-Jan-26,SASN,Sasini Plc,13.3,33.9,19.5,20,19.9,19.9,-,-,14535,-
21-Jan-26,WTK,Williamson Tea Kenya Plc,136,350,142.25,149.25,147.5,144.25,3.25,2.25%,3748,-
21-Jan-26,CGEN,Car and General (K) Ltd,19.8,74.25,57.75,59.25,57.75,57.75,-,-,401,-
21-Jan-26,ABSA,ABSA Bank Kenya Plc,15,33,25.6,25.95,25.7,25.75,-0.05,-0.19%,89609,-
21-Jan-26,BKG,BK Group Plc,28.75,50,44.9,44.95,44.9,44.95,-0.05,-0.11%,648,-
21-Jan-26,COOP,Co-operative Bank of Kenya Ltd,13.8,31.5,26.9,27.2,27.05,27,0.05,0.19%,359336,-
21-Jan-26,DTK,Diamond Trust Bank Kenya Ltd,66,170,116.5,118,117,118.25,-1.25,-1.06%,40836,-
21-Jan-26,EQTY,Equity Group Holdings Plc,41.2,80,68.25,69.25,69,69,-,-,1352938,-
21-Jan-26,HFCK,HF Group Ltd,5.3,11.5,10.3,10.75,10.4,10.55,-0.15,-1.42%,290305,-
21-Jan-26,IMH,I & M Holdings Plc,29.5,52,44.6,44.95,44.9,44.6,0.3,0.67%,35170,-
21-Jan-26,KCB,KCB Group Plc,35,80.5,66.5,67,66.75,67,-0.25,-0.37%,1199262,-
21-Jan-26,NCBA,NCBA Group Plc,48,100,88.5,91,89.75,90.5,-0.75,-0.83%,19254,-
21-Jan-26,SBIC,Stanbic Holdings Plc,147,270,197,200,198,198.25,-0.25,-0.13%,730759,-
21-Jan-26,SCBK,Standard Chartered Bank Kenya Ltd,260,365,307.25,309,308.25,308.25,-,-,19626,-
21-Jan-26,DCON,Deacons (East Africa) Plc,0.45,0.45,0.45,0.45,0.45,0.45,-,-,-,-
21-Jan-26,EVRD,Eveready East Africa Ltd,0.75,1.78,1.23,1.31,1.26,1.25,0.01,0.80%,81207,-
21-Jan-26,XPRS,Express Kenya Plc,2.8,10,7.4,7.44,7.44,7.3,0.14,1.92%,195,-
21-Jan-26,HBE,Homeboyz Entertainment Plc,4.66,4.66,4.66,4.66,4.66,4.66,-,-,-,-
21-Jan-26,KQ,Kenya Airways Plc,1.56,6.02,3.85,4.24,4.16,3.86,0.3,7.77%,391529,-
21-Jan-26,LKL,Longhorn Publishers Plc,2.35,3.5,2.65,2.9,2.76,2.89,-0.13,-4.50%,19053,-
21-Jan-26,NBV,Nairobi Business Ventures Ltd,1.33,2.16,1.39,1.55,1.4,1.43,-0.03,-2.10%,437459,-
21-Jan-26,NMG,Nation Media Group Plc,10.05,20,12.5,13,12.75,12.9,-0.15,-1.16%,9619,-
21-Jan-26,SMER,Sameer Africa Plc,2.7,21.5,14.35,14.9,14.65,14.45,0.2,1.38%,1278,-
21-Jan-26,SGL,Standard Group Plc,5.2,7.14,6.2,6.2,6.2,5.88,0.32,5.44%,5455,-
21-Jan-26,TPSE,TPS Eastern Africa (Serena) Ltd,13.05,18.2,15.6,15.75,15.6,15.65,-0.05,-0.32%,8675,-
21-Jan-26,UCHM,Uchumi Supermarket Plc,0.23,2.93,1.19,1.32,1.24,1.31,-0.07,-5.34%,977265,-
21-Jan-26,SCAN,WPP ScanGroup Plc,2,3.4,2.34,2.45,2.42,2.32,0.1,4.31%,19008,-
21-Jan-26,ARM,ARM Cement Plc,5.55,5.55,5.55,5.55,5.55,5.55,-,-,-,-
21-Jan-26,BAMB,Bamburi Cement Ltd,47.2,56.5,47.2,47.2,47.2,47.2,-,-,-,-
21-Jan-26,CRWN,Crown Paints Kenya Plc,30,70.75,58,58,58,58.25,-0.25,-0.43%,251,-
21-Jan-26,CABL,East African Cables Plc,1,2.44,1,1,1,1,-,-,-,-
21-Jan-26,PORT,East African Portland Cement Ltd,28,101,77.75,85,83,83,-,-,37,-
21-Jan-26,KEGN,Kenya Electricity Generating Company Plc,4.5,10.75,9.5,9.68,9.6,9.6,-,-,906341,-
21-Jan-26,KPLC-P4,KPLC-P4,4,5,5,5,5,5,-,-,-,-
21-Jan-26,KPLC-P7,KPLC-P7,6,6,6,6,6,6,-,-,-,-
21-Jan-26,KPLC,Kenya Power and Lighting Company Plc,5.7,19,14.25,15,14.7,14.3,0.4,2.80%,2254024,-
21-Jan-26,TOTL,TotalEnergies Marketing Kenya Plc,21,47,38.5,39.2,39.1,38.65,0.45,1.16%,5336,-
21-Jan-26,UMME,Umeme Ltd,5.8,24.75,8.14,8.3,8.2,8.2,-,-,352697,-
21-Jan-26,BRIT,Britam Holdings Plc,5.92,13.4,9.32,9.94,9.72,9.76,-0.04,-0.41%,137974,-
21-Jan-26,CIC,CIC Insurance Group Ltd,2.55,6.62,4.5,4.6,4.55,4.67,-0.12,-2.57%,78566,-
21-Jan-26,JUB,Jubilee Holdings Ltd,182,437.75,330,335,330.25,333,-2.75,-0.83%,1852,-
21-Jan-26,KNRE,Kenya Re-Insurance Corporation Ltd,1.5,4.02,3.17,3.2,3.19,3.19,-,-,2458776,-
21-Jan-26,LBTY,Liberty Kenya Holdings Ltd,9.1,12.2,9.8,10,9.94,9.7,0.24,2.47%,9005,-
21-Jan-26,SLAM,Sanlam Allianz Holdings (Kenya) Plc,5.5,11,8.46,8.8,8.8,8.62,0.18,2.09%,5769,-
21-Jan-26,CTUM,Centum Investment Company Plc,10.85,16.75,13.3,13.75,13.5,13.5,-,-,13078,-
21-Jan-26,HAFR,Home Afrika Ltd,0.48,1.93,1.23,1.3,1.28,1.3,-0.02,-1.54%,287934,-
21-Jan-26,KURV,Kurwitu Ventures Ltd,1400,1500,1500,1500,1500,1500,-,-,-,-
21-Jan-26,OCH,Olympia Capital Holdings Ltd,3.12,9,7.36,7.8,7.42,7.52,-0.1,-1.33%,7799,-
21-Jan-26,TCL,Trans-Century Plc,0.71,1.42,0.71,0.71,0.71,0.71,-,-,-,-
21-Jan-26,NSE,Nairobi Securities Exchange Plc,6.5,25.9,19.8,20.4,20,20.25,-0.25,-1.23%,256699,-
21-Jan-26,AMAC,Africa Mega Agricorp Plc,51,118.25,70,70,70.5,70.5,-,-,1,-
21-Jan-26,BOC,BOC Kenya Plc,76,150,132,133,132.75,131.25,1.5,1.14%,106,-
21-Jan-26,BAT,British American Tobacco Kenya Plc,345,629,472,478,472,472.25,-0.25,-0.05%,326687,-
21-Jan-26,CARB,Carbacid Investments Plc,18,33,30.7,32,31.45,30.7,0.75,2.44%,8596,-
21-Jan-26,EABL,East African Breweries Ltd,167,351,243,244.75,244,244.75,-0.75,-0.31%,36594,-
21-Jan-26,FTGH,Flame Tree Group Holdings Ltd,1.05,3.11,1.74,1.8,1.74,1.79,-0.05,-2.79%,32451,-
21-Jan-26,MSC,Mumias Sugar Company Ltd,0.27,0.27,0.27,0.27,0.27,0.27,-,-,-,-
21-Jan-26,SKL,Shri Krishana Overseas Plc,5.8,12,7.6,8,7.74,8.08,-0.34,-4.21%,665,-
21-Jan-26,UNGA,Unga Group Ltd,18.05,34,22,23,22.95,23.05,-0.1,-0.43%,1096,-
21-Jan-26,SCOM,Safaricom Plc,17,34.2,29.25,29.75,29.6,29.75,-0.15,-0.50%,5850799,-
21-Jan-26,LAPR,LAPTrust Imara Income-REIT,20,20,20,20,20,20,-,-,-,-
21-Jan-26,GLD,ABSA NewGold ETF,881,9800,5700,6000,5860,5685,175,3.08%,25649,-
21-Jan-26,SMWF,Satrix MSCI World Feeder ETF,755,1050,840,869,846,870,-24,-2.76%,362,-
21-Jan-26,^N10I,NSE 10-Share Index,1250.85,2271.75,2023.53,2023.53,2023.53,2027.22,-3.69,-0.18%,-,-
21-Jan-26,^N20I,NSE 20-Share Index,2092.84,3758.73,3251.33,3251.33,3251.33,3258.49,-7.16,-0.22%,-,-
21-Jan-26,^N25I,NSE 25-Share Index,3314.15,5948.29,5254.47,5254.47,5254.47,5266.89,-12.42,-0.24%,-,-
21-Jan-26,^NASI,NSE All-Share Index,123.6,216.69,193.43,193.43,193.43,193.84,-0.41,-0.21%,-,-
21-Jan-26,^NBSI,NSE Banking Sector Index,149.92,245.9,212.95,212.95,212.95,213.31,-0.36,-0.17%,-,-
21-Jan-26,^NBDI,NSE Bonds Index,1140.96,1210.41,1166.87,1166.87,1166.87,1158.36,8.51,0.73%,-,-
21-Jan-26,^ZKEQTK,Zamara Kenya Equity Index (KES),2424.57,4790.09,4186.88,4186.88,4186.88,4196.36,-9.48,-0.23%,-,-
21-Jan-26,^ZKEQTU,Zamara Kenya Equity Index (USD),1610.77,3197.11,2794.5,2794.5,2794.5,2800.83,-6.33,-0.23%,-,-
22-Jan-26,EGAD,Eaagads Ltd,11,35.25,19.35,21.5,19.75,20.6,-0.85,-4.13%,20228,-
22-Jan-26,KUKZ,Kakuzi Plc,365,440,408,408,408,408.75,-0.75,-0.18%,521,-
22-Jan-26,KAPC,Kapchorua Tea Kenya Plc,198,424.25,235.25,236,235.75,234.75,1,0.43%,1433,-
22-Jan-26,LIMT,Limuru Tea Plc,295,555,460,460,460,460,-,-,102,-
22-Jan-26,SASN,Sasini Plc,13.3,33.9,19.85,20.2,20,19.9,0.1,0.50%,106314,-
22-Jan-26,WTK,Williamson Tea Kenya Plc,136,350,146,149,148.25,147.5,0.75,0.51%,2267,-
22-Jan-26,CGEN,Car and General (K) Ltd,19.8,74.25,59,59.25,59,57.75,1.25,2.16%,425,-
22-Jan-26,ABSA,ABSA Bank Kenya Plc,15,33,25.7,26,26,25.7,0.3,1.17%,189270,-
22-Jan-26,BKG,BK Group Plc,28.75,50,42,45,45,44.9,0.1,0.22%,1057349,-
22-Jan-26,COOP,Co-operative Bank of Kenya Ltd,13.8,31.5,26.95,27.5,27.15,27.05,0.1,0.37%,2053802,-
22-Jan-26,DTK,Diamond Trust Bank Kenya Ltd,66,170,117,118,117.75,117,0.75,0.64%,13192,-
22-Jan-26,EQTY,Equity Group Holdings Plc,41.2,80,68.5,69,68.75,69,-0.25,-0.36%,1082066,-
22-Jan-26,HFCK,HF Group Ltd,5.3,11.5,10.2,10.75,10.45,10.4,0.05,0.48%,144042,-
22-Jan-26,IMH,I & M Holdings Plc,29.5,52,44.85,45,45,44.9,0.1,0.22%,1219669,-
22-Jan-26,KCB,KCB Group Plc,35,80.5,66.5,67,66.75,66.75,-,-,650279,-
22-Jan-26,NCBA,NCBA Group Plc,48,100,92.5,100,98.25,89.75,8.5,9.47%,676795,-
22-Jan-26,SBIC,Stanbic Holdings Plc,147,270,197,206,197.75,198,-0.25,-0.13%,10340,-
22-Jan-26,SCBK,Standard Chartered Bank Kenya Ltd,260,365,305,308,307.25,308.25,-1,-0.32%,26503,-
22-Jan-26,DCON,Deacons (East Africa) Plc,0.45,0.45,0.45,0.45,0.45,0.45,-,-,-,-
22-Jan-26,EVRD,Eveready East Africa Ltd,0.75,1.78,1.24,1.36,1.25,1.26,-0.01,-0.79%,161596,-
22-Jan-26,XPRS,Express Kenya Plc,2.8,10,7.3,7.44,7.38,7.44,-0.06,-0.81%,322,-
22-Jan-26,HBE,Homeboyz Entertainment Plc,4.66,4.66,4.66,4.66,4.66,4.66,-,-,-,-
22-Jan-26,KQ,Kenya Airways Plc,1.56,6.02,4.2,4.57,4.56,4.16,0.4,9.62%,296964,-
22-Jan-26,LKL,Longhorn Publishers Plc,2.35,3.5,2.66,2.91,2.8,2.76,0.04,1.45%,4511,-
22-Jan-26,NBV,Nairobi Business Ventures Ltd,1.33,2.16,1.4,1.5,1.45,1.4,0.05,3.57%,79504,-
22-Jan-26,NMG,Nation Media Group Plc,10.05,20,12.75,13.2,12.85,12.75,0.1,0.78%,50447,-
22-Jan-26,SMER,Sameer Africa Plc,2.7,21.5,14.1,14.8,14.6,14.65,-0.05,-0.34%,37358,-
22-Jan-26,SGL,Standard Group Plc,5.2,7.14,5.68,6.24,5.72,6.2,-0.48,-7.74%,5058,-
22-Jan-26,TPSE,TPS Eastern Africa (Serena) Ltd,13.05,18.2,15,15.6,15.05,15.6,-0.55,-3.53%,24924,-
22-Jan-26,UCHM,Uchumi Supermarket Plc,0.23,2.93,1.19,1.32,1.28,1.24,0.04,3.23%,646975,-
22-Jan-26,SCAN,WPP ScanGroup Plc,2,3.4,2.25,2.54,2.34,2.42,-0.08,-3.31%,206348,-
22-Jan-26,ARM,ARM Cement Plc,5.55,5.55,5.55,5.55,5.55,5.55,-,-,-,-
22-Jan-26,BAMB,Bamburi Cement Ltd,47.2,56.5,47.2,47.2,47.2,47.2,-,-,-,-
22-Jan-26,CRWN,Crown Paints Kenya Plc,30,70.75,56,57.75,57.75,58,-0.25,-0.43%,855,-
22-Jan-26,CABL,East African Cables Plc,1,2.44,1,1,1,1,-,-,-,-
22-Jan-26,PORT,East African Portland Cement Ltd,28,101,81,83,81.25,83,-1.75,-2.11%,5192,-
22-Jan-26,KEGN,Kenya Electricity Generating Company Plc,4.5,10.75,9.5,9.6,9.54,9.6,-0.06,-0.63%,686424,-
22-Jan-26,KPLC-P4,KPLC-P4,4,5,5,5,5,5,-,-,-,-
22-Jan-26,KPLC-P7,KPLC-P7,6,6,6,6,6,6,-,-,-,-
22-Jan-26,KPLC,Kenya Power and Lighting Company Plc,5.7,19,14.65,15.05,14.85,14.7,0.15,1.02%,988917,-
22-Jan-26,TOTL,TotalEnergies Marketing Kenya Plc,21,47,38.9,40,39,39.1,-0.1,-0.26%,34075,-
22-Jan-26,UMME,Umeme Ltd,5.8,24.75,8.14,8.38,8.2,8.2,-,-,47300,-
22-Jan-26,BRIT,Britam Holdings Plc,5.92,13.4,9.4,9.96,9.72,9.72,-,-,45531,-
22-Jan-26,CIC,CIC Insurance Group Ltd,2.55,6.62,4.5,4.7,4.6,4.55,0.05,1.10%,536734,-
22-Jan-26,JUB,Jubilee Holdings Ltd,182,437.75,330,330.25,330,330.25,-0.25,-0.08%,1365,-
22-Jan-26,KNRE,Kenya Re-Insurance Corporation Ltd,1.5,4.02,3.15,3.2,3.18,3.19,-0.01,-0.31%,2614568,-
22-Jan-26,LBTY,Liberty Kenya Holdings Ltd,9.1,12.2,9.92,9.98,9.96,9.94,0.02,0.20%,7181,-
22-Jan-26,SLAM,Sanlam Allianz Holdings (Kenya) Plc,5.5,11,8.4,8.8,8.7,8.8,-0.1,-1.14%,15041,-
22-Jan-26,CTUM,Centum Investment Company Plc,10.85,16.75,13.35,13.6,13.45,13.5,-0.05,-0.37%,12784,-
22-Jan-26,HAFR,Home Afrika Ltd,0.48,1.93,1.25,1.3,1.29,1.28,0.01,0.78%,218299,-
22-Jan-26,KURV,Kurwitu Ventures Ltd,1400,1500,1500,1500,1500,1500,-,-,-,-
22-Jan-26,OCH,Olympia Capital Holdings Ltd,3.12,9,7.36,8,7.72,7.42,0.3,4.04%,3640,-
22-Jan-26,TCL,Trans-Century Plc,0.71,1.42,0.71,0.71,0.71,0.71,-,-,-,-
22-Jan-26,NSE,Nairobi Securities Exchange Plc,6.5,25.9,19.9,20.4,20,20,-,-,66582,-
22-Jan-26,AMAC,Africa Mega Agricorp Plc,51,118.25,70.5,70.5,70.5,70.5,-,-,-,-
22-Jan-26,BOC,BOC Kenya Plc,76,150,132,133,132,132.75,-0.75,-0.56%,1504,-
22-Jan-26,BAT,British American Tobacco Kenya Plc,345,629,472,489.75,472.25,472,0.25,0.05%,334363,-
22-Jan-26,CARB,Carbacid Investments Plc,18,33,30,32,30.7,31.45,-0.75,-2.38%,15709,-
22-Jan-26,EABL,East African Breweries Ltd,167,351,240,244,243.5,244,-0.5,-0.20%,166610,-
22-Jan-26,FTGH,Flame Tree Group Holdings Ltd,1.05,3.11,1.57,1.79,1.68,1.74,-0.06,-3.45%,63162,-
22-Jan-26,MSC,Mumias Sugar Company Ltd,0.27,0.27,0.27,0.27,0.27,0.27,-,-,-,-
22-Jan-26,SKL,Shri Krishana Overseas Plc,5.8,12,7.68,8.18,7.82,7.74,0.08,1.03%,819,-
22-Jan-26,UNGA,Unga Group Ltd,18.05,34,22.5,24,23.3,22.95,0.35,1.53%,588,-
22-Jan-26,SCOM,Safaricom Plc,17,34.2,29.4,29.75,29.6,29.6,-,-,2379898,-
22-Jan-26,LAPR,LAPTrust Imara Income-REIT,20,20,20,20,20,20,-,-,-,-
22-Jan-26,GLD,ABSA NewGold ETF,881,9800,5600,6300,5810,5860,-50,-0.85%,17484,-
22-Jan-26,SMWF,Satrix MSCI World Feeder ETF,755,1050,841,855,849,846,3,0.35%,108,-
22-Jan-26,^N10I,NSE 10-Share Index,1250.85,2271.75,2024.91,2024.91,2024.91,2023.53,1.38,0.07%,-,-
22-Jan-26,^N20I,NSE 20-Share Index,2092.84,3758.73,3270.85,3270.85,3270.85,3251.33,19.52,0.60%,-,-
22-Jan-26,^N25I,NSE 25-Share Index,3314.15,5948.29,5299.15,5299.15,5299.15,5254.47,44.68,0.85%,-,-
22-Jan-26,^NASI,NSE All-Share Index,123.6,216.69,194.49,194.49,194.49,193.43,1.06,0.55%,-,-
22-Jan-26,^NBSI,NSE Banking Sector Index,149.92,245.9,215.33,215.33,215.33,212.95,2.38,1.12%,-,-
22-Jan-26,^NBDI,NSE Bonds Index,1140.96,1210.41,1164.24,1164.24,1164.24,1166.87,-2.63,-0.23%,-,-
22-Jan-26,^ZKEQTK,Zamara Kenya Equity Index (KES),2424.57,4790.09,4185.84,4185.84,4185.84,4186.88,-1.04,-0.02%,-,-
22-Jan-26,^ZKEQTU,Zamara Kenya Equity Index (USD),1610.77,3197.11,2793.8,2793.8,2793.8,2794.5,-0.7,-0.03%,-,-
23-Jan-26,EGAD,Eaagads Ltd,11,35.25,20.6,21.7,21.6,19.75,1.85,9.37%,4816,-
23-Jan-26,KUKZ,Kakuzi Plc,365,440,408,408,408,408,-,-,21,-
23-Jan-26,KAPC,Kapchorua Tea Kenya Plc,198,424.25,236,236,236,235.75,0.25,0.11%,703,-
23-Jan-26,LIMT,Limuru Tea Plc,295,555,460,460,460,460,-,-,2,-
23-Jan-26,SASN,Sasini Plc,13.3,33.9,19.9,20.1,20,20,-,-,29077,-
23-Jan-26,WTK,Williamson Tea Kenya Plc,136,350,145,149,146,148.25,-2.25,-1.52%,3496,-
23-Jan-26,CGEN,Car and General (K) Ltd,19.8,74.25,58,59,58.75,59,-0.25,-0.42%,726,-
23-Jan-26,ABSA,ABSA Bank Kenya Plc,15,33,25.95,28,26.45,26,0.45,1.73%,303082,-
23-Jan-26,BKG,BK Group Plc,28.75,50,41.6,46,42.85,45,-2.15,-4.78%,3722,-
23-Jan-26,COOP,Co-operative Bank of Kenya Ltd,13.8,31.5,27.2,27.5,27.45,27.15,0.3,1.10%,358316,-
23-Jan-26,DTK,Diamond Trust Bank Kenya Ltd,66,170,117,118,117,117.75,-0.75,-0.64%,79642,-
23-Jan-26,EQTY,Equity Group Holdings Plc,41.2,80,68.5,69.25,68.75,68.75,-,-,2602658,-
23-Jan-26,HFCK,HF Group Ltd,5.3,11.5,10.2,10.8,10.45,10.45,-,-,309192,-
23-Jan-26,IMH,I & M Holdings Plc,29.5,52,44.9,45,45,45,-,-,223396,-
23-Jan-26,KCB,KCB Group Plc,35,80.5,66.25,67,66.75,66.75,-,-,1100447,-
23-Jan-26,NCBA,NCBA Group Plc,48,100,94,99,97.5,98.25,-0.75,-0.76%,112562,-
23-Jan-26,SBIC,Stanbic Holdings Plc,147,270,196,198,198,197.75,0.25,0.13%,465865,-
23-Jan-26,SCBK,Standard Chartered Bank Kenya Ltd,260,365,307,310,307.75,307.25,0.5,0.16%,18332,-
23-Jan-26,DCON,Deacons (East Africa) Plc,0.45,0.45,0.45,0.45,0.45,0.45,-,-,-,-
23-Jan-26,EVRD,Eveready East Africa Ltd,0.75,1.78,1.26,1.37,1.34,1.25,0.09,7.20%,9396,-
23-Jan-26,XPRS,Express Kenya Plc,2.8,10,7.26,7.4,7.32,7.38,-0.06,-0.81%,3971,-
23-Jan-26,HBE,Homeboyz Entertainment Plc,4.66,4.66,4.66,4.66,4.66,4.66,-,-,-,-
23-Jan-26,KQ,Kenya Airways Plc,1.56,6.02,4.19,5,4.6,4.56,0.04,0.88%,1001759,-
23-Jan-26,LKL,Longhorn Publishers Plc,2.35,3.5,2.71,2.91,2.9,2.8,0.1,3.57%,10738,-
23-Jan-26,NBV,Nairobi Business Ventures Ltd,1.33,2.16,1.37,1.46,1.41,1.45,-0.04,-2.76%,116959,-
23-Jan-26,NMG,Nation Media Group Plc,10.05,20,12.5,13.3,13.15,12.85,0.3,2.33%,19607,-
23-Jan-26,SMER,Sameer Africa Plc,2.7,21.5,14.6,15.1,14.95,14.6,0.35,2.40%,112557,-
23-Jan-26,SGL,Standard Group Plc,5.2,7.14,6,6.2,6.16,5.72,0.44,7.69%,456,-
23-Jan-26,TPSE,TPS Eastern Africa (Serena) Ltd,13.05,18.2,14.8,15,14.85,15.05,-0.2,-1.33%,115379,-
23-Jan-26,UCHM,Uchumi Supermarket Plc,0.23,2.93,1.2,1.36,1.26,1.28,-0.02,-1.56%,481030,-
23-Jan-26,SCAN,WPP ScanGroup Plc,2,3.4,2.22,2.45,2.26,2.34,-0.08,-3.42%,94113,-
23-Jan-26,ARM,ARM Cement Plc,5.55,5.55,5.55,5.55,5.55,5.55,-,-,-,-
23-Jan-26,BAMB,Bamburi Cement Ltd,47.2,56.5,47.2,47.2,47.2,47.2,-,-,-,-
23-Jan-26,CRWN,Crown Paints Kenya Plc,30,70.75,56,58,57.75,57.75,-,-,404,-
23-Jan-26,CABL,East African Cables Plc,1,2.44,1,1,1,1,-,-,-,-
23-Jan-26,PORT,East African Portland Cement Ltd,28,101,80.75,85,81,81.25,-0.25,-0.31%,8931,-
23-Jan-26,KEGN,Kenya Electricity Generating Company Plc,4.5,10.75,9.5,9.8,9.58,9.54,0.04,0.42%,926546,-
23-Jan-26,KPLC-P4,KPLC-P4,4,5,5,5,5,5,-,-,-,-
23-Jan-26,KPLC-P7,KPLC-P7,6,6,6,6,6,6,-,-,-,-
23-Jan-26,KPLC,Kenya Power and Lighting Company Plc,5.7,19,14.7,15.1,14.9,14.85,0.05,0.34%,1816821,-
23-Jan-26,TOTL,TotalEnergies Marketing Kenya Plc,21,47,37.15,40,38.6,39,-0.4,-1.03%,107135,-
23-Jan-26,UMME,Umeme Ltd,5.8,24.75,8.3,8.58,8.4,8.2,0.2,2.44%,260395,-
23-Jan-26,BRIT,Britam Holdings Plc,5.92,13.4,9.4,9.92,9.76,9.72,0.04,0.41%,402955,-
23-Jan-26,CIC,CIC Insurance Group Ltd,2.55,6.62,4.45,4.7,4.6,4.6,-,-,198929,-
23-Jan-26,JUB,Jubilee Holdings Ltd,182,437.75,330,330.25,330,330,-,-,5714,-
23-Jan-26,KNRE,Kenya Re-Insurance Corporation Ltd,1.5,4.02,3.18,3.2,3.19,3.18,0.01,0.31%,1100835,-
23-Jan-26,LBTY,Liberty Kenya Holdings Ltd,9.1,12.2,9.84,10,9.94,9.96,-0.02,-0.20%,11517,-
23-Jan-26,SLAM,Sanlam Allianz Holdings (Kenya) Plc,5.5,11,8.42,8.8,8.64,8.7,-0.06,-0.69%,22450,-
23-Jan-26,CTUM,Centum Investment Company Plc,10.85,16.75,13.35,13.5,13.5,13.45,0.05,0.37%,16765,-
23-Jan-26,HAFR,Home Afrika Ltd,0.48,1.93,1.2,1.35,1.26,1.29,-0.03,-2.33%,354647,-
23-Jan-26,KURV,Kurwitu Ventures Ltd,1400,1500,1500,1500,1500,1500,-,-,-,-
23-Jan-26,OCH,Olympia Capital Holdings Ltd,3.12,9,7.42,8,7.98,7.72,0.26,3.37%,630,-
23-Jan-26,TCL,Trans-Century Plc,0.71,1.42,0.71,0.71,0.71,0.71,-,-,-,-
23-Jan-26,NSE,Nairobi Securities Exchange Plc,6.5,25.9,19.9,20,20,20,-,-,75583,-
23-Jan-26,AMAC,Africa Mega Agricorp Plc,51,118.25,70.5,70.5,70.5,70.5,-,-,1,-
23-Jan-26,BOC,BOC Kenya Plc,76,150,120,133,120.75,132,-11.25,-8.52%,7876,-
23-Jan-26,BAT,British American Tobacco Kenya Plc,345,629,472.25,485,472.5,472.25,0.25,0.05%,65640,-
23-Jan-26,CARB,Carbacid Investments Plc,18,33,30,30.7,30.15,30.7,-0.55,-1.79%,24291,-
23-Jan-26,EABL,East African Breweries Ltd,167,351,239.5,244,240.75,243.5,-2.75,-1.13%,46556,-
23-Jan-26,FTGH,Flame Tree Group Holdings Ltd,1.05,3.11,1.69,1.8,1.74,1.68,0.06,3.57%,80397,-
23-Jan-26,MSC,Mumias Sugar Company Ltd,0.27,0.27,0.27,0.27,0.27,0.27,-,-,-,-
23-Jan-26,SKL,Shri Krishana Overseas Plc,5.8,12,7.5,8.1,7.92,7.82,0.1,1.28%,4586,-
23-Jan-26,UNGA,Unga Group Ltd,18.05,34,24,24,24,23.3,0.7,3.00%,782,-
23-Jan-26,SCOM,Safaricom Plc,17,34.2,29.55,29.8,29.65,29.6,0.05,0.17%,4323876,-
23-Jan-26,LAPR,LAPTrust Imara Income-REIT,20,20,20,20,20,20,-,-,-,-
23-Jan-26,GLD,ABSA NewGold ETF,881,9800,5800,6090,5915,5810,105,1.81%,139,-
23-Jan-26,SMWF,Satrix MSCI World Feeder ETF,755,1050,855,875,855,849,6,0.71%,118,-
23-Jan-26,^N10I,NSE 10-Share Index,1250.85,2271.75,2028.78,2028.78,2028.78,2024.91,3.87,0.19%,-,-
23-Jan-26,^N20I,NSE 20-Share Index,2092.84,3758.73,3267.15,3267.15,3267.15,3270.85,-3.7,-0.11%,-,-
23-Jan-26,^N25I,NSE 25-Share Index,3314.15,5948.29,5301.84,5301.84,5301.84,5299.15,2.69,0.05%,-,-
23-Jan-26,^NASI,NSE All-Share Index,123.6,216.69,194.6,194.6,194.6,194.49,0.11,0.06%,-,-
23-Jan-26,^NBSI,NSE Banking Sector Index,149.92,245.9,215.78,215.78,215.78,215.33,0.45,0.21%,-,-
23-Jan-26,^NBDI,NSE Bonds Index,1140.96,1210.41,1164.72,1164.72,1164.72,1164.24,0.48,0.04%,-,-
23-Jan-26,^ZKEQTK,Zamara Kenya Equity Index (KES),2424.57,4790.09,4191.84,4191.84,4191.84,4185.84,6,0.14%,-,-
23-Jan-26,^ZKEQTU,Zamara Kenya Equity Index (USD),1610.77,3197.11,2797.81,2797.81,2797.81,2793.8,4.01,0.14%,-,-
26-Jan-26,EGAD,Eaagads Ltd,11,35.25,21.5,23.75,22.5,21.6,0.9,4.17%,8149,-
26-Jan-26,KUKZ,Kakuzi Plc,365,440,408,408,408,408,-,-,55,-
26-Jan-26,KAPC,Kapchorua Tea Kenya Plc,198,424.25,235,236,235.75,236,-0.25,-0.11%,2852,-
26-Jan-26,LIMT,Limuru Tea Plc,295,555,460,460,460,460,-,-,-,-
26-Jan-26,SASN,Sasini Plc,13.3,33.9,19.9,20.2,20.05,20,0.05,0.25%,31715,-
26-Jan-26,WTK,Williamson Tea Kenya Plc,136,350,146,148.75,147,146,1,0.68%,4633,-
26-Jan-26,CGEN,Car and General (K) Ltd,19.8,74.25,58.75,59,59,58.75,0.25,0.43%,298,-
26-Jan-26,ABSA,ABSA Bank Kenya Plc,15,33,26.1,28,27.15,26.45,0.7,2.65%,1172750,-
26-Jan-26,BKG,BK Group Plc,28.75,52,43,46.5,45.15,42.85,2.3,5.37%,424,-
26-Jan-26,COOP,Co-operative Bank of Kenya Ltd,13.8,31.5,27.4,29.25,27.95,27.45,0.5,1.82%,478273,-
26-Jan-26,DTK,Diamond Trust Bank Kenya Ltd,66,170,117,122,117.5,117,0.5,0.43%,228855,-
26-Jan-26,EQTY,Equity Group Holdings Plc,41.2,80,68,69,68.5,68.75,-0.25,-0.36%,556225,-
26-Jan-26,HFCK,HF Group Ltd,5.3,11.5,10,10.45,10.25,10.45,-0.2,-1.91%,202567,-
26-Jan-26,IMH,I & M Holdings Plc,29.5,52,44.9,45,45,45,-,-,315563,-
26-Jan-26,KCB,KCB Group Plc,36.5,80.5,66.25,67,66.75,66.75,-,-,6441834,-
26-Jan-26,NCBA,NCBA Group Plc,48,100,90,97.5,91.25,97.5,-6.25,-6.41%,140142,-
26-Jan-26,SBIC,Stanbic Holdings Plc,147,300,196,198,198,198,-,-,1071702,-
26-Jan-26,SCBK,Standard Chartered Bank Kenya Ltd,260,365,307,309.75,308,307.75,0.25,0.08%,17355,-
26-Jan-26,DCON,Deacons (East Africa) Plc,0.45,0.45,0.45,0.45,0.45,0.45,-,-,-,-
26-Jan-26,EVRD,Eveready East Africa Ltd,0.75,1.78,1.28,1.4,1.31,1.34,-0.03,-2.24%,24345,-
26-Jan-26,XPRS,Express Kenya Plc,2.8,10,7.2,7.44,7.28,7.32,-0.04,-0.55%,4206,-
26-Jan-26,HBE,Homeboyz Entertainment Plc,4.66,4.66,4.66,4.66,4.66,4.66,-,-,-,-
26-Jan-26,KQ,Kenya Airways Plc,1.56,7.02,4.65,5.06,5.02,4.6,0.42,9.13%,948095,-
26-Jan-26,LKL,Longhorn Publishers Plc,2.35,3.5,2.8,2.91,2.9,2.9,-,-,4226,-
26-Jan-26,NBV,Nairobi Business Ventures Ltd,1.33,2.16,1.44,1.48,1.47,1.41,0.06,4.26%,53636,-
26-Jan-26,NMG,Nation Media Group Plc,10.05,20,12.6,13.4,13.15,13.15,-,-,13380,-
26-Jan-26,SMER,Sameer Africa Plc,2.7,21.5,14.7,15,14.9,14.95,-0.05,-0.33%,19281,-
26-Jan-26,SGL,Standard Group Plc,5.2,7.14,6,6.2,6.2,6.16,0.04,0.65%,363,-
26-Jan-26,TPSE,TPS Eastern Africa (Serena) Ltd,13.05,18.2,14.8,16,14.9,14.85,0.05,0.34%,6317,-
26-Jan-26,UCHM,Uchumi Supermarket Plc,0.23,2.93,1.2,1.32,1.27,1.26,0.01,0.79%,263558,-
26-Jan-26,SCAN,WPP ScanGroup Plc,2,3.33,2.2,2.38,2.24,2.26,-0.02,-0.88%,527007,-
26-Jan-26,ARM,ARM Cement Plc,5.55,5.55,5.55,5.55,5.55,5.55,-,-,-,-
26-Jan-26,BAMB,Bamburi Cement Ltd,47.2,56.5,47.2,47.2,47.2,47.2,-,-,-,-
26-Jan-26,CRWN,Crown Paints Kenya Plc,33.95,70.75,56,58,57.25,57.75,-0.5,-0.87%,419,-
26-Jan-26,CABL,East African Cables Plc,1,2.44,1,1,1,1,-,-,-,-
26-Jan-26,PORT,East African Portland Cement Ltd,28,101,81.25,85,82,81,1,1.23%,679,-
26-Jan-26,KEGN,Kenya Electricity Generating Company Plc,4.52,10.75,9.56,9.8,9.62,9.58,0.04,0.42%,1289235,-
26-Jan-26,KPLC-P4,KPLC-P4,4,5,5,5,5,5,-,-,-,-
26-Jan-26,KPLC-P7,KPLC-P7,6,6,6,6,6,6,-,-,-,-
26-Jan-26,KPLC,Kenya Power and Lighting Company Plc,5.7,19,15.05,15.35,15.2,14.9,0.3,2.01%,1230041,-
26-Jan-26,TOTL,TotalEnergies Marketing Kenya Plc,21,47,38.25,40,38.8,38.6,0.2,0.52%,12909,-
26-Jan-26,UMME,Umeme Ltd,5.8,24.75,8.58,9.24,9.04,8.4,0.64,7.62%,186140,-
26-Jan-26,BRIT,Britam Holdings Plc,5.92,13.4,9.5,10,9.82,9.76,0.06,0.61%,79783,-
26-Jan-26,CIC,CIC Insurance Group Ltd,2.55,6.62,4.3,4.68,4.49,4.6,-0.11,-2.39%,163854,-
26-Jan-26,JUB,Jubilee Holdings Ltd,182,437.75,305,330.25,330,330,-,-,201496,-
26-Jan-26,KNRE,Kenya Re-Insurance Corporation Ltd,1.5,4.02,3.19,3.21,3.2,3.19,0.01,0.31%,3549342,-
26-Jan-26,LBTY,Liberty Kenya Holdings Ltd,9.1,12.2,9.92,10.2,10,9.94,0.06,0.60%,32768,-
26-Jan-26,SLAM,Sanlam Allianz Holdings (Kenya) Plc,5.5,11,8.22,8.8,8.46,8.64,-0.18,-2.08%,40736,-
26-Jan-26,CTUM,Centum Investment Company Plc,10.85,16.75,13.1,13.55,13.35,13.5,-0.15,-1.11%,36060,-
26-Jan-26,HAFR,Home Afrika Ltd,0.48,1.93,1.25,1.29,1.26,1.26,-,-,483692,-
26-Jan-26,KURV,Kurwitu Ventures Ltd,1400,1500,1500,1500,1500,1500,-,-,-,-
26-Jan-26,OCH,Olympia Capital Holdings Ltd,3.12,9,7.2,7.98,7.68,7.98,-0.3,-3.76%,3648,-
26-Jan-26,TCL,Trans-Century Plc,0.71,1.4,0.71,0.71,0.71,0.71,-,-,-,-
26-Jan-26,NSE,Nairobi Securities Exchange Plc,6.5,25.9,19.8,20,19.95,20,-0.05,-0.25%,84360,-
26-Jan-26,AMAC,Africa Mega Agricorp Plc,51,118.25,77,77.5,77.5,70.5,7,9.93%,101,-
26-Jan-26,BOC,BOC Kenya Plc,76,150,121,132.75,130,120.75,9.25,7.66%,1679,-
26-Jan-26,BAT,British American Tobacco Kenya Plc,345,629,472,479,474,472.5,1.5,0.32%,6499,-
26-Jan-26,CARB,Carbacid Investments Plc,18,33,30.25,31,30.9,30.15,0.75,2.49%,11129,-
26-Jan-26,EABL,East African Breweries Ltd,167,351,237,240,239.5,240.75,-1.25,-0.52%,49453,-
26-Jan-26,FTGH,Flame Tree Group Holdings Ltd,1.05,3.11,1.74,1.8,1.76,1.74,0.02,1.15%,94969,-
26-Jan-26,MSC,Mumias Sugar Company Ltd,0.27,0.27,0.27,0.27,0.27,0.27,-,-,-,-
26-Jan-26,SKL,Shri Krishana Overseas Plc,5.8,12,8.1,8.18,8.18,7.92,0.26,3.28%,1001,-
26-Jan-26,UNGA,Unga Group Ltd,18.05,34,22,24,23.1,24,-0.9,-3.75%,375,-
26-Jan-26,SCOM,Safaricom Plc,17,34.2,29.4,29.8,29.55,29.65,-0.1,-0.34%,6776501,-
26-Jan-26,LAPR,LAPTrust Imara Income-REIT,20,20,20,20,20,20,-,-,-,-
26-Jan-26,GLD,ABSA NewGold ETF,881,9800,5820,6120,6095,5915,180,3.04%,8961,-
26-Jan-26,SMWF,Satrix MSCI World Feeder ETF,755,1050,850,874,855,855,-,-,40,-
26-Jan-26,^N10I,NSE 10-Share Index,1268.27,2271.75,2033.77,2033.77,2033.77,2028.78,4.99,0.25%,-,-
26-Jan-26,^N20I,NSE 20-Share Index,2092.84,3758.73,3267.95,3267.95,3267.95,3267.15,0.8,0.02%,-,-
26-Jan-26,^N25I,NSE 25-Share Index,3365.92,5948.29,5283.4,5283.4,5283.4,5301.84,-18.44,-0.35%,-,-
26-Jan-26,^NASI,NSE All-Share Index,125.33,216.69,194.42,194.42,194.42,194.6,-0.18,-0.09%,-,-
26-Jan-26,^NBSI,NSE Banking Sector Index,149.92,245.9,215.21,215.21,215.21,215.78,-0.57,-0.26%,-,-
26-Jan-26,^NBDI,NSE Bonds Index,1140.96,1210.41,1162.69,1162.69,1162.69,1164.72,-2.03,-0.17%,-,-
26-Jan-26,^ZKEQTK,Zamara Kenya Equity Index (KES),2473.14,4790.09,4197.6,4197.6,4197.6,4191.84,5.76,0.14%,-,-
26-Jan-26,^ZKEQTU,Zamara Kenya Equity Index (USD),1641.77,3197.11,2802.74,2802.74,2802.74,2797.81,4.93,0.18%,-,-
27-Jan-26,EGAD,Eaagads Ltd,11,35.25,22.45,22.5,22.5,22.5,-,-,1590,-
27-Jan-26,KUKZ,Kakuzi Plc,365,440,406,408,406,408,-2,-0.49%,104,-
27-Jan-26,KAPC,Kapchorua Tea Kenya Plc,198,424.25,235,236,235.75,235.75,-,-,1106,-
27-Jan-26,LIMT,Limuru Tea Plc,295,555,460,460,460,460,-,-,-,-
27-Jan-26,SASN,Sasini Plc,13.3,33.9,19.6,20.2,19.95,20.05,-0.1,-0.50%,20616,-
27-Jan-26,WTK,Williamson Tea Kenya Plc,136,350,140,147,142.75,147,-4.25,-2.89%,43729,-
27-Jan-26,CGEN,Car and General (K) Ltd,19.8,74.25,58.75,59,58.75,59,-0.25,-0.42%,2548,-
27-Jan-26,ABSA,ABSA Bank Kenya Plc,15,33,26.5,28,27.6,27.15,0.45,1.66%,354770,-
27-Jan-26,BKG,BK Group Plc,28.75,52,45.9,48,47.9,45.15,2.75,6.09%,210566,-
27-Jan-26,COOP,Co-operative Bank of Kenya Ltd,13.8,31.5,28.05,29,28.65,27.95,0.7,2.50%,638468,-
27-Jan-26,DTK,Diamond Trust Bank Kenya Ltd,66,170,122,129.25,123,117.5,5.5,4.68%,129529,-
27-Jan-26,EQTY,Equity Group Holdings Plc,41.2,80,68,68.5,68.25,68.5,-0.25,-0.36%,2728846,-
27-Jan-26,HFCK,HF Group Ltd,5.3,11.5,10.3,10.5,10.4,10.25,0.15,1.46%,263068,-
27-Jan-26,IMH,I & M Holdings Plc,29.5,52,44.9,45,45,45,-,-,207346,-
27-Jan-26,KCB,KCB Group Plc,36.5,80.5,66.25,67,66.75,66.75,-,-,894017,-
27-Jan-26,NCBA,NCBA Group Plc,48,100,89,94.75,90,91.25,-1.25,-1.37%,282609,-
27-Jan-26,SBIC,Stanbic Holdings Plc,147,300,197.5,198,197.75,198,-0.25,-0.13%,16022,-
27-Jan-26,SCBK,Standard Chartered Bank Kenya Ltd,260,365,305,308.75,307,308,-1,-0.32%,292109,-
27-Jan-26,DCON,Deacons (East Africa) Plc,0.45,0.45,0.45,0.45,0.45,0.45,-,-,-,-
27-Jan-26,EVRD,Eveready East Africa Ltd,0.75,1.78,1.29,1.36,1.31,1.31,-,-,30607,-
27-Jan-26,XPRS,Express Kenya Plc,2.8,10,7.02,7.4,7.08,7.28,-0.2,-2.75%,1260,-
27-Jan-26,HBE,Homeboyz Entertainment Plc,4.66,4.66,4.66,4.66,4.66,4.66,-,-,-,-
27-Jan-26,KQ,Kenya Airways Plc,1.56,7.02,5.06,5.52,5.5,5.02,0.48,9.56%,2159417,-
27-Jan-26,LKL,Longhorn Publishers Plc,2.35,3.5,2.87,2.91,2.91,2.9,0.01,0.34%,588,-
27-Jan-26,NBV,Nairobi Business Ventures Ltd,1.33,2.16,1.42,1.48,1.45,1.47,-0.02,-1.36%,68644,-
27-Jan-26,NMG,Nation Media Group Plc,10.05,20,12.8,13.15,12.85,13.15,-0.3,-2.28%,28840,-
27-Jan-26,SMER,Sameer Africa Plc,2.7,21.5,14.7,15,14.75,14.9,-0.15,-1.01%,18918,-
27-Jan-26,SGL,Standard Group Plc,5.2,7.14,5.7,6.2,5.94,6.2,-0.26,-4.19%,2638,-
27-Jan-26,TPSE,TPS Eastern Africa (Serena) Ltd,13.05,18.2,14.85,16,15.95,14.9,1.05,7.05%,5156,-
27-Jan-26,UCHM,Uchumi Supermarket Plc,0.23,2.93,1.19,1.35,1.25,1.27,-0.02,-1.57%,743609,-
27-Jan-26,SCAN,WPP ScanGroup Plc,2,3.33,2.34,2.46,2.43,2.24,0.19,8.48%,24827,-
27-Jan-26,ARM,ARM Cement Plc,5.55,5.55,5.55,5.55,5.55,5.55,-,-,-,-
27-Jan-26,BAMB,Bamburi Cement Ltd,47.2,56.5,47.2,47.2,47.2,47.2,-,-,-,-
27-Jan-26,CRWN,Crown Paints Kenya Plc,33.95,70.75,54,58.5,57.5,57.25,0.25,0.44%,660,-
27-Jan-26,CABL,East African Cables Plc,1,2.44,1,1,1,1,-,-,-,-
27-Jan-26,PORT,East African Portland Cement Ltd,28,101,81,84,84,82,2,2.44%,788,-
27-Jan-26,KEGN,Kenya Electricity Generating Company Plc,4.52,10.75,9.6,9.68,9.62,9.62,-,-,1861341,-
27-Jan-26,KPLC-P4,KPLC-P4,4,5,5,5,5,5,-,-,-,-
27-Jan-26,KPLC-P7,KPLC-P7,6,6,6,6,6,6,-,-,-,-
27-Jan-26,KPLC,Kenya Power and Lighting Company Plc,5.7,19,15,15.5,15.2,15.2,-,-,1971976,-
27-Jan-26,TOTL,TotalEnergies Marketing Kenya Plc,21,47,38.5,40,39.65,38.8,0.85,2.19%,8473,-
27-Jan-26,UMME,Umeme Ltd,5.8,24.75,9,9.8,9.08,9.04,0.04,0.44%,103928,-
27-Jan-26,BRIT,Britam Holdings Plc,5.92,13.4,9.5,10,9.52,9.82,-0.3,-3.05%,1442384,-
27-Jan-26,CIC,CIC Insurance Group Ltd,2.55,6.62,4.35,4.64,4.36,4.49,-0.13,-2.90%,6447426,-
27-Jan-26,JUB,Jubilee Holdings Ltd,182,437.75,330,330.25,330,330,-,-,130,-
27-Jan-26,KNRE,Kenya Re-Insurance Corporation Ltd,1.5,4.02,3.19,3.2,3.2,3.2,-,-,1252782,-
27-Jan-26,LBTY,Liberty Kenya Holdings Ltd,9.1,12.2,9.78,10,9.84,10,-0.16,-1.60%,25765,-
27-Jan-26,SLAM,Sanlam Allianz Holdings (Kenya) Plc,5.5,11,8.02,8.8,8.18,8.46,-0.28,-3.31%,54004,-
27-Jan-26,CTUM,Centum Investment Company Plc,10.85,16.75,13.1,13.6,13.5,13.35,0.15,1.12%,11589,-
27-Jan-26,HAFR,Home Afrika Ltd,0.48,1.93,1.23,1.28,1.26,1.26,-,-,287778,-
27-Jan-26,KURV,Kurwitu Ventures Ltd,1400,1500,1500,1500,1500,1500,-,-,-,-
27-Jan-26,OCH,Olympia Capital Holdings Ltd,3.12,9,7.72,7.98,7.98,7.68,0.3,3.91%,1179,-
27-Jan-26,TCL,Trans-Century Plc,0.71,1.4,0.71,0.71,0.71,0.71,-,-,-,-
27-Jan-26,NSE,Nairobi Securities Exchange Plc,6.5,25.9,19.05,20,19.85,19.95,-0.1,-0.50%,113018,-
27-Jan-26,AMAC,Africa Mega Agricorp Plc,51,118.25,75,77.5,77.5,77.5,-,-,12,-
27-Jan-26,BOC,BOC Kenya Plc,76,150,132,135.5,132.25,130,2.25,1.73%,2735,-
27-Jan-26,BAT,British American Tobacco Kenya Plc,345,629,472,485,473.25,474,-0.75,-0.16%,17814,-
27-Jan-26,CARB,Carbacid Investments Plc,18,33,30.8,31.5,31.2,30.9,0.3,0.97%,9583,-
27-Jan-26,EABL,East African Breweries Ltd,167,351,235,255.5,241,239.5,1.5,0.63%,879900,-
27-Jan-26,FTGH,Flame Tree Group Holdings Ltd,1.05,3.11,1.74,1.79,1.78,1.76,0.02,1.14%,20724,-
27-Jan-26,MSC,Mumias Sugar Company Ltd,0.27,0.27,0.27,0.27,0.27,0.27,-,-,-,-
27-Jan-26,SKL,Shri Krishana Overseas Plc,5.8,12,8,8.2,8.18,8.18,-,-,10669,-
27-Jan-26,UNGA,Unga Group Ltd,18.05,34,23,24,23.1,23.1,-,-,1711,-
27-Jan-26,SCOM,Safaricom Plc,17,34.2,29.35,29.75,29.5,29.55,-0.05,-0.17%,8908682,-
27-Jan-26,LAPR,LAPTrust Imara Income-REIT,20,20,20,20,20,20,-,-,-,-
27-Jan-26,GLD,ABSA NewGold ETF,881,9800,5950,6000,5985,6095,-110,-1.80%,148,-
27-Jan-26,SMWF,Satrix MSCI World Feeder ETF,755,1050,850,861,855,855,-,-,45,-
27-Jan-26,^N10I,NSE 10-Share Index,1268.27,2271.75,2043.27,2043.27,2043.27,2033.77,9.5,0.47%,-,-
27-Jan-26,^N20I,NSE 20-Share Index,2092.84,3758.73,3283.08,3283.08,3283.08,3267.95,15.13,0.46%,-,-
27-Jan-26,^N25I,NSE 25-Share Index,3365.92,5948.29,5297.82,5297.82,5297.82,5283.4,14.42,0.27%,-,-
27-Jan-26,^NASI,NSE All-Share Index,125.33,216.69,194.95,194.95,194.95,194.42,0.53,0.27%,-,-
27-Jan-26,^NBSI,NSE Banking Sector Index,149.92,245.9,216.14,216.14,216.14,215.21,0.93,0.43%,-,-
27-Jan-26,^NBDI,NSE Bonds Index,1140.96,1210.41,1159.08,1159.08,1159.08,1162.69,-3.61,-0.31%,-,-
27-Jan-26,^ZKEQTK,Zamara Kenya Equity Index (KES),2473.14,4790.09,4207.32,4207.32,4207.32,4197.6,9.72,0.23%,-,-
27-Jan-26,^ZKEQTU,Zamara Kenya Equity Index (USD),1641.77,3197.11,2808.14,2808.14,2808.14,2802.74,5.4,0.19%,-,-
28-Jan-26,EGAD,Eaagads Ltd,11,35.25,22.45,22.5,22.45,22.5,-0.05,-0.22%,1650,-
28-Jan-26,KUKZ,Kakuzi Plc,365,440,385.5,406,397.5,406,-8.5,-2.09%,1308,-
28-Jan-26,KAPC,Kapchorua Tea Kenya Plc,198,424.25,235.75,236,236,235.75,0.25,0.11%,413,-
28-Jan-26,LIMT,Limuru Tea Plc,295,555,460,460,460,460,-,-,-,-
28-Jan-26,SASN,Sasini Plc,13.3,33.9,19.55,20,20,19.95,0.05,0.25%,24666,-
28-Jan-26,WTK,Williamson Tea Kenya Plc,136,350,140,146,142,142.75,-0.75,-0.53%,15695,-
28-Jan-26,CGEN,Car and General (K) Ltd,19.8,74.25,57.75,59,58.5,58.75,-0.25,-0.43%,981,-
28-Jan-26,ABSA,ABSA Bank Kenya Plc,15,33,27.75,28.25,28.05,27.6,0.45,1.63%,245622,-
28-Jan-26,BKG,BK Group Plc,28.75,52,46,47.9,46.9,47.9,-1,-2.09%,1006,-
28-Jan-26,COOP,Co-operative Bank of Kenya Ltd,13.8,31.5,27.95,28.8,28.3,28.65,-0.35,-1.22%,463115,-
28-Jan-26,DTK,Diamond Trust Bank Kenya Ltd,66,170,122,130,122.25,123,-0.75,-0.61%,483488,-
28-Jan-26,EQTY,Equity Group Holdings Plc,41.2,80,67.75,68.5,68.25,68.25,-,-,2300908,-
28-Jan-26,HFCK,HF Group Ltd,5.3,11.5,10.25,10.5,10.4,10.4,-,-,60877,-
28-Jan-26,IMH,I & M Holdings Plc,29.5,52,44.9,45,45,45,-,-,70175,-
28-Jan-26,KCB,KCB Group Plc,36.5,80.5,66.5,67,66.75,66.75,-,-,1541578,-
28-Jan-26,NCBA,NCBA Group Plc,48,100,90.5,95,94.75,90,4.75,5.28%,359728,-
28-Jan-26,SBIC,Stanbic Holdings Plc,147,300,197.5,198,197.75,197.75,-,-,38452,-
28-Jan-26,SCBK,Standard Chartered Bank Kenya Ltd,260,365,305.25,308,307,307,-,-,43100,-
28-Jan-26,DCON,Deacons (East Africa) Plc,0.45,0.45,0.45,0.45,0.45,0.45,-,-,-,-
28-Jan-26,EVRD,Eveready East Africa Ltd,0.75,1.78,1.29,1.4,1.35,1.31,0.04,3.05%,134987,-
28-Jan-26,XPRS,Express Kenya Plc,2.8,10,7.34,7.4,7.36,7.08,0.28,3.95%,15748,-
28-Jan-26,HBE,Homeboyz Entertainment Plc,4.66,4.66,4.66,4.66,4.66,4.66,-,-,-,-
28-Jan-26,KQ,Kenya Airways Plc,1.56,7.02,5.32,6.02,5.74,5.5,0.24,4.36%,2099697,-
28-Jan-26,LKL,Longhorn Publishers Plc,2.35,3.5,2.63,2.92,2.91,2.91,-,-,14282,-
28-Jan-26,NBV,Nairobi Business Ventures Ltd,1.33,2.16,1.4,1.48,1.4,1.45,-0.05,-3.45%,296635,-
28-Jan-26,NMG,Nation Media Group Plc,10.05,20,13.05,13.35,13.3,12.85,0.45,3.50%,20235,-
28-Jan-26,SMER,Sameer Africa Plc,2.7,21.5,14.7,16,15.3,14.75,0.55,3.73%,40313,-
28-Jan-26,SGL,Standard Group Plc,5.2,7.14,6.18,6.2,6.2,5.94,0.26,4.38%,525,-
28-Jan-26,TPSE,TPS Eastern Africa (Serena) Ltd,13.05,18.2,15.9,16,15.9,15.95,-0.05,-0.31%,4002,-
28-Jan-26,UCHM,Uchumi Supermarket Plc,0.23,2.93,1.2,1.3,1.29,1.25,0.04,3.20%,410235,-
28-Jan-26,SCAN,WPP ScanGroup Plc,2,3.33,2.34,2.45,2.4,2.43,-0.03,-1.23%,18617,-
28-Jan-26,ARM,ARM Cement Plc,5.55,5.55,5.55,5.55,5.55,5.55,-,-,-,-
28-Jan-26,BAMB,Bamburi Cement Ltd,47.2,56.5,47.2,47.2,47.2,47.2,-,-,-,-
28-Jan-26,CRWN,Crown Paints Kenya Plc,33.95,70.75,53.25,58.75,54.5,57.5,-3,-5.22%,737,-
28-Jan-26,CABL,East African Cables Plc,1,2.44,1,1,1,1,-,-,-,-
28-Jan-26,PORT,East African Portland Cement Ltd,28,101,82,84,83.75,84,-0.25,-0.30%,1528,-
28-Jan-26,KEGN,Kenya Electricity Generating Company Plc,4.52,10.75,9.56,9.68,9.6,9.62,-0.02,-0.21%,1015222,-
28-Jan-26,KPLC-P4,KPLC-P4,4,5,5,5,5,5,-,-,-,-
28-Jan-26,KPLC-P7,KPLC-P7,6,6,6,6,6,6,-,-,-,-
28-Jan-26,KPLC,Kenya Power and Lighting Company Plc,5.7,19,15.1,15.5,15.2,15.2,-,-,1107220,-
28-Jan-26,TOTL,TotalEnergies Marketing Kenya Plc,21,47,38,39.7,39.15,39.65,-0.5,-1.26%,21778,-
28-Jan-26,UMME,Umeme Ltd,5.8,24.75,8.76,9.8,9.1,9.08,0.02,0.22%,136186,-
28-Jan-26,BRIT,Britam Holdings Plc,5.92,13.4,9,10,9.02,9.52,-0.5,-5.25%,3699187,-
28-Jan-26,CIC,CIC Insurance Group Ltd,2.55,6.62,4.45,4.7,4.56,4.36,0.2,4.59%,347870,-
28-Jan-26,JUB,Jubilee Holdings Ltd,182,437.75,310,330.25,330,330,-,-,1712,-
28-Jan-26,KNRE,Kenya Re-Insurance Corporation Ltd,1.5,4.02,3.17,3.2,3.19,3.2,-0.01,-0.31%,2688283,-
28-Jan-26,LBTY,Liberty Kenya Holdings Ltd,9.1,12.2,9.6,10,9.8,9.84,-0.04,-0.41%,11714,-
28-Jan-26,SLAM,Sanlam Allianz Holdings (Kenya) Plc,5.5,11,8.46,8.8,8.78,8.18,0.6,7.33%,17252,-
28-Jan-26,CTUM,Centum Investment Company Plc,10.85,16.75,13.05,13.85,13.55,13.5,0.05,0.37%,12678,-
28-Jan-26,HAFR,Home Afrika Ltd,0.48,1.93,1.24,1.29,1.27,1.26,0.01,0.79%,947474,-
28-Jan-26,KURV,Kurwitu Ventures Ltd,1400,1500,1500,1500,1500,1500,-,-,-,-
28-Jan-26,OCH,Olympia Capital Holdings Ltd,3.12,9,7.2,7.98,7.94,7.98,-0.04,-0.50%,355,-
28-Jan-26,TCL,Trans-Century Plc,0.71,1.4,0.71,0.71,0.71,0.71,-,-,-,-
28-Jan-26,NSE,Nairobi Securities Exchange Plc,6.5,25.9,19.5,19.9,19.7,19.85,-0.15,-0.76%,159447,-
28-Jan-26,AMAC,Africa Mega Agricorp Plc,51,118.25,77.5,77.5,77.5,77.5,-,-,13,-
28-Jan-26,BOC,BOC Kenya Plc,76,150,130,140,134.25,132.25,2,1.51%,112,-
28-Jan-26,BAT,British American Tobacco Kenya Plc,345,629,473,490,475.75,473.25,2.5,0.53%,33194,-
28-Jan-26,CARB,Carbacid Investments Plc,18,33,30.7,31.4,30.8,31.2,-0.4,-1.28%,19094,-
28-Jan-26,EABL,East African Breweries Ltd,167,351,242.5,262,244,241,3,1.24%,234486,-
28-Jan-26,FTGH,Flame Tree Group Holdings Ltd,1.05,3.11,1.7,1.8,1.75,1.78,-0.03,-1.69%,248013,-
28-Jan-26,MSC,Mumias Sugar Company Ltd,0.27,0.27,0.27,0.27,0.27,0.27,-,-,-,-
28-Jan-26,SKL,Shri Krishana Overseas Plc,5.8,12,8.18,8.18,8.18,8.18,-,-,410,-
28-Jan-26,UNGA,Unga Group Ltd,18.05,34,22.3,24,23.55,23.1,0.45,1.95%,395,-
28-Jan-26,SCOM,Safaricom Plc,17,34.2,29.45,29.65,29.55,29.5,0.05,0.17%,776550,-
28-Jan-26,LAPR,LAPTrust Imara Income-REIT,20,20,20,20,20,20,-,-,-,-
28-Jan-26,GLD,ABSA NewGold ETF,881,9800,5950,6500,6265,5985,280,4.68%,63591,-
28-Jan-26,SMWF,Satrix MSCI World Feeder ETF,755,1050,850,875,859,855,4,0.47%,1045,-
28-Jan-26,^N10I,NSE 10-Share Index,1268.27,2271.75,2048.07,2048.07,2048.07,2043.27,4.8,0.23%,-,-
28-Jan-26,^N20I,NSE 20-Share Index,2092.84,3758.73,3289.12,3289.12,3289.12,3283.08,6.04,0.18%,-,-
28-Jan-26,^N25I,NSE 25-Share Index,3365.92,5948.29,5328.58,5328.58,5328.58,5297.82,30.76,0.58%,-,-
28-Jan-26,^NASI,NSE All-Share Index,125.33,216.69,195.71,195.71,195.71,194.95,0.76,0.39%,-,-
28-Jan-26,^NBSI,NSE Banking Sector Index,149.92,245.9,217.34,217.34,217.34,216.14,1.2,0.56%,-,-
28-Jan-26,^NBDI,NSE Bonds Index,1140.96,1210.41,1158.5,1158.5,1158.5,1159.08,-0.58,-0.05%,-,-
28-Jan-26,^ZKEQTK,Zamara Kenya Equity Index (KES),2473.14,4790.09,4214.66,4214.66,4214.66,4207.32,7.34,0.17%,-,-
28-Jan-26,^ZKEQTU,Zamara Kenya Equity Index (USD),1641.77,3197.11,2813.04,2813.04,2813.04,2808.14,4.9,0.17%,-,-
29-Jan-26,EGAD,Eaagads Ltd,11,35.25,22,22,22,22.45,-0.45,-2.00%,7058,-
29-Jan-26,KUKZ,Kakuzi Plc,365,440,405,406,405.25,397.5,7.75,1.95%,133,-
29-Jan-26,KAPC,Kapchorua Tea Kenya Plc,198,424.25,235,236,236,236,-,-,606,-
29-Jan-26,LIMT,Limuru Tea Plc,295,555,460,460,460,460,-,-,74,-
29-Jan-26,SASN,Sasini Plc,13.3,33.9,19.95,20,19.95,20,-0.05,-0.25%,34132,-
29-Jan-26,WTK,Williamson Tea Kenya Plc,136,350,142.75,145,144.25,142,2.25,1.58%,7441,-
29-Jan-26,CGEN,Car and General (K) Ltd,19.8,74.25,57.5,59,58,58.5,-0.5,-0.85%,487,-
29-Jan-26,ABSA,ABSA Bank Kenya Plc,15,33,27.9,28.5,27.95,28.05,-0.1,-0.36%,272084,-
29-Jan-26,BKG,BK Group Plc,28.75,52,45.5,47,46.65,46.9,-0.25,-0.53%,472,-
29-Jan-26,COOP,Co-operative Bank of Kenya Ltd,13.8,31.5,27.2,28.5,27.8,28.3,-0.5,-1.77%,299401,-
29-Jan-26,DTK,Diamond Trust Bank Kenya Ltd,66,170,127,128.25,127.25,122.25,5,4.09%,18196,-
29-Jan-26,EQTY,Equity Group Holdings Plc,41.2,80,67.25,68.5,67.75,68.25,-0.5,-0.73%,489642,-
29-Jan-26,HFCK,HF Group Ltd,5.3,11.5,10.1,10.5,10.15,10.4,-0.25,-2.40%,2379939,-
29-Jan-26,IMH,I & M Holdings Plc,29.5,52,44.9,45,44.95,45,-0.05,-0.11%,1103889,-
29-Jan-26,KCB,KCB Group Plc,36.5,80.5,66.5,67.5,67,66.75,0.25,0.37%,4408799,-
29-Jan-26,NCBA,NCBA Group Plc,48,100,91.5,94,92.25,94.75,-2.5,-2.64%,42782,-
29-Jan-26,SBIC,Stanbic Holdings Plc,147,300,197.75,198,197.75,197.75,-,-,89498,-
29-Jan-26,SCBK,Standard Chartered Bank Kenya Ltd,260,365,307,309,308,307,1,0.33%,285204,-
29-Jan-26,DCON,Deacons (East Africa) Plc,0.45,0.45,0.45,0.45,0.45,0.45,-,-,-,-
29-Jan-26,EVRD,Eveready East Africa Ltd,0.75,1.78,1.3,1.4,1.35,1.35,-,-,33326,-
29-Jan-26,XPRS,Express Kenya Plc,2.8,10,7,7.34,7.06,7.36,-0.3,-4.08%,15201,-
29-Jan-26,HBE,Homeboyz Entertainment Plc,4.66,4.66,4.66,4.66,4.66,4.66,-,-,-,-
29-Jan-26,KQ,Kenya Airways Plc,1.56,7.02,5.18,5.46,5.18,5.74,-0.56,-9.76%,937692,-
29-Jan-26,LKL,Longhorn Publishers Plc,2.35,3.5,2.9,2.92,2.9,2.91,-0.01,-0.34%,6890,-
29-Jan-26,NBV,Nairobi Business Ventures Ltd,1.33,2.16,1.4,1.47,1.43,1.4,0.03,2.14%,71170,-
29-Jan-26,NMG,Nation Media Group Plc,10.05,20,12.7,13.3,13,13.3,-0.3,-2.26%,27298,-
29-Jan-26,SMER,Sameer Africa Plc,2.7,21.5,14.8,15.95,15.45,15.3,0.15,0.98%,32512,-
29-Jan-26,SGL,Standard Group Plc,5.2,7.14,6.1,6.2,6.18,6.2,-0.02,-0.32%,1820,-
29-Jan-26,TPSE,TPS Eastern Africa (Serena) Ltd,13.05,18.2,15.5,15.9,15.65,15.9,-0.25,-1.57%,301,-
29-Jan-26,UCHM,Uchumi Supermarket Plc,0.23,2.93,1.19,1.3,1.23,1.29,-0.06,-4.65%,557878,-
29-Jan-26,SCAN,WPP ScanGroup Plc,2,3.33,2.22,2.5,2.3,2.4,-0.1,-4.17%,145062,-
29-Jan-26,ARM,ARM Cement Plc,5.55,5.55,5.55,5.55,5.55,5.55,-,-,-,-
29-Jan-26,BAMB,Bamburi Cement Ltd,47.2,56.5,47.2,47.2,47.2,47.2,-,-,-,-
29-Jan-26,CRWN,Crown Paints Kenya Plc,33.95,70.75,54.5,58,57.25,54.5,2.75,5.05%,1191,-
29-Jan-26,CABL,East African Cables Plc,1,2.44,1,1,1,1,-,-,-,-
29-Jan-26,PORT,East African Portland Cement Ltd,28,101,82,85,84.25,83.75,0.5,0.60%,1375,-
29-Jan-26,KEGN,Kenya Electricity Generating Company Plc,4.52,10.75,9.52,9.6,9.58,9.6,-0.02,-0.21%,1533541,-
29-Jan-26,KPLC-P4,KPLC-P4,4,5,5,5,5,5,-,-,-,-
29-Jan-26,KPLC-P7,KPLC-P7,6,6,6,6,6,6,-,-,-,-
29-Jan-26,KPLC,Kenya Power and Lighting Company Plc,5.7,19,15.2,15.4,15.25,15.2,0.05,0.33%,2049662,-
29-Jan-26,TOTL,TotalEnergies Marketing Kenya Plc,21,47,38.5,39.7,38.9,39.15,-0.25,-0.64%,3684,-
29-Jan-26,UMME,Umeme Ltd,5.8,24.75,8.8,9.8,9,9.1,-0.1,-1.10%,285225,-
29-Jan-26,BRIT,Britam Holdings Plc,5.92,13.4,9.4,9.92,9.84,9.02,0.82,9.09%,1684623,-
29-Jan-26,CIC,CIC Insurance Group Ltd,2.55,6.62,4.47,4.56,4.53,4.56,-0.03,-0.66%,74374,-
29-Jan-26,JUB,Jubilee Holdings Ltd,182,437.75,315,330.25,321.75,330,-8.25,-2.50%,47469,-
29-Jan-26,KNRE,Kenya Re-Insurance Corporation Ltd,1.5,4.02,3.15,3.19,3.17,3.19,-0.02,-0.63%,1061637,-
29-Jan-26,LBTY,Liberty Kenya Holdings Ltd,9.1,12.2,9.4,9.8,9.54,9.8,-0.26,-2.65%,29426,-
29-Jan-26,SLAM,Sanlam Allianz Holdings (Kenya) Plc,5.5,11,8.46,9.64,8.9,8.78,0.12,1.37%,7648,-
29-Jan-26,CTUM,Centum Investment Company Plc,10.85,16.75,13.4,13.7,13.5,13.55,-0.05,-0.37%,46299,-
29-Jan-26,HAFR,Home Afrika Ltd,0.48,1.93,1.25,1.28,1.25,1.27,-0.02,-1.57%,793602,-
29-Jan-26,KURV,Kurwitu Ventures Ltd,1400,1500,1500,1500,1500,1500,-,-,-,-
29-Jan-26,OCH,Olympia Capital Holdings Ltd,3.12,9,7.9,7.98,7.92,7.94,-0.02,-0.25%,1618,-
29-Jan-26,TCL,Trans-Century Plc,0.71,1.4,0.71,0.71,0.71,0.71,-,-,-,-
29-Jan-26,NSE,Nairobi Securities Exchange Plc,6.5,25.9,19.5,19.95,19.7,19.7,-,-,109243,-
29-Jan-26,AMAC,Africa Mega Agricorp Plc,51,118.25,77.5,77.5,77.5,77.5,-,-,-,-
29-Jan-26,BOC,BOC Kenya Plc,76,150,134.25,139,137.75,134.25,3.5,2.61%,328,-
29-Jan-26,BAT,British American Tobacco Kenya Plc,345,629,473,483,475.25,475.75,-0.5,-0.11%,31641,-
29-Jan-26,CARB,Carbacid Investments Plc,18,33,30,31,30.55,30.8,-0.25,-0.81%,513770,-
29-Jan-26,EABL,East African Breweries Ltd,167,351,245,255,245.25,244,1.25,0.51%,195392,-
29-Jan-26,FTGH,Flame Tree Group Holdings Ltd,1.05,3.11,1.7,1.79,1.75,1.75,-,-,87101,-
29-Jan-26,MSC,Mumias Sugar Company Ltd,0.27,0.27,0.27,0.27,0.27,0.27,-,-,-,-
29-Jan-26,SKL,Shri Krishana Overseas Plc,5.8,12,8.16,8.18,8.16,8.18,-0.02,-0.24%,10740,-
29-Jan-26,UNGA,Unga Group Ltd,18.05,34,23.15,24,23.95,23.55,0.4,1.70%,1928,-
29-Jan-26,SCOM,Safaricom Plc,17,34.2,29.45,29.65,29.5,29.55,-0.05,-0.17%,6086264,-
29-Jan-26,LAPR,LAPTrust Imara Income-REIT,20,20,20,20,20,20,-,-,-,-
29-Jan-26,GLD,ABSA NewGold ETF,881,9800,6300,6700,6600,6265,335,5.35%,631,-
29-Jan-26,SMWF,Satrix MSCI World Feeder ETF,755,1050,857,861,859,859,-,-,59,-
29-Jan-26,^N10I,NSE 10-Share Index,1268.27,2271.75,2040.7,2040.7,2040.7,2048.07,-7.37,-0.36%,-,-
29-Jan-26,^N20I,NSE 20-Share Index,2092.84,3758.73,3294.85,3294.85,3294.85,3289.12,5.73,0.17%,-,-
29-Jan-26,^N25I,NSE 25-Share Index,3365.92,5948.29,5307.5,5307.5,5307.5,5328.58,-21.08,-0.40%,-,-
29-Jan-26,^NASI,NSE All-Share Index,125.33,216.69,195.05,195.05,195.05,195.71,-0.66,-0.34%,-,-
29-Jan-26,^NBSI,NSE Banking Sector Index,149.92,245.9,216.1,216.1,216.1,217.34,-1.24,-0.57%,-,-
29-Jan-26,^NBDI,NSE Bonds Index,1140.96,1210.41,1167.79,1167.79,1167.79,1158.5,9.29,0.80%,-,-
29-Jan-26,^ZKEQTK,Zamara Kenya Equity Index (KES),2473.14,4790.09,4206.08,4206.08,4206.08,4214.66,-8.58,-0.20%,-,-
29-Jan-26,^ZKEQTU,Zamara Kenya Equity Index (USD),1641.77,3197.11,2807.31,2807.31,2807.31,2813.04,-5.73,-0.20%,-,-
30-Jan-26,EGAD,Eaagads Ltd,11,35.25,22,22.5,22,22,-,-,12522,-
30-Jan-26,KUKZ,Kakuzi Plc,365,440,386.25,387,386.75,405.25,-18.5,-4.57%,350,-
30-Jan-26,KAPC,Kapchorua Tea Kenya Plc,198,424.25,235,236,235.75,236,-0.25,-0.11%,1389,-
30-Jan-26,LIMT,Limuru Tea Plc,295,555,460,460,460,460,-,-,54,-
30-Jan-26,SASN,Sasini Plc,13.3,33.9,19.55,20,19.7,19.95,-0.25,-1.25%,5690,-
30-Jan-26,WTK,Williamson Tea Kenya Plc,136,350,140,145,142.5,144.25,-1.75,-1.21%,15711,-
30-Jan-26,CGEN,Car and General (K) Ltd,19.8,74.25,57.5,58.75,58.75,58,0.75,1.29%,121,-
30-Jan-26,ABSA,ABSA Bank Kenya Plc,15,33,27.7,28,27.95,27.95,-,-,142545,-
30-Jan-26,BKG,BK Group Plc,28.75,52,46,46.9,46,46.65,-0.65,-1.39%,3654,-
30-Jan-26,COOP,Co-operative Bank of Kenya Ltd,13.8,31.5,26.8,27.85,27.2,27.8,-0.6,-2.16%,437643,-
30-Jan-26,DTK,Diamond Trust Bank Kenya Ltd,66,170,127.75,130,129,127.25,1.75,1.38%,122605,-
30-Jan-26,EQTY,Equity Group Holdings Plc,41.2,80,66.5,68,67,67.75,-0.75,-1.11%,2070423,-
30-Jan-26,HFCK,HF Group Ltd,5.3,11.5,10,10.5,10.2,10.15,0.05,0.49%,101574,-
30-Jan-26,IMH,I & M Holdings Plc,29.5,52,44.9,45,45,44.95,0.05,0.11%,127289,-
30-Jan-26,KCB,KCB Group Plc,36.5,80.5,66.25,68,66.5,67,-0.5,-0.75%,1011109,-
30-Jan-26,NCBA,NCBA Group Plc,48,100,92,93.75,92.5,92.25,0.25,0.27%,31610,-
30-Jan-26,SBIC,Stanbic Holdings Plc,147,300,197.75,206,198,197.75,0.25,0.13%,8043,-
30-Jan-26,SCBK,Standard Chartered Bank Kenya Ltd,260,365,308.5,310.25,310,308,2,0.65%,11413,-
30-Jan-26,DCON,Deacons (East Africa) Plc,0.45,0.45,0.45,0.45,0.45,0.45,-,-,-,-
30-Jan-26,EVRD,Eveready East Africa Ltd,0.75,1.78,1.35,1.4,1.39,1.35,0.04,2.96%,67967,-
30-Jan-26,XPRS,Express Kenya Plc,2.8,10,7,7.4,7.1,7.06,0.04,0.57%,7395,-
30-Jan-26,HBE,Homeboyz Entertainment Plc,4.66,4.66,4.66,4.66,4.66,4.66,-,-,-,-
30-Jan-26,KQ,Kenya Airways Plc,1.56,7.02,4.67,5.18,4.83,5.18,-0.35,-6.76%,640753,-
30-Jan-26,LKL,Longhorn Publishers Plc,2.35,3.5,2.8,2.92,2.89,2.9,-0.01,-0.34%,27140,-
30-Jan-26,NBV,Nairobi Business Ventures Ltd,1.33,2.16,1.35,1.48,1.38,1.43,-0.05,-3.50%,192645,-
30-Jan-26,NMG,Nation Media Group Plc,10.05,20,12.8,13,12.85,13,-0.15,-1.15%,7347,-
30-Jan-26,SMER,Sameer Africa Plc,2.7,21.5,14.75,15.95,15.45,15.45,-,-,15188,-
30-Jan-26,SGL,Standard Group Plc,5.2,7.14,5.68,6.2,6.14,6.18,-0.04,-0.65%,1538,-
30-Jan-26,TPSE,TPS Eastern Africa (Serena) Ltd,13.05,18.2,15.5,15.9,15.9,15.65,0.25,1.60%,387,-
30-Jan-26,UCHM,Uchumi Supermarket Plc,0.23,2.93,1.25,1.3,1.27,1.23,0.04,3.25%,179702,-
30-Jan-26,SCAN,WPP ScanGroup Plc,2,3.33,2.27,2.45,2.33,2.3,0.03,1.30%,49418,-
30-Jan-26,ARM,ARM Cement Plc,5.55,5.55,5.55,5.55,5.55,5.55,-,-,-,-
30-Jan-26,BAMB,Bamburi Cement Ltd,47.2,56.5,47.2,47.2,47.2,47.2,-,-,-,-
30-Jan-26,CRWN,Crown Paints Kenya Plc,33.95,70.75,54.5,58.75,58,57.25,0.75,1.31%,489,-
30-Jan-26,CABL,East African Cables Plc,1,2.44,1,1,1,1,-,-,-,-
30-Jan-26,PORT,East African Portland Cement Ltd,28,101,82,86,83.75,84.25,-0.5,-0.59%,157,-
30-Jan-26,KEGN,Kenya Electricity Generating Company Plc,4.52,10.75,9.56,9.68,9.6,9.58,0.02,0.21%,893001,-
30-Jan-26,KPLC-P4,KPLC-P4,4,5,5,5,5,5,-,-,-,-
30-Jan-26,KPLC-P7,KPLC-P7,6,6,6,6,6,6,-,-,-,-
30-Jan-26,KPLC,Kenya Power and Lighting Company Plc,5.7,19,15.25,15.6,15.35,15.25,0.1,0.66%,604030,-
30-Jan-26,TOTL,TotalEnergies Marketing Kenya Plc,21,47,38.8,39.7,39,38.9,0.1,0.26%,5930,-
30-Jan-26,UMME,Umeme Ltd,5.8,24.75,8.1,9,8.6,9,-0.4,-4.44%,311594,-
30-Jan-26,BRIT,Britam Holdings Plc,5.92,13.4,9.42,9.92,9.7,9.84,-0.14,-1.42%,75251,-
30-Jan-26,CIC,CIC Insurance Group Ltd,2.55,6.62,4.47,4.6,4.52,4.53,-0.01,-0.22%,192299,-
30-Jan-26,JUB,Jubilee Holdings Ltd,182,437.75,325,325,325,321.75,3.25,1.01%,120,-
30-Jan-26,KNRE,Kenya Re-Insurance Corporation Ltd,1.5,4.02,3.16,3.2,3.18,3.17,0.01,0.32%,478730,-
30-Jan-26,LBTY,Liberty Kenya Holdings Ltd,9.1,12.2,9.5,9.8,9.58,9.54,0.04,0.42%,33644,-
30-Jan-26,SLAM,Sanlam Allianz Holdings (Kenya) Plc,5.5,11,8.9,9,8.98,8.9,0.08,0.90%,6375,-
30-Jan-26,CTUM,Centum Investment Company Plc,10.85,16.75,13.35,13.85,13.55,13.5,0.05,0.37%,12030,-
30-Jan-26,HAFR,Home Afrika Ltd,0.48,1.93,1.24,1.28,1.25,1.25,-,-,272224,-
30-Jan-26,KURV,Kurwitu Ventures Ltd,1400,1500,1500,1500,1500,1500,-,-,1,-
30-Jan-26,OCH,Olympia Capital Holdings Ltd,3.12,9,7.2,7.9,7.44,7.92,-0.48,-6.06%,6776,-
30-Jan-26,TCL,Trans-Century Plc,0.71,1.4,0.71,0.71,0.71,0.71,-,-,-,-
30-Jan-26,NSE,Nairobi Securities Exchange Plc,6.5,25.9,19.3,20,19.55,19.7,-0.15,-0.76%,129178,-
30-Jan-26,AMAC,Africa Mega Agricorp Plc,51,118.25,77.5,77.5,77.5,77.5,-,-,50,-
30-Jan-26,BOC,BOC Kenya Plc,76,150,137,140,137.25,137.75,-0.5,-0.36%,109,-
30-Jan-26,BAT,British American Tobacco Kenya Plc,345,629,473,483,473.5,475.25,-1.75,-0.37%,68553,-
30-Jan-26,CARB,Carbacid Investments Plc,18,33,30.25,30.7,30.65,30.55,0.1,0.33%,16779,-
30-Jan-26,EABL,East African Breweries Ltd,167,351,255,269.75,258.5,245.25,13.25,5.40%,48107,-
30-Jan-26,FTGH,Flame Tree Group Holdings Ltd,1.05,3.11,1.7,1.84,1.78,1.75,0.03,1.71%,60728,-
30-Jan-26,MSC,Mumias Sugar Company Ltd,0.27,0.27,0.27,0.27,0.27,0.27,-,-,-,-
30-Jan-26,SKL,Shri Krishana Overseas Plc,5.8,12,8.1,8.18,8.16,8.16,-,-,4100,-
30-Jan-26,UNGA,Unga Group Ltd,18.05,34,23,24,23.9,23.95,-0.05,-0.21%,364,-
30-Jan-26,SCOM,Safaricom Plc,17,34.2,29.45,29.9,29.6,29.5,0.1,0.34%,641942,-
30-Jan-26,LAPR,LAPTrust Imara Income-REIT,20,20,20,20,20,20,-,-,-,-
30-Jan-26,GLD,ABSA NewGold ETF,881,9800,6050,6800,6235,6600,-365,-5.53%,434,-
30-Jan-26,SMWF,Satrix MSCI World Feeder ETF,755,1050,855,875,859,859,-,-,56,-
30-Jan-26,^N10I,NSE 10-Share Index,1268.27,2271.75,2046.82,2046.82,2046.82,2040.7,6.12,0.30%,-,-
30-Jan-26,^N20I,NSE 20-Share Index,2092.84,3758.73,3299.28,3299.28,3299.28,3294.85,4.43,0.13%,-,-
30-Jan-26,^N25I,NSE 25-Share Index,3365.92,5948.29,5321.96,5321.96,5321.96,5307.5,14.46,0.27%,-,-
30-Jan-26,^NASI,NSE All-Share Index,125.33,216.69,195.36,195.36,195.36,195.05,0.31,0.16%,-,-
30-Jan-26,^NBSI,NSE Banking Sector Index,149.92,245.9,215.03,215.03,215.03,216.1,-1.07,-0.50%,-,-
30-Jan-26,^ZKEQTK,Zamara Kenya Equity Index (KES),2473.14,4790.09,4209.12,4209.12,4209.12,4206.08,3.04,0.07%,-,-
30-Jan-26,^ZKEQTU,Zamara Kenya Equity Index (USD),1641.77,3197.11,2809.35,2809.35,2809.35,2807.31,2.04,0.07%,-,-
2-Feb-26,EGAD,Eaagads Ltd,11,35.25,20.3,22.5,21.8,22,-0.2,-0.91%,1808,-
2-Feb-26,KUKZ,Kakuzi Plc,365,440,400,406,386.75,386.75,-,-,26,-
2-Feb-26,KAPC,Kapchorua Tea Kenya Plc,198,424.25,234,236,234.25,235.75,-1.5,-0.64%,1750,-
2-Feb-26,LIMT,Limuru Tea Plc,295,555,460,460,460,460,-,-,30,-
2-Feb-26,SASN,Sasini Plc,13.3,33.9,19.95,20,19.95,19.7,0.25,1.27%,10790,-
2-Feb-26,WTK,Williamson Tea Kenya Plc,139,350,141,146,142.25,142.5,-0.25,-0.18%,4980,-
2-Feb-26,CGEN,Car and General (K) Ltd,19.8,74.25,53.25,59,53.5,58.75,-5.25,-8.94%,3555,-
2-Feb-26,ABSA,ABSA Bank Kenya Plc,15,33,27.5,28,27.85,27.95,-0.1,-0.36%,236911,-
2-Feb-26,BKG,BK Group Plc,28.75,50,45.3,46.65,45.75,46,-0.25,-0.54%,5254,-
2-Feb-26,COOP,Co-operative Bank of Kenya Ltd,13.8,31.5,27.3,28.25,28.1,27.2,0.9,3.31%,1210497,-
2-Feb-26,DTK,Diamond Trust Bank Kenya Ltd,66,170,129.5,134,129.75,129,0.75,0.58%,248182,-
2-Feb-26,EQTY,Equity Group Holdings Plc,41.2,80,67.25,73,69,67,2,2.99%,105529,-
2-Feb-26,HFCK,HF Group Ltd,5.3,11.5,10.2,10.55,10.35,10.2,0.15,1.47%,408865,-
2-Feb-26,IMH,I & M Holdings Plc,29.5,52,44.9,45,44.95,45,-0.05,-0.11%,204939,-
2-Feb-26,KCB,KCB Group Plc,35,80.5,66.25,67.75,66.5,66.5,-,-,2921761,-
2-Feb-26,NCBA,NCBA Group Plc,48,100,91.25,93,91.75,92.5,-0.75,-0.81%,37191,-
2-Feb-26,SBIC,Stanbic Holdings Plc,147,270,197.5,198,197.75,198,-0.25,-0.13%,152423,-
2-Feb-26,SCBK,Standard Chartered Bank Kenya Ltd,260,365,308,310,308.5,310,-1.5,-0.48%,22756,-
2-Feb-26,DCON,Deacons (East Africa) Plc,0.45,0.45,0.45,0.45,0.45,0.45,-,-,-,-
2-Feb-26,EVRD,Eveready East Africa Ltd,0.75,1.78,1.36,1.4,1.38,1.39,-0.01,-0.72%,12584,-
2-Feb-26,XPRS,Express Kenya Plc,2.8,10,7,7.4,7.04,7.1,-0.06,-0.85%,7601,-
2-Feb-26,HBE,Homeboyz Entertainment Plc,4.66,4.66,4.66,4.66,4.66,4.66,-,-,-,-
2-Feb-26,KQ,Kenya Airways Plc,1.56,6.02,4.4,5,4.91,4.83,0.08,1.66%,652089,-
2-Feb-26,LKL,Longhorn Publishers Plc,2.35,3.5,2.9,2.92,2.91,2.89,0.02,0.69%,5313,-
2-Feb-26,NBV,Nairobi Business Ventures Ltd,1.33,2.16,1.38,1.47,1.43,1.38,0.05,3.62%,49568,-
2-Feb-26,NMG,Nation Media Group Plc,10.05,20,12.95,13.25,13.05,12.85,0.2,1.56%,2361,-
2-Feb-26,SMER,Sameer Africa Plc,2.7,21.5,15.4,16,15.45,15.45,-,-,3567,-
2-Feb-26,SGL,Standard Group Plc,5.2,7.14,6,6.2,6.06,6.14,-0.08,-1.30%,1265,-
2-Feb-26,TPSE,TPS Eastern Africa (Serena) Ltd,13.05,18.2,15.65,16.4,15.95,15.9,0.05,0.31%,2369,-
2-Feb-26,UCHM,Uchumi Supermarket Plc,0.23,2.93,1.25,1.3,1.29,1.27,0.02,1.57%,395616,-
2-Feb-26,SCAN,WPP ScanGroup Plc,2,3.4,2.33,2.46,2.42,2.33,0.09,3.86%,114533,-
2-Feb-26,ARM,ARM Cement Plc,5.55,5.55,5.55,5.55,5.55,5.55,-,-,-,-
2-Feb-26,BAMB,Bamburi Cement Ltd,47.2,56.5,47.2,47.2,47.2,47.2,-,-,-,-
2-Feb-26,CRWN,Crown Paints Kenya Plc,30,70.75,57.25,58,57.5,58,-0.5,-0.86%,908,-
2-Feb-26,CABL,East African Cables Plc,1,2.44,1,1,1,1,-,-,-,-
2-Feb-26,PORT,East African Portland Cement Ltd,28,101,83,84.25,83.25,83.75,-0.5,-0.60%,627,-
2-Feb-26,KEGN,Kenya Electricity Generating Company Plc,4.5,10.75,9.56,9.6,9.58,9.6,-0.02,-0.21%,1732276,-
2-Feb-26,KPLC-P4,KPLC-P4,4,5,5,5,5,5,-,-,-,-
2-Feb-26,KPLC-P7,KPLC-P7,6,6,6,6,6,6,-,-,-,-
2-Feb-26,KPLC,Kenya Power and Lighting Company Plc,5.7,19,14.6,15.4,15.2,15.35,-0.15,-0.98%,2004031,-
2-Feb-26,TOTL,TotalEnergies Marketing Kenya Plc,21,47,38.7,39.5,39.05,39,0.05,0.13%,3890,-
2-Feb-26,UMME,Umeme Ltd,5.8,24.75,7.74,8.8,8.16,8.6,-0.44,-5.12%,77831,-
2-Feb-26,BRIT,Britam Holdings Plc,5.92,13.4,9.42,9.92,9.74,9.7,0.04,0.41%,30377,-
2-Feb-26,CIC,CIC Insurance Group Ltd,2.55,6.62,4.44,4.52,4.49,4.52,-0.03,-0.66%,194449,-
2-Feb-26,JUB,Jubilee Holdings Ltd,182,399.75,321,326,325,325,-,-,246,-
2-Feb-26,KNRE,Kenya Re-Insurance Corporation Ltd,1.5,4.02,3.15,3.19,3.17,3.18,-0.01,-0.31%,2183890,-
2-Feb-26,LBTY,Liberty Kenya Holdings Ltd,7.4,12.2,9.52,9.8,9.62,9.58,0.04,0.42%,4426,-
2-Feb-26,SLAM,Sanlam Allianz Holdings (Kenya) Plc,5.5,11,8.2,8.98,8.4,8.98,-0.58,-6.46%,10805,-
2-Feb-26,CTUM,Centum Investment Company Plc,10.85,16.75,13.35,14,13.85,13.55,0.3,2.21%,7375,-
2-Feb-26,HAFR,Home Afrika Ltd,0.48,1.93,1.21,1.26,1.24,1.25,-0.01,-0.80%,836957,-
2-Feb-26,KURV,Kurwitu Ventures Ltd,1400,1500,1500,1500,1500,1500,-,-,-,-
2-Feb-26,OCH,Olympia Capital Holdings Ltd,3.12,9,7.44,7.96,7.76,7.44,0.32,4.30%,9433,-
2-Feb-26,TCL,Trans-Century Plc,0.71,1.42,0.71,0.71,0.71,0.71,-,-,-,-
2-Feb-26,NSE,Nairobi Securities Exchange Plc,6.5,25.9,19.5,19.95,19.8,19.55,0.25,1.28%,112301,-
2-Feb-26,AMAC,Africa Mega Agricorp Plc,51,118.25,69.75,85.25,83.75,77.5,6.25,8.06%,501,-
2-Feb-26,BOC,BOC Kenya Plc,76,150,139,140,139.5,137.25,2.25,1.64%,316,-
2-Feb-26,BAT,British American Tobacco Kenya Plc,345,629,480,490,486.5,473.5,13,2.75%,2448,-
2-Feb-26,CARB,Carbacid Investments Plc,18,33,30.2,30.45,30.35,30.65,-0.3,-0.98%,11246,-
2-Feb-26,EABL,East African Breweries Ltd,167,351,250,269.75,254.25,258.5,-4.25,-1.64%,141523,-
2-Feb-26,FTGH,Flame Tree Group Holdings Ltd,1.05,3.11,1.7,1.8,1.72,1.78,-0.06,-3.37%,66952,-
2-Feb-26,MSC,Mumias Sugar Company Ltd,0.27,0.27,0.27,0.27,0.27,0.27,-,-,-,-
2-Feb-26,SKL,Shri Krishana Overseas Plc,5.8,12,8,8.1,8.08,8.16,-0.08,-0.98%,5811,-
2-Feb-26,UNGA,Unga Group Ltd,18.05,34,23,24.4,24,23.9,0.1,0.42%,694,-
2-Feb-26,SCOM,Safaricom Plc,17,34.2,29.65,30,29.95,29.6,0.35,1.18%,5914175,-
2-Feb-26,LAPR,LAPTrust Imara Income-REIT,20,20,20,20,20,20,-,-,-,-
2-Feb-26,GLD,ABSA NewGold ETF,881,9800,5650,6400,5845,6235,-390,-6.26%,470,-
2-Feb-26,SMWF,Satrix MSCI World Feeder ETF,755,1050,859,870,859,859,-,-,96,-
2-Feb-26,^N10I,NSE 10-Share Index,1250.85,2271.75,2066.17,2066.17,2066.17,2046.82,19.35,0.95%,-,-
2-Feb-26,^N20I,NSE 20-Share Index,2092.84,3758.73,3313.26,3313.26,3313.26,3299.28,13.98,0.42%,-,-
2-Feb-26,^N25I,NSE 25-Share Index,3314.15,5948.29,5358.32,5358.32,5358.32,5321.96,36.36,0.68%,-,-
2-Feb-26,^NASI,NSE All-Share Index,123.6,216.69,196.72,196.72,196.72,195.36,1.36,0.70%,-,-
2-Feb-26,^NBSI,NSE Banking Sector Index,149.92,245.9,216.93,216.93,216.93,215.03,1.9,0.88%,-,-
2-Feb-26,^NBDI,NSE Bonds Index,1140.96,1210.41,1170.09,1170.09,1170.09,1174.14,-4.05,-0.34%,-,-
2-Feb-26,^ZKEQTK,Zamara Kenya Equity Index (KES),2424.57,4790.09,4248.3,4248.3,4248.3,4209.12,39.18,0.93%,-,-
2-Feb-26,^ZKEQTU,Zamara Kenya Equity Index (USD),1610.77,3197.11,2835.49,2835.49,2835.49,2809.35,26.14,0.93%,-,-
3-Feb-26,EGAD,Eaagads Ltd,11,35.25,21.95,22,22,21.8,0.2,0.92%,1632,-
3-Feb-26,KUKZ,Kakuzi Plc,365,440,390,405.75,390,386.75,3.25,0.84%,13955,-
3-Feb-26,KAPC,Kapchorua Tea Kenya Plc,198,424.25,230,234,233,234.25,-1.25,-0.53%,1070,-
3-Feb-26,LIMT,Limuru Tea Plc,295,555,445,460,445.25,460,-14.75,-3.21%,816,-
3-Feb-26,SASN,Sasini Plc,13.3,33.9,19.5,19.95,19.55,19.95,-0.4,-2.01%,6301,-
3-Feb-26,WTK,Williamson Tea Kenya Plc,139,350,142.5,144.25,144.25,142.25,2,1.41%,5834,-
3-Feb-26,CGEN,Car and General (K) Ltd,19.8,74.25,53.5,58,56.5,53.5,3,5.61%,888,-
3-Feb-26,ABSA,ABSA Bank Kenya Plc,15,33,27.8,28,27.95,27.85,0.1,0.36%,166444,-
3-Feb-26,BKG,BK Group Plc,28.75,50,45.5,46.75,46,45.75,0.25,0.55%,15054,-
3-Feb-26,COOP,Co-operative Bank of Kenya Ltd,13.8,31.5,27.7,28.15,28,28.1,-0.1,-0.36%,600653,-
3-Feb-26,DTK,Diamond Trust Bank Kenya Ltd,66,170,129,130,129.75,129.75,-,-,153423,-
3-Feb-26,EQTY,Equity Group Holdings Plc,41.2,80,67.75,69.75,68,69,-1,-1.45%,10291286,-
3-Feb-26,HFCK,HF Group Ltd,5.3,11.5,10.05,10.5,10.3,10.35,-0.05,-0.48%,823338,-
3-Feb-26,IMH,I & M Holdings Plc,29.5,52,44.95,45,45,44.95,0.05,0.11%,306252,-
3-Feb-26,KCB,KCB Group Plc,35,80.5,66.5,68,67,66.5,0.5,0.75%,487666,-
3-Feb-26,NCBA,NCBA Group Plc,48,100,90,93,91,91.75,-0.75,-0.82%,456957,-
3-Feb-26,SBIC,Stanbic Holdings Plc,147,270,197.75,198,198,197.75,0.25,0.13%,374313,-
3-Feb-26,SCBK,Standard Chartered Bank Kenya Ltd,260,365,307.5,309.5,308.25,308.5,-0.25,-0.08%,21787,-
3-Feb-26,DCON,Deacons (East Africa) Plc,0.45,0.45,0.45,0.45,0.45,0.45,-,-,-,-
3-Feb-26,EVRD,Eveready East Africa Ltd,0.75,1.78,1.31,1.39,1.36,1.38,-0.02,-1.45%,55523,-
3-Feb-26,XPRS,Express Kenya Plc,2.8,10,6.88,7.4,7,7.04,-0.04,-0.57%,13871,-
3-Feb-26,HBE,Homeboyz Entertainment Plc,4.66,4.66,4.66,4.66,4.66,4.66,-,-,-,-
3-Feb-26,KQ,Kenya Airways Plc,1.56,6.02,4.7,5.16,5.04,4.91,0.13,2.65%,474849,-
3-Feb-26,LKL,Longhorn Publishers Plc,2.35,3.5,2.85,2.91,2.9,2.91,-0.01,-0.34%,2370,-
3-Feb-26,NBV,Nairobi Business Ventures Ltd,1.33,2.16,1.38,1.47,1.42,1.43,-0.01,-0.70%,32971,-
3-Feb-26,NMG,Nation Media Group Plc,10.05,20,13,13.25,13.2,13.05,0.15,1.15%,11919,-
3-Feb-26,SMER,Sameer Africa Plc,2.7,21.5,15,15.95,15.65,15.45,0.2,1.29%,16610,-
3-Feb-26,SGL,Standard Group Plc,5.2,7.14,5.74,6.14,5.98,6.06,-0.08,-1.32%,522,-
3-Feb-26,TPSE,TPS Eastern Africa (Serena) Ltd,13.05,18.2,15.8,15.95,15.85,15.95,-0.1,-0.63%,144,-
3-Feb-26,UCHM,Uchumi Supermarket Plc,0.23,2.93,1.27,1.33,1.3,1.29,0.01,0.78%,602115,-
3-Feb-26,SCAN,WPP ScanGroup Plc,2,3.4,2.45,2.5,2.46,2.42,0.04,1.65%,10517,-
3-Feb-26,ARM,ARM Cement Plc,5.55,5.55,5.55,5.55,5.55,5.55,-,-,-,-
3-Feb-26,BAMB,Bamburi Cement Ltd,47.2,56.5,47.2,47.2,47.2,47.2,-,-,-,-
3-Feb-26,CRWN,Crown Paints Kenya Plc,30,70.75,58,59,58.25,57.5,0.75,1.30%,3603,-
3-Feb-26,CABL,East African Cables Plc,1,2.44,1,1,1,1,-,-,-,-
3-Feb-26,PORT,East African Portland Cement Ltd,28,101,80,84,82.25,83.25,-1,-1.20%,2238,-
3-Feb-26,KEGN,Kenya Electricity Generating Company Plc,4.5,10.75,9.5,9.7,9.56,9.58,-0.02,-0.21%,1515321,-
3-Feb-26,KPLC-P4,KPLC-P4,4,5,5,5,5,5,-,-,-,-
3-Feb-26,KPLC-P7,KPLC-P7,6,6,6,6,6,6,-,-,-,-
3-Feb-26,KPLC,Kenya Power and Lighting Company Plc,5.7,19,15.2,15.5,15.35,15.2,0.15,0.99%,1139067,-
3-Feb-26,TOTL,TotalEnergies Marketing Kenya Plc,21,47,38.5,39.5,38.75,39.05,-0.3,-0.77%,24772,-
3-Feb-26,UMME,Umeme Ltd,5.8,24.75,8.12,8.8,8.3,8.16,0.14,1.72%,69511,-
3-Feb-26,BRIT,Britam Holdings Plc,5.92,13.4,9.64,10.1,9.94,9.74,0.2,2.05%,179634,-
3-Feb-26,CIC,CIC Insurance Group Ltd,2.55,6.62,4.32,4.52,4.48,4.49,-0.01,-0.22%,395190,-
3-Feb-26,JUB,Jubilee Holdings Ltd,182,399.75,320,350,327.75,325,2.75,0.85%,3581,-
3-Feb-26,KNRE,Kenya Re-Insurance Corporation Ltd,1.5,4.02,3.15,3.19,3.16,3.17,-0.01,-0.32%,2274717,-
3-Feb-26,LBTY,Liberty Kenya Holdings Ltd,7.4,12.2,9.6,9.8,9.7,9.62,0.08,0.83%,55969,-
3-Feb-26,SLAM,Sanlam Allianz Holdings (Kenya) Plc,5.5,11,8.4,8.98,8.6,8.4,0.2,2.38%,3966,-
3-Feb-26,CTUM,Centum Investment Company Plc,10.85,16.75,13.05,13.9,13.55,13.85,-0.3,-2.17%,47430,-
3-Feb-26,HAFR,Home Afrika Ltd,0.48,1.93,1.21,1.25,1.23,1.24,-0.01,-0.81%,545284,-
3-Feb-26,KURV,Kurwitu Ventures Ltd,1400,1500,1500,1500,1500,1500,-,-,-,-
3-Feb-26,OCH,Olympia Capital Holdings Ltd,3.12,9,7.44,7.94,7.92,7.76,0.16,2.06%,5235,-
3-Feb-26,TCL,Trans-Century Plc,0.71,1.42,0.71,0.71,0.71,0.71,-,-,-,-
3-Feb-26,NSE,Nairobi Securities Exchange Plc,6.5,25.9,19.55,19.8,19.65,19.8,-0.15,-0.76%,110464,-
3-Feb-26,AMAC,Africa Mega Agricorp Plc,51,118.25,75.5,85.25,77.5,83.75,-6.25,-7.46%,254,-
3-Feb-26,BOC,BOC Kenya Plc,76,150,125.75,138.75,132.5,139.5,-7,-5.02%,561,-
3-Feb-26,BAT,British American Tobacco Kenya Plc,345,629,487,497,489.5,486.5,3,0.62%,5312,-
3-Feb-26,CARB,Carbacid Investments Plc,18,33,30.25,30.45,30.35,30.35,-,-,50373,-
3-Feb-26,EABL,East African Breweries Ltd,167,351,249,252.75,251,254.25,-3.25,-1.28%,124405,-
3-Feb-26,FTGH,Flame Tree Group Holdings Ltd,1.05,3.11,1.55,1.78,1.61,1.72,-0.11,-6.40%,243170,-
3-Feb-26,MSC,Mumias Sugar Company Ltd,0.27,0.27,0.27,0.27,0.27,0.27,-,-,-,-
3-Feb-26,SKL,Shri Krishana Overseas Plc,5.8,12,8.1,8.2,8.16,8.08,0.08,0.99%,16012,-
3-Feb-26,UNGA,Unga Group Ltd,18.05,34,22,24,22.05,24,-1.95,-8.13%,50280,-
3-Feb-26,SCOM,Safaricom Plc,17,34.2,29.85,30.5,30,29.95,0.05,0.17%,6960859,-
3-Feb-26,LAPR,LAPTrust Imara Income-REIT,20,20,20,20,20,20,-,-,-,-
3-Feb-26,GLD,ABSA NewGold ETF,881,9800,5800,6100,5915,5845,70,1.20%,612,-
3-Feb-26,SMWF,Satrix MSCI World Feeder ETF,755,1050,855,870,859,859,-,-,98,-
3-Feb-26,^N10I,NSE 10-Share Index,1250.85,2271.75,2058.9,2058.9,2058.9,2066.17,-7.27,-0.35%,-,-
3-Feb-26,^N20I,NSE 20-Share Index,2092.84,3758.73,3310.37,3310.37,3310.37,3313.26,-2.89,-0.09%,-,-
3-Feb-26,^N25I,NSE 25-Share Index,3314.15,5948.29,5342.82,5342.82,5342.82,5358.32,-15.5,-0.29%,-,-
3-Feb-26,^NASI,NSE All-Share Index,123.6,216.69,196.6,196.6,196.6,196.72,-0.12,-0.06%,-,-
3-Feb-26,^NBSI,NSE Banking Sector Index,149.92,245.9,216.33,216.33,216.33,216.93,-0.6,-0.28%,-,-
3-Feb-26,^NBDI,NSE Bonds Index,1140.96,1210.41,1175.32,1175.32,1175.32,1170.09,5.23,0.45%,-,-
3-Feb-26,^ZKEQTK,Zamara Kenya Equity Index (KES),2424.57,4790.09,4239.72,4239.72,4239.72,4248.3,-8.58,-0.20%,-,-
3-Feb-26,^ZKEQTU,Zamara Kenya Equity Index (USD),1610.77,3197.11,2829.77,2829.77,2829.77,2835.49,-5.72,-0.20%,-,-
4-Feb-26,EGAD,Eaagads Ltd,11,35.25,19.9,22,20.2,22,-1.8,-8.18%,2224,-
4-Feb-26,KUKZ,Kakuzi Plc,365,440,409,409,390,390,-,-,59,-
4-Feb-26,KAPC,Kapchorua Tea Kenya Plc,198,424.25,230,234,231.75,233,-1.25,-0.54%,855,-
4-Feb-26,LIMT,Limuru Tea Plc,295,555,445.25,445.25,445.25,445.25,-,-,-,-
4-Feb-26,SASN,Sasini Plc,13.3,33.9,19,20,19.75,19.55,0.2,1.02%,41898,-
4-Feb-26,WTK,Williamson Tea Kenya Plc,139,350,141,144.25,141.75,144.25,-2.5,-1.73%,14013,-
4-Feb-26,CGEN,Car and General (K) Ltd,19.8,74.25,53.75,57.75,55.5,56.5,-1,-1.77%,166,-
4-Feb-26,ABSA,ABSA Bank Kenya Plc,15,33,27.95,29.5,28.05,27.95,0.1,0.36%,170195,-
4-Feb-26,BKG,BK Group Plc,28.75,50,43.5,46.75,46.45,46,0.45,0.98%,3303,-
4-Feb-26,COOP,Co-operative Bank of Kenya Ltd,13.8,31.5,28,28.5,28.15,28,0.15,0.54%,216573,-
4-Feb-26,DTK,Diamond Trust Bank Kenya Ltd,66,170,129.75,131.25,130.5,129.75,0.75,0.58%,176744,-
4-Feb-26,EQTY,Equity Group Holdings Plc,41.2,80,67.5,69,68,68,-,-,2017718,-
4-Feb-26,HFCK,HF Group Ltd,5.3,11.5,9.28,10.45,9.92,10.3,-0.38,-3.69%,207234,-
4-Feb-26,IMH,I & M Holdings Plc,29.5,52,44.95,45,45,45,-,-,175622,-
4-Feb-26,KCB,KCB Group Plc,35,80.5,66.75,67.5,67,67,-,-,547042,-
4-Feb-26,NCBA,NCBA Group Plc,48,100,90.5,92.5,91.75,91,0.75,0.82%,122035,-
4-Feb-26,SBIC,Stanbic Holdings Plc,147,270,198,217.5,200,198,2,1.01%,629440,-
4-Feb-26,SCBK,Standard Chartered Bank Kenya Ltd,260,365,309,310,309,308.25,0.75,0.24%,147140,-
4-Feb-26,DCON,Deacons (East Africa) Plc,0.45,0.45,0.45,0.45,0.45,0.45,-,-,-,-
4-Feb-26,EVRD,Eveready East Africa Ltd,0.75,1.78,1.36,1.42,1.39,1.36,0.03,2.21%,47101,-
4-Feb-26,XPRS,Express Kenya Plc,2.8,10,7.1,7.4,7.36,7,0.36,5.14%,922,-
4-Feb-26,HBE,Homeboyz Entertainment Plc,4.66,4.66,4.66,4.66,4.66,4.66,-,-,-,-
4-Feb-26,KQ,Kenya Airways Plc,1.56,6.02,4.9,5.16,5.02,5.04,-0.02,-0.40%,523364,-
4-Feb-26,LKL,Longhorn Publishers Plc,2.35,3.5,2.7,2.92,2.71,2.9,-0.19,-6.55%,7379,-
4-Feb-26,NBV,Nairobi Business Ventures Ltd,1.33,2.16,1.38,1.47,1.45,1.42,0.03,2.11%,69876,-
4-Feb-26,NMG,Nation Media Group Plc,10.05,20,12.5,13.25,12.75,13.2,-0.45,-3.41%,50036,-
4-Feb-26,SMER,Sameer Africa Plc,2.7,21.5,14.15,16,15.85,15.65,0.2,1.28%,128264,-
4-Feb-26,SGL,Standard Group Plc,5.2,7.14,6,6.18,6.06,5.98,0.08,1.34%,1991,-
4-Feb-26,TPSE,TPS Eastern Africa (Serena) Ltd,13.05,18.2,15.7,15.9,15.7,15.85,-0.15,-0.95%,5069,-
4-Feb-26,UCHM,Uchumi Supermarket Plc,0.23,2.93,1.3,1.33,1.31,1.3,0.01,0.77%,241258,-
4-Feb-26,SCAN,WPP ScanGroup Plc,2,3.4,2.39,2.46,2.41,2.46,-0.05,-2.03%,30677,-
4-Feb-26,ARM,ARM Cement Plc,5.55,5.55,5.55,5.55,5.55,5.55,-,-,-,-
4-Feb-26,BAMB,Bamburi Cement Ltd,47.2,56.5,47.2,47.2,47.2,47.2,-,-,-,-
4-Feb-26,CRWN,Crown Paints Kenya Plc,30,70.75,53.5,58.75,54,58.25,-4.25,-7.30%,5436,-
4-Feb-26,CABL,East African Cables Plc,1,2.44,1,1,1,1,-,-,-,-
4-Feb-26,PORT,East African Portland Cement Ltd,28,101,75.25,81.5,75.75,82.25,-6.5,-7.90%,461,-
4-Feb-26,KEGN,Kenya Electricity Generating Company Plc,4.5,10.75,9.54,9.6,9.58,9.56,0.02,0.21%,1448660,-
4-Feb-26,KPLC-P4,KPLC-P4,4,5,5,5,5,5,-,-,-,-
4-Feb-26,KPLC-P7,KPLC-P7,6,6,6,6,6,6,-,-,-,-
4-Feb-26,KPLC,Kenya Power and Lighting Company Plc,5.7,19,15.4,15.6,15.5,15.35,0.15,0.98%,1865622,-
4-Feb-26,TOTL,TotalEnergies Marketing Kenya Plc,21,47,39,40.5,40.45,38.75,1.7,4.39%,102215,-
4-Feb-26,UMME,Umeme Ltd,5.8,24.75,8.1,8.8,8.6,8.3,0.3,3.61%,227476,-
4-Feb-26,BRIT,Britam Holdings Plc,5.92,13.4,9.98,10.45,10.05,9.94,0.11,1.11%,257430,-
4-Feb-26,CIC,CIC Insurance Group Ltd,2.55,6.62,4.48,4.59,4.54,4.48,0.06,1.34%,145571,-
4-Feb-26,JUB,Jubilee Holdings Ltd,182,399.75,335,345,335.25,327.75,7.5,2.29%,1027,-
4-Feb-26,KNRE,Kenya Re-Insurance Corporation Ltd,1.5,4.02,3.09,3.18,3.14,3.16,-0.02,-0.63%,990792,-
4-Feb-26,LBTY,Liberty Kenya Holdings Ltd,7.4,12.2,9.66,9.8,9.7,9.7,-,-,63604,-
4-Feb-26,SLAM,Sanlam Allianz Holdings (Kenya) Plc,5.5,11,8.4,8.98,8.6,8.6,-,-,19855,-
4-Feb-26,CTUM,Centum Investment Company Plc,10.85,16.75,13.25,13.7,13.3,13.55,-0.25,-1.85%,73846,-
4-Feb-26,HAFR,Home Afrika Ltd,0.48,1.93,1.23,1.25,1.23,1.23,-,-,206746,-
4-Feb-26,KURV,Kurwitu Ventures Ltd,1400,1500,1500,1500,1500,1500,-,-,-,-
4-Feb-26,OCH,Olympia Capital Holdings Ltd,3.12,9,7.5,7.94,7.84,7.92,-0.08,-1.01%,5030,-
4-Feb-26,TCL,Trans-Century Plc,0.71,1.42,0.71,0.71,0.71,0.71,-,-,-,-
4-Feb-26,NSE,Nairobi Securities Exchange Plc,6.5,25.9,18,19.75,19.4,19.65,-0.25,-1.27%,69515,-
4-Feb-26,AMAC,Africa Mega Agricorp Plc,51,118.25,85,85.25,85.25,77.5,7.75,10.00%,239,-
4-Feb-26,BOC,BOC Kenya Plc,76,150,131,138.5,131,132.5,-1.5,-1.13%,2025,-
4-Feb-26,BAT,British American Tobacco Kenya Plc,345,629,488,497,490,489.5,0.5,0.10%,153246,-
4-Feb-26,CARB,Carbacid Investments Plc,18,33,30,30.4,30.2,30.35,-0.15,-0.49%,24146,-
4-Feb-26,EABL,East African Breweries Ltd,167,351,250,252,251,251,-,-,22606,-
4-Feb-26,FTGH,Flame Tree Group Holdings Ltd,1.05,3.11,1.72,1.77,1.76,1.61,0.15,9.32%,42140,-
4-Feb-26,MSC,Mumias Sugar Company Ltd,0.27,0.27,0.27,0.27,0.27,0.27,-,-,-,-
4-Feb-26,SKL,Shri Krishana Overseas Plc,5.8,12,8,8,8,8.16,-0.16,-1.96%,3851,-
4-Feb-26,UNGA,Unga Group Ltd,18.05,34,21.9,24,22.15,22.05,0.1,0.45%,100323,-
4-Feb-26,SCOM,Safaricom Plc,17,34.2,29.95,31,30.6,30,0.6,2.00%,7164887,-
4-Feb-26,LAPR,LAPTrust Imara Income-REIT,20,20,20,20,20,20,-,-,-,-
4-Feb-26,GLD,ABSA NewGold ETF,881,9800,6060,6600,6105,5915,190,3.21%,1222,-
4-Feb-26,SMWF,Satrix MSCI World Feeder ETF,755,1050,857,868,865,859,6,0.70%,107,-
4-Feb-26,^N10I,NSE 10-Share Index,1250.85,2271.75,2069.36,2069.36,2069.36,2058.9,10.46,0.51%,-,-
4-Feb-26,^N20I,NSE 20-Share Index,2092.84,3758.73,3316.92,3316.92,3316.92,3310.37,6.55,0.20%,-,-
4-Feb-26,^N25I,NSE 25-Share Index,3314.15,5948.29,5373.85,5373.85,5373.85,5342.82,31.03,0.58%,-,-
4-Feb-26,^NASI,NSE All-Share Index,123.6,216.69,198.38,198.38,198.38,196.6,1.78,0.91%,-,-
4-Feb-26,^NBSI,NSE Banking Sector Index,149.92,245.9,216.87,216.87,216.87,216.33,0.54,0.25%,-,-
4-Feb-26,^NBDI,NSE Bonds Index,1140.96,1210.41,1171.03,1171.03,1171.03,1175.32,-4.29,-0.37%,-,-
4-Feb-26,^ZKEQTK,Zamara Kenya Equity Index (KES),2424.57,4790.09,4262.81,4262.81,4262.81,4239.72,23.09,0.54%,-,-
4-Feb-26,^ZKEQTU,Zamara Kenya Equity Index (USD),1610.77,3197.11,2846.28,2846.28,2846.28,2829.77,16.51,0.58%,-,-
5-Feb-26,EGAD,Eaagads Ltd,11,35.25,19.9,22,21.25,20.2,1.05,5.20%,2730,-
5-Feb-26,KUKZ,Kakuzi Plc,365,440,391,405,390,390,-,-,21,-
5-Feb-26,KAPC,Kapchorua Tea Kenya Plc,198,424.25,232,233,233,231.75,1.25,0.54%,483,-
5-Feb-26,LIMT,Limuru Tea Plc,295,555,445.25,445.25,445.25,445.25,-,-,-,-
5-Feb-26,SASN,Sasini Plc,13.3,33.9,19.55,20.2,20.1,19.75,0.35,1.77%,69559,-
5-Feb-26,WTK,Williamson Tea Kenya Plc,139,350,140,144.25,141,141.75,-0.75,-0.53%,12494,-
5-Feb-26,CGEN,Car and General (K) Ltd,19.8,74.25,53.5,57.75,54.25,55.5,-1.25,-2.25%,4092,-
5-Feb-26,ABSA,ABSA Bank Kenya Plc,15,33,27.85,29.75,28.2,28.05,0.15,0.53%,1734548,-
5-Feb-26,BKG,BK Group Plc,28.75,50,45,46.75,45.2,46.45,-1.25,-2.69%,6148,-
5-Feb-26,COOP,Co-operative Bank of Kenya Ltd,13.8,31.5,28.2,28.75,28.45,28.15,0.3,1.07%,243476,-
5-Feb-26,DTK,Diamond Trust Bank Kenya Ltd,66,170,130.5,140,135.25,130.5,4.75,3.64%,95952,-
5-Feb-26,EQTY,Equity Group Holdings Plc,41.2,80,67.75,68,68,68,-,-,3253775,-
5-Feb-26,HFCK,HF Group Ltd,5.3,11.5,10,10.5,10.15,9.92,0.23,2.32%,159579,-
5-Feb-26,IMH,I & M Holdings Plc,29.5,52,44.95,45,45,45,-,-,1595220,-
5-Feb-26,KCB,KCB Group Plc,35,80.5,67,67.75,67.25,67,0.25,0.37%,198988,-
5-Feb-26,NCBA,NCBA Group Plc,48,100,91.5,93,92,91.75,0.25,0.27%,733795,-
5-Feb-26,SBIC,Stanbic Holdings Plc,147,270,205,210,205.25,200,5.25,2.63%,207623,-
5-Feb-26,SCBK,Standard Chartered Bank Kenya Ltd,260,365,309.5,312,310.25,309,1.25,0.40%,22574,-
5-Feb-26,DCON,Deacons (East Africa) Plc,0.45,0.45,0.45,0.45,0.45,0.45,-,-,-,-
5-Feb-26,EVRD,Eveready East Africa Ltd,0.75,1.78,1.36,1.4,1.38,1.39,-0.01,-0.72%,57840,-
5-Feb-26,XPRS,Express Kenya Plc,2.8,10,6.64,7.4,6.92,7.36,-0.44,-5.98%,7341,-
5-Feb-26,HBE,Homeboyz Entertainment Plc,4.66,4.66,4.66,4.66,4.66,4.66,-,-,-,-
5-Feb-26,KQ,Kenya Airways Plc,1.56,6.02,4.8,5.4,5.08,5.02,0.06,1.20%,438670,-
5-Feb-26,LKL,Longhorn Publishers Plc,2.35,3.5,2.9,2.98,2.93,2.71,0.22,8.12%,13095,-
5-Feb-26,NBV,Nairobi Business Ventures Ltd,1.33,2.16,1.38,1.48,1.42,1.45,-0.03,-2.07%,38303,-
5-Feb-26,NMG,Nation Media Group Plc,10.05,20,12.9,13.5,13.3,12.75,0.55,4.31%,111659,-
5-Feb-26,SMER,Sameer Africa Plc,2.7,21.5,15.65,16.5,15.95,15.85,0.1,0.63%,106312,-
5-Feb-26,SGL,Standard Group Plc,5.2,7.14,5.74,6.2,5.78,6.06,-0.28,-4.62%,6784,-
5-Feb-26,TPSE,TPS Eastern Africa (Serena) Ltd,13.05,18.2,15,15.95,15.8,15.7,0.1,0.64%,8624,-
5-Feb-26,UCHM,Uchumi Supermarket Plc,0.23,2.93,1.3,1.33,1.3,1.31,-0.01,-0.76%,751697,-
5-Feb-26,SCAN,WPP ScanGroup Plc,2,3.4,2.39,2.5,2.42,2.41,0.01,0.41%,14225,-
5-Feb-26,ARM,ARM Cement Plc,5.55,5.55,5.55,5.55,5.55,5.55,-,-,-,-
5-Feb-26,BAMB,Bamburi Cement Ltd,47.2,56.5,47.2,47.2,47.2,47.2,-,-,-,-
5-Feb-26,CRWN,Crown Paints Kenya Plc,30,70.75,53.5,59,56.75,54,2.75,5.09%,3686,-
5-Feb-26,CABL,East African Cables Plc,1,2.44,1,1,1,1,-,-,-,-
5-Feb-26,PORT,East African Portland Cement Ltd,28,101,68.25,83.25,76.75,75.75,1,1.32%,7080,-
5-Feb-26,KEGN,Kenya Electricity Generating Company Plc,4.5,10.75,9.56,9.6,9.6,9.58,0.02,0.21%,1705564,-
5-Feb-26,KPLC-P4,KPLC-P4,4,5,5,5,5,5,-,-,-,-
5-Feb-26,KPLC-P7,KPLC-P7,6,6,6,6,6,6,-,-,-,-
5-Feb-26,KPLC,Kenya Power and Lighting Company Plc,5.7,19,15.2,15.6,15.45,15.5,-0.05,-0.32%,1259829,-
5-Feb-26,TOTL,TotalEnergies Marketing Kenya Plc,21,47,38.5,40.5,39.55,40.45,-0.9,-2.22%,7671,-
5-Feb-26,UMME,Umeme Ltd,5.8,24.75,8.5,8.96,8.74,8.6,0.14,1.63%,177225,-
5-Feb-26,BRIT,Britam Holdings Plc,5.92,13.4,9.94,10.6,10.05,10.05,-,-,104666,-
5-Feb-26,CIC,CIC Insurance Group Ltd,2.55,6.62,4.53,4.6,4.57,4.54,0.03,0.66%,80849,-
5-Feb-26,JUB,Jubilee Holdings Ltd,182,399.75,305,340,325.5,335.25,-9.75,-2.91%,3071,-
5-Feb-26,KNRE,Kenya Re-Insurance Corporation Ltd,1.5,4.02,3.1,3.17,3.15,3.14,0.01,0.32%,658992,-
5-Feb-26,LBTY,Liberty Kenya Holdings Ltd,7.4,12.2,9.7,10,9.96,9.7,0.26,2.68%,15506,-
5-Feb-26,SLAM,Sanlam Allianz Holdings (Kenya) Plc,5.5,11,8.4,8.96,8.78,8.6,0.18,2.09%,3720,-
5-Feb-26,CTUM,Centum Investment Company Plc,10.85,16.75,13.05,13.7,13.3,13.3,-,-,35796,-
5-Feb-26,HAFR,Home Afrika Ltd,0.48,1.93,1.21,1.3,1.24,1.23,0.01,0.81%,638944,-
5-Feb-26,KURV,Kurwitu Ventures Ltd,1400,1500,1500,1500,1500,1500,-,-,-,-
5-Feb-26,OCH,Olympia Capital Holdings Ltd,3.12,9,7.9,7.94,7.92,7.84,0.08,1.02%,3835,-
5-Feb-26,TCL,Trans-Century Plc,0.71,1.42,0.71,0.71,0.71,0.71,-,-,-,-
5-Feb-26,NSE,Nairobi Securities Exchange Plc,6.5,25.9,19.4,19.6,19.55,19.4,0.15,0.77%,33211,-
5-Feb-26,AMAC,Africa Mega Agricorp Plc,51,118.25,93,93.75,93.75,85.25,8.5,9.97%,334,-
5-Feb-26,BOC,BOC Kenya Plc,76,150,130,131,130.75,131,-0.25,-0.19%,1386,-
5-Feb-26,BAT,British American Tobacco Kenya Plc,345,629,480,502,491.75,490,1.75,0.36%,109695,-
5-Feb-26,CARB,Carbacid Investments Plc,18,33,30,31,30.15,30.2,-0.05,-0.17%,36792,-
5-Feb-26,EABL,East African Breweries Ltd,167,351,249.5,252,251,251,-,-,279293,-
5-Feb-26,FTGH,Flame Tree Group Holdings Ltd,1.05,3.11,1.76,1.8,1.78,1.76,0.02,1.14%,52061,-
5-Feb-26,MSC,Mumias Sugar Company Ltd,0.27,0.27,0.27,0.27,0.27,0.27,-,-,-,-
5-Feb-26,SKL,Shri Krishana Overseas Plc,5.8,12,7.96,7.96,7.96,8,-0.04,-0.50%,142,-
5-Feb-26,UNGA,Unga Group Ltd,18.05,34,21.7,24,22.05,22.15,-0.1,-0.45%,23602,-
5-Feb-26,SCOM,Safaricom Plc,17,34.2,31,32.5,31.95,30.6,1.35,4.41%,19234956,-
5-Feb-26,LAPR,LAPTrust Imara Income-REIT,20,20,20,20,20,20,-,-,-,-
5-Feb-26,GLD,ABSA NewGold ETF,881,9800,5875,6200,6070,6105,-35,-0.57%,345,-
5-Feb-26,SMWF,Satrix MSCI World Feeder ETF,755,1050,842,865,865,865,-,-,85,-
5-Feb-26,^N10I,NSE 10-Share Index,1250.85,2271.75,2095.85,2095.85,2095.85,2069.36,26.49,1.28%,-,-
5-Feb-26,^N20I,NSE 20-Share Index,2092.84,3758.73,3340.06,3340.06,3340.06,3316.92,23.14,0.70%,-,-
5-Feb-26,^N25I,NSE 25-Share Index,3314.15,5948.29,5437.33,5437.33,5437.33,5373.85,63.48,1.18%,-,-
5-Feb-26,^NASI,NSE All-Share Index,123.6,216.69,202.31,202.31,202.31,198.38,3.93,1.98%,-,-
5-Feb-26,^NBSI,NSE Banking Sector Index,149.92,245.9,218.19,218.19,218.19,216.87,1.32,0.61%,-,-
5-Feb-26,^NBDI,NSE Bonds Index,1140.96,1210.41,1160.95,1160.95,1160.95,1171.03,-10.08,-0.86%,-,-
5-Feb-26,^ZKEQTK,Zamara Kenya Equity Index (KES),2424.57,4790.09,4317.13,4317.13,4317.13,4262.81,54.32,1.27%,-,-
5-Feb-26,^ZKEQTU,Zamara Kenya Equity Index (USD),1610.77,3197.11,2881.43,2881.43,2881.43,2846.28,35.15,1.23%,-,-
6-Feb-26,EGAD,Eaagads Ltd,11,35.25,20,22.5,22,21.25,0.75,3.53%,4056,-
6-Feb-26,KUKZ,Kakuzi Plc,365,440,400,409,390,390,-,-,85,-
6-Feb-26,KAPC,Kapchorua Tea Kenya Plc,198,424.25,231,233,232.75,233,-0.25,-0.11%,1154,-
6-Feb-26,LIMT,Limuru Tea Plc,295,555,446,446,446,445.25,0.75,0.17%,1365,-
6-Feb-26,SASN,Sasini Plc,13.3,33.9,19.75,20.3,20.15,20.1,0.05,0.25%,5418,-
6-Feb-26,WTK,Williamson Tea Kenya Plc,139,350,141,150,142.75,141,1.75,1.24%,9211,-
6-Feb-26,CGEN,Car and General (K) Ltd,19.8,74.25,57.25,58,57.75,54.25,3.5,6.45%,715,-
6-Feb-26,ABSA,ABSA Bank Kenya Plc,15,33,28.15,29.7,28.2,28.2,-,-,1194408,-
6-Feb-26,BKG,BK Group Plc,28.75,50,43.8,46.75,46.5,45.2,1.3,2.88%,706,-
6-Feb-26,COOP,Co-operative Bank of Kenya Ltd,13.8,31.5,28.15,28.9,28.35,28.45,-0.1,-0.35%,488181,-
6-Feb-26,DTK,Diamond Trust Bank Kenya Ltd,66,170,135,140,135.5,135.25,0.25,0.18%,105410,-
6-Feb-26,EQTY,Equity Group Holdings Plc,41.2,80,67.75,70,68,68,-,-,1250863,-
6-Feb-26,HFCK,HF Group Ltd,5.3,11.5,9.94,10.4,10.1,10.15,-0.05,-0.49%,79084,-
6-Feb-26,IMH,I & M Holdings Plc,29.5,52,44.95,45,45,45,-,-,756447,-
6-Feb-26,KCB,KCB Group Plc,35,80.5,67,68,67.25,67.25,-,-,2439157,-
6-Feb-26,NCBA,NCBA Group Plc,48,100,91.5,92.5,92.25,92,0.25,0.27%,68693,-
6-Feb-26,SBIC,Stanbic Holdings Plc,147,270,205,215,205.5,205.25,0.25,0.12%,540028,-
6-Feb-26,SCBK,Standard Chartered Bank Kenya Ltd,260,365,310,316,314.75,310.25,4.5,1.45%,38989,-
6-Feb-26,DCON,Deacons (East Africa) Plc,0.45,0.45,0.45,0.45,0.45,0.45,-,-,-,-
6-Feb-26,EVRD,Eveready East Africa Ltd,0.75,1.78,1.29,1.38,1.3,1.38,-0.08,-5.80%,518566,-
6-Feb-26,XPRS,Express Kenya Plc,2.8,10,7.3,7.4,7.38,6.92,0.46,6.65%,2830,-
6-Feb-26,HBE,Homeboyz Entertainment Plc,4.66,4.66,4.66,4.66,4.66,4.66,-,-,-,-
6-Feb-26,KQ,Kenya Airways Plc,1.56,6.02,4.9,5.1,5.02,5.08,-0.06,-1.18%,248604,-
6-Feb-26,LKL,Longhorn Publishers Plc,2.35,3.5,2.98,3.09,3,2.93,0.07,2.39%,5221,-
6-Feb-26,NBV,Nairobi Business Ventures Ltd,1.33,2.16,1.4,1.48,1.46,1.42,0.04,2.82%,76796,-
6-Feb-26,NMG,Nation Media Group Plc,10.05,20,13.8,14.5,13.95,13.3,0.65,4.89%,147371,-
6-Feb-26,SMER,Sameer Africa Plc,2.7,21.5,15.85,16.5,15.95,15.95,-,-,120515,-
6-Feb-26,SGL,Standard Group Plc,5.2,7.14,5.8,6.2,6.08,5.78,0.3,5.19%,6274,-
6-Feb-26,TPSE,TPS Eastern Africa (Serena) Ltd,13.05,18.2,15.5,15.95,15.6,15.8,-0.2,-1.27%,973,-
6-Feb-26,UCHM,Uchumi Supermarket Plc,0.23,2.93,1.29,1.32,1.31,1.3,0.01,0.77%,737024,-
6-Feb-26,SCAN,WPP ScanGroup Plc,2,3.4,2.38,2.5,2.4,2.42,-0.02,-0.83%,9650,-
6-Feb-26,ARM,ARM Cement Plc,5.55,5.55,5.55,5.55,5.55,5.55,-,-,-,-
6-Feb-26,BAMB,Bamburi Cement Ltd,47.2,56.5,47.2,47.2,47.2,47.2,-,-,-,-
6-Feb-26,CRWN,Crown Paints Kenya Plc,30,70.75,56,60,59.5,56.75,2.75,4.85%,590,-
6-Feb-26,CABL,East African Cables Plc,1,2.44,1,1,1,1,-,-,-,-
6-Feb-26,PORT,East African Portland Cement Ltd,28,101,76,82.75,82,76.75,5.25,6.84%,2065,-
6-Feb-26,KEGN,Kenya Electricity Generating Company Plc,4.5,10.75,9.58,9.7,9.6,9.6,-,-,2313723,-
6-Feb-26,KPLC-P4,KPLC-P4,4,5,5,5,5,5,-,-,-,-
6-Feb-26,KPLC-P7,KPLC-P7,6,6,6,6,6,6,-,-,-,-
6-Feb-26,KPLC,Kenya Power and Lighting Company Plc,5.7,19,15.35,15.7,15.45,15.45,-,-,1125578,-
6-Feb-26,TOTL,TotalEnergies Marketing Kenya Plc,21,47,40,40.5,40.45,39.55,0.9,2.28%,33886,-
6-Feb-26,UMME,Umeme Ltd,5.8,24.75,8.5,8.98,8.64,8.74,-0.1,-1.14%,343274,-
6-Feb-26,BRIT,Britam Holdings Plc,5.92,13.4,10,10.6,10.1,10.05,0.05,0.50%,149918,-
6-Feb-26,CIC,CIC Insurance Group Ltd,2.55,6.62,4.55,4.67,4.59,4.57,0.02,0.44%,148431,-
6-Feb-26,JUB,Jubilee Holdings Ltd,182,399.75,325,340,329.75,325.5,4.25,1.31%,11781,-
6-Feb-26,KNRE,Kenya Re-Insurance Corporation Ltd,1.5,4.02,3.13,3.16,3.15,3.15,-,-,788684,-
6-Feb-26,LBTY,Liberty Kenya Holdings Ltd,7.4,12.2,9.9,10.2,9.98,9.96,0.02,0.20%,18903,-
6-Feb-26,SLAM,Sanlam Allianz Holdings (Kenya) Plc,5.5,11,8.8,8.96,8.88,8.78,0.1,1.14%,6576,-
6-Feb-26,CTUM,Centum Investment Company Plc,10.85,16.75,12.2,13.7,13.05,13.3,-0.25,-1.88%,70951,-
6-Feb-26,HAFR,Home Afrika Ltd,0.48,1.93,1.24,1.29,1.27,1.24,0.03,2.42%,220462,-
6-Feb-26,KURV,Kurwitu Ventures Ltd,1400,1500,1500,1500,1500,1500,-,-,-,-
6-Feb-26,OCH,Olympia Capital Holdings Ltd,3.12,9,7.46,7.94,7.88,7.92,-0.04,-0.51%,16352,-
6-Feb-26,TCL,Trans-Century Plc,0.71,1.42,0.71,0.71,0.71,0.71,-,-,-,-
6-Feb-26,NSE,Nairobi Securities Exchange Plc,6.5,25.9,19.35,19.55,19.5,19.55,-0.05,-0.26%,102437,-
6-Feb-26,AMAC,Africa Mega Agricorp Plc,51,118.25,84.5,100,93.25,93.75,-0.5,-0.53%,7208,-
6-Feb-26,BOC,BOC Kenya Plc,76,150,130,140,131.75,130.75,1,0.76%,554,-
6-Feb-26,BAT,British American Tobacco Kenya Plc,345,629,491.75,503,500,491.75,8.25,1.68%,42838,-
6-Feb-26,CARB,Carbacid Investments Plc,18,33,31,31.7,31.35,30.15,1.2,3.98%,50884,-
6-Feb-26,EABL,East African Breweries Ltd,167,351,249,252,250,251,-1,-0.40%,21625,-
6-Feb-26,FTGH,Flame Tree Group Holdings Ltd,1.05,3.11,1.61,1.8,1.76,1.78,-0.02,-1.12%,79240,-
6-Feb-26,MSC,Mumias Sugar Company Ltd,0.27,0.27,0.27,0.27,0.27,0.27,-,-,-,-
6-Feb-26,SKL,Shri Krishana Overseas Plc,5.8,12,7.96,8.2,8.14,7.96,0.18,2.26%,2532,-
6-Feb-26,UNGA,Unga Group Ltd,18.05,34,21.85,24,22.1,22.05,0.05,0.23%,7681,-
6-Feb-26,SCOM,Safaricom Plc,17,34.2,31.9,32.4,32,31.95,0.05,0.16%,8514271,-
6-Feb-26,LAPR,LAPTrust Imara Income-REIT,20,20,20,20,20,20,-,-,-,-
6-Feb-26,GLD,ABSA NewGold ETF,881,9800,5845,6200,5880,6070,-190,-3.13%,456,-
6-Feb-26,SMWF,Satrix MSCI World Feeder ETF,755,1050,842,852,865,865,-,-,72,-
6-Feb-26,^N10I,NSE 10-Share Index,1250.85,2271.75,2094.47,2094.47,2094.47,2095.85,-1.38,-0.07%,-,-
6-Feb-26,^N20I,NSE 20-Share Index,2092.84,3758.73,3347.53,3347.53,3347.53,3340.06,7.47,0.22%,-,-
6-Feb-26,^N25I,NSE 25-Share Index,3314.15,5948.29,5441.21,5441.21,5441.21,5437.33,3.88,0.07%,-,-
6-Feb-26,^NASI,NSE All-Share Index,123.6,216.69,202.73,202.73,202.73,202.31,0.42,0.21%,-,-
6-Feb-26,^NBSI,NSE Banking Sector Index,149.92,245.9,218.51,218.51,218.51,218.19,0.32,0.15%,-,-
6-Feb-26,^NBDI,NSE Bonds Index,1140.96,1210.41,1167.67,1167.67,1167.67,1160.95,6.72,0.58%,-,-
6-Feb-26,^ZKEQTK,Zamara Kenya Equity Index (KES),2424.57,4790.09,4320.63,4320.63,4320.63,4317.13,3.5,0.08%,-,-
6-Feb-26,^ZKEQTU,Zamara Kenya Equity Index (USD),1610.77,3197.11,2883.77,2883.77,2883.77,2881.43,2.34,0.08%,-,-
9-Feb-26,EGAD,Eaagads Ltd,11,35.25,22,24.2,23,22,1,4.55%,30498,-
9-Feb-26,KUKZ,Kakuzi Plc,365,440,405,409,408.75,390,18.75,4.81%,2409,-
9-Feb-26,KAPC,Kapchorua Tea Kenya Plc,198,424.25,231,233.5,232.5,232.75,-0.25,-0.11%,2370,-
9-Feb-26,LIMT,Limuru Tea Plc,295,555,450,490,446,446,-,-,5,-
9-Feb-26,SASN,Sasini Plc,13.3,33.9,22.15,22.15,22.15,20.15,2,9.93%,45449,-
9-Feb-26,WTK,Williamson Tea Kenya Plc,139,350,139.5,145,140.75,142.75,-2,-1.40%,7799,-
9-Feb-26,CGEN,Car and General (K) Ltd,19.8,74.25,57.25,57.75,57.75,57.75,-,-,683,-
9-Feb-26,ABSA,ABSA Bank Kenya Plc,15,33,28.2,29.55,28.7,28.2,0.5,1.77%,568631,-
9-Feb-26,BKG,BK Group Plc,28.75,50,43.8,46.5,45.7,46.5,-0.8,-1.72%,187,-
9-Feb-26,COOP,Co-operative Bank of Kenya Ltd,13.8,31.5,28.4,29,28.65,28.35,0.3,1.06%,311958,-
9-Feb-26,DTK,Diamond Trust Bank Kenya Ltd,66,170,134,136,135.25,135.5,-0.25,-0.18%,28997,-
9-Feb-26,EQTY,Equity Group Holdings Plc,41.2,80,67.75,69.75,68,68,-,-,2896000,-
9-Feb-26,HFCK,HF Group Ltd,5.3,11.5,10,10.4,10.15,10.1,0.05,0.50%,143752,-
9-Feb-26,IMH,I & M Holdings Plc,29.5,52,44.9,45,45,45,-,-,1135813,-
9-Feb-26,KCB,KCB Group Plc,35,80.5,67.5,69,68.75,67.25,1.5,2.23%,2094002,-
9-Feb-26,NCBA,NCBA Group Plc,48,100,89,92.25,91.25,92.25,-1,-1.08%,94488,-
9-Feb-26,SBIC,Stanbic Holdings Plc,147,270,210,221,219.75,205.5,14.25,6.93%,4847,-
9-Feb-26,SCBK,Standard Chartered Bank Kenya Ltd,260,365,315,328,321.5,314.75,6.75,2.14%,32892,-
9-Feb-26,DCON,Deacons (East Africa) Plc,0.45,0.45,0.45,0.45,0.45,0.45,-,-,-,-
9-Feb-26,EVRD,Eveready East Africa Ltd,0.75,1.78,1.25,1.38,1.3,1.3,-,-,121902,-
9-Feb-26,XPRS,Express Kenya Plc,2.8,10,7.3,7.4,7.34,7.38,-0.04,-0.54%,2509,-
9-Feb-26,HBE,Homeboyz Entertainment Plc,4.66,4.66,4.66,4.66,4.66,4.66,-,-,-,-
9-Feb-26,KQ,Kenya Airways Plc,1.56,6.02,4.9,5.1,5.02,5.02,-,-,291580,-
9-Feb-26,LKL,Longhorn Publishers Plc,2.35,3.5,2.71,3.02,2.99,3,-0.01,-0.33%,15473,-
9-Feb-26,NBV,Nairobi Business Ventures Ltd,1.33,2.16,1.45,1.48,1.48,1.46,0.02,1.37%,53206,-
9-Feb-26,NMG,Nation Media Group Plc,10.05,20,13.95,14.4,14,13.95,0.05,0.36%,70982,-
9-Feb-26,SMER,Sameer Africa Plc,2.7,21.5,16.5,17.5,17,15.95,1.05,6.58%,107149,-
9-Feb-26,SGL,Standard Group Plc,5.2,7.14,6.08,6.24,6.2,6.08,0.12,1.97%,4199,-
9-Feb-26,TPSE,TPS Eastern Africa (Serena) Ltd,13.05,18.2,15.75,15.95,15.8,15.6,0.2,1.28%,5243,-
9-Feb-26,UCHM,Uchumi Supermarket Plc,0.23,2.93,1.29,1.32,1.31,1.31,-,-,196972,-
9-Feb-26,SCAN,WPP ScanGroup Plc,2,3.4,2.33,2.4,2.38,2.4,-0.02,-0.83%,85747,-
9-Feb-26,ARM,ARM Cement Plc,5.55,5.55,5.55,5.55,5.55,5.55,-,-,-,-
9-Feb-26,BAMB,Bamburi Cement Ltd,47.2,56.5,47.2,47.2,47.2,47.2,-,-,-,-
9-Feb-26,CRWN,Crown Paints Kenya Plc,30,70.75,54,59.75,58.25,59.5,-1.25,-2.10%,595,-
9-Feb-26,CABL,East African Cables Plc,1,2.44,1,1,1,1,-,-,-,-
9-Feb-26,PORT,East African Portland Cement Ltd,28,101,75.75,82.75,76.25,82,-5.75,-7.01%,43927,-
9-Feb-26,KEGN,Kenya Electricity Generating Company Plc,4.5,10.75,9.5,9.7,9.56,9.6,-0.04,-0.42%,2095449,-
9-Feb-26,KPLC-P4,KPLC-P4,4,5,5,5,5,5,-,-,-,-
9-Feb-26,KPLC-P7,KPLC-P7,6,6,6,6,6,6,-,-,-,-
9-Feb-26,KPLC,Kenya Power and Lighting Company Plc,5.7,19,15.45,15.8,15.65,15.45,0.2,1.29%,1357253,-
9-Feb-26,TOTL,TotalEnergies Marketing Kenya Plc,21,47,38.55,40.5,40.35,40.45,-0.1,-0.25%,3786,-
9-Feb-26,UMME,Umeme Ltd,5.8,24.75,8.6,8.98,8.84,8.64,0.2,2.31%,125517,-
9-Feb-26,BRIT,Britam Holdings Plc,5.92,13.4,10,10.65,10.4,10.1,0.3,2.97%,59054,-
9-Feb-26,CIC,CIC Insurance Group Ltd,2.55,6.62,4.5,4.6,4.57,4.59,-0.02,-0.44%,204484,-
9-Feb-26,JUB,Jubilee Holdings Ltd,182,399.75,335,335,335,329.75,5.25,1.59%,160,-
9-Feb-26,KNRE,Kenya Re-Insurance Corporation Ltd,1.5,4.02,3.1,3.16,3.14,3.15,-0.01,-0.32%,1146505,-
9-Feb-26,LBTY,Liberty Kenya Holdings Ltd,7.4,12.2,9.92,10,9.98,9.98,-,-,13363,-
9-Feb-26,SLAM,Sanlam Allianz Holdings (Kenya) Plc,5.5,11,8.6,8.98,8.86,8.88,-0.02,-0.23%,12601,-
9-Feb-26,CTUM,Centum Investment Company Plc,10.85,16.75,13,13.7,13.2,13.05,0.15,1.15%,35011,-
9-Feb-26,HAFR,Home Afrika Ltd,0.48,1.93,1.27,1.3,1.29,1.27,0.02,1.57%,748708,-
9-Feb-26,KURV,Kurwitu Ventures Ltd,1400,1500,1500,1500,1500,1500,-,-,-,-
9-Feb-26,OCH,Olympia Capital Holdings Ltd,3.12,9,7.9,7.98,7.96,7.88,0.08,1.02%,1587,-
9-Feb-26,TCL,Trans-Century Plc,0.71,1.42,0.71,0.71,0.71,0.71,-,-,-,-
9-Feb-26,NSE,Nairobi Securities Exchange Plc,6.5,25.9,19.35,19.6,19.5,19.5,-,-,108012,-
9-Feb-26,AMAC,Africa Mega Agricorp Plc,51,118.25,93,102.5,101,93.25,7.75,8.31%,929,-
9-Feb-26,BOC,BOC Kenya Plc,76,150,139,144.75,139.75,131.75,8,6.07%,633,-
9-Feb-26,BAT,British American Tobacco Kenya Plc,345,629,492,505,502,500,2,0.40%,1849,-
9-Feb-26,CARB,Carbacid Investments Plc,18,33,31.35,31.7,31.55,31.35,0.2,0.64%,35566,-
9-Feb-26,EABL,East African Breweries Ltd,167,351,248,252.75,249.25,250,-0.75,-0.30%,64996,-
9-Feb-26,FTGH,Flame Tree Group Holdings Ltd,1.05,3.11,1.76,1.86,1.8,1.76,0.04,2.27%,90622,-
9-Feb-26,MSC,Mumias Sugar Company Ltd,0.27,0.27,0.27,0.27,0.27,0.27,-,-,-,-
9-Feb-26,SKL,Shri Krishana Overseas Plc,5.8,12,7.36,8.2,8.18,8.14,0.04,0.49%,3735,-
9-Feb-26,UNGA,Unga Group Ltd,18.05,34,21.8,24.2,22.05,22.1,-0.05,-0.23%,52741,-
9-Feb-26,SCOM,Safaricom Plc,17,34.2,31.95,32.25,32.05,32,0.05,0.16%,1416940,-
9-Feb-26,LAPR,LAPTrust Imara Income-REIT,20,20,20,20,20,20,-,-,-,-
9-Feb-26,GLD,ABSA NewGold ETF,881,9800,5800,6400,5880,5880,-,-,30,-
9-Feb-26,SMWF,Satrix MSCI World Feeder ETF,755,1050,855,870,863,865,-2,-0.23%,115,-
9-Feb-26,^N10I,NSE 10-Share Index,1250.85,2271.75,2106.34,2106.34,2106.34,2094.47,11.87,0.57%,-,-
9-Feb-26,^N20I,NSE 20-Share Index,2092.84,3758.73,3374.02,3374.02,3374.02,3347.53,26.49,0.79%,-,-
9-Feb-26,^N25I,NSE 25-Share Index,3314.15,5948.29,5485.8,5485.8,5485.8,5441.21,44.59,0.82%,-,-
9-Feb-26,^NASI,NSE All-Share Index,123.6,216.69,203.94,203.94,203.94,202.73,1.21,0.60%,-,-
9-Feb-26,^NBSI,NSE Banking Sector Index,149.92,245.9,221.22,221.22,221.22,218.51,2.71,1.24%,-,-
9-Feb-26,^NBDI,NSE Bonds Index,1140.96,1210.41,1172.49,1172.49,1172.49,1167.67,4.82,0.41%,-,-
9-Feb-26,^ZKEQTK,Zamara Kenya Equity Index (KES),2424.57,4790.09,4363.07,4363.07,4363.07,4320.63,42.44,0.98%,-,-
9-Feb-26,^ZKEQTU,Zamara Kenya Equity Index (USD),1610.77,3197.11,2913.23,2913.23,2913.23,2883.77,29.46,1.02%,-,-
10-Feb-26,EGAD,Eaagads Ltd,11,35.25,22,23.95,23.1,23,0.1,0.43%,340,-
10-Feb-26,KUKZ,Kakuzi Plc,365,440,406,425,411,408.75,2.25,0.55%,4067,-
10-Feb-26,KAPC,Kapchorua Tea Kenya Plc,198,424.25,232.75,234,234,232.5,1.5,0.65%,1103,-
10-Feb-26,LIMT,Limuru Tea Plc,295,555,490,490,490,446,44,9.87%,496,-
10-Feb-26,SASN,Sasini Plc,13.3,33.9,24.35,24.35,24.35,22.15,2.2,9.93%,12973,-
10-Feb-26,WTK,Williamson Tea Kenya Plc,139,350,141,145,144.5,140.75,3.75,2.66%,21656,-
10-Feb-26,CGEN,Car and General (K) Ltd,19.8,74.25,56.25,57.75,57.25,57.75,-0.5,-0.87%,3293,-
10-Feb-26,ABSA,ABSA Bank Kenya Plc,15,33,28.7,29.55,28.75,28.7,0.05,0.17%,5763354,-
10-Feb-26,BKG,BK Group Plc,28.75,50,42.05,46.5,43.25,45.7,-2.45,-5.36%,13899,-
10-Feb-26,COOP,Co-operative Bank of Kenya Ltd,13.8,31.5,28.35,28.8,28.6,28.65,-0.05,-0.17%,15573807,-
10-Feb-26,DTK,Diamond Trust Bank Kenya Ltd,66,170,135,145.25,135.5,135.25,0.25,0.18%,404854,-
10-Feb-26,EQTY,Equity Group Holdings Plc,41.2,80,67.75,73.5,68.25,68,0.25,0.37%,11852118,-
10-Feb-26,HFCK,HF Group Ltd,5.3,11.5,10.05,10.6,10.4,10.15,0.25,2.46%,320316,-
10-Feb-26,IMH,I & M Holdings Plc,29.5,52,44.9,45,45,45,-,-,2386941,-
10-Feb-26,KCB,KCB Group Plc,35,80.5,68.75,72,70,68.75,1.25,1.82%,469039,-
10-Feb-26,NCBA,NCBA Group Plc,48,100,89.25,92,91.75,91.25,0.5,0.55%,5317998,-
10-Feb-26,SBIC,Stanbic Holdings Plc,147,270,220,241,220.25,219.75,0.5,0.23%,106612,-
10-Feb-26,SCBK,Standard Chartered Bank Kenya Ltd,260,365,321.5,337,330.25,321.5,8.75,2.72%,16167,-
10-Feb-26,DCON,Deacons (East Africa) Plc,0.45,0.45,0.45,0.45,0.45,0.45,-,-,-,-
10-Feb-26,EVRD,Eveready East Africa Ltd,0.75,1.78,1.35,1.43,1.42,1.3,0.12,9.23%,3523162,-
10-Feb-26,XPRS,Express Kenya Plc,2.8,10,7.34,7.4,7.38,7.34,0.04,0.54%,31532,-
10-Feb-26,HBE,Homeboyz Entertainment Plc,4.66,4.66,4.66,4.66,4.66,4.66,-,-,-,-
10-Feb-26,KQ,Kenya Airways Plc,1.56,6.02,5,5.1,5.04,5.02,0.02,0.40%,381275,-
10-Feb-26,LKL,Longhorn Publishers Plc,2.35,3.5,3,3.04,3,2.99,0.01,0.33%,16211,-
10-Feb-26,NBV,Nairobi Business Ventures Ltd,1.33,2.16,1.37,1.48,1.41,1.48,-0.07,-4.73%,229201,-
10-Feb-26,NMG,Nation Media Group Plc,10.05,20,14.1,14.85,14.4,14,0.4,2.86%,40386,-
10-Feb-26,SMER,Sameer Africa Plc,2.7,21.5,17,18.7,18.65,17,1.65,9.71%,92957,-
10-Feb-26,SGL,Standard Group Plc,5.2,7.14,6.08,6.24,6.2,6.2,-,-,2131,-
10-Feb-26,TPSE,TPS Eastern Africa (Serena) Ltd,13.05,18.2,15.5,15.75,15.5,15.8,-0.3,-1.90%,462,-
10-Feb-26,UCHM,Uchumi Supermarket Plc,0.23,2.93,1.3,1.33,1.31,1.31,-,-,316818,-
10-Feb-26,SCAN,WPP ScanGroup Plc,2,3.4,2.3,2.45,2.34,2.38,-0.04,-1.68%,35622,-
10-Feb-26,ARM,ARM Cement Plc,5.55,5.55,5.55,5.55,5.55,5.55,-,-,-,-
10-Feb-26,BAMB,Bamburi Cement Ltd,47.2,56.5,47.2,47.2,47.2,47.2,-,-,-,-
10-Feb-26,CRWN,Crown Paints Kenya Plc,30,70.75,58,59.75,58.75,58.25,0.5,0.86%,1723,-
10-Feb-26,CABL,East African Cables Plc,1,2.44,1,1,1,1,-,-,-,-
10-Feb-26,PORT,East African Portland Cement Ltd,28,101,76.75,82.75,82.25,76.25,6,7.87%,1836,-
10-Feb-26,KEGN,Kenya Electricity Generating Company Plc,4.5,10.75,9.54,9.7,9.6,9.56,0.04,0.42%,2534298,-
10-Feb-26,KPLC-P4,KPLC-P4,4,5,5,5,5,5,-,-,-,-
10-Feb-26,KPLC-P7,KPLC-P7,6,6,6,6,6,6,-,-,-,-
10-Feb-26,KPLC,Kenya Power and Lighting Company Plc,5.7,19,15.8,17.05,16.7,15.65,1.05,6.71%,1089156,-
10-Feb-26,TOTL,TotalEnergies Marketing Kenya Plc,21,47,39,40.5,39.6,40.35,-0.75,-1.86%,36115,-
10-Feb-26,UMME,Umeme Ltd,5.8,24.75,8.82,9.3,8.96,8.84,0.12,1.36%,548921,-
10-Feb-26,BRIT,Britam Holdings Plc,5.92,13.4,10.2,10.5,10.35,10.4,-0.05,-0.48%,49885,-
10-Feb-26,CIC,CIC Insurance Group Ltd,2.55,6.62,4.55,4.64,4.59,4.57,0.02,0.44%,188335,-
10-Feb-26,JUB,Jubilee Holdings Ltd,182,399.75,329.75,338,330,335,-5,-1.49%,10211,-
10-Feb-26,KNRE,Kenya Re-Insurance Corporation Ltd,1.5,4.02,3.1,3.15,3.12,3.14,-0.02,-0.64%,1695053,-
10-Feb-26,LBTY,Liberty Kenya Holdings Ltd,7.4,12.2,9.9,10,9.96,9.98,-0.02,-0.20%,19514,-
10-Feb-26,SLAM,Sanlam Allianz Holdings (Kenya) Plc,5.5,11,8.5,8.96,8.9,8.86,0.04,0.45%,10412,-
10-Feb-26,CTUM,Centum Investment Company Plc,10.85,16.75,12.75,13.5,13.15,13.2,-0.05,-0.38%,105454,-
10-Feb-26,HAFR,Home Afrika Ltd,0.48,1.93,1.27,1.3,1.28,1.29,-0.01,-0.78%,666682,-
10-Feb-26,KURV,Kurwitu Ventures Ltd,1400,1500,1500,1500,1500,1500,-,-,-,-
10-Feb-26,OCH,Olympia Capital Holdings Ltd,3.12,9,7.44,7.98,7.86,7.96,-0.1,-1.26%,992,-
10-Feb-26,TCL,Trans-Century Plc,0.71,1.42,0.71,0.71,0.71,0.71,-,-,-,-
10-Feb-26,NSE,Nairobi Securities Exchange Plc,6.5,25.9,19.4,20,19.55,19.5,0.05,0.26%,78865,-
10-Feb-26,AMAC,Africa Mega Agricorp Plc,51,118.25,93.5,101,99.75,101,-1.25,-1.24%,1345,-
10-Feb-26,BOC,BOC Kenya Plc,76,150,132,140,136.75,139.75,-3,-2.15%,302,-
10-Feb-26,BAT,British American Tobacco Kenya Plc,345,629,480,505,499.75,502,-2.25,-0.45%,57474,-
10-Feb-26,CARB,Carbacid Investments Plc,18,33,31.55,32,31.7,31.55,0.15,0.48%,13642,-
10-Feb-26,EABL,East African Breweries Ltd,167,351,243,249.5,245.25,249.25,-4,-1.60%,68792,-
10-Feb-26,FTGH,Flame Tree Group Holdings Ltd,1.05,3.11,1.71,1.8,1.76,1.8,-0.04,-2.22%,10011,-
10-Feb-26,MSC,Mumias Sugar Company Ltd,0.27,0.27,0.27,0.27,0.27,0.27,-,-,-,-
10-Feb-26,SKL,Shri Krishana Overseas Plc,5.8,12,8,8.1,8.18,8.18,-,-,69,-
10-Feb-26,UNGA,Unga Group Ltd,18.05,34,22.05,24.2,23.45,22.05,1.4,6.35%,2470,-
10-Feb-26,SCOM,Safaricom Plc,17,34.2,32.05,32.8,32.3,32.05,0.25,0.78%,5482877,-
10-Feb-26,LAPR,LAPTrust Imara Income-REIT,20,20,20,20,20,20,-,-,-,-
10-Feb-26,GLD,ABSA NewGold ETF,881,9800,5850,6200,6065,5880,185,3.15%,684,-
10-Feb-26,SMWF,Satrix MSCI World Feeder ETF,755,1050,855,880,863,863,-,-,50,-
10-Feb-26,^N10I,NSE 10-Share Index,1250.85,2271.75,2112.24,2112.24,2112.24,2106.34,5.9,0.28%,-,-
10-Feb-26,^N20I,NSE 20-Share Index,2092.84,3758.73,3386.34,3386.34,3386.34,3374.02,12.32,0.37%,-,-
10-Feb-26,^N25I,NSE 25-Share Index,3314.15,5948.29,5506.63,5506.63,5506.63,5485.8,20.83,0.38%,-,-
10-Feb-26,^NASI,NSE All-Share Index,123.6,216.69,205.08,205.08,205.08,203.94,1.14,0.56%,-,-
10-Feb-26,^NBSI,NSE Banking Sector Index,149.92,245.9,222.78,222.78,222.78,221.22,1.56,0.71%,-,-
10-Feb-26,^NBDI,NSE Bonds Index,1140.96,1210.41,1175.99,1175.99,1175.99,1172.49,3.5,0.30%,-,-
10-Feb-26,^ZKEQTK,Zamara Kenya Equity Index (KES),2424.57,4790.09,4390.05,4390.05,4390.05,4363.07,26.98,0.62%,-,-
10-Feb-26,^ZKEQTU,Zamara Kenya Equity Index (USD),1610.77,3197.11,2930.1,2930.1,2930.1,2913.23,16.87,0.58%,-,-
11-Feb-26,EGAD,Eaagads Ltd,11,35.25,22,23.95,23.45,23.1,0.35,1.52%,1713,-
11-Feb-26,KUKZ,Kakuzi Plc,365,440,408,440,438.75,411,27.75,6.75%,284,-
11-Feb-26,KAPC,Kapchorua Tea Kenya Plc,198,424.25,233.25,234,233.75,234,-0.25,-0.11%,1330,-
11-Feb-26,LIMT,Limuru Tea Plc,295,555,490.5,539,490,490,-,-,7,-
11-Feb-26,SASN,Sasini Plc,13.3,33.9,26.7,26.75,26.75,24.35,2.4,9.86%,314138,-
11-Feb-26,WTK,Williamson Tea Kenya Plc,139,350,142,150,144.5,144.5,-,-,19796,-
11-Feb-26,CGEN,Car and General (K) Ltd,19.8,74.25,57.75,62.75,61.5,57.25,4.25,7.42%,6840,-
11-Feb-26,ABSA,ABSA Bank Kenya Plc,15,33,28.8,29.5,29,28.75,0.25,0.87%,2964642,-
11-Feb-26,BKG,BK Group Plc,28.75,50,43,47,45.85,43.25,2.6,6.01%,8868,-
11-Feb-26,COOP,Co-operative Bank of Kenya Ltd,13.8,31.5,28.4,29,28.6,28.6,-,-,1244401,-
11-Feb-26,DTK,Diamond Trust Bank Kenya Ltd,66,170,145,149,148.5,135.5,13,9.59%,63274,-
11-Feb-26,EQTY,Equity Group Holdings Plc,41.2,80,71,73.75,71.75,68.25,3.5,5.13%,3453916,-
11-Feb-26,HFCK,HF Group Ltd,5.3,11.5,10.2,10.6,10.3,10.4,-0.1,-0.96%,1225111,-
11-Feb-26,IMH,I & M Holdings Plc,29.5,52,44.95,49.5,45.4,45,0.4,0.89%,4504909,-
11-Feb-26,KCB,KCB Group Plc,35,80.5,70,73,70.75,70,0.75,1.07%,1092905,-
11-Feb-26,NCBA,NCBA Group Plc,48,100,90,93.75,90.25,91.75,-1.5,-1.63%,374343,-
11-Feb-26,SBIC,Stanbic Holdings Plc,147,270,224.25,235,225,220.25,4.75,2.16%,64138,-
11-Feb-26,SCBK,Standard Chartered Bank Kenya Ltd,260,365,329,359.75,334,330.25,3.75,1.14%,42239,-
11-Feb-26,DCON,Deacons (East Africa) Plc,0.45,0.45,0.45,0.45,0.45,0.45,-,-,-,-
11-Feb-26,EVRD,Eveready East Africa Ltd,0.75,1.78,1.45,1.53,1.53,1.42,0.11,7.75%,738564,-
11-Feb-26,XPRS,Express Kenya Plc,2.8,10,7,8,7.68,7.38,0.3,4.07%,5400,-
11-Feb-26,HBE,Homeboyz Entertainment Plc,4.66,4.66,4.66,4.66,4.66,4.66,-,-,-,-
11-Feb-26,KQ,Kenya Airways Plc,1.56,6.02,5,5.3,5.1,5.04,0.06,1.19%,478376,-
11-Feb-26,LKL,Longhorn Publishers Plc,2.35,3.5,2.8,3.3,3.17,3,0.17,5.67%,18211,-
11-Feb-26,NBV,Nairobi Business Ventures Ltd,1.33,2.16,1.41,1.5,1.43,1.41,0.02,1.42%,254126,-
11-Feb-26,NMG,Nation Media Group Plc,10.05,20,14.2,15.2,14.5,14.4,0.1,0.69%,216414,-
11-Feb-26,SMER,Sameer Africa Plc,2.7,21.5,18.7,20.5,19.85,18.65,1.2,6.43%,39485,-
11-Feb-26,SGL,Standard Group Plc,5.2,7.14,5.76,6.5,6.2,6.2,-,-,10335,-
11-Feb-26,TPSE,TPS Eastern Africa (Serena) Ltd,13.05,18.2,15.5,15.8,15.75,15.5,0.25,1.61%,4647,-
11-Feb-26,UCHM,Uchumi Supermarket Plc,0.23,2.93,1.27,1.43,1.31,1.31,-,-,694339,-
11-Feb-26,SCAN,WPP ScanGroup Plc,2,3.4,2.27,2.47,2.34,2.34,-,-,80408,-
11-Feb-26,ARM,ARM Cement Plc,5.55,5.55,5.55,5.55,5.55,5.55,-,-,-,-
11-Feb-26,BAMB,Bamburi Cement Ltd,47.2,56.5,47.2,47.2,47.2,47.2,-,-,-,-
11-Feb-26,CRWN,Crown Paints Kenya Plc,30,70.75,54,59.75,59,58.75,0.25,0.43%,1758,-
11-Feb-26,CABL,East African Cables Plc,1,2.44,1,1,1,1,-,-,-,-
11-Feb-26,PORT,East African Portland Cement Ltd,28,101,80,82.5,82,82.25,-0.25,-0.30%,7809,-
11-Feb-26,KEGN,Kenya Electricity Generating Company Plc,4.5,10.75,9,9.58,9.28,9.6,-0.32,-3.33%,3803505,-
11-Feb-26,KPLC-P4,KPLC-P4,4,5,5,5,5,5,-,-,-,-
11-Feb-26,KPLC-P7,KPLC-P7,6,6,6,6,6,6,-,-,-,-
11-Feb-26,KPLC,Kenya Power and Lighting Company Plc,5.7,19,16.95,18.3,17.7,16.7,1,5.99%,1554870,-
11-Feb-26,TOTL,TotalEnergies Marketing Kenya Plc,21,47,40.2,40.5,40.35,39.6,0.75,1.89%,9177,-
11-Feb-26,UMME,Umeme Ltd,5.8,24.75,8.1,9.46,9,8.96,0.04,0.45%,420739,-
11-Feb-26,BRIT,Britam Holdings Plc,5.92,13.4,10.05,10.85,10.45,10.35,0.1,0.97%,64369,-
11-Feb-26,CIC,CIC Insurance Group Ltd,2.55,6.62,4.52,4.88,4.77,4.59,0.18,3.92%,625154,-
11-Feb-26,JUB,Jubilee Holdings Ltd,182,399.75,330.25,338,337.25,330,7.25,2.20%,2260,-
11-Feb-26,KNRE,Kenya Re-Insurance Corporation Ltd,1.5,4.02,3.13,3.15,3.15,3.12,0.03,0.96%,1879702,-
11-Feb-26,LBTY,Liberty Kenya Holdings Ltd,7.4,12.2,9.98,10.3,10,9.96,0.04,0.40%,13397,-
11-Feb-26,SLAM,Sanlam Allianz Holdings (Kenya) Plc,5.5,11,8.5,8.98,8.96,8.9,0.06,0.67%,32824,-
11-Feb-26,CTUM,Centum Investment Company Plc,10.85,16.75,13.05,14,13.6,13.15,0.45,3.42%,60202,-
11-Feb-26,HAFR,Home Afrika Ltd,0.48,1.93,1.24,1.35,1.27,1.28,-0.01,-0.78%,1478416,-
11-Feb-26,KURV,Kurwitu Ventures Ltd,1400,1500,1500,1500,1500,1500,-,-,-,-
11-Feb-26,OCH,Olympia Capital Holdings Ltd,3.12,9,7.46,8,7.7,7.86,-0.16,-2.04%,3625,-
11-Feb-26,TCL,Trans-Century Plc,0.71,1.42,0.71,0.71,0.71,0.71,-,-,-,-
11-Feb-26,NSE,Nairobi Securities Exchange Plc,6.5,25.9,19.55,20,19.75,19.55,0.2,1.02%,1048488,-
11-Feb-26,AMAC,Africa Mega Agricorp Plc,51,118.25,95,100,98.75,99.75,-1,-1.00%,1053,-
11-Feb-26,BOC,BOC Kenya Plc,76,150,130.75,140,137.75,136.75,1,0.73%,1515,-
11-Feb-26,BAT,British American Tobacco Kenya Plc,345,629,490,503,500,499.75,0.25,0.05%,112588,-
11-Feb-26,CARB,Carbacid Investments Plc,18,33,31.5,32.5,32,31.7,0.3,0.95%,21411,-
11-Feb-26,EABL,East African Breweries Ltd,167,351,244,249.5,245.25,245.25,-,-,1228107,-
11-Feb-26,FTGH,Flame Tree Group Holdings Ltd,1.05,3.11,1.74,1.87,1.82,1.76,0.06,3.41%,167683,-
11-Feb-26,MSC,Mumias Sugar Company Ltd,0.27,0.27,0.27,0.27,0.27,0.27,-,-,-,-
11-Feb-26,SKL,Shri Krishana Overseas Plc,5.8,12,8.18,8.2,8.18,8.18,-,-,3636,-
11-Feb-26,UNGA,Unga Group Ltd,18.05,34,23.5,24.25,24.1,23.45,0.65,2.77%,40219,-
11-Feb-26,SCOM,Safaricom Plc,17,34.2,32.8,33.95,33.05,32.3,0.75,2.32%,18515620,-
11-Feb-26,LAPR,LAPTrust Imara Income-REIT,20,20,20,20,20,20,-,-,-,-
11-Feb-26,GLD,ABSA NewGold ETF,881,9800,6100,6300,6065,6065,-,-,96,-
11-Feb-26,SMWF,Satrix MSCI World Feeder ETF,755,1050,845,864,863,863,-,-,62,-
11-Feb-26,^N10I,NSE 10-Share Index,1250.85,2271.75,2149.24,2149.24,2149.24,2112.24,37,1.75%,-,-
11-Feb-26,^N20I,NSE 20-Share Index,2092.84,3758.73,3450.2,3450.2,3450.2,3386.34,63.86,1.89%,-,-
11-Feb-26,^N25I,NSE 25-Share Index,3314.15,5948.29,5603.58,5603.58,5603.58,5506.63,96.95,1.76%,-,-
11-Feb-26,^NASI,NSE All-Share Index,123.6,216.69,208.8,208.8,208.8,205.08,3.72,1.81%,-,-
11-Feb-26,^NBSI,NSE Banking Sector Index,149.92,245.9,226.72,226.72,226.72,222.78,3.94,1.77%,-,-
11-Feb-26,^NBDI,NSE Bonds Index,1140.96,1210.41,1168.01,1168.01,1168.01,1175.99,-7.98,-0.68%,-,-
11-Feb-26,^ZKEQTK,Zamara Kenya Equity Index (KES),2424.57,4790.09,4469.69,4469.69,4469.69,4390.05,79.64,1.81%,-,-
11-Feb-26,^ZKEQTU,Zamara Kenya Equity Index (USD),1610.77,3197.11,2983.26,2983.26,2983.26,2930.1,53.16,1.81%,-,-
12-Feb-26,EGAD,Eaagads Ltd,11,35.25,22,25.75,25.05,23.45,1.6,6.82%,14723,-
12-Feb-26,KUKZ,Kakuzi Plc,365,440,408,440,436,438.75,-2.75,-0.63%,368,-
12-Feb-26,KAPC,Kapchorua Tea Kenya Plc,198,424.25,234,240,236.75,233.75,3,1.28%,3731,-
12-Feb-26,LIMT,Limuru Tea Plc,295,555,510,535,524,490,34,6.94%,144,-
12-Feb-26,SASN,Sasini Plc,13.3,33.9,26.75,29.4,29.35,26.75,2.6,9.72%,263161,-
12-Feb-26,WTK,Williamson Tea Kenya Plc,139,350,144,150,145,144.5,0.5,0.35%,9286,-
12-Feb-26,CGEN,Car and General (K) Ltd,19.8,74.25,62.75,67.5,67.5,61.5,6,9.76%,18748,-
12-Feb-26,ABSA,ABSA Bank Kenya Plc,15,33,29,29.55,29.35,29,0.35,1.21%,1221142,-
12-Feb-26,BKG,BK Group Plc,28.75,50,44,47,44.2,45.85,-1.65,-3.60%,10778,-
12-Feb-26,COOP,Co-operative Bank of Kenya Ltd,13.8,31.5,28.5,29,28.65,28.6,0.05,0.17%,1511554,-
12-Feb-26,DTK,Diamond Trust Bank Kenya Ltd,66,170,149,163.25,155,148.5,6.5,4.38%,84330,-
12-Feb-26,EQTY,Equity Group Holdings Plc,41.2,80,72.5,76.5,73.5,71.75,1.75,2.44%,1569777,-
12-Feb-26,HFCK,HF Group Ltd,5.3,11.5,10.3,11,10.55,10.3,0.25,2.43%,540738,-
12-Feb-26,IMH,I & M Holdings Plc,29.5,52,46,49,46.35,45.4,0.95,2.09%,3244372,-
12-Feb-26,KCB,KCB Group Plc,35,80.5,72,75.5,73.5,70.75,2.75,3.89%,3766343,-
12-Feb-26,NCBA,NCBA Group Plc,48,100,90,92,90,90.25,-0.25,-0.28%,125550,-
12-Feb-26,SBIC,Stanbic Holdings Plc,147,270,205,240.75,227,225,2,0.89%,358517,-
12-Feb-26,SCBK,Standard Chartered Bank Kenya Ltd,260,365,331,340,337.25,334,3.25,0.97%,88867,-
12-Feb-26,DCON,Deacons (East Africa) Plc,0.45,0.45,0.45,0.45,0.45,0.45,-,-,-,-
12-Feb-26,EVRD,Eveready East Africa Ltd,0.75,1.78,1.55,1.68,1.62,1.53,0.09,5.88%,1551616,-
12-Feb-26,XPRS,Express Kenya Plc,2.8,10,7.02,8.44,7.84,7.68,0.16,2.08%,80386,-
12-Feb-26,HBE,Homeboyz Entertainment Plc,4.66,4.66,4.66,4.66,4.66,4.66,-,-,-,-
12-Feb-26,KQ,Kenya Airways Plc,1.56,6.02,5.2,5.52,5.5,5.1,0.4,7.84%,17021850,-
12-Feb-26,LKL,Longhorn Publishers Plc,2.35,3.5,3,3.2,3.15,3.17,-0.02,-0.63%,66345,-
12-Feb-26,NBV,Nairobi Business Ventures Ltd,1.33,2.16,1.4,1.49,1.47,1.43,0.04,2.80%,89646,-
12-Feb-26,NMG,Nation Media Group Plc,10.05,20,14.5,15.4,15.25,14.5,0.75,5.17%,52997,-
12-Feb-26,SMER,Sameer Africa Plc,2.7,21.5,19.5,21.5,20,19.85,0.15,0.76%,129714,-
12-Feb-26,SGL,Standard Group Plc,5.2,7.14,6,6.4,6.3,6.2,0.1,1.61%,10146,-
12-Feb-26,TPSE,TPS Eastern Africa (Serena) Ltd,13.05,18.2,15.2,17.15,16.25,15.75,0.5,3.17%,100852,-
12-Feb-26,UCHM,Uchumi Supermarket Plc,0.23,2.93,1.3,1.36,1.32,1.31,0.01,0.76%,938495,-
12-Feb-26,SCAN,WPP ScanGroup Plc,2,3.4,2.27,2.5,2.45,2.34,0.11,4.70%,41535,-
12-Feb-26,ARM,ARM Cement Plc,5.55,5.55,5.55,5.55,5.55,5.55,-,-,-,-
12-Feb-26,BAMB,Bamburi Cement Ltd,47.2,56.5,47.2,47.2,47.2,47.2,-,-,-,-
12-Feb-26,CRWN,Crown Paints Kenya Plc,30,70.75,56,60,59.5,59,0.5,0.85%,13561,-
12-Feb-26,CABL,East African Cables Plc,1,2.44,1,1,1,1,-,-,-,-
12-Feb-26,PORT,East African Portland Cement Ltd,28,101,82.5,85,82.5,82,0.5,0.61%,10265,-
12-Feb-26,KEGN,Kenya Electricity Generating Company Plc,4.5,10.75,9.2,9.6,9.46,9.28,0.18,1.94%,2509426,-
12-Feb-26,KPLC-P4,KPLC-P4,4,5,5,5,5,5,-,-,-,-
12-Feb-26,KPLC-P7,KPLC-P7,6,6,6,6,6,6,-,-,-,-
12-Feb-26,KPLC,Kenya Power and Lighting Company Plc,5.7,19,17.95,18.4,18.2,17.7,0.5,2.82%,3077669,-
12-Feb-26,TOTL,TotalEnergies Marketing Kenya Plc,21,47,40.2,42,40.55,40.35,0.2,0.50%,43408,-
12-Feb-26,UMME,Umeme Ltd,5.8,24.75,8.5,9,8.9,9,-0.1,-1.11%,30311,-
12-Feb-26,BRIT,Britam Holdings Plc,5.92,13.4,10.85,11.45,11.35,10.45,0.9,8.61%,173730,-
12-Feb-26,CIC,CIC Insurance Group Ltd,2.55,6.62,4.71,5.24,5.06,4.77,0.29,6.08%,3952742,-
12-Feb-26,JUB,Jubilee Holdings Ltd,182,399.75,333.75,338,337.75,337.25,0.5,0.15%,2733,-
12-Feb-26,KNRE,Kenya Re-Insurance Corporation Ltd,1.5,4.02,3.15,3.45,3.33,3.15,0.18,5.71%,3111389,-
12-Feb-26,LBTY,Liberty Kenya Holdings Ltd,7.4,12.2,9.9,10.95,10.05,10,0.05,0.50%,75924,-
12-Feb-26,SLAM,Sanlam Allianz Holdings (Kenya) Plc,5.5,11,8.6,8.98,8.9,8.96,-0.06,-0.67%,19990,-
12-Feb-26,CTUM,Centum Investment Company Plc,10.85,16.75,13.3,14.8,13.75,13.6,0.15,1.10%,47187,-
12-Feb-26,HAFR,Home Afrika Ltd,0.48,1.93,1.25,1.35,1.28,1.27,0.01,0.79%,756167,-
12-Feb-26,KURV,Kurwitu Ventures Ltd,1400,1500,1500,1500,1500,1500,-,-,-,-
12-Feb-26,OCH,Olympia Capital Holdings Ltd,3.12,9,7.86,8,7.94,7.7,0.24,3.12%,8014,-
12-Feb-26,TCL,Trans-Century Plc,0.71,1.42,0.71,0.71,0.71,0.71,-,-,-,-
12-Feb-26,NSE,Nairobi Securities Exchange Plc,6.5,25.9,20.3,21.7,21.25,19.75,1.5,7.59%,1882260,-
12-Feb-26,AMAC,Africa Mega Agricorp Plc,51,118.25,91,100,100,98.75,1.25,1.27%,809,-
12-Feb-26,BOC,BOC Kenya Plc,76,150,133,144,136.5,137.75,-1.25,-0.91%,2223,-
12-Feb-26,BAT,British American Tobacco Kenya Plc,345,629,498,500,499,500,-1,-0.20%,8605,-
12-Feb-26,CARB,Carbacid Investments Plc,18,33,31.85,32.5,32.2,32,0.2,0.63%,46802,-
12-Feb-26,EABL,East African Breweries Ltd,167,351,240,259,248,245.25,2.75,1.12%,322083,-
12-Feb-26,FTGH,Flame Tree Group Holdings Ltd,1.05,3.11,1.71,1.88,1.8,1.82,-0.02,-1.10%,51873,-
12-Feb-26,MSC,Mumias Sugar Company Ltd,0.27,0.27,0.27,0.27,0.27,0.27,-,-,-,-
12-Feb-26,SKL,Shri Krishana Overseas Plc,5.8,12,7.96,8.2,8.18,8.18,-,-,5562,-
12-Feb-26,UNGA,Unga Group Ltd,18.05,34,23.95,24.25,24.15,24.1,0.05,0.21%,2451,-
12-Feb-26,SCOM,Safaricom Plc,17,34.2,33.3,34,33.85,33.05,0.8,2.42%,4163354,-
12-Feb-26,LAPR,LAPTrust Imara Income-REIT,20,20,20,20,20,20,-,-,-,-
12-Feb-26,GLD,ABSA NewGold ETF,881,9800,5900,6200,5960,6065,-105,-1.73%,165,-
12-Feb-26,SMWF,Satrix MSCI World Feeder ETF,755,1050,815,845,836,863,-27,-3.13%,191,-
12-Feb-26,^N10I,NSE 10-Share Index,1250.85,2271.75,2192.87,2192.87,2192.87,2149.24,43.63,2.03%,-,-
12-Feb-26,^N20I,NSE 20-Share Index,2092.84,3758.73,3525.35,3525.35,3525.35,3450.2,75.15,2.18%,-,-
12-Feb-26,^N25I,NSE 25-Share Index,3314.15,5948.29,5709.09,5709.09,5709.09,5603.58,105.51,1.88%,-,-
12-Feb-26,^NASI,NSE All-Share Index,123.6,216.69,213.02,213.02,213.02,208.8,4.22,2.02%,-,-
12-Feb-26,^NBSI,NSE Banking Sector Index,149.92,245.9,230.62,230.62,230.62,226.72,3.9,1.72%,-,-
12-Feb-26,^NBDI,NSE Bonds Index,1140.96,1210.41,1169.04,1169.04,1169.04,1168.01,1.03,0.09%,-,-
12-Feb-26,^ZKEQTK,Zamara Kenya Equity Index (KES),2424.57,4790.09,4567.74,4567.74,4567.74,4469.69,98.05,2.19%,-,-
12-Feb-26,^ZKEQTU,Zamara Kenya Equity Index (USD),1610.77,3197.11,3048.7,3048.7,3048.7,2983.26,65.44,2.19%,-,-
13-Feb-26,EGAD,Eaagads Ltd,11,35.25,23,27.55,26.85,25.05,1.8,7.19%,10771,-
13-Feb-26,KUKZ,Kakuzi Plc,365,440,434.5,438,436,436,-,-,96,-
13-Feb-26,KAPC,Kapchorua Tea Kenya Plc,198,424.25,239.5,250,241.25,236.75,4.5,1.90%,4318,-
13-Feb-26,LIMT,Limuru Tea Plc,295,555,508,510,510,524,-14,-2.67%,572,-
13-Feb-26,SASN,Sasini Plc,13.3,33.9,29.35,32,30.95,29.35,1.6,5.45%,302466,-
13-Feb-26,WTK,Williamson Tea Kenya Plc,139,350,144,149,145,145,-,-,20757,-
13-Feb-26,CGEN,Car and General (K) Ltd,19.8,74.25,70,74.25,73.75,67.5,6.25,9.26%,35876,-
13-Feb-26,ABSA,ABSA Bank Kenya Plc,15,33,29.3,30,29.55,29.35,0.2,0.68%,620357,-
13-Feb-26,BKG,BK Group Plc,28.75,50,45,46.5,45.9,44.2,1.7,3.85%,4312,-
13-Feb-26,COOP,Co-operative Bank of Kenya Ltd,13.8,31.5,28.95,30,29.6,28.65,0.95,3.32%,661730,-
13-Feb-26,DTK,Diamond Trust Bank Kenya Ltd,66,170,153,165,160,155,5,3.23%,396007,-
13-Feb-26,EQTY,Equity Group Holdings Plc,41.2,80,74.5,78,76.75,73.5,3.25,4.42%,2222278,-
13-Feb-26,HFCK,HF Group Ltd,5.3,11.5,10.5,11.2,10.75,10.55,0.2,1.90%,1885618,-
13-Feb-26,IMH,I & M Holdings Plc,29.5,52,48.75,50.75,49.85,46.35,3.5,7.55%,820372,-
13-Feb-26,KCB,KCB Group Plc,35,80.5,74,76.25,75.25,73.5,1.75,2.38%,4559641,-
13-Feb-26,NCBA,NCBA Group Plc,48,100,88,91.5,89.75,90,-0.25,-0.28%,342787,-
13-Feb-26,SBIC,Stanbic Holdings Plc,147,270,235,247.5,240,227,13,5.73%,267409,-
13-Feb-26,SCBK,Standard Chartered Bank Kenya Ltd,260,365,310.5,340,336.75,337.25,-0.5,-0.15%,44056,-
13-Feb-26,DCON,Deacons (East Africa) Plc,0.45,0.45,0.45,0.45,0.45,0.45,-,-,-,-
13-Feb-26,EVRD,Eveready East Africa Ltd,0.75,1.78,1.6,1.78,1.67,1.62,0.05,3.09%,1296813,-
13-Feb-26,XPRS,Express Kenya Plc,2.8,10,7.06,8.42,8.36,7.84,0.52,6.63%,39027,-
13-Feb-26,HBE,Homeboyz Entertainment Plc,4.66,4.66,4.66,4.66,4.66,4.66,-,-,-,-
13-Feb-26,KQ,Kenya Airways Plc,1.56,6.02,5.28,5.5,5.48,5.5,-0.02,-0.36%,4527880,-
13-Feb-26,LKL,Longhorn Publishers Plc,2.35,3.5,3,3.41,3.28,3.15,0.13,4.13%,11179,-
13-Feb-26,NBV,Nairobi Business Ventures Ltd,1.33,2.16,1.46,1.5,1.47,1.47,-,-,165461,-
13-Feb-26,NMG,Nation Media Group Plc,10.05,20,15.15,15.95,15.7,15.25,0.45,2.95%,18007,-
13-Feb-26,SMER,Sameer Africa Plc,2.7,21.5,19.5,21.5,20.25,20,0.25,1.25%,42497,-
13-Feb-26,SGL,Standard Group Plc,5.2,7.14,6.26,6.66,6.4,6.3,0.1,1.59%,3285,-
13-Feb-26,TPSE,TPS Eastern Africa (Serena) Ltd,13.05,18.2,15.2,17.85,17.85,16.25,1.6,9.85%,122548,-
13-Feb-26,UCHM,Uchumi Supermarket Plc,0.23,2.93,1.28,1.44,1.34,1.32,0.02,1.52%,1290154,-
13-Feb-26,SCAN,WPP ScanGroup Plc,2,3.4,2.4,2.65,2.51,2.45,0.06,2.45%,249632,-
13-Feb-26,ARM,ARM Cement Plc,5.55,5.55,5.55,5.55,5.55,5.55,-,-,-,-
13-Feb-26,BAMB,Bamburi Cement Ltd,47.2,56.5,47.2,47.2,47.2,47.2,-,-,-,-
13-Feb-26,CRWN,Crown Paints Kenya Plc,30,70.75,58.75,64.75,60,59.5,0.5,0.84%,5966,-
13-Feb-26,CABL,East African Cables Plc,1,2.44,1,1,1,1,-,-,-,-
13-Feb-26,PORT,East African Portland Cement Ltd,28,101,80,87,81.25,82.5,-1.25,-1.52%,9539,-
13-Feb-26,KEGN,Kenya Electricity Generating Company Plc,4.5,10.75,9.5,9.8,9.58,9.46,0.12,1.27%,7876626,-
13-Feb-26,KPLC-P4,KPLC-P4,4,5,5,5,5,5,-,-,-,-
13-Feb-26,KPLC-P7,KPLC-P7,6,6,6,6,6,6,-,-,-,-
13-Feb-26,KPLC,Kenya Power and Lighting Company Plc,5.7,19,17.95,18.4,18.25,18.2,0.05,0.27%,2622585,-
13-Feb-26,TOTL,TotalEnergies Marketing Kenya Plc,21,47,40.75,44,42.45,40.55,1.9,4.69%,11720,-
13-Feb-26,UMME,Umeme Ltd,5.8,24.75,8.7,9.2,8.98,8.9,0.08,0.90%,159167,-
13-Feb-26,BRIT,Britam Holdings Plc,5.92,13.4,11.45,11.7,11.55,11.35,0.2,1.76%,289452,-
13-Feb-26,CIC,CIC Insurance Group Ltd,2.55,6.62,5.24,5.56,5.52,5.06,0.46,9.09%,2723980,-
13-Feb-26,JUB,Jubilee Holdings Ltd,182,399.75,339.75,355,349.75,337.75,12,3.55%,29600,-
13-Feb-26,KNRE,Kenya Re-Insurance Corporation Ltd,1.5,4.02,3.5,3.66,3.66,3.33,0.33,9.91%,5572308,-
13-Feb-26,LBTY,Liberty Kenya Holdings Ltd,7.4,12.2,9.9,10.1,9.98,10.05,-0.07,-0.70%,139246,-
13-Feb-26,SLAM,Sanlam Allianz Holdings (Kenya) Plc,5.5,11,8.9,9,9,8.9,0.1,1.12%,73586,-
13-Feb-26,CTUM,Centum Investment Company Plc,10.85,16.75,14,14.6,14.2,13.75,0.45,3.27%,66860,-
13-Feb-26,HAFR,Home Afrika Ltd,0.48,1.93,1.25,1.4,1.38,1.28,0.1,7.81%,1630328,-
13-Feb-26,KURV,Kurwitu Ventures Ltd,1400,1500,1500,1500,1500,1500,-,-,-,-
13-Feb-26,OCH,Olympia Capital Holdings Ltd,3.12,9,7.8,8.5,8.06,7.94,0.12,1.51%,25681,-
13-Feb-26,TCL,Trans-Century Plc,0.71,1.42,0.71,0.71,0.71,0.71,-,-,-,-
13-Feb-26,NSE,Nairobi Securities Exchange Plc,6.5,25.9,21.7,23.35,23.35,21.25,2.1,9.88%,3200783,-
13-Feb-26,AMAC,Africa Mega Agricorp Plc,51,118.25,95,100,98.75,100,-1.25,-1.25%,703,-
13-Feb-26,BOC,BOC Kenya Plc,76,150,134,142,138.5,136.5,2,1.47%,2457,-
13-Feb-26,BAT,British American Tobacco Kenya Plc,345,629,490.25,500,497.75,499,-1.25,-0.25%,3418,-
13-Feb-26,CARB,Carbacid Investments Plc,18,33,31.7,33,32.2,32.2,-,-,63461,-
13-Feb-26,EABL,East African Breweries Ltd,167,351,248.5,270.75,257.25,248,9.25,3.73%,85994,-
13-Feb-26,FTGH,Flame Tree Group Holdings Ltd,1.05,3.11,1.72,1.88,1.8,1.8,-,-,82184,-
13-Feb-26,MSC,Mumias Sugar Company Ltd,0.27,0.27,0.27,0.27,0.27,0.27,-,-,-,-
13-Feb-26,SKL,Shri Krishana Overseas Plc,5.8,12,8,8.3,8.28,8.18,0.1,1.22%,16149,-
13-Feb-26,UNGA,Unga Group Ltd,18.05,34,23.45,25.5,24.5,24.15,0.35,1.45%,44760,-
13-Feb-26,SCOM,Safaricom Plc,17,34.2,33.75,34.2,33.95,33.85,0.1,0.30%,3327846,-
13-Feb-26,LAPR,LAPTrust Imara Income-REIT,20,20,20,20,20,20,-,-,-,-
13-Feb-26,GLD,ABSA NewGold ETF,881,9800,6000,6200,5960,5960,-,-,46,-
13-Feb-26,SMWF,Satrix MSCI World Feeder ETF,755,1050,840,860,836,836,-,-,55,-
13-Feb-26,^N10I,NSE 10-Share Index,1250.85,2271.75,2252.01,2252.01,2252.01,2192.87,59.14,2.70%,-,-
13-Feb-26,^N20I,NSE 20-Share Index,2092.84,3758.73,3633.13,3633.13,3633.13,3525.35,107.78,3.06%,-,-
13-Feb-26,^N25I,NSE 25-Share Index,3314.15,5948.29,5855.41,5855.41,5855.41,5709.09,146.32,2.56%,-,-
13-Feb-26,^NASI,NSE All-Share Index,123.6,216.69,216.69,216.69,216.69,213.02,3.67,1.72%,-,-
13-Feb-26,^NBSI,NSE Banking Sector Index,149.92,245.9,237.12,237.12,237.12,230.62,6.5,2.82%,-,-
13-Feb-26,^NBDI,NSE Bonds Index,1140.96,1210.41,1173.74,1173.74,1173.74,1169.04,4.7,0.40%,-,-
13-Feb-26,^ZKEQTK,Zamara Kenya Equity Index (KES),2424.57,4790.09,4671.73,4671.73,4671.73,4567.74,103.99,2.28%,-,-
13-Feb-26,^ZKEQTU,Zamara Kenya Equity Index (USD),1610.77,3197.11,3118.11,3118.11,3118.11,3048.7,69.41,2.28%,-,-
16-Feb-26,EGAD,Eaagads Ltd,11,35.25,25.8,29.5,29.25,26.85,2.4,8.94%,9802,-
16-Feb-26,KUKZ,Kakuzi Plc,365,440,408,434.5,436,436,-,-,76,-
16-Feb-26,KAPC,Kapchorua Tea Kenya Plc,198,424.25,241,250,247,241.25,5.75,2.38%,1697,-
16-Feb-26,LIMT,Limuru Tea Plc,295,555,508,509,508,510,-2,-0.39%,539,-
16-Feb-26,SASN,Sasini Plc,13.3,33.9,30.95,33.75,32.1,30.95,1.15,3.72%,144655,-
16-Feb-26,WTK,Williamson Tea Kenya Plc,139,350,143.5,145,144.75,145,-0.25,-0.17%,49360,-
16-Feb-26,CGEN,Car and General (K) Ltd,19.8,74.25,70,73.5,72.25,73.75,-1.5,-2.03%,26198,-
16-Feb-26,ABSA,ABSA Bank Kenya Plc,15,33,29.6,30.3,30,29.55,0.45,1.52%,2432878,-
16-Feb-26,BKG,BK Group Plc,28.75,50,45,47,46.8,45.9,0.9,1.96%,1952,-
16-Feb-26,COOP,Co-operative Bank of Kenya Ltd,13.8,31.5,29,30,29.1,29.6,-0.5,-1.69%,5839093,-
16-Feb-26,DTK,Diamond Trust Bank Kenya Ltd,66,170,159.5,170,162,160,2,1.25%,206074,-
16-Feb-26,EQTY,Equity Group Holdings Plc,41.2,80,74,76.75,75,76.75,-1.75,-2.28%,415562,-
16-Feb-26,HFCK,HF Group Ltd,5.3,11.5,10.9,11.2,11,10.75,0.25,2.33%,780760,-
16-Feb-26,IMH,I & M Holdings Plc,29.5,52,49.55,50.75,50,49.85,0.15,0.30%,476450,-
16-Feb-26,KCB,KCB Group Plc,35,80.5,74.75,76.5,75.25,75.25,-,-,5589173,-
16-Feb-26,NCBA,NCBA Group Plc,48,100,88.25,89,88.5,89.75,-1.25,-1.39%,51881,-
16-Feb-26,SBIC,Stanbic Holdings Plc,147,270,240,248,245.25,240,5.25,2.19%,614050,-
16-Feb-26,SCBK,Standard Chartered Bank Kenya Ltd,260,365,326,340,331.25,336.75,-5.5,-1.63%,37567,-
16-Feb-26,DCON,Deacons (East Africa) Plc,0.45,0.45,0.45,0.45,0.45,0.45,-,-,-,-
16-Feb-26,EVRD,Eveready East Africa Ltd,0.75,1.78,1.51,1.68,1.64,1.67,-0.03,-1.80%,952553,-
16-Feb-26,XPRS,Express Kenya Plc,2.8,10,7.56,8.42,7.84,8.36,-0.52,-6.22%,95140,-
16-Feb-26,HBE,Homeboyz Entertainment Plc,4.66,4.66,4.66,4.66,4.66,4.66,-,-,-,-
16-Feb-26,KQ,Kenya Airways Plc,1.56,6.02,5.1,5.5,5.46,5.48,-0.02,-0.36%,910348,-
16-Feb-26,LKL,Longhorn Publishers Plc,2.35,3.5,3,3.4,3.36,3.28,0.08,2.44%,17008,-
16-Feb-26,NBV,Nairobi Business Ventures Ltd,1.33,2.16,1.45,1.61,1.47,1.47,-,-,366614,-
16-Feb-26,NMG,Nation Media Group Plc,10.05,20,14.55,15.55,14.9,15.7,-0.8,-5.10%,43175,-
16-Feb-26,SMER,Sameer Africa Plc,2.7,21.5,20,21.25,20.35,20.25,0.1,0.49%,45657,-
16-Feb-26,SGL,Standard Group Plc,5.2,7.14,6.3,6.6,6.42,6.4,0.02,0.31%,7810,-
16-Feb-26,TPSE,TPS Eastern Africa (Serena) Ltd,13.05,18.2,16.7,17.2,16.85,17.85,-1,-5.60%,12617,-
16-Feb-26,UCHM,Uchumi Supermarket Plc,0.23,2.93,1.3,1.37,1.36,1.34,0.02,1.49%,1017946,-
16-Feb-26,SCAN,WPP ScanGroup Plc,2,3.4,2.37,2.7,2.43,2.51,-0.08,-3.19%,279421,-
16-Feb-26,ARM,ARM Cement Plc,5.55,5.55,5.55,5.55,5.55,5.55,-,-,-,-
16-Feb-26,BAMB,Bamburi Cement Ltd,47.2,56.5,47.2,47.2,47.2,47.2,-,-,-,-
16-Feb-26,CRWN,Crown Paints Kenya Plc,30,70.75,54,64.75,59,60,-1,-1.67%,8759,-
16-Feb-26,CABL,East African Cables Plc,1,2.44,1,1,1,1,-,-,-,-
16-Feb-26,PORT,East African Portland Cement Ltd,28,101,76.75,87,85.5,81.25,4.25,5.23%,7186,-
16-Feb-26,KEGN,Kenya Electricity Generating Company Plc,4.5,10.75,9.48,9.76,9.54,9.58,-0.04,-0.42%,14762684,-
16-Feb-26,KPLC-P4,KPLC-P4,4,5,5,5,5,5,-,-,-,-
16-Feb-26,KPLC-P7,KPLC-P7,6,6,6,6,6,6,-,-,-,-
16-Feb-26,KPLC,Kenya Power and Lighting Company Plc,5.7,19,18.3,18.6,18.4,18.25,0.15,0.82%,2553063,-
16-Feb-26,TOTL,TotalEnergies Marketing Kenya Plc,21,47,42.45,46,43.25,42.45,0.8,1.88%,63680,-
16-Feb-26,UMME,Umeme Ltd,5.8,24.75,8.8,9.2,9.02,8.98,0.04,0.45%,77820,-
16-Feb-26,BRIT,Britam Holdings Plc,5.92,13.4,11.35,12.7,12.2,11.55,0.65,5.63%,155733,-
16-Feb-26,CIC,CIC Insurance Group Ltd,2.55,6.62,5.6,6.06,5.98,5.52,0.46,8.33%,2522000,-
16-Feb-26,JUB,Jubilee Holdings Ltd,182,399.75,349,360,351.5,349.75,1.75,0.50%,1865,-
16-Feb-26,KNRE,Kenya Re-Insurance Corporation Ltd,1.5,4.02,3.7,4.02,3.99,3.66,0.33,9.02%,14407373,-
16-Feb-26,LBTY,Liberty Kenya Holdings Ltd,7.4,12.2,9.94,10,10,9.98,0.02,0.20%,57041,-
16-Feb-26,SLAM,Sanlam Allianz Holdings (Kenya) Plc,5.5,11,8.9,9,9,9,-,-,44393,-
16-Feb-26,CTUM,Centum Investment Company Plc,10.85,16.75,14,14.9,14.2,14.2,-,-,199744,-
16-Feb-26,HAFR,Home Afrika Ltd,0.48,1.93,1.36,1.51,1.44,1.38,0.06,4.35%,1035803,-
16-Feb-26,KURV,Kurwitu Ventures Ltd,1400,1500,1400,1500,1500,1500,-,-,2,-
16-Feb-26,OCH,Olympia Capital Holdings Ltd,3.12,9,8,8.5,8.24,8.06,0.18,2.23%,11714,-
16-Feb-26,TCL,Trans-Century Plc,0.71,1.42,0.71,0.71,0.71,0.71,-,-,-,-
16-Feb-26,NSE,Nairobi Securities Exchange Plc,6.5,25.9,23.1,25.65,23.55,23.35,0.2,0.86%,271159,-
16-Feb-26,AMAC,Africa Mega Agricorp Plc,51,118.25,92,100,97.5,98.75,-1.25,-1.27%,1058,-
16-Feb-26,BOC,BOC Kenya Plc,76,150,134,143,136.5,138.5,-2,-1.44%,1936,-
16-Feb-26,BAT,British American Tobacco Kenya Plc,345,629,492.5,499,495.25,497.75,-2.5,-0.50%,30268,-
16-Feb-26,CARB,Carbacid Investments Plc,18,33,31.7,32.5,32.1,32.2,-0.1,-0.31%,42974,-
16-Feb-26,EABL,East African Breweries Ltd,167,351,249,257.25,250,257.25,-7.25,-2.82%,56955,-
16-Feb-26,FTGH,Flame Tree Group Holdings Ltd,1.05,3.11,1.83,1.88,1.85,1.8,0.05,2.78%,116126,-
16-Feb-26,MSC,Mumias Sugar Company Ltd,0.27,0.27,0.27,0.27,0.27,0.27,-,-,-,-
16-Feb-26,SKL,Shri Krishana Overseas Plc,5.8,12,7.96,8.3,8.22,8.28,-0.06,-0.72%,1347,-
16-Feb-26,UNGA,Unga Group Ltd,18.05,34,24.15,26.95,25.7,24.5,1.2,4.90%,21397,-
16-Feb-26,SCOM,Safaricom Plc,17,34.2,33.3,34.1,33.85,33.95,-0.1,-0.29%,2235327,-
16-Feb-26,LAPR,LAPTrust Imara Income-REIT,20,20,20,20,20,20,-,-,-,-
16-Feb-26,GLD,ABSA NewGold ETF,881,9800,5925,6100,5995,5960,35,0.59%,197,-
16-Feb-26,SMWF,Satrix MSCI World Feeder ETF,755,1050,838,890,867,836,31,3.71%,127,-
16-Feb-26,^N10I,NSE 10-Share Index,1250.85,2271.75,2233,2233,2233,2252.01,-19.01,-0.84%,-,-
16-Feb-26,^N20I,NSE 20-Share Index,2092.84,3758.73,3671.94,3671.94,3671.94,3633.13,38.81,1.07%,-,-
16-Feb-26,^N25I,NSE 25-Share Index,3314.15,5948.29,5826.27,5826.27,5826.27,5855.41,-29.14,-0.50%,-,-
16-Feb-26,^NASI,NSE All-Share Index,123.6,216.69,215.95,215.95,215.95,216.69,-0.74,-0.34%,-,-
16-Feb-26,^NBSI,NSE Banking Sector Index,149.92,245.9,235.81,235.81,235.81,237.12,-1.31,-0.55%,-,-
16-Feb-26,^NBDI,NSE Bonds Index,1140.96,1210.41,1176.5,1176.5,1176.5,1173.74,2.76,0.24%,-,-
16-Feb-26,^ZKEQTK,Zamara Kenya Equity Index (KES),2424.57,4790.09,4633.02,4633.02,4633.02,4671.73,-38.71,-0.83%,-,-
16-Feb-26,^ZKEQTU,Zamara Kenya Equity Index (USD),1610.77,3197.11,3092.27,3092.27,3092.27,3118.11,-25.84,-0.83%,-,-
17-Feb-26,EGAD,Eaagads Ltd,11,35.25,29.65,32.15,32.05,29.25,2.8,9.57%,16803,-
17-Feb-26,KUKZ,Kakuzi Plc,365,440,400,434,436,436,-,-,45,-
17-Feb-26,KAPC,Kapchorua Tea Kenya Plc,198,424.25,246,250,249.75,247,2.75,1.11%,4744,-
17-Feb-26,LIMT,Limuru Tea Plc,295,555,461,550,508,508,-,-,17,-
17-Feb-26,SASN,Sasini Plc,13.3,33.9,29.35,33.9,31.3,32.1,-0.8,-2.49%,119855,-
17-Feb-26,WTK,Williamson Tea Kenya Plc,139,350,144,150,144.75,144.75,-,-,12436,-
17-Feb-26,CGEN,Car and General (K) Ltd,19.8,74.25,67,73,69.75,72.25,-2.5,-3.46%,17304,-
17-Feb-26,ABSA,ABSA Bank Kenya Plc,15,33,29.4,30.35,29.85,30,-0.15,-0.50%,418155,-
17-Feb-26,BKG,BK Group Plc,28.75,50,45.5,46.95,46.6,46.8,-0.2,-0.43%,1359,-
17-Feb-26,COOP,Co-operative Bank of Kenya Ltd,13.8,31.5,29.4,30,29.65,29.1,0.55,1.89%,719762,-
17-Feb-26,DTK,Diamond Trust Bank Kenya Ltd,66,170,158,160,159.25,162,-2.75,-1.70%,48548,-
17-Feb-26,EQTY,Equity Group Holdings Plc,41.2,80,74,76,75,75,-,-,5753881,-
17-Feb-26,HFCK,HF Group Ltd,5.3,11.5,10.95,11.35,11.05,11,0.05,0.45%,963665,-
17-Feb-26,IMH,I & M Holdings Plc,29.5,52,49.5,50,49.9,50,-0.1,-0.20%,1102049,-
17-Feb-26,KCB,KCB Group Plc,35,80.5,73.5,75.5,75,75.25,-0.25,-0.33%,1796296,-
17-Feb-26,NCBA,NCBA Group Plc,48,100,88,90,88.75,88.5,0.25,0.28%,178689,-
17-Feb-26,SBIC,Stanbic Holdings Plc,147,270,238,257.5,256.25,245.25,11,4.49%,4344235,-
17-Feb-26,SCBK,Standard Chartered Bank Kenya Ltd,260,365,332,338,336.5,331.25,5.25,1.58%,27467,-
17-Feb-26,DCON,Deacons (East Africa) Plc,0.45,0.45,0.45,0.45,0.45,0.45,-,-,-,-
17-Feb-26,EVRD,Eveready East Africa Ltd,0.75,1.78,1.54,1.77,1.66,1.64,0.02,1.22%,854933,-
17-Feb-26,XPRS,Express Kenya Plc,2.8,10,7.54,8,7.64,7.84,-0.2,-2.55%,23190,-
17-Feb-26,HBE,Homeboyz Entertainment Plc,4.66,4.66,4.66,4.66,4.66,4.66,-,-,-,-
17-Feb-26,KQ,Kenya Airways Plc,1.56,6.02,5.18,5.5,5.44,5.46,-0.02,-0.37%,1023677,-
17-Feb-26,LKL,Longhorn Publishers Plc,2.35,3.5,3.05,3.4,3.15,3.36,-0.21,-6.25%,34977,-
17-Feb-26,NBV,Nairobi Business Ventures Ltd,1.33,2.16,1.45,1.61,1.57,1.47,0.1,6.80%,402924,-
17-Feb-26,NMG,Nation Media Group Plc,10.05,20,14.8,15.7,15.45,14.9,0.55,3.69%,39941,-
17-Feb-26,SMER,Sameer Africa Plc,2.7,21.5,20,21,20.35,20.35,-,-,51061,-
17-Feb-26,SGL,Standard Group Plc,5.2,7.14,6,6.6,6.36,6.42,-0.06,-0.93%,4804,-
17-Feb-26,TPSE,TPS Eastern Africa (Serena) Ltd,13.05,18.2,16.7,17.1,16.95,16.85,0.1,0.59%,6224,-
17-Feb-26,UCHM,Uchumi Supermarket Plc,0.23,2.93,1.37,1.49,1.46,1.36,0.1,7.35%,756026,-
17-Feb-26,SCAN,WPP ScanGroup Plc,2,3.4,2.4,2.67,2.52,2.43,0.09,3.70%,298399,-
17-Feb-26,ARM,ARM Cement Plc,5.55,5.55,5.55,5.55,5.55,5.55,-,-,-,-
17-Feb-26,BAMB,Bamburi Cement Ltd,47.2,56.5,47.2,47.2,47.2,47.2,-,-,-,-
17-Feb-26,CRWN,Crown Paints Kenya Plc,30,70.75,62.5,64.75,64.5,59,5.5,9.32%,11645,-
17-Feb-26,CABL,East African Cables Plc,1,2.44,1,1,1,1,-,-,-,-
17-Feb-26,PORT,East African Portland Cement Ltd,28,101,80.25,87,85.75,85.5,0.25,0.29%,1779,-
17-Feb-26,KEGN,Kenya Electricity Generating Company Plc,4.5,10.75,9.48,9.7,9.62,9.54,0.08,0.84%,3604046,-
17-Feb-26,KPLC-P4,KPLC-P4,4,5,5,5,5,5,-,-,-,-
17-Feb-26,KPLC-P7,KPLC-P7,6,6,6,6,6,6,-,-,-,-
17-Feb-26,KPLC,Kenya Power and Lighting Company Plc,5.7,19,18.5,19,18.75,18.4,0.35,1.90%,1642393,-
17-Feb-26,TOTL,TotalEnergies Marketing Kenya Plc,21,47,44,46.45,45.5,43.25,2.25,5.20%,40107,-
17-Feb-26,UMME,Umeme Ltd,5.8,24.75,8.9,9.4,9.14,9.02,0.12,1.33%,45800,-
17-Feb-26,BRIT,Britam Holdings Plc,5.92,13.4,12.55,13.4,13.05,12.2,0.85,6.97%,307337,-
17-Feb-26,CIC,CIC Insurance Group Ltd,2.55,6.62,5.92,6.4,6.12,5.98,0.14,2.34%,2215419,-
17-Feb-26,JUB,Jubilee Holdings Ltd,182,399.75,351,359.5,353.75,351.5,2.25,0.64%,995,-
17-Feb-26,KNRE,Kenya Re-Insurance Corporation Ltd,1.5,4.02,3.7,4,3.94,3.99,-0.05,-1.25%,5946130,-
17-Feb-26,LBTY,Liberty Kenya Holdings Ltd,7.4,12.2,9.96,10,10,10,-,-,81054,-
17-Feb-26,SLAM,Sanlam Allianz Holdings (Kenya) Plc,5.5,11,8.9,9,9,9,-,-,36706,-
17-Feb-26,CTUM,Centum Investment Company Plc,10.85,16.75,14.2,14.8,14.65,14.2,0.45,3.17%,31285,-
17-Feb-26,HAFR,Home Afrika Ltd,0.48,1.93,1.46,1.5,1.49,1.44,0.05,3.47%,772349,-
17-Feb-26,KURV,Kurwitu Ventures Ltd,1400,1500,1500,1500,1500,1500,-,-,-,-
17-Feb-26,OCH,Olympia Capital Holdings Ltd,3.12,9,8,8.5,8.48,8.24,0.24,2.91%,4144,-
17-Feb-26,TCL,Trans-Century Plc,0.71,1.42,0.71,0.71,0.71,0.71,-,-,-,-
17-Feb-26,NSE,Nairobi Securities Exchange Plc,6.5,25.9,22,25.9,23.35,23.55,-0.2,-0.85%,1427878,-
17-Feb-26,AMAC,Africa Mega Agricorp Plc,51,118.25,95,100,97.25,97.5,-0.25,-0.26%,643,-
17-Feb-26,BOC,BOC Kenya Plc,76,150,137,140,138.75,136.5,2.25,1.65%,282,-
17-Feb-26,BAT,British American Tobacco Kenya Plc,345,629,494.5,496,495.25,495.25,-,-,14329,-
17-Feb-26,CARB,Carbacid Investments Plc,18,33,31.55,32.1,31.75,32.1,-0.35,-1.09%,66276,-
17-Feb-26,EABL,East African Breweries Ltd,167,351,249.75,258,251.5,250,1.5,0.60%,90757,-
17-Feb-26,FTGH,Flame Tree Group Holdings Ltd,1.05,3.11,1.82,1.85,1.85,1.85,-,-,195684,-
17-Feb-26,MSC,Mumias Sugar Company Ltd,0.27,0.27,0.27,0.27,0.27,0.27,-,-,-,-
17-Feb-26,SKL,Shri Krishana Overseas Plc,5.8,12,8.3,9.04,8.44,8.22,0.22,2.68%,47991,-
17-Feb-26,UNGA,Unga Group Ltd,18.05,34,26.5,28.25,28.05,25.7,2.35,9.14%,15604,-
17-Feb-26,SCOM,Safaricom Plc,17,34.2,32.5,33.7,33.15,33.85,-0.7,-2.07%,1571105,-
17-Feb-26,LAPR,LAPTrust Imara Income-REIT,20,20,20,20,20,20,-,-,-,-
17-Feb-26,GLD,ABSA NewGold ETF,881,9800,5800,6100,5920,5995,-75,-1.25%,223,-
17-Feb-26,SMWF,Satrix MSCI World Feeder ETF,755,1050,830,880,864,867,-3,-0.35%,178,-
17-Feb-26,^N10I,NSE 10-Share Index,1250.85,2271.75,2226.37,2226.37,2226.37,2233,-6.63,-0.30%,-,-
17-Feb-26,^N20I,NSE 20-Share Index,2092.84,3758.73,3704.27,3704.27,3704.27,3671.94,32.33,0.88%,-,-
17-Feb-26,^N25I,NSE 25-Share Index,3314.15,5948.29,5830.97,5830.97,5830.97,5826.27,4.7,0.08%,-,-
17-Feb-26,^NASI,NSE All-Share Index,123.6,216.69,215.05,215.05,215.05,215.95,-0.9,-0.42%,-,-
17-Feb-26,^NBSI,NSE Banking Sector Index,149.92,245.9,237.11,237.11,237.11,235.81,1.3,0.55%,-,-
17-Feb-26,^NBDI,NSE Bonds Index,1140.96,1210.41,1181.46,1181.46,1181.46,1176.5,4.96,0.42%,-,-
17-Feb-26,^ZKEQTK,Zamara Kenya Equity Index (KES),2424.57,4790.09,4626.08,4626.08,4626.08,4633.02,-6.94,-0.15%,-,-
17-Feb-26,^ZKEQTU,Zamara Kenya Equity Index (USD),1610.77,3197.11,3087.64,3087.64,3087.64,3092.27,-4.63,-0.15%,-,-
18-Feb-26,EGAD,Eaagads Ltd,11,35.25,29.5,35.25,30.2,32.05,-1.85,-5.77%,22157,-
18-Feb-26,KUKZ,Kakuzi Plc,365,440,402,436,416.75,436,-19.25,-4.42%,688,-
18-Feb-26,KAPC,Kapchorua Tea Kenya Plc,198,424.25,247.75,250,248.25,249.75,-1.5,-0.60%,4807,-
18-Feb-26,LIMT,Limuru Tea Plc,295,555,461,550,531,508,23,4.53%,156,-
18-Feb-26,SASN,Sasini Plc,13.3,33.9,28.2,30,29.4,31.3,-1.9,-6.07%,145326,-
18-Feb-26,WTK,Williamson Tea Kenya Plc,136,350,142,145,144,144.75,-0.75,-0.52%,30089,-
18-Feb-26,CGEN,Car and General (K) Ltd,19.8,74.25,70,72,71.5,69.75,1.75,2.51%,16236,-
18-Feb-26,ABSA,ABSA Bank Kenya Plc,15,33,29.75,30,29.85,29.85,-,-,1534920,-
18-Feb-26,BKG,BK Group Plc,28.75,50,45,47.5,46.05,46.6,-0.55,-1.18%,14439,-
18-Feb-26,COOP,Co-operative Bank of Kenya Ltd,13.8,31.5,29.3,29.75,29.5,29.65,-0.15,-0.51%,414560,-
18-Feb-26,DTK,Diamond Trust Bank Kenya Ltd,66,170,153,158.75,157,159.25,-2.25,-1.41%,38786,-
18-Feb-26,EQTY,Equity Group Holdings Plc,41.2,80,73.5,75,74.75,75,-0.25,-0.33%,1025592,-
18-Feb-26,HFCK,HF Group Ltd,5.3,11.5,10.9,11.2,11,11.05,-0.05,-0.45%,286099,-
18-Feb-26,IMH,I & M Holdings Plc,29.5,52,48,49.85,49.25,49.9,-0.65,-1.30%,954355,-
18-Feb-26,KCB,KCB Group Plc,35,80.5,74.25,75.25,75,75,-,-,1609521,-
18-Feb-26,NCBA,NCBA Group Plc,48,100,87,89,88.25,88.75,-0.5,-0.56%,217315,-
18-Feb-26,SBIC,Stanbic Holdings Plc,147,270,238,257.5,254.25,256.25,-2,-0.78%,201103,-
18-Feb-26,SCBK,Standard Chartered Bank Kenya Ltd,260,365,330,340,336.5,336.5,-,-,59045,-
18-Feb-26,DCON,Deacons (East Africa) Plc,0.45,0.45,0.45,0.45,0.45,0.45,-,-,-,-
18-Feb-26,EVRD,Eveready East Africa Ltd,0.75,1.78,1.5,1.67,1.6,1.66,-0.06,-3.61%,953905,-
18-Feb-26,XPRS,Express Kenya Plc,2.8,10,7.54,8.2,7.96,7.64,0.32,4.19%,26011,-
18-Feb-26,HBE,Homeboyz Entertainment Plc,4.66,4.66,4.66,4.66,4.66,4.66,-,-,-,-
18-Feb-26,KQ,Kenya Airways Plc,1.56,6.02,5.04,5.5,5.38,5.44,-0.06,-1.10%,324165,-
18-Feb-26,LKL,Longhorn Publishers Plc,2.35,3.5,3.06,3.4,3.34,3.15,0.19,6.03%,37371,-
18-Feb-26,NBV,Nairobi Business Ventures Ltd,1.33,2.16,1.51,1.71,1.61,1.57,0.04,2.55%,142134,-
18-Feb-26,NMG,Nation Media Group Plc,10.05,20,14.7,15.5,14.8,15.45,-0.65,-4.21%,6251,-
18-Feb-26,SMER,Sameer Africa Plc,2.7,21.5,20.35,21.5,21.1,20.35,0.75,3.69%,52669,-
18-Feb-26,SGL,Standard Group Plc,5.2,7.14,6.2,6.5,6.34,6.36,-0.02,-0.31%,3577,-
18-Feb-26,TPSE,TPS Eastern Africa (Serena) Ltd,13.05,18.2,16.85,17.45,17.15,16.95,0.2,1.18%,96921,-
18-Feb-26,UCHM,Uchumi Supermarket Plc,0.23,2.93,1.49,1.6,1.6,1.46,0.14,9.59%,1222532,-
18-Feb-26,SCAN,WPP ScanGroup Plc,2,3.4,2.45,2.77,2.52,2.52,-,-,97559,-
18-Feb-26,ARM,ARM Cement Plc,5.55,5.55,5.55,5.55,5.55,5.55,-,-,-,-
18-Feb-26,BAMB,Bamburi Cement Ltd,47.2,56.5,47.2,47.2,47.2,47.2,-,-,-,-
18-Feb-26,CRWN,Crown Paints Kenya Plc,30,70.75,62.5,65.75,64.75,64.5,0.25,0.39%,2059,-
18-Feb-26,CABL,East African Cables Plc,1,2.44,1,1,1,1,-,-,-,-
18-Feb-26,PORT,East African Portland Cement Ltd,28,101,80,85,84.25,85.75,-1.5,-1.75%,1474,-
18-Feb-26,KEGN,Kenya Electricity Generating Company Plc,4.5,10.75,9.56,9.66,9.6,9.62,-0.02,-0.21%,3369200,-
18-Feb-26,KPLC-P4,KPLC-P4,4,5,5,5,5,5,-,-,-,-
18-Feb-26,KPLC-P7,KPLC-P7,6,6,6,6,6,6,-,-,-,-
18-Feb-26,KPLC,Kenya Power and Lighting Company Plc,5.7,19,18,18.9,18.55,18.75,-0.2,-1.07%,2134955,-
18-Feb-26,TOTL,TotalEnergies Marketing Kenya Plc,21,47,42.5,46,43.4,45.5,-2.1,-4.62%,33002,-
18-Feb-26,UMME,Umeme Ltd,5.8,24.75,8.82,9.4,9.04,9.14,-0.1,-1.09%,51078,-
18-Feb-26,BRIT,Britam Holdings Plc,5.92,13.4,12.6,13.35,12.95,13.05,-0.1,-0.77%,314216,-
18-Feb-26,CIC,CIC Insurance Group Ltd,2.55,6.62,5.88,6.12,6.02,6.12,-0.1,-1.63%,3639448,-
18-Feb-26,JUB,Jubilee Holdings Ltd,182,437.75,353,360,359,353.75,5.25,1.48%,220,-
18-Feb-26,KNRE,Kenya Re-Insurance Corporation Ltd,1.5,4.02,3.66,3.94,3.8,3.94,-0.14,-3.55%,2757748,-
18-Feb-26,LBTY,Liberty Kenya Holdings Ltd,9.1,12.2,9.96,10.5,10,10,-,-,35924,-
18-Feb-26,SLAM,Sanlam Allianz Holdings (Kenya) Plc,5.5,11,8.9,9.9,9.34,9,0.34,3.78%,67606,-
18-Feb-26,CTUM,Centum Investment Company Plc,10.85,16.75,14.05,14.95,14.65,14.65,-,-,114259,-
18-Feb-26,HAFR,Home Afrika Ltd,0.48,1.93,1.47,1.63,1.56,1.49,0.07,4.70%,1922072,-
18-Feb-26,KURV,Kurwitu Ventures Ltd,1400,1500,1500,1500,1500,1500,-,-,-,-
18-Feb-26,OCH,Olympia Capital Holdings Ltd,3.12,9,7.64,8.4,7.9,8.48,-0.58,-6.84%,20022,-
18-Feb-26,TCL,Trans-Century Plc,0.71,1.42,0.71,0.71,0.71,0.71,-,-,-,-
18-Feb-26,NSE,Nairobi Securities Exchange Plc,6.5,25.9,22,25.2,22.25,23.35,-1.1,-4.71%,2493220,-
18-Feb-26,AMAC,Africa Mega Agricorp Plc,51,118.25,92,100,99.25,97.25,2,2.06%,693,-
18-Feb-26,BOC,BOC Kenya Plc,76,150,132,139,135.75,138.75,-3,-2.16%,1380,-
18-Feb-26,BAT,British American Tobacco Kenya Plc,345,629,495,496,495.75,495.25,0.5,0.10%,6510,-
18-Feb-26,CARB,Carbacid Investments Plc,18,33,31.6,32,31.95,31.75,0.2,0.63%,17703,-
18-Feb-26,EABL,East African Breweries Ltd,167,351,250,258.75,250.75,251.5,-0.75,-0.30%,722839,-
18-Feb-26,FTGH,Flame Tree Group Holdings Ltd,1.05,3.11,1.8,1.98,1.9,1.85,0.05,2.70%,333201,-
18-Feb-26,MSC,Mumias Sugar Company Ltd,0.27,0.27,0.27,0.27,0.27,0.27,-,-,-,-
18-Feb-26,SKL,Shri Krishana Overseas Plc,5.8,12,8.9,9.28,9.26,8.44,0.82,9.72%,25681,-
18-Feb-26,UNGA,Unga Group Ltd,18.05,34,27,30.85,29.85,28.05,1.8,6.42%,7666,-
18-Feb-26,SCOM,Safaricom Plc,17,34.2,32.5,33.35,33.1,33.15,-0.05,-0.15%,5167178,-
18-Feb-26,LAPR,LAPTrust Imara Income-REIT,20,20,20,20,20,20,-,-,-,-
18-Feb-26,GLD,ABSA NewGold ETF,881,9800,5995,6100,5920,5920,-,-,62,-
18-Feb-26,SMWF,Satrix MSCI World Feeder ETF,755,1050,850,850,864,864,-,-,90,-
18-Feb-26,^N10I,NSE 10-Share Index,1250.85,2271.75,2219.51,2219.51,2219.51,2226.37,-6.86,-0.31%,-,-
18-Feb-26,^N20I,NSE 20-Share Index,2092.84,3758.73,3678.01,3678.01,3678.01,3704.27,-26.26,-0.71%,-,-
18-Feb-26,^N25I,NSE 25-Share Index,3314.15,5948.29,5808.23,5808.23,5808.23,5830.97,-22.74,-0.39%,-,-
18-Feb-26,^NASI,NSE All-Share Index,123.6,216.69,214.34,214.34,214.34,215.05,-0.71,-0.33%,-,-
18-Feb-26,^NBSI,NSE Banking Sector Index,149.92,245.9,236.19,236.19,236.19,237.11,-0.92,-0.39%,-,-
18-Feb-26,^NBDI,NSE Bonds Index,1140.96,1210.41,1183.33,1183.33,1183.33,1181.46,1.87,0.16%,-,-
18-Feb-26,^ZKEQTK,Zamara Kenya Equity Index (KES),2424.57,4790.09,4617.23,4617.23,4617.23,4626.08,-8.85,-0.19%,-,-
18-Feb-26,^ZKEQTU,Zamara Kenya Equity Index (USD),1610.77,3197.11,3081.73,3081.73,3081.73,3087.64,-5.91,-0.19%,-,-
19-Feb-26,EGAD,Eaagads Ltd,11,35.25,32,33.2,32.95,30.2,2.75,9.11%,13094,-
19-Feb-26,KUKZ,Kakuzi Plc,365,440,435,440,436.5,416.75,19.75,4.74%,194,-
19-Feb-26,KAPC,Kapchorua Tea Kenya Plc,198,424.25,248,250,248.25,248.25,-,-,4053,-
19-Feb-26,LIMT,Limuru Tea Plc,295,555,500,550,531,531,-,-,24,-
19-Feb-26,SASN,Sasini Plc,13.3,33.9,28.9,30.5,29.6,29.4,0.2,0.68%,111096,-
19-Feb-26,WTK,Williamson Tea Kenya Plc,136,350,142,145,143.75,144,-0.25,-0.17%,18637,-
19-Feb-26,CGEN,Car and General (K) Ltd,19.8,74.25,70,72.5,70.75,71.5,-0.75,-1.05%,18500,-
19-Feb-26,ABSA,ABSA Bank Kenya Plc,15,33,29.05,29.85,29.45,29.85,-0.4,-1.34%,1800572,-
19-Feb-26,BKG,BK Group Plc,28.75,50,45.5,46.6,45.75,46.05,-0.3,-0.65%,18381,-
19-Feb-26,COOP,Co-operative Bank of Kenya Ltd,13.8,31.5,29.1,29.5,29.4,29.5,-0.1,-0.34%,385613,-
19-Feb-26,DTK,Diamond Trust Bank Kenya Ltd,66,170,148,155,150.25,157,-6.75,-4.30%,56043,-
19-Feb-26,EQTY,Equity Group Holdings Plc,41.2,80,73.5,74.75,74.25,74.75,-0.5,-0.67%,870412,-
19-Feb-26,HFCK,HF Group Ltd,5.3,11.5,9.9,11.1,10.7,11,-0.3,-2.73%,578703,-
19-Feb-26,IMH,I & M Holdings Plc,29.5,52,47.7,49,48.05,49.25,-1.2,-2.44%,637265,-
19-Feb-26,KCB,KCB Group Plc,35,80.5,74.5,75.25,74.75,75,-0.25,-0.33%,1650416,-
19-Feb-26,NCBA,NCBA Group Plc,48,100,87.5,90,89.75,88.25,1.5,1.70%,1617847,-
19-Feb-26,SBIC,Stanbic Holdings Plc,147,270,240.25,256,254.25,254.25,-,-,132808,-
19-Feb-26,SCBK,Standard Chartered Bank Kenya Ltd,260,365,333,339.5,336.5,336.5,-,-,150776,-
19-Feb-26,DCON,Deacons (East Africa) Plc,0.45,0.45,0.45,0.45,0.45,0.45,-,-,-,-
19-Feb-26,EVRD,Eveready East Africa Ltd,0.75,1.78,1.44,1.62,1.46,1.6,-0.14,-8.75%,1826005,-
19-Feb-26,XPRS,Express Kenya Plc,2.8,10,7.54,8,7.74,7.96,-0.22,-2.76%,3838,-
19-Feb-26,HBE,Homeboyz Entertainment Plc,4.66,4.66,4.66,4.66,4.66,4.66,-,-,-,-
19-Feb-26,KQ,Kenya Airways Plc,1.56,6.02,5,5.5,5.26,5.38,-0.12,-2.23%,857577,-
19-Feb-26,LKL,Longhorn Publishers Plc,2.35,3.5,3.1,3.34,3.26,3.34,-0.08,-2.40%,52979,-
19-Feb-26,NBV,Nairobi Business Ventures Ltd,1.33,2.16,1.52,1.61,1.56,1.61,-0.05,-3.11%,201237,-
19-Feb-26,NMG,Nation Media Group Plc,10.05,20,13.35,15,14.5,14.8,-0.3,-2.03%,4657,-
19-Feb-26,SMER,Sameer Africa Plc,2.7,21.5,19.5,21.3,20.65,21.1,-0.45,-2.13%,30550,-
19-Feb-26,SGL,Standard Group Plc,5.2,7.14,5.8,6.5,6.28,6.34,-0.06,-0.95%,1536,-
19-Feb-26,TPSE,TPS Eastern Africa (Serena) Ltd,13.05,18.2,17.1,17.45,17.3,17.15,0.15,0.87%,1456,-
19-Feb-26,UCHM,Uchumi Supermarket Plc,0.23,2.93,1.6,1.76,1.72,1.6,0.12,7.50%,2450876,-
19-Feb-26,SCAN,WPP ScanGroup Plc,2,3.4,2.42,2.68,2.48,2.52,-0.04,-1.59%,223583,-
19-Feb-26,ARM,ARM Cement Plc,5.55,5.55,5.55,5.55,5.55,5.55,-,-,-,-
19-Feb-26,BAMB,Bamburi Cement Ltd,47.2,56.5,47.2,47.2,47.2,47.2,-,-,-,-
19-Feb-26,CRWN,Crown Paints Kenya Plc,30,70.75,65,70.75,68.5,64.75,3.75,5.79%,3434,-
19-Feb-26,CABL,East African Cables Plc,1,2.44,1,1,1,1,-,-,-,-
19-Feb-26,PORT,East African Portland Cement Ltd,28,101,80,84,82.5,84.25,-1.75,-2.08%,119,-
19-Feb-26,KEGN,Kenya Electricity Generating Company Plc,4.5,10.75,9.54,9.64,9.6,9.6,-,-,1520846,-
19-Feb-26,KPLC-P4,KPLC-P4,4,5,5,5,5,5,-,-,-,-
19-Feb-26,KPLC-P7,KPLC-P7,6,6,6,6,6,6,-,-,-,-
19-Feb-26,KPLC,Kenya Power and Lighting Company Plc,5.7,19,17.5,18.35,17.8,18.55,-0.75,-4.04%,881185,-
19-Feb-26,TOTL,TotalEnergies Marketing Kenya Plc,21,47,42,44.75,42.7,43.4,-0.7,-1.61%,97287,-
19-Feb-26,UMME,Umeme Ltd,5.8,24.75,8.9,9.38,9.22,9.04,0.18,1.99%,208479,-
19-Feb-26,BRIT,Britam Holdings Plc,5.92,13.4,11.7,12.95,11.95,12.95,-1,-7.72%,363734,-
19-Feb-26,CIC,CIC Insurance Group Ltd,2.55,6.62,6.02,6.62,6.46,6.02,0.44,7.31%,1423453,-
19-Feb-26,JUB,Jubilee Holdings Ltd,182,437.75,350,360,353.75,359,-5.25,-1.46%,1003,-
19-Feb-26,KNRE,Kenya Re-Insurance Corporation Ltd,1.5,4.02,3.6,3.8,3.7,3.8,-0.1,-2.63%,4716668,-
19-Feb-26,LBTY,Liberty Kenya Holdings Ltd,9.1,12.2,9.9,10.5,9.98,10,-0.02,-0.20%,321539,-
19-Feb-26,SLAM,Sanlam Allianz Holdings (Kenya) Plc,5.5,11,9.34,10,9.98,9.34,0.64,6.85%,40315,-
19-Feb-26,CTUM,Centum Investment Company Plc,10.85,16.75,14.45,15,14.8,14.65,0.15,1.02%,138605,-
19-Feb-26,HAFR,Home Afrika Ltd,0.48,1.93,1.47,1.55,1.5,1.56,-0.06,-3.85%,673123,-
19-Feb-26,KURV,Kurwitu Ventures Ltd,1400,1500,1500,1500,1500,1500,-,-,3,-
19-Feb-26,OCH,Olympia Capital Holdings Ltd,3.12,9,7.9,8,7.92,7.9,0.02,0.25%,5723,-
19-Feb-26,TCL,Trans-Century Plc,0.71,1.42,0.71,0.71,0.71,0.71,-,-,-,-
19-Feb-26,NSE,Nairobi Securities Exchange Plc,6.5,25.9,22.5,23,22.9,22.25,0.65,2.92%,129589,-
19-Feb-26,AMAC,Africa Mega Agricorp Plc,51,118.25,94,100,95.75,99.25,-3.5,-3.53%,2189,-
19-Feb-26,BOC,BOC Kenya Plc,76,150,130,139.75,138.75,135.75,3,2.21%,338,-
19-Feb-26,BAT,British American Tobacco Kenya Plc,345,629,495.75,515,504,495.75,8.25,1.66%,10844,-
19-Feb-26,CARB,Carbacid Investments Plc,18,33,31.4,32.5,32.15,31.95,0.2,0.63%,21352,-
19-Feb-26,EABL,East African Breweries Ltd,167,351,245,255,248.75,250.75,-2,-0.80%,160859,-
19-Feb-26,FTGH,Flame Tree Group Holdings Ltd,1.05,3.11,1.9,2,1.97,1.9,0.07,3.68%,180753,-
19-Feb-26,MSC,Mumias Sugar Company Ltd,0.27,0.27,0.27,0.27,0.27,0.27,-,-,-,-
19-Feb-26,SKL,Shri Krishana Overseas Plc,5.8,12,9.26,10.15,10.05,9.26,0.79,8.53%,31786,-
19-Feb-26,UNGA,Unga Group Ltd,18.05,34,26.9,30.7,27.15,29.85,-2.7,-9.05%,28105,-
19-Feb-26,SCOM,Safaricom Plc,17,34.2,31.8,33,32.15,33.1,-0.95,-2.87%,2167265,-
19-Feb-26,LAPR,LAPTrust Imara Income-REIT,20,20,20,20,20,20,-,-,-,-
19-Feb-26,GLD,ABSA NewGold ETF,881,9800,5920,6035,5985,5920,65,1.10%,198,-
19-Feb-26,SMWF,Satrix MSCI World Feeder ETF,755,1050,868,879,864,864,-,-,79,-
19-Feb-26,^N10I,NSE 10-Share Index,1250.85,2271.75,2190.03,2190.03,2190.03,2219.51,-29.48,-1.33%,-,-
19-Feb-26,^N20I,NSE 20-Share Index,2092.84,3758.73,3641.21,3641.21,3641.21,3678.01,-36.8,-1.00%,-,-
19-Feb-26,^N25I,NSE 25-Share Index,3314.15,5948.29,5745.05,5745.05,5745.05,5808.23,-63.18,-1.09%,-,-
19-Feb-26,^NASI,NSE All-Share Index,123.6,216.69,211.19,211.19,211.19,214.34,-3.15,-1.47%,-,-
19-Feb-26,^NBSI,NSE Banking Sector Index,149.92,245.9,234.85,234.85,234.85,236.19,-1.34,-0.57%,-,-
19-Feb-26,^NBDI,NSE Bonds Index,1140.96,1210.41,1190.46,1190.46,1190.46,1183.33,7.13,0.60%,-,-
19-Feb-26,^ZKEQTK,Zamara Kenya Equity Index (KES),2424.57,4790.09,4572.08,4572.08,4572.08,4617.23,-45.15,-0.98%,-,-
19-Feb-26,^ZKEQTU,Zamara Kenya Equity Index (USD),1610.77,3197.11,3051.6,3051.6,3051.6,3081.73,-30.13,-0.98%,-,-
20-Feb-26,EGAD,Eaagads Ltd,11,35.25,31,33.35,31.95,32.95,-1,-3.03%,4069,-
20-Feb-26,KUKZ,Kakuzi Plc,365,440,405,438,429.75,436.5,-6.75,-1.55%,198,-
20-Feb-26,KAPC,Kapchorua Tea Kenya Plc,198,424.25,248,250,249.25,248.25,1,0.40%,912,-
20-Feb-26,LIMT,Limuru Tea Plc,295,555,505,550,531,531,-,-,22,-
20-Feb-26,SASN,Sasini Plc,13.3,33.9,26.65,29,27.1,29.6,-2.5,-8.45%,123170,-
20-Feb-26,WTK,Williamson Tea Kenya Plc,136,350,143,150,144.5,143.75,0.75,0.52%,21850,-
20-Feb-26,CGEN,Car and General (K) Ltd,19.8,74.25,71,73,72.75,70.75,2,2.83%,17220,-
20-Feb-26,ABSA,ABSA Bank Kenya Plc,15,33,28,29.3,28.45,29.45,-1,-3.40%,311251,-
20-Feb-26,BKG,BK Group Plc,28.75,50,45,47.5,46,45.75,0.25,0.55%,3540640,-
20-Feb-26,COOP,Co-operative Bank of Kenya Ltd,13.8,31.5,28.65,29.4,29.05,29.4,-0.35,-1.19%,1161775,-
20-Feb-26,DTK,Diamond Trust Bank Kenya Ltd,66,170,149.5,154,151.5,150.25,1.25,0.83%,182661,-
20-Feb-26,EQTY,Equity Group Holdings Plc,41.2,80,73,75,73.25,74.25,-1,-1.35%,432171,-
20-Feb-26,HFCK,HF Group Ltd,5.3,11.5,9.64,11,10.4,10.7,-0.3,-2.80%,247522,-
20-Feb-26,IMH,I & M Holdings Plc,29.5,52,48,49,48.35,48.05,0.3,0.62%,315332,-
20-Feb-26,KCB,KCB Group Plc,35,80.5,73.5,75.25,74.75,74.75,-,-,1289554,-
20-Feb-26,NCBA,NCBA Group Plc,48,100,87.5,89,88.25,89.75,-1.5,-1.67%,98058,-
20-Feb-26,SBIC,Stanbic Holdings Plc,147,270,242,255,253.5,254.25,-0.75,-0.29%,3792,-
20-Feb-26,SCBK,Standard Chartered Bank Kenya Ltd,260,365,334,338.5,336.25,336.5,-0.25,-0.07%,20400,-
20-Feb-26,DCON,Deacons (East Africa) Plc,0.45,0.45,0.45,0.45,0.45,0.45,-,-,-,-
20-Feb-26,EVRD,Eveready East Africa Ltd,0.75,1.78,1.32,1.56,1.35,1.46,-0.11,-7.53%,2845156,-
20-Feb-26,XPRS,Express Kenya Plc,2.8,10,7.2,8,7.82,7.74,0.08,1.03%,9589,-
20-Feb-26,HBE,Homeboyz Entertainment Plc,4.66,4.66,4.66,4.66,4.66,4.66,-,-,-,-
20-Feb-26,KQ,Kenya Airways Plc,1.56,6.02,5,5.48,5.16,5.26,-0.1,-1.90%,391934,-
20-Feb-26,LKL,Longhorn Publishers Plc,2.35,3.5,3.26,3.38,3.28,3.26,0.02,0.61%,18009,-
20-Feb-26,NBV,Nairobi Business Ventures Ltd,1.33,2.16,1.53,1.63,1.55,1.56,-0.01,-0.64%,84586,-
20-Feb-26,NMG,Nation Media Group Plc,10.05,20,14.5,14.8,14.65,14.5,0.15,1.03%,6651,-
20-Feb-26,SMER,Sameer Africa Plc,2.7,21.5,18.65,20.7,19.8,20.65,-0.85,-4.12%,27786,-
20-Feb-26,SGL,Standard Group Plc,5.2,7.14,5.76,6.6,6.36,6.28,0.08,1.27%,12492,-
20-Feb-26,TPSE,TPS Eastern Africa (Serena) Ltd,13.05,18.2,17,17.35,17.15,17.3,-0.15,-0.87%,7678,-
20-Feb-26,UCHM,Uchumi Supermarket Plc,0.23,2.93,1.75,1.89,1.84,1.72,0.12,6.98%,1863641,-
20-Feb-26,SCAN,WPP ScanGroup Plc,2,3.4,2.4,2.6,2.45,2.48,-0.03,-1.21%,208347,-
20-Feb-26,ARM,ARM Cement Plc,5.55,5.55,5.55,5.55,5.55,5.55,-,-,-,-
20-Feb-26,BAMB,Bamburi Cement Ltd,47.2,56.5,47.2,47.2,47.2,47.2,-,-,-,-
20-Feb-26,CRWN,Crown Paints Kenya Plc,30,70.75,62,69.5,65.5,68.5,-3,-4.38%,2928,-
20-Feb-26,CABL,East African Cables Plc,1,2.44,1,1,1,1,-,-,-,-
20-Feb-26,PORT,East African Portland Cement Ltd,28,101,80,81.75,80.75,82.5,-1.75,-2.12%,1778,-
20-Feb-26,KEGN,Kenya Electricity Generating Company Plc,4.5,10.75,9.52,9.6,9.56,9.6,-0.04,-0.42%,1538577,-
20-Feb-26,KPLC-P4,KPLC-P4,4,5,5,5,5,5,-,-,-,-
20-Feb-26,KPLC-P7,KPLC-P7,6,6,6,6,6,6,-,-,-,-
20-Feb-26,KPLC,Kenya Power and Lighting Company Plc,5.7,19,16.95,17.7,17.25,17.8,-0.55,-3.09%,2226421,-
20-Feb-26,TOTL,TotalEnergies Marketing Kenya Plc,21,47,41.7,45,42.6,42.7,-0.1,-0.23%,66305,-
20-Feb-26,UMME,Umeme Ltd,5.8,24.75,8.82,9.4,9.1,9.22,-0.12,-1.30%,47269,-
20-Feb-26,BRIT,Britam Holdings Plc,5.92,13.4,11.55,12,11.9,11.95,-0.05,-0.42%,105950,-
20-Feb-26,CIC,CIC Insurance Group Ltd,2.55,6.62,6,6.5,6.2,6.46,-0.26,-4.02%,1952841,-
20-Feb-26,JUB,Jubilee Holdings Ltd,182,437.75,353,360,359,353.75,5.25,1.48%,262,-
20-Feb-26,KNRE,Kenya Re-Insurance Corporation Ltd,1.5,4.02,3.6,3.8,3.75,3.7,0.05,1.35%,1241834,-
20-Feb-26,LBTY,Liberty Kenya Holdings Ltd,9.1,12.2,9.98,10.95,10.15,9.98,0.17,1.70%,88271,-
20-Feb-26,SLAM,Sanlam Allianz Holdings (Kenya) Plc,5.5,11,9.4,10.25,9.88,9.98,-0.1,-1.00%,31299,-
20-Feb-26,CTUM,Centum Investment Company Plc,10.85,16.75,14.65,15.55,15.25,14.8,0.45,3.04%,58193,-
20-Feb-26,HAFR,Home Afrika Ltd,0.48,1.93,1.39,1.49,1.44,1.5,-0.06,-4.00%,426610,-
20-Feb-26,KURV,Kurwitu Ventures Ltd,1400,1500,1500,1500,1500,1500,-,-,-,-
20-Feb-26,OCH,Olympia Capital Holdings Ltd,3.12,9,8,8.5,8.04,7.92,0.12,1.52%,48553,-
20-Feb-26,TCL,Trans-Century Plc,0.71,1.42,0.71,0.71,0.71,0.71,-,-,-,-
20-Feb-26,NSE,Nairobi Securities Exchange Plc,6.5,25.9,22.3,23,22.55,22.9,-0.35,-1.53%,92429,-
20-Feb-26,AMAC,Africa Mega Agricorp Plc,51,118.25,93.5,100,95.25,95.75,-0.5,-0.52%,444,-
20-Feb-26,BOC,BOC Kenya Plc,76,150,130,139,133,138.75,-5.75,-4.14%,1693,-
20-Feb-26,BAT,British American Tobacco Kenya Plc,345,629,510,520,515,504,11,2.18%,79828,-
20-Feb-26,CARB,Carbacid Investments Plc,18,33,31.4,32.35,31.95,32.15,-0.2,-0.62%,10026,-
20-Feb-26,EABL,East African Breweries Ltd,167,351,249,254,250.5,248.75,1.75,0.70%,98523,-
20-Feb-26,FTGH,Flame Tree Group Holdings Ltd,1.05,3.11,1.9,2.09,2.02,1.97,0.05,2.54%,199865,-
20-Feb-26,MSC,Mumias Sugar Company Ltd,0.27,0.27,0.27,0.27,0.27,0.27,-,-,-,-
20-Feb-26,SKL,Shri Krishana Overseas Plc,5.8,12,10.95,11.05,11,10.05,0.95,9.45%,26350,-
20-Feb-26,UNGA,Unga Group Ltd,18.05,34,26,27,26.75,27.15,-0.4,-1.47%,4285,-
20-Feb-26,SCOM,Safaricom Plc,17,34.2,31.8,32.45,32,32.15,-0.15,-0.47%,4268281,-
20-Feb-26,LAPR,LAPTrust Imara Income-REIT,20,20,20,20,20,20,-,-,-,-
20-Feb-26,GLD,ABSA NewGold ETF,881,9800,5925,6000,6000,5985,15,0.25%,157,-
20-Feb-26,SMWF,Satrix MSCI World Feeder ETF,755,1050,860,868,864,864,-,-,47,-
20-Feb-26,^N10I,NSE 10-Share Index,1250.85,2271.75,2172.95,2172.95,2172.95,2190.03,-17.08,-0.78%,-,-
20-Feb-26,^N20I,NSE 20-Share Index,2092.84,3758.73,3622.57,3622.57,3622.57,3641.21,-18.64,-0.51%,-,-
20-Feb-26,^N25I,NSE 25-Share Index,3314.15,5948.29,5701.79,5701.79,5701.79,5745.05,-43.26,-0.75%,-,-
20-Feb-26,^NASI,NSE All-Share Index,123.6,216.69,209.88,209.88,209.88,211.19,-1.31,-0.62%,-,-
20-Feb-26,^NBSI,NSE Banking Sector Index,149.92,245.9,232.53,232.53,232.53,234.85,-2.32,-0.99%,-,-
20-Feb-26,^NBDI,NSE Bonds Index,1140.96,1210.41,1195.49,1195.49,1195.49,1190.46,5.03,0.42%,-,-
20-Feb-26,^ZKEQTK,Zamara Kenya Equity Index (KES),2424.57,4790.09,4545.67,4545.67,4545.67,4572.08,-26.41,-0.58%,-,-
20-Feb-26,^ZKEQTU,Zamara Kenya Equity Index (USD),1610.77,3197.11,3033.97,3033.97,3033.97,3051.6,-17.63,-0.58%,-,-
23-Feb-26,EGAD,Eaagads Ltd,11,35.25,31.5,33.95,32.55,31.95,0.6,1.88%,1505,-
23-Feb-26,KUKZ,Kakuzi Plc,365,440,405,437,421.25,429.75,-8.5,-1.98%,411,-
23-Feb-26,KAPC,Kapchorua Tea Kenya Plc,198,424.25,248.5,250,249,249.25,-0.25,-0.10%,1006,-
23-Feb-26,LIMT,Limuru Tea Plc,295,555,500,555,517,531,-14,-2.64%,318,-
23-Feb-26,SASN,Sasini Plc,13.3,33.9,28,29.5,28.65,27.1,1.55,5.72%,117437,-
23-Feb-26,WTK,Williamson Tea Kenya Plc,136,350,142,145,143.5,144.5,-1,-0.69%,18514,-
23-Feb-26,CGEN,Car and General (K) Ltd,19.8,74.25,71,73,72.75,72.75,-,-,20833,-
23-Feb-26,ABSA,ABSA Bank Kenya Plc,15,33,28,29,28.3,28.45,-0.15,-0.53%,414021,-
23-Feb-26,BKG,BK Group Plc,28.75,50,43,47,46,46,-,-,367095,-
23-Feb-26,COOP,Co-operative Bank of Kenya Ltd,13.8,31.5,28.6,29.4,29.2,29.05,0.15,0.52%,247415,-
23-Feb-26,DTK,Diamond Trust Bank Kenya Ltd,66,170,152.5,154,153.25,151.5,1.75,1.16%,138945,-
23-Feb-26,EQTY,Equity Group Holdings Plc,41.2,80,73.25,74.5,73.75,73.25,0.5,0.68%,1631426,-
23-Feb-26,HFCK,HF Group Ltd,5.3,11.5,10.4,11,10.85,10.4,0.45,4.33%,394810,-
23-Feb-26,IMH,I & M Holdings Plc,29.5,52,48,49,48.1,48.35,-0.25,-0.52%,1432085,-
23-Feb-26,KCB,KCB Group Plc,35,80.5,73.75,75.5,75,74.75,0.25,0.33%,2925085,-
23-Feb-26,NCBA,NCBA Group Plc,48,100,87.25,90,88.25,88.25,-,-,242328,-
23-Feb-26,SBIC,Stanbic Holdings Plc,147,270,242,254.75,253.75,253.5,0.25,0.10%,152709,-
23-Feb-26,SCBK,Standard Chartered Bank Kenya Ltd,260,365,330,340,337.25,336.25,1,0.30%,42136,-
23-Feb-26,DCON,Deacons (East Africa) Plc,0.45,0.45,0.45,0.45,0.45,0.45,-,-,-,-
23-Feb-26,EVRD,Eveready East Africa Ltd,0.75,1.78,1.29,1.48,1.31,1.35,-0.04,-2.96%,3860782,-
23-Feb-26,XPRS,Express Kenya Plc,2.8,10,7.5,8,7.94,7.82,0.12,1.53%,8170,-
23-Feb-26,HBE,Homeboyz Entertainment Plc,4.66,4.66,4.66,4.66,4.66,4.66,-,-,-,-
23-Feb-26,KQ,Kenya Airways Plc,1.56,6.02,5.26,5.66,5.52,5.16,0.36,6.98%,37940179,-
23-Feb-26,LKL,Longhorn Publishers Plc,2.35,3.5,3.26,3.46,3.3,3.28,0.02,0.61%,94495,-
23-Feb-26,NBV,Nairobi Business Ventures Ltd,1.33,2.16,1.5,1.6,1.55,1.55,-,-,304230,-
23-Feb-26,NMG,Nation Media Group Plc,10.05,20,14.45,14.7,14.5,14.65,-0.15,-1.02%,9461,-
23-Feb-26,SMER,Sameer Africa Plc,2.7,21.5,19.5,20.7,20.25,19.8,0.45,2.27%,16747,-
23-Feb-26,SGL,Standard Group Plc,5.2,7.14,6.36,6.58,6.42,6.36,0.06,0.94%,4670,-
23-Feb-26,TPSE,TPS Eastern Africa (Serena) Ltd,13.05,18.2,16.15,17.3,17.2,17.15,0.05,0.29%,543,-
23-Feb-26,UCHM,Uchumi Supermarket Plc,0.23,2.93,1.89,2.02,2.01,1.84,0.17,9.24%,1480821,-
23-Feb-26,SCAN,WPP ScanGroup Plc,2,3.4,2.35,2.49,2.43,2.45,-0.02,-0.82%,39695,-
23-Feb-26,ARM,ARM Cement Plc,5.55,5.55,5.55,5.55,5.55,5.55,-,-,-,-
23-Feb-26,BAMB,Bamburi Cement Ltd,47.2,56.5,47.2,47.2,47.2,47.2,-,-,-,-
23-Feb-26,CRWN,Crown Paints Kenya Plc,30,70.75,62,67.75,65.5,65.5,-,-,7139,-
23-Feb-26,CABL,East African Cables Plc,1,2.44,1,1,1,1,-,-,-,-
23-Feb-26,PORT,East African Portland Cement Ltd,28,101,80,85.75,84.25,80.75,3.5,4.33%,5900,-
23-Feb-26,KEGN,Kenya Electricity Generating Company Plc,4.5,10.75,9.48,9.6,9.56,9.56,-,-,1857500,-
23-Feb-26,KPLC-P4,KPLC-P4,4,5,5,5,5,5,-,-,-,-
23-Feb-26,KPLC-P7,KPLC-P7,6,6,6,6,6,6,-,-,-,-
23-Feb-26,KPLC,Kenya Power and Lighting Company Plc,5.7,19,16.8,17.3,17.15,17.25,-0.1,-0.58%,2049342,-
23-Feb-26,TOTL,TotalEnergies Marketing Kenya Plc,21,47,42,43,42.45,42.6,-0.15,-0.35%,22164,-
23-Feb-26,UMME,Umeme Ltd,5.8,24.75,8.8,9.24,9.1,9.1,-,-,127829,-
23-Feb-26,BRIT,Britam Holdings Plc,5.92,13.4,11.05,12.2,11.75,11.9,-0.15,-1.26%,180884,-
23-Feb-26,CIC,CIC Insurance Group Ltd,2.55,6.62,5.98,6.38,6.14,6.2,-0.06,-0.97%,685081,-
23-Feb-26,JUB,Jubilee Holdings Ltd,182,437.75,360,369,363.5,359,4.5,1.25%,4691,-
23-Feb-26,KNRE,Kenya Re-Insurance Corporation Ltd,1.5,4.02,3.7,3.8,3.76,3.75,0.01,0.27%,1683924,-
23-Feb-26,LBTY,Liberty Kenya Holdings Ltd,9.1,12.2,10,10.95,10.15,10.15,-,-,45005,-
23-Feb-26,SLAM,Sanlam Allianz Holdings (Kenya) Plc,5.5,11,9,10.3,10.05,9.88,0.17,1.72%,95381,-
23-Feb-26,CTUM,Centum Investment Company Plc,10.85,16.75,14.85,15.55,15,15.25,-0.25,-1.64%,23312,-
23-Feb-26,HAFR,Home Afrika Ltd,0.48,1.93,1.31,1.44,1.39,1.44,-0.05,-3.47%,482038,-
23-Feb-26,KURV,Kurwitu Ventures Ltd,1400,1500,1500,1500,1500,1500,-,-,6,-
23-Feb-26,OCH,Olympia Capital Holdings Ltd,3.12,9,8,8.38,8.18,8.04,0.14,1.74%,2494,-
23-Feb-26,TCL,Trans-Century Plc,0.71,1.42,0.71,0.71,0.71,0.71,-,-,-,-
23-Feb-26,NSE,Nairobi Securities Exchange Plc,6.5,25.9,21.9,22.95,22.4,22.55,-0.15,-0.67%,137618,-
23-Feb-26,AMAC,Africa Mega Agricorp Plc,51,118.25,90,100,94.5,95.25,-0.75,-0.79%,1433,-
23-Feb-26,BOC,BOC Kenya Plc,76,150,130,139,130.75,133,-2.25,-1.69%,3173,-
23-Feb-26,BAT,British American Tobacco Kenya Plc,345,629,510,529,521,515,6,1.17%,3440,-
23-Feb-26,CARB,Carbacid Investments Plc,18,33,31.25,32,31.25,31.95,-0.7,-2.19%,519802,-
23-Feb-26,EABL,East African Breweries Ltd,167,351,245.5,254,249.25,250.5,-1.25,-0.50%,29668,-
23-Feb-26,FTGH,Flame Tree Group Holdings Ltd,1.05,3.11,2,2.22,2.2,2.02,0.18,8.91%,383953,-
23-Feb-26,MSC,Mumias Sugar Company Ltd,0.27,0.27,0.27,0.27,0.27,0.27,-,-,-,-
23-Feb-26,SKL,Shri Krishana Overseas Plc,5.8,12,9.9,12,10.7,11,-0.3,-2.73%,61126,-
23-Feb-26,UNGA,Unga Group Ltd,18.05,34,25,25.7,25.55,26.75,-1.2,-4.49%,3411,-
23-Feb-26,SCOM,Safaricom Plc,17,34.2,32,32.9,32.25,32,0.25,0.78%,4954448,-
23-Feb-26,LAPR,LAPTrust Imara Income-REIT,20,20,20,20,20,20,-,-,-,-
23-Feb-26,GLD,ABSA NewGold ETF,881,9800,6000,6250,6175,6000,175,2.92%,828,-
23-Feb-26,SMWF,Satrix MSCI World Feeder ETF,755,1050,836,850,850,864,-14,-1.62%,105,-
23-Feb-26,^N10I,NSE 10-Share Index,1250.85,2271.75,2179.88,2179.88,2179.88,2172.95,6.93,0.32%,-,-
23-Feb-26,^N20I,NSE 20-Share Index,2092.84,3758.73,3628.9,3628.9,3628.9,3622.57,6.33,0.17%,-,-
23-Feb-26,^N25I,NSE 25-Share Index,3314.15,5948.29,5718.8,5718.8,5718.8,5701.79,17.01,0.30%,-,-
23-Feb-26,^NASI,NSE All-Share Index,123.6,216.69,210.87,210.87,210.87,209.88,0.99,0.47%,-,-
23-Feb-26,^NBSI,NSE Banking Sector Index,149.92,245.9,233.24,233.24,233.24,232.53,0.71,0.31%,-,-
23-Feb-26,^NBDI,NSE Bonds Index,1140.96,1210.41,1189.74,1189.74,1189.74,1195.49,-5.75,-0.48%,-,-
23-Feb-26,^ZKEQTK,Zamara Kenya Equity Index (KES),2424.57,4790.09,4569.84,4569.84,4569.84,4545.67,24.17,0.53%,-,-
23-Feb-26,^ZKEQTU,Zamara Kenya Equity Index (USD),1610.77,3197.11,3050.1,3050.1,3050.1,3033.97,16.13,0.53%,-,-
24-Feb-26,EGAD,Eaagads Ltd,11,35.25,30,31.95,31.7,32.55,-0.85,-2.61%,6825,-
24-Feb-26,KUKZ,Kakuzi Plc,365,440,405,436.75,421.25,421.25,-,-,91,-
24-Feb-26,KAPC,Kapchorua Tea Kenya Plc,198,424.25,248,249,248.25,249,-0.75,-0.30%,2187,-
24-Feb-26,LIMT,Limuru Tea Plc,295,555,550,550,550,517,33,6.38%,122,-
24-Feb-26,SASN,Sasini Plc,13.3,33.9,27.55,29,27.95,28.65,-0.7,-2.44%,67867,-
24-Feb-26,WTK,Williamson Tea Kenya Plc,136,350,142,145,142.75,143.5,-0.75,-0.52%,7771,-
24-Feb-26,CGEN,Car and General (K) Ltd,19.8,74.25,70,73,72.25,72.75,-0.5,-0.69%,12250,-
24-Feb-26,ABSA,ABSA Bank Kenya Plc,15,33,28.45,29.95,29.1,28.3,0.8,2.83%,564452,-
24-Feb-26,BKG,BK Group Plc,28.75,50,44,46.5,46,46,-,-,301475,-
24-Feb-26,COOP,Co-operative Bank of Kenya Ltd,13.8,31.5,28.85,29.75,29,29.2,-0.2,-0.68%,556511,-
24-Feb-26,DTK,Diamond Trust Bank Kenya Ltd,66,170,152,156,154,153.25,0.75,0.49%,50952,-
24-Feb-26,EQTY,Equity Group Holdings Plc,41.2,80,74,76.5,74.5,73.75,0.75,1.02%,5820316,-
24-Feb-26,HFCK,HF Group Ltd,5.3,11.5,10.25,11,10.3,10.85,-0.55,-5.07%,2095147,-
24-Feb-26,IMH,I & M Holdings Plc,29.5,52,48.5,49.4,48.95,48.1,0.85,1.77%,1181609,-
24-Feb-26,KCB,KCB Group Plc,35,80.5,74.5,75.5,75,75,-,-,3274656,-
24-Feb-26,NCBA,NCBA Group Plc,48,100,89,91.25,90,88.25,1.75,1.98%,172836,-
24-Feb-26,SBIC,Stanbic Holdings Plc,147,270,245,255,254,253.75,0.25,0.10%,34003,-
24-Feb-26,SCBK,Standard Chartered Bank Kenya Ltd,260,365,339.5,344,340.5,337.25,3.25,0.96%,50464,-
24-Feb-26,DCON,Deacons (East Africa) Plc,0.45,0.45,0.45,0.45,0.45,0.45,-,-,-,-
24-Feb-26,EVRD,Eveready East Africa Ltd,0.75,1.78,1.29,1.44,1.3,1.31,-0.01,-0.76%,3991652,-
24-Feb-26,XPRS,Express Kenya Plc,2.8,10,7.5,8.24,7.96,7.94,0.02,0.25%,6781,-
24-Feb-26,HBE,Homeboyz Entertainment Plc,4.66,4.66,4.66,4.66,4.66,4.66,-,-,-,-
24-Feb-26,KQ,Kenya Airways Plc,1.56,6.02,5.5,6,5.56,5.52,0.04,0.72%,32071165,-
24-Feb-26,LKL,Longhorn Publishers Plc,2.35,3.5,3.26,3.35,3.29,3.3,-0.01,-0.30%,6386,-
24-Feb-26,NBV,Nairobi Business Ventures Ltd,1.33,2.16,1.5,1.65,1.55,1.55,-,-,272324,-
24-Feb-26,NMG,Nation Media Group Plc,10.05,20,14.25,15,14.55,14.5,0.05,0.34%,8133,-
24-Feb-26,SMER,Sameer Africa Plc,2.7,21.5,19.65,20.7,20.45,20.25,0.2,0.99%,51712,-
24-Feb-26,SGL,Standard Group Plc,5.2,7.14,5.8,6.4,6.14,6.42,-0.28,-4.36%,3129,-
24-Feb-26,TPSE,TPS Eastern Africa (Serena) Ltd,13.05,18.2,17,17.3,17.1,17.2,-0.1,-0.58%,1628,-
24-Feb-26,UCHM,Uchumi Supermarket Plc,0.23,2.93,2.03,2.21,2.21,2.01,0.2,9.95%,1285338,-
24-Feb-26,SCAN,WPP ScanGroup Plc,2,3.4,2.36,2.45,2.42,2.43,-0.01,-0.41%,91287,-
24-Feb-26,ARM,ARM Cement Plc,5.55,5.55,5.55,5.55,5.55,5.55,-,-,-,-
24-Feb-26,BAMB,Bamburi Cement Ltd,47.2,56.5,47.2,47.2,47.2,47.2,-,-,-,-
24-Feb-26,CRWN,Crown Paints Kenya Plc,30,70.75,62,65,62.25,65.5,-3.25,-4.96%,2034,-
24-Feb-26,CABL,East African Cables Plc,1,2.44,1,1,1,1,-,-,-,-
24-Feb-26,PORT,East African Portland Cement Ltd,28,101,80,87,80.5,84.25,-3.75,-4.45%,1230,-
24-Feb-26,KEGN,Kenya Electricity Generating Company Plc,4.5,10.75,9.54,9.6,9.58,9.56,0.02,0.21%,1039975,-
24-Feb-26,KPLC-P4,KPLC-P4,4,5,5,5,5,5,-,-,-,-
24-Feb-26,KPLC-P7,KPLC-P7,6,6,6,6,6,6,-,-,-,-
24-Feb-26,KPLC,Kenya Power and Lighting Company Plc,5.7,19,17.05,17.7,17.4,17.15,0.25,1.46%,1254911,-
24-Feb-26,TOTL,TotalEnergies Marketing Kenya Plc,21,47,42,43,42.2,42.45,-0.25,-0.59%,31379,-
24-Feb-26,UMME,Umeme Ltd,5.8,24.75,8.8,9.2,8.9,9.1,-0.2,-2.20%,2003600,-
24-Feb-26,BRIT,Britam Holdings Plc,5.92,13.4,10.8,11.9,11.1,11.75,-0.65,-5.53%,230893,-
24-Feb-26,CIC,CIC Insurance Group Ltd,2.55,6.62,4.59,5.54,5.04,6.14,-1.1,-17.92%,1680235,-
24-Feb-26,JUB,Jubilee Holdings Ltd,182,437.75,365,367,366.75,363.5,3.25,0.89%,771,-
24-Feb-26,KNRE,Kenya Re-Insurance Corporation Ltd,1.5,4.02,3.75,3.9,3.8,3.76,0.04,1.06%,3342170,-
24-Feb-26,LBTY,Liberty Kenya Holdings Ltd,9.1,12.2,9.96,10.6,10,10.15,-0.15,-1.48%,593329,-
24-Feb-26,SLAM,Sanlam Allianz Holdings (Kenya) Plc,5.5,11,10,10.5,10.3,10.05,0.25,2.49%,33431,-
24-Feb-26,CTUM,Centum Investment Company Plc,10.85,16.75,14.35,15,14.8,15,-0.2,-1.33%,30757,-
24-Feb-26,HAFR,Home Afrika Ltd,0.48,1.93,1.36,1.5,1.46,1.39,0.07,5.04%,509075,-
24-Feb-26,KURV,Kurwitu Ventures Ltd,1400,1500,1500,1500,1500,1500,-,-,-,-
24-Feb-26,OCH,Olympia Capital Holdings Ltd,3.12,9,8,8.4,8.18,8.18,-,-,847,-
24-Feb-26,TCL,Trans-Century Plc,0.71,1.42,0.71,0.71,0.71,0.71,-,-,-,-
24-Feb-26,NSE,Nairobi Securities Exchange Plc,6.5,25.9,21.9,22.9,22.05,22.4,-0.35,-1.56%,235678,-
24-Feb-26,AMAC,Africa Mega Agricorp Plc,51,118.25,90,100,98.25,94.5,3.75,3.97%,404,-
24-Feb-26,BOC,BOC Kenya Plc,76,150,130,138.25,136,130.75,5.25,4.02%,30299,-
24-Feb-26,BAT,British American Tobacco Kenya Plc,345,629,520,535,525,521,4,0.77%,8038,-
24-Feb-26,CARB,Carbacid Investments Plc,18,33,31.85,32,31.9,31.25,0.65,2.08%,16057,-
24-Feb-26,EABL,East African Breweries Ltd,167,351,249,255,250.75,249.25,1.5,0.60%,119475,-
24-Feb-26,FTGH,Flame Tree Group Holdings Ltd,1.05,3.11,2.21,2.3,2.28,2.2,0.08,3.64%,281653,-
24-Feb-26,MSC,Mumias Sugar Company Ltd,0.27,0.27,0.27,0.27,0.27,0.27,-,-,-,-
24-Feb-26,SKL,Shri Krishana Overseas Plc,5.8,12,10.45,10.5,10.5,10.7,-0.2,-1.87%,6409,-
24-Feb-26,UNGA,Unga Group Ltd,18.05,34,24.3,25.7,24.95,25.55,-0.6,-2.35%,3502,-
24-Feb-26,SCOM,Safaricom Plc,17,34.2,32.3,33.45,32.9,32.25,0.65,2.02%,11818533,-
24-Feb-26,LAPR,LAPTrust Imara Income-REIT,20,20,20,20,20,20,-,-,25000000,-
24-Feb-26,GLD,ABSA NewGold ETF,881,9800,6000,6200,6175,6175,-,-,41,-
24-Feb-26,SMWF,Satrix MSCI World Feeder ETF,755,1050,850,879,850,850,-,-,30,-
24-Feb-26,^N10I,NSE 10-Share Index,1250.85,2271.75,2201.92,2201.92,2201.92,2179.88,22.04,1.01%,-,-
24-Feb-26,^N20I,NSE 20-Share Index,2092.84,3758.73,3597.23,3597.23,3597.23,3628.9,-31.67,-0.87%,-,-
24-Feb-26,^N25I,NSE 25-Share Index,3314.15,5948.29,5769.95,5769.95,5769.95,5718.8,51.15,0.89%,-,-
24-Feb-26,^NASI,NSE All-Share Index,123.6,216.69,213.02,213.02,213.02,210.87,2.15,1.02%,-,-
24-Feb-26,^NBSI,NSE Banking Sector Index,149.92,245.9,235.06,235.06,235.06,233.24,1.82,0.78%,-,-
24-Feb-26,^NBDI,NSE Bonds Index,1140.96,1210.41,1195.3,1195.3,1195.3,1189.74,5.56,0.47%,-,-
24-Feb-26,^ZKEQTK,Zamara Kenya Equity Index (KES),2424.57,4790.09,4610.37,4610.37,4610.37,4569.84,40.53,0.89%,-,-
24-Feb-26,^ZKEQTU,Zamara Kenya Equity Index (USD),1610.77,3197.11,3077.15,3077.15,3077.15,3050.1,27.05,0.89%,-,-
25-Feb-26,EGAD,Eaagads Ltd,11,35.25,30.5,32,31.05,31.7,-0.65,-2.05%,8977,-
25-Feb-26,KUKZ,Kakuzi Plc,365,440,407,436.75,436.5,421.25,15.25,3.62%,1352,-
25-Feb-26,KAPC,Kapchorua Tea Kenya Plc,198,424.25,247.5,249,248.25,248.25,-,-,1966,-
25-Feb-26,LIMT,Limuru Tea Plc,295,555,517,550,550,550,-,-,32,-
25-Feb-26,SASN,Sasini Plc,13.3,33.9,27.5,29,28.35,27.95,0.4,1.43%,20348,-
25-Feb-26,WTK,Williamson Tea Kenya Plc,136,350,141,145,143.75,142.75,1,0.70%,19567,-
25-Feb-26,CGEN,Car and General (K) Ltd,19.8,74.25,69.5,72.75,71,72.25,-1.25,-1.73%,1536,-
25-Feb-26,ABSA,ABSA Bank Kenya Plc,15,33,29.35,29.9,29.5,29.1,0.4,1.37%,2435843,-
25-Feb-26,BKG,BK Group Plc,28.75,50,45.1,47.5,47.05,46,1.05,2.28%,1987,-
25-Feb-26,COOP,Co-operative Bank of Kenya Ltd,13.8,31.5,28.9,30,29,29,-,-,3894497,-
25-Feb-26,DTK,Diamond Trust Bank Kenya Ltd,66,170,156,159,158.25,154,4.25,2.76%,55749,-
25-Feb-26,EQTY,Equity Group Holdings Plc,41.2,80,75.5,77.75,76.5,74.5,2,2.68%,6246389,-
25-Feb-26,HFCK,HF Group Ltd,5.3,11.5,10.3,11.2,11.05,10.3,0.75,7.28%,118657,-
25-Feb-26,IMH,I & M Holdings Plc,29.5,52,48.95,49.5,49.1,48.95,0.15,0.31%,479737,-
25-Feb-26,KCB,KCB Group Plc,35,80.5,75.25,76.5,75.5,75,0.5,0.67%,1286868,-
25-Feb-26,NCBA,NCBA Group Plc,48,100,89.75,93,90.25,90,0.25,0.28%,145610,-
25-Feb-26,SBIC,Stanbic Holdings Plc,147,270,253.75,257.5,255.25,254,1.25,0.49%,17070,-
25-Feb-26,SCBK,Standard Chartered Bank Kenya Ltd,260,365,340,348,345.25,340.5,4.75,1.40%,26561,-
25-Feb-26,DCON,Deacons (East Africa) Plc,0.45,0.45,0.45,0.45,0.45,0.45,-,-,-,-
25-Feb-26,EVRD,Eveready East Africa Ltd,0.75,1.78,1.19,1.3,1.22,1.3,-0.08,-6.15%,8287436,-
25-Feb-26,XPRS,Express Kenya Plc,2.8,10,7.5,7.94,7.68,7.96,-0.28,-3.52%,5893,-
25-Feb-26,HBE,Homeboyz Entertainment Plc,4.66,4.66,4.66,4.66,4.66,4.66,-,-,-,-
25-Feb-26,KQ,Kenya Airways Plc,1.56,6.02,5.58,5.9,5.72,5.56,0.16,2.88%,403663,-
25-Feb-26,LKL,Longhorn Publishers Plc,2.35,3.5,3.2,3.4,3.33,3.29,0.04,1.22%,57139,-
25-Feb-26,NBV,Nairobi Business Ventures Ltd,1.33,2.16,1.4,1.55,1.49,1.55,-0.06,-3.87%,368357,-
25-Feb-26,NMG,Nation Media Group Plc,10.05,20,14,14.5,14.4,14.55,-0.15,-1.03%,21059,-
25-Feb-26,SMER,Sameer Africa Plc,2.7,21.5,19.5,20,19.85,20.45,-0.6,-2.93%,11106,-
25-Feb-26,SGL,Standard Group Plc,5.2,7.14,5.9,6.4,6.38,6.14,0.24,3.91%,4849,-
25-Feb-26,TPSE,TPS Eastern Africa (Serena) Ltd,13.05,18.2,16.5,17.3,17.2,17.1,0.1,0.58%,1028,-
25-Feb-26,UCHM,Uchumi Supermarket Plc,0.23,2.93,2.26,2.43,2.43,2.21,0.22,9.95%,1098419,-
25-Feb-26,SCAN,WPP ScanGroup Plc,2,3.4,2.41,2.5,2.46,2.42,0.04,1.65%,69000,-
25-Feb-26,ARM,ARM Cement Plc,5.55,5.55,5.55,5.55,5.55,5.55,-,-,-,-
25-Feb-26,BAMB,Bamburi Cement Ltd,47.2,56.5,47.2,47.2,47.2,47.2,-,-,-,-
25-Feb-26,CRWN,Crown Paints Kenya Plc,30,70.75,61.75,65,64,62.25,1.75,2.81%,7472,-
25-Feb-26,CABL,East African Cables Plc,1,2.44,1,1,1,1,-,-,-,-
25-Feb-26,PORT,East African Portland Cement Ltd,28,101,80,85,84.75,80.5,4.25,5.28%,16898,-
25-Feb-26,KEGN,Kenya Electricity Generating Company Plc,4.5,10.75,9.5,9.6,9.56,9.58,-0.02,-0.21%,2466054,-
25-Feb-26,KPLC-P4,KPLC-P4,4,5,5,5,5,5,-,-,-,-
25-Feb-26,KPLC-P7,KPLC-P7,6,6,6,6,6,6,-,-,-,-
25-Feb-26,KPLC,Kenya Power and Lighting Company Plc,5.7,19,17.5,18,17.7,17.4,0.3,1.72%,1178593,-
25-Feb-26,TOTL,TotalEnergies Marketing Kenya Plc,21,47,41.8,43,42.05,42.2,-0.15,-0.36%,49110,-
25-Feb-26,UMME,Umeme Ltd,5.8,24.75,8.9,9.2,9.06,8.9,0.16,1.80%,49170,-
25-Feb-26,BRIT,Britam Holdings Plc,5.92,13.4,11.2,12,11.7,11.1,0.6,5.41%,147223,-
25-Feb-26,CIC,CIC Insurance Group Ltd,2.55,6.62,5.04,5.52,5.26,5.04,0.22,4.37%,672965,-
25-Feb-26,JUB,Jubilee Holdings Ltd,182,437.75,363,374.75,366.75,366.75,-,-,743,-
25-Feb-26,KNRE,Kenya Re-Insurance Corporation Ltd,1.5,4.02,3.88,3.99,3.91,3.8,0.11,2.89%,2670777,-
25-Feb-26,LBTY,Liberty Kenya Holdings Ltd,9.1,12.2,9.9,10.45,10,10,-,-,15563,-
25-Feb-26,SLAM,Sanlam Allianz Holdings (Kenya) Plc,5.5,11,10,10.5,10.15,10.3,-0.15,-1.46%,17547,-
25-Feb-26,CTUM,Centum Investment Company Plc,10.85,16.75,14.35,15,14.85,14.8,0.05,0.34%,168197,-
25-Feb-26,HAFR,Home Afrika Ltd,0.48,1.93,1.46,1.52,1.5,1.46,0.04,2.74%,917887,-
25-Feb-26,KURV,Kurwitu Ventures Ltd,1400,1500,1500,1500,1500,1500,-,-,6,-
25-Feb-26,OCH,Olympia Capital Holdings Ltd,3.12,9,7.38,8.4,8.04,8.18,-0.14,-1.71%,12305,-
25-Feb-26,TCL,Trans-Century Plc,0.71,1.42,0.71,0.71,0.71,0.71,-,-,-,-
25-Feb-26,NSE,Nairobi Securities Exchange Plc,6.5,25.9,21.5,22.9,21.9,22.05,-0.15,-0.68%,296731,-
25-Feb-26,AMAC,Africa Mega Agricorp Plc,51,118.25,90,100,94.25,98.25,-4,-4.07%,801,-
25-Feb-26,BOC,BOC Kenya Plc,76,150,130,134,134,136,-2,-1.47%,10744,-
25-Feb-26,BAT,British American Tobacco Kenya Plc,345,629,520,538,526,525,1,0.19%,21720,-
25-Feb-26,CARB,Carbacid Investments Plc,18,33,31.7,31.95,31.8,31.9,-0.1,-0.31%,15449,-
25-Feb-26,EABL,East African Breweries Ltd,167,351,250,255,250.5,250.75,-0.25,-0.10%,94009,-
25-Feb-26,FTGH,Flame Tree Group Holdings Ltd,1.05,3.11,2.25,2.5,2.35,2.28,0.07,3.07%,212434,-
25-Feb-26,MSC,Mumias Sugar Company Ltd,0.27,0.27,0.27,0.27,0.27,0.27,-,-,-,-
25-Feb-26,SKL,Shri Krishana Overseas Plc,5.8,12,10.05,10.45,10.05,10.5,-0.45,-4.29%,27593,-
25-Feb-26,UNGA,Unga Group Ltd,18.05,34,25.3,26.75,26.2,24.95,1.25,5.01%,1960,-
25-Feb-26,SCOM,Safaricom Plc,17,34.2,32.25,33.3,33.1,32.9,0.2,0.61%,7920799,-
25-Feb-26,LAPR,LAPTrust Imara Income-REIT,20,20,20,20,20,20,-,-,-,-
25-Feb-26,GLD,ABSA NewGold ETF,881,9800,6000,6220,6175,6175,-,-,84,-
25-Feb-26,SMWF,Satrix MSCI World Feeder ETF,755,1050,850,870,850,850,-,-,56,-
25-Feb-26,^N10I,NSE 10-Share Index,1250.85,2271.75,2224.24,2224.24,2224.24,2201.92,22.32,1.01%,-,-
25-Feb-26,^N20I,NSE 20-Share Index,2092.84,3758.73,3659.04,3659.04,3659.04,3597.23,61.81,1.72%,-,-
25-Feb-26,^N25I,NSE 25-Share Index,3314.15,5948.29,5828.85,5828.85,5828.85,5769.95,58.9,1.02%,-,-
25-Feb-26,^NASI,NSE All-Share Index,123.6,216.69,214.97,214.97,214.97,213.02,1.95,0.92%,-,-
25-Feb-26,^NBSI,NSE Banking Sector Index,149.92,245.9,238.03,238.03,238.03,235.06,2.97,1.26%,-,-
25-Feb-26,^NBDI,NSE Bonds Index,1140.96,1210.41,1207.17,1207.17,1207.17,1195.3,11.87,0.99%,-,-
25-Feb-26,^ZKEQTK,Zamara Kenya Equity Index (KES),2424.57,4790.09,4654.97,4654.97,4654.97,4610.37,44.6,0.97%,-,-
25-Feb-26,^ZKEQTU,Zamara Kenya Equity Index (USD),1610.77,3197.11,3108.13,3108.13,3108.13,3077.15,30.98,1.01%,-,-
26-Feb-26,EGAD,Eaagads Ltd,11,35.25,30,32,31.05,31.05,-,-,1118,-
26-Feb-26,KUKZ,Kakuzi Plc,365,440,428,433.75,436.5,436.5,-,-,54,-
26-Feb-26,KAPC,Kapchorua Tea Kenya Plc,198,424.25,248,250,249,248.25,0.75,0.30%,2580,-
26-Feb-26,LIMT,Limuru Tea Plc,295,555,505,550,550,550,-,-,15,-
26-Feb-26,SASN,Sasini Plc,13.3,33.9,27.75,29.9,28.4,28.35,0.05,0.18%,98495,-
26-Feb-26,WTK,Williamson Tea Kenya Plc,136,350,143,150,145,143.75,1.25,0.87%,136091,-
26-Feb-26,CGEN,Car and General (K) Ltd,19.8,74.25,70,73,71.25,71,0.25,0.35%,9105,-
26-Feb-26,ABSA,ABSA Bank Kenya Plc,15,33,29.65,32.45,30.95,29.5,1.45,4.92%,588603,-
26-Feb-26,BKG,BK Group Plc,28.75,50,43,47.8,45.5,47.05,-1.55,-3.29%,203023,-
26-Feb-26,COOP,Co-operative Bank of Kenya Ltd,13.8,31.5,28.9,29.7,29,29,-,-,4284843,-
26-Feb-26,DTK,Diamond Trust Bank Kenya Ltd,66,170,154,159,158.25,158.25,-,-,41562,-
26-Feb-26,EQTY,Equity Group Holdings Plc,41.2,80,75.75,78,76.5,76.5,-,-,4223133,-
26-Feb-26,HFCK,HF Group Ltd,5.3,11.5,10.5,11.3,10.6,11.05,-0.45,-4.07%,5883331,-
26-Feb-26,IMH,I & M Holdings Plc,29.5,52,49.4,51.25,50,49.1,0.9,1.83%,2142054,-
26-Feb-26,KCB,KCB Group Plc,35,80.5,75.5,78.5,77,75.5,1.5,1.99%,2714790,-
26-Feb-26,NCBA,NCBA Group Plc,48,100,90.5,93.5,92.25,90.25,2,2.22%,177902,-
26-Feb-26,SBIC,Stanbic Holdings Plc,147,270,254,257.5,255.25,255.25,-,-,24282,-
26-Feb-26,SCBK,Standard Chartered Bank Kenya Ltd,260,365,345.25,364,350.5,345.25,5.25,1.52%,63854,-
26-Feb-26,DCON,Deacons (East Africa) Plc,0.45,0.45,0.45,0.45,0.45,0.45,-,-,-,-
26-Feb-26,EVRD,Eveready East Africa Ltd,0.75,1.78,1.13,1.3,1.19,1.22,-0.03,-2.46%,5820915,-
26-Feb-26,XPRS,Express Kenya Plc,2.8,10,7.5,7.94,7.58,7.68,-0.1,-1.30%,17029,-
26-Feb-26,HBE,Homeboyz Entertainment Plc,4.66,4.66,4.66,4.66,4.66,4.66,-,-,-,-
26-Feb-26,KQ,Kenya Airways Plc,1.56,6.02,5.6,5.8,5.62,5.72,-0.1,-1.75%,4895223,-
26-Feb-26,LKL,Longhorn Publishers Plc,2.35,3.5,3.1,3.4,3.18,3.33,-0.15,-4.50%,7878,-
26-Feb-26,NBV,Nairobi Business Ventures Ltd,1.33,2.16,1.5,1.55,1.54,1.49,0.05,3.36%,247838,-
26-Feb-26,NMG,Nation Media Group Plc,10.05,20,13.8,14.5,14.05,14.4,-0.35,-2.43%,14946,-
26-Feb-26,SMER,Sameer Africa Plc,2.7,21.5,18,20,19.4,19.85,-0.45,-2.27%,17767,-
26-Feb-26,SGL,Standard Group Plc,5.2,7.14,6,6.4,6.34,6.38,-0.04,-0.63%,7981,-
26-Feb-26,TPSE,TPS Eastern Africa (Serena) Ltd,13.05,18.2,16.15,17.3,17.2,17.2,-,-,2705,-
26-Feb-26,UCHM,Uchumi Supermarket Plc,0.23,2.93,2.65,2.67,2.67,2.43,0.24,9.88%,1922280,-
26-Feb-26,SCAN,WPP ScanGroup Plc,2,3.33,2.42,2.59,2.47,2.46,0.01,0.41%,47004,-
26-Feb-26,ARM,ARM Cement Plc,5.55,5.55,5.55,5.55,5.55,5.55,-,-,-,-
26-Feb-26,BAMB,Bamburi Cement Ltd,47.2,56.5,47.2,47.2,47.2,47.2,-,-,-,-
26-Feb-26,CRWN,Crown Paints Kenya Plc,30,70.75,61.75,65,62.5,64,-1.5,-2.34%,3515,-
26-Feb-26,CABL,East African Cables Plc,1,2.44,1,1,1,1,-,-,-,-
26-Feb-26,PORT,East African Portland Cement Ltd,28,101,80,86,84,84.75,-0.75,-0.88%,959,-
26-Feb-26,KEGN,Kenya Electricity Generating Company Plc,4.5,10.75,9.54,9.78,9.66,9.56,0.1,1.05%,2097998,-
26-Feb-26,KPLC-P4,KPLC-P4,4,5,5,5,5,5,-,-,-,-
26-Feb-26,KPLC-P7,KPLC-P7,6,6,6,6,6,6,-,-,-,-
26-Feb-26,KPLC,Kenya Power and Lighting Company Plc,5.7,19,18,18.5,18.4,17.7,0.7,3.95%,786136,-
26-Feb-26,TOTL,TotalEnergies Marketing Kenya Plc,21,47,42,44,42.45,42.05,0.4,0.95%,55697,-
26-Feb-26,UMME,Umeme Ltd,5.8,24.75,8.8,9.24,8.96,9.06,-0.1,-1.10%,41527,-
26-Feb-26,BRIT,Britam Holdings Plc,5.92,13.4,11.8,12.8,12.6,11.7,0.9,7.69%,145829,-
26-Feb-26,CIC,CIC Insurance Group Ltd,2.55,6.62,5.14,5.3,5.2,5.26,-0.06,-1.14%,399293,-
26-Feb-26,JUB,Jubilee Holdings Ltd,182,437.75,368.75,374,373.25,366.75,6.5,1.77%,305,-
26-Feb-26,KNRE,Kenya Re-Insurance Corporation Ltd,1.5,4.02,3.88,3.99,3.95,3.91,0.04,1.02%,3359842,-
26-Feb-26,LBTY,Liberty Kenya Holdings Ltd,9.1,12.2,10.1,10.45,10.25,10,0.25,2.50%,32480,-
26-Feb-26,SLAM,Sanlam Allianz Holdings (Kenya) Plc,5.5,11,10,10.5,10.3,10.15,0.15,1.48%,30648,-
26-Feb-26,CTUM,Centum Investment Company Plc,10.85,16.75,14.8,15,14.85,14.85,-,-,23393,-
26-Feb-26,HAFR,Home Afrika Ltd,0.48,1.93,1.46,1.54,1.5,1.5,-,-,262621,-
26-Feb-26,KURV,Kurwitu Ventures Ltd,1400,1500,1500,1500,1500,1500,-,-,2,-
26-Feb-26,OCH,Olympia Capital Holdings Ltd,3.12,9,7.8,8.4,8.18,8.04,0.14,1.74%,5405,-
26-Feb-26,TCL,Trans-Century Plc,0.71,1.42,0.71,0.71,0.71,0.71,-,-,-,-
26-Feb-26,NSE,Nairobi Securities Exchange Plc,6.5,25.9,21.45,22.9,21.65,21.9,-0.25,-1.14%,770422,-
26-Feb-26,AMAC,Africa Mega Agricorp Plc,51,118.25,93,99.5,96.25,94.25,2,2.12%,483,-
26-Feb-26,BOC,BOC Kenya Plc,76,150,130,134,132.5,134,-1.5,-1.12%,613,-
26-Feb-26,BAT,British American Tobacco Kenya Plc,345,629,520,540,538,526,12,2.28%,2017,-
26-Feb-26,CARB,Carbacid Investments Plc,18,33,31,31.9,31.3,31.8,-0.5,-1.57%,56078,-
26-Feb-26,EABL,East African Breweries Ltd,167,351,254.25,257,255.25,250.5,4.75,1.90%,13334,-
26-Feb-26,FTGH,Flame Tree Group Holdings Ltd,1.05,3.11,2.58,2.58,2.58,2.35,0.23,9.79%,63652,-
26-Feb-26,MSC,Mumias Sugar Company Ltd,0.27,0.27,0.27,0.27,0.27,0.27,-,-,-,-
26-Feb-26,SKL,Shri Krishana Overseas Plc,5.8,12,10,10.5,10.45,10.05,0.4,3.98%,11328,-
26-Feb-26,UNGA,Unga Group Ltd,18.05,34,26.7,30.7,28.2,26.2,2,7.63%,42667,-
26-Feb-26,SCOM,Safaricom Plc,17,34.2,31.95,33.15,32.7,33.1,-0.4,-1.21%,12763939,-
26-Feb-26,LAPR,LAPTrust Imara Income-REIT,20,20,20,20,20,20,-,-,-,-
26-Feb-26,GLD,ABSA NewGold ETF,881,9800,6300,6350,6175,6175,-,-,6,-
26-Feb-26,SMWF,Satrix MSCI World Feeder ETF,755,1050,850,869,850,850,-,-,27,-
26-Feb-26,^N10I,NSE 10-Share Index,1250.85,2271.75,2242.25,2242.25,2242.25,2224.24,18.01,0.81%,-,-
26-Feb-26,^N20I,NSE 20-Share Index,2092.84,3758.73,3695.62,3695.62,3695.62,3659.04,36.58,1.00%,-,-
26-Feb-26,^N25I,NSE 25-Share Index,3314.15,5948.29,5884.37,5884.37,5884.37,5828.85,55.52,0.95%,-,-
26-Feb-26,^NASI,NSE All-Share Index,123.6,216.69,215.62,215.62,215.62,214.97,0.65,0.30%,-,-
26-Feb-26,^NBSI,NSE Banking Sector Index,149.92,245.9,241.07,241.07,241.07,238.03,3.04,1.28%,-,-
26-Feb-26,^NBDI,NSE Bonds Index,1140.96,1210.41,1200.85,1200.85,1200.85,1207.17,-6.32,-0.52%,-,-
26-Feb-26,^ZKEQTK,Zamara Kenya Equity Index (KES),2424.57,4790.09,4719.69,4719.69,4719.69,4654.97,64.72,1.39%,-,-
26-Feb-26,^ZKEQTU,Zamara Kenya Equity Index (USD),1610.77,3197.11,3150.12,3150.12,3150.12,3108.13,41.99,1.35%,-,-
27-Feb-26,EGAD,Eaagads Ltd,11,35.25,30,32,30.1,31.05,-0.95,-3.06%,3052,-
27-Feb-26,KUKZ,Kakuzi Plc,365,440,405,436,433,436.5,-3.5,-0.80%,443,-
27-Feb-26,KAPC,Kapchorua Tea Kenya Plc,198,424.25,251,259,255.5,249,6.5,2.61%,3167,-
27-Feb-26,LIMT,Limuru Tea Plc,295,555,505,550,550,550,-,-,24,-
27-Feb-26,SASN,Sasini Plc,13.3,33.9,28,29.5,28.15,28.4,-0.25,-0.88%,32885,-
27-Feb-26,WTK,Williamson Tea Kenya Plc,136,350,141,150,143,145,-2,-1.38%,74064,-
27-Feb-26,CGEN,Car and General (K) Ltd,19.8,74.25,69.5,70.5,70,71.25,-1.25,-1.75%,6364,-
27-Feb-26,ABSA,ABSA Bank Kenya Plc,15,33,31.05,33,32.2,30.95,1.25,4.04%,1543114,-
27-Feb-26,BKG,BK Group Plc,28.75,50,45,47.1,45.1,45.5,-0.4,-0.88%,65729,-
27-Feb-26,COOP,Co-operative Bank of Kenya Ltd,13.8,31.5,28.95,30.85,29.2,29,0.2,0.69%,2900214,-
27-Feb-26,DTK,Diamond Trust Bank Kenya Ltd,66,170,153,159,154.75,158.25,-3.5,-2.21%,79286,-
27-Feb-26,EQTY,Equity Group Holdings Plc,41.2,80,76.75,80,77.25,76.5,0.75,0.98%,2978280,-
27-Feb-26,HFCK,HF Group Ltd,5.3,11.5,11.05,11.5,11.25,10.6,0.65,6.13%,587461,-
27-Feb-26,IMH,I & M Holdings Plc,29.5,52,50.5,51.5,51,50,1,2.00%,512480,-
27-Feb-26,KCB,KCB Group Plc,35,80.5,77.75,80.5,80.25,77,3.25,4.22%,1062307,-
27-Feb-26,NCBA,NCBA Group Plc,48,100,91.5,93.5,92.5,92.25,0.25,0.27%,241935,-
27-Feb-26,SBIC,Stanbic Holdings Plc,147,279.75,254,260,256.5,255.25,1.25,0.49%,51047,-
27-Feb-26,SCBK,Standard Chartered Bank Kenya Ltd,260,365,360,365,362.25,350.5,11.75,3.35%,36618,-
27-Feb-26,DCON,Deacons (East Africa) Plc,0.45,0.45,0.45,0.45,0.45,0.45,-,-,-,-
27-Feb-26,EVRD,Eveready East Africa Ltd,0.75,1.78,1.09,1.3,1.13,1.19,-0.06,-5.04%,10008607,-
27-Feb-26,XPRS,Express Kenya Plc,2.8,10,7.68,8,7.82,7.58,0.24,3.17%,28447,-
27-Feb-26,HBE,Homeboyz Entertainment Plc,4.66,4.66,4.66,4.66,4.66,4.66,-,-,-,-
27-Feb-26,KQ,Kenya Airways Plc,1.56,6.02,5.48,5.76,5.6,5.62,-0.02,-0.36%,6898057,-
27-Feb-26,LKL,Longhorn Publishers Plc,2.35,3.5,3,3.4,3.22,3.18,0.04,1.26%,7964,-
27-Feb-26,NBV,Nairobi Business Ventures Ltd,1.33,2.16,1.4,1.58,1.48,1.54,-0.06,-3.90%,245804,-
27-Feb-26,NMG,Nation Media Group Plc,10.05,20,14,14.4,14.3,14.05,0.25,1.78%,7885,-
27-Feb-26,SMER,Sameer Africa Plc,2.7,21.5,19.35,20,19.8,19.4,0.4,2.06%,15496,-
27-Feb-26,SGL,Standard Group Plc,5.2,7.14,5.84,6.4,6.22,6.34,-0.12,-1.89%,1407,-
27-Feb-26,TPSE,TPS Eastern Africa (Serena) Ltd,13.05,18.2,16,17.3,16.55,17.2,-0.65,-3.78%,2297,-
27-Feb-26,UCHM,Uchumi Supermarket Plc,0.23,2.93,2.93,2.93,2.93,2.67,0.26,9.74%,2394342,-
27-Feb-26,SCAN,WPP ScanGroup Plc,2,3.33,2.4,2.5,2.48,2.47,0.01,0.40%,74243,-
27-Feb-26,ARM,ARM Cement Plc,5.55,5.55,5.55,5.55,5.55,5.55,-,-,-,-
27-Feb-26,BAMB,Bamburi Cement Ltd,47.2,56.5,47.2,47.2,47.2,47.2,-,-,-,-
27-Feb-26,CRWN,Crown Paints Kenya Plc,30,70.75,60,62,60.75,62.5,-1.75,-2.80%,8177,-
27-Feb-26,CABL,East African Cables Plc,1,2.44,1,1,1,1,-,-,-,-
27-Feb-26,PORT,East African Portland Cement Ltd,28,101,80,86,82.25,84,-1.75,-2.08%,3017,-
27-Feb-26,KEGN,Kenya Electricity Generating Company Plc,4.5,10.75,9.56,9.7,9.64,9.66,-0.02,-0.21%,1434376,-
27-Feb-26,KPLC-P4,KPLC-P4,4,5,5,5,5,5,-,-,-,-
27-Feb-26,KPLC-P7,KPLC-P7,6,6,6,6,6,6,-,-,-,-
27-Feb-26,KPLC,Kenya Power and Lighting Company Plc,5.7,19,18.2,18.75,18.5,18.4,0.1,0.54%,1165595,-
27-Feb-26,TOTL,TotalEnergies Marketing Kenya Plc,21,47,42,44,42.85,42.45,0.4,0.94%,31840,-
27-Feb-26,UMME,Umeme Ltd,5.8,24.75,8.5,9.22,8.84,8.96,-0.12,-1.34%,83794,-
27-Feb-26,BRIT,Britam Holdings Plc,5.92,13.4,12.6,13.2,12.95,12.6,0.35,2.78%,143258,-
27-Feb-26,CIC,CIC Insurance Group Ltd,2.55,6.62,5.26,5.58,5.36,5.2,0.16,3.08%,965297,-
27-Feb-26,JUB,Jubilee Holdings Ltd,182,437.75,374,380,374.5,373.25,1.25,0.33%,835,-
27-Feb-26,KNRE,Kenya Re-Insurance Corporation Ltd,1.5,4.02,3.87,3.96,3.91,3.95,-0.04,-1.01%,4456918,-
27-Feb-26,LBTY,Liberty Kenya Holdings Ltd,9.1,12.2,9.98,10.6,10,10.25,-0.25,-2.44%,277083,-
27-Feb-26,SLAM,Sanlam Allianz Holdings (Kenya) Plc,5.5,11,10,10.75,10.55,10.3,0.25,2.43%,33127,-
27-Feb-26,CTUM,Centum Investment Company Plc,10.85,16.75,15,15.5,15,14.85,0.15,1.01%,262399,-
27-Feb-26,HAFR,Home Afrika Ltd,0.48,1.93,1.5,1.65,1.6,1.5,0.1,6.67%,1851695,-
27-Feb-26,KURV,Kurwitu Ventures Ltd,1400,1500,1500,1500,1500,1500,-,-,1,-
27-Feb-26,OCH,Olympia Capital Holdings Ltd,3.12,9,7.38,8,7.78,8.18,-0.4,-4.89%,45842,-
27-Feb-26,TCL,Trans-Century Plc,0.71,1.42,0.71,0.71,0.71,0.71,-,-,-,-
27-Feb-26,NSE,Nairobi Securities Exchange Plc,6.5,25.9,21.95,23.35,22.45,21.65,0.8,3.70%,574992,-
27-Feb-26,AMAC,Africa Mega Agricorp Plc,51,118.25,90,100,97.75,96.25,1.5,1.56%,313,-
27-Feb-26,BOC,BOC Kenya Plc,76,150,131,133.5,132.25,132.5,-0.25,-0.19%,1350,-
27-Feb-26,BAT,British American Tobacco Kenya Plc,345,629,550,629,567,538,29,5.39%,45284,-
27-Feb-26,CARB,Carbacid Investments Plc,18,33,29,31.5,30.55,31.3,-0.75,-2.40%,43257,-
27-Feb-26,EABL,East African Breweries Ltd,167,351,257,275,259.5,255.25,4.25,1.67%,398036,-
27-Feb-26,FTGH,Flame Tree Group Holdings Ltd,1.05,3.11,2.83,2.83,2.83,2.58,0.25,9.69%,146691,-
27-Feb-26,MSC,Mumias Sugar Company Ltd,0.27,0.27,0.27,0.27,0.27,0.27,-,-,-,-
27-Feb-26,SKL,Shri Krishana Overseas Plc,5.8,12,9.9,10.5,10.2,10.45,-0.25,-2.39%,2472,-
27-Feb-26,UNGA,Unga Group Ltd,18.05,34,29.95,31,30.95,28.2,2.75,9.75%,84195,-
27-Feb-26,SCOM,Safaricom Plc,17,34.2,31.8,32.5,32,32.7,-0.7,-2.14%,8548403,-
27-Feb-26,LAPR,LAPTrust Imara Income-REIT,20,20,20,20,20,20,-,-,-,-
27-Feb-26,GLD,ABSA NewGold ETF,881,9800,5950,6280,6230,6175,55,0.89%,24536,-
27-Feb-26,SMWF,Satrix MSCI World Feeder ETF,755,1050,850,870,850,850,-,-,50,-
27-Feb-26,^N10I,NSE 10-Share Index,1250.85,2271.75,2268.39,2268.39,2268.39,2242.25,26.14,1.17%,-,-
27-Feb-26,^N20I,NSE 20-Share Index,2092.84,3758.73,3750.45,3750.45,3750.45,3695.62,54.83,1.48%,-,-
27-Feb-26,^N25I,NSE 25-Share Index,3314.15,5948.29,5948.29,5948.29,5948.29,5884.37,63.92,1.09%,-,-
27-Feb-26,^NASI,NSE All-Share Index,123.6,216.69,216.08,216.08,216.08,215.62,0.46,0.21%,-,-
27-Feb-26,^NBSI,NSE Banking Sector Index,149.92,245.9,245.9,245.9,245.9,241.07,4.83,2.00%,-,-
27-Feb-26,^ZKEQTK,Zamara Kenya Equity Index (KES),2424.57,4790.09,4790.09,4790.09,4790.09,4719.69,70.4,1.49%,-,-
27-Feb-26,^ZKEQTU,Zamara Kenya Equity Index (USD),1610.77,3197.11,3197.11,3197.11,3197.11,3150.12,46.99,1.49%,-,-
2-Mar-26,EGAD,Eaagads Ltd,11,35.25,27.95,33,28.85,30.1,-1.25,-4.15%,6781,-
2-Mar-26,KUKZ,Kakuzi Plc,365,440,410,436,421,433,-12,-2.77%,313,-
2-Mar-26,KAPC,Kapchorua Tea Kenya Plc,198,424.25,250,260,257,255.5,1.5,0.59%,783,-
2-Mar-26,LIMT,Limuru Tea Plc,295,555,501,550,542,550,-8,-1.45%,208,-
2-Mar-26,SASN,Sasini Plc,13.3,33.9,28.4,29.5,29.1,28.15,0.95,3.37%,23852,-
2-Mar-26,WTK,Williamson Tea Kenya Plc,136,350,141,150,142.25,143,-0.75,-0.52%,13608,-
2-Mar-26,CGEN,Car and General (K) Ltd,19.8,74.25,66.5,70.5,69.5,70,-0.5,-0.71%,5969,-
2-Mar-26,ABSA,ABSA Bank Kenya Plc,15,33,31.85,32.4,32.1,32.2,-0.1,-0.31%,339794,-
2-Mar-26,BKG,BK Group Plc,28.75,50,45,49,48,45.1,2.9,6.43%,2451,-
2-Mar-26,COOP,Co-operative Bank of Kenya Ltd,13.8,31.5,29.5,31,30.55,29.2,1.35,4.62%,272117,-
2-Mar-26,DTK,Diamond Trust Bank Kenya Ltd,66,170,156,158.75,158,154.75,3.25,2.10%,19353,-
2-Mar-26,EQTY,Equity Group Holdings Plc,41.2,80,76.5,78.5,77.25,77.25,-,-,5460479,-
2-Mar-26,HFCK,HF Group Ltd,5.3,11.5,10.9,11.5,11.1,11.25,-0.15,-1.33%,448034,-
2-Mar-26,IMH,I & M Holdings Plc,29.5,52,49.5,50.5,49.55,51,-1.45,-2.84%,2655826,-
2-Mar-26,KCB,KCB Group Plc,35,80.5,76,79.5,77.75,80.25,-2.5,-3.12%,312007,-
2-Mar-26,NCBA,NCBA Group Plc,48,100,90,93.75,91.5,92.5,-1,-1.08%,37481,-
2-Mar-26,SBIC,Stanbic Holdings Plc,147,279.75,255,259,257.25,256.5,0.75,0.29%,36033,-
2-Mar-26,SCBK,Standard Chartered Bank Kenya Ltd,260,365,345,364,352.5,362.25,-9.75,-2.69%,13712,-
2-Mar-26,DCON,Deacons (East Africa) Plc,0.45,0.45,0.45,0.45,0.45,0.45,-,-,-,-
2-Mar-26,EVRD,Eveready East Africa Ltd,0.75,1.78,1.02,1.24,1.06,1.13,-0.07,-6.19%,7919396,-
2-Mar-26,XPRS,Express Kenya Plc,2.8,10,7.5,7.84,7.62,7.82,-0.2,-2.56%,13851,-
2-Mar-26,HBE,Homeboyz Entertainment Plc,4.66,4.66,4.66,4.66,4.66,4.66,-,-,-,-
2-Mar-26,KQ,Kenya Airways Plc,1.56,6.02,5.16,5.6,5.26,5.6,-0.34,-6.07%,3768418,-
2-Mar-26,LKL,Longhorn Publishers Plc,2.35,3.5,3.1,3.5,3.33,3.22,0.11,3.42%,18981,-
2-Mar-26,NBV,Nairobi Business Ventures Ltd,1.33,2.16,1.5,1.58,1.54,1.48,0.06,4.05%,310921,-
2-Mar-26,NMG,Nation Media Group Plc,10.05,20,13.8,14.95,14.25,14.3,-0.05,-0.35%,15103,-
2-Mar-26,SMER,Sameer Africa Plc,2.7,21.5,19.4,19.9,19.55,19.8,-0.25,-1.26%,10601,-
2-Mar-26,SGL,Standard Group Plc,5.2,7.14,5.98,6.34,6.16,6.22,-0.06,-0.96%,4560,-
2-Mar-26,TPSE,TPS Eastern Africa (Serena) Ltd,13.05,18.2,16.25,17.4,17.1,16.55,0.55,3.32%,9918,-
2-Mar-26,UCHM,Uchumi Supermarket Plc,0.23,2.93,2.64,2.93,2.71,2.93,-0.22,-7.51%,1262142,-
2-Mar-26,SCAN,WPP ScanGroup Plc,2,3.33,2.4,2.47,2.43,2.48,-0.05,-2.02%,33982,-
2-Mar-26,ARM,ARM Cement Plc,5.55,5.55,5.55,5.55,5.55,5.55,-,-,-,-
2-Mar-26,BAMB,Bamburi Cement Ltd,47.2,56.5,47.2,47.2,47.2,47.2,-,-,-,-
2-Mar-26,CRWN,Crown Paints Kenya Plc,30,70.75,60.5,62.5,61.25,60.75,0.5,0.82%,2490,-
2-Mar-26,CABL,East African Cables Plc,1,2.44,1,1,1,1,-,-,-,-
2-Mar-26,PORT,East African Portland Cement Ltd,28,101,76,86,83.25,82.25,1,1.22%,4646,-
2-Mar-26,KEGN,Kenya Electricity Generating Company Plc,4.5,10.75,9.54,9.64,9.6,9.64,-0.04,-0.41%,2814493,-
2-Mar-26,KPLC-P4,KPLC-P4,4,5,5,5,5,5,-,-,-,-
2-Mar-26,KPLC-P7,KPLC-P7,6,6,6,6,6,6,-,-,-,-
2-Mar-26,KPLC,Kenya Power and Lighting Company Plc,5.7,19,17.95,18.5,18.3,18.5,-0.2,-1.08%,837681,-
2-Mar-26,TOTL,TotalEnergies Marketing Kenya Plc,21,47,43,44,43.4,42.85,0.55,1.28%,62362,-
2-Mar-26,UMME,Umeme Ltd,5.8,24.75,8,9.2,8.8,8.84,-0.04,-0.45%,60524,-
2-Mar-26,BRIT,Britam Holdings Plc,5.92,13.4,12.5,13,12.75,12.95,-0.2,-1.54%,70240,-
2-Mar-26,CIC,CIC Insurance Group Ltd,2.55,6.62,5.2,5.5,5.34,5.36,-0.02,-0.37%,644784,-
2-Mar-26,JUB,Jubilee Holdings Ltd,182,437.75,374,390,380,374.5,5.5,1.47%,1006,-
2-Mar-26,KNRE,Kenya Re-Insurance Corporation Ltd,1.5,4.02,3.82,3.98,3.88,3.91,-0.03,-0.77%,4673574,-
2-Mar-26,LBTY,Liberty Kenya Holdings Ltd,9.1,12.2,10,10.5,10.4,10,0.4,4.00%,53501,-
2-Mar-26,SLAM,Sanlam Allianz Holdings (Kenya) Plc,5.5,11,10,10.5,10.45,10.55,-0.1,-0.95%,5182,-
2-Mar-26,CTUM,Centum Investment Company Plc,10.85,16.75,14.9,15.9,15.6,15,0.6,4.00%,139197,-
2-Mar-26,HAFR,Home Afrika Ltd,0.48,1.93,1.69,1.76,1.76,1.6,0.16,10.00%,1325383,-
2-Mar-26,KURV,Kurwitu Ventures Ltd,1400,1500,1500,1500,1500,1500,-,-,-,-
2-Mar-26,OCH,Olympia Capital Holdings Ltd,3.12,9,7.38,8,7.68,7.78,-0.1,-1.29%,4858,-
2-Mar-26,TCL,Trans-Century Plc,0.71,1.42,0.71,0.71,0.71,0.71,-,-,-,-
2-Mar-26,NSE,Nairobi Securities Exchange Plc,6.5,25.9,21.25,23.5,22.35,22.45,-0.1,-0.45%,467680,-
2-Mar-26,AMAC,Africa Mega Agricorp Plc,51,118.25,97,100,98,97.75,0.25,0.26%,172,-
2-Mar-26,BOC,BOC Kenya Plc,76,150,131,133,133,132.25,0.75,0.57%,3369,-
2-Mar-26,BAT,British American Tobacco Kenya Plc,345,629,560,580,570,567,3,0.53%,19454,-
2-Mar-26,CARB,Carbacid Investments Plc,18,33,30.2,31.5,30.55,30.55,-,-,157137,-
2-Mar-26,EABL,East African Breweries Ltd,167,351,259.5,270,268.75,259.5,9.25,3.56%,462253,-
2-Mar-26,FTGH,Flame Tree Group Holdings Ltd,1.05,3.11,2.85,3.11,3,2.83,0.17,6.01%,384207,-
2-Mar-26,MSC,Mumias Sugar Company Ltd,0.27,0.27,0.27,0.27,0.27,0.27,-,-,-,-
2-Mar-26,SKL,Shri Krishana Overseas Plc,5.8,12,9.84,10.5,10.35,10.2,0.15,1.47%,4638,-
2-Mar-26,UNGA,Unga Group Ltd,18.05,34,28.25,34,32.55,30.95,1.6,5.17%,20920,-
2-Mar-26,SCOM,Safaricom Plc,17,34.2,31.1,32.1,31.7,32,-0.3,-0.94%,772223,-
2-Mar-26,LAPR,LAPTrust Imara Income-REIT,20,20,20,20,20,20,-,-,-,-
2-Mar-26,GLD,ABSA NewGold ETF,881,9800,6250,6800,6555,6230,325,5.22%,1750,-
2-Mar-26,SMWF,Satrix MSCI World Feeder ETF,755,1050,850,870,851,850,1,0.12%,188,-
2-Mar-26,^N10I,NSE 10-Share Index,1250.85,2271.75,2271.75,2271.75,2271.75,2268.39,3.36,0.15%,-,-
2-Mar-26,^N20I,NSE 20-Share Index,2092.84,3758.73,3758.73,3758.73,3758.73,3750.45,8.28,0.22%,-,-
2-Mar-26,^N25I,NSE 25-Share Index,3314.15,5948.29,5948.05,5948.05,5948.05,5948.29,-0.24,#VALUE!,-,-
2-Mar-26,^NASI,NSE All-Share Index,123.6,216.69,215.36,215.36,215.36,216.08,-0.72,-0.33%,-,-
2-Mar-26,^NBSI,NSE Banking Sector Index,149.92,245.9,244.74,244.74,244.74,245.9,-1.16,-0.47%,-,-
2-Mar-26,^NBDI,NSE Bonds Index,1140.96,1210.41,1210.41,1210.41,1210.41,1202.75,7.66,0.64%,-,-
2-Mar-26,^ZKEQTK,Zamara Kenya Equity Index (KES),2424.57,4790.09,4770.54,4770.54,4770.54,4790.09,-19.55,-0.41%,-,-
2-Mar-26,^ZKEQTU,Zamara Kenya Equity Index (USD),1610.77,3197.11,3180.98,3180.98,3180.98,3197.11,-16.13,-0.50%,-,-
3-Mar-26,EGAD,Eaagads Ltd,11,35.25,28.85,31.7,31,28.85,2.15,7.45%,3425,-
3-Mar-26,KUKZ,Kakuzi Plc,365,440,420,435,424.75,421,3.75,0.89%,181,-
3-Mar-26,KAPC,Kapchorua Tea Kenya Plc,198,424.25,250.25,259,256.5,257,-0.5,-0.19%,1400,-
3-Mar-26,LIMT,Limuru Tea Plc,295,555,540,550,542,542,-,-,22,-
3-Mar-26,SASN,Sasini Plc,13.3,33.9,29.4,30.7,29.6,29.1,0.5,1.72%,42277,-
3-Mar-26,WTK,Williamson Tea Kenya Plc,136,350,140,145,141,142.25,-1.25,-0.88%,16593,-
3-Mar-26,CGEN,Car and General (K) Ltd,19.8,74.25,62.75,70,66.5,69.5,-3,-4.32%,7985,-
3-Mar-26,ABSA,ABSA Bank Kenya Plc,15,33,31.8,32.15,32.05,32.1,-0.05,-0.16%,250471,-
3-Mar-26,BKG,BK Group Plc,28.75,50,47,49.5,49.1,48,1.1,2.29%,4220,-
3-Mar-26,COOP,Co-operative Bank of Kenya Ltd,13.8,31.5,30.45,31.5,31,30.55,0.45,1.47%,931615,-
3-Mar-26,DTK,Diamond Trust Bank Kenya Ltd,66,170,155,158,157.5,158,-0.5,-0.32%,57508,-
3-Mar-26,EQTY,Equity Group Holdings Plc,41.2,80,74,77.25,76.75,77.25,-0.5,-0.65%,5775493,-
3-Mar-26,HFCK,HF Group Ltd,5.3,11.5,10.35,11.2,10.35,11.1,-0.75,-6.76%,8083392,-
3-Mar-26,IMH,I & M Holdings Plc,29.5,52,49.65,50.75,50.25,49.55,0.7,1.41%,187671,-
3-Mar-26,KCB,KCB Group Plc,35,80.5,75.5,78,77.5,77.75,-0.25,-0.32%,2194884,-
3-Mar-26,NCBA,NCBA Group Plc,48,100,89,90,89.5,91.5,-2,-2.19%,32064,-
3-Mar-26,SBIC,Stanbic Holdings Plc,147,279.75,245,257,256,257.25,-1.25,-0.49%,20605,-
3-Mar-26,SCBK,Standard Chartered Bank Kenya Ltd,260,365,345,354,352.25,352.5,-0.25,-0.07%,30622,-
3-Mar-26,DCON,Deacons (East Africa) Plc,0.45,0.45,0.45,0.45,0.45,0.45,-,-,-,-
3-Mar-26,EVRD,Eveready East Africa Ltd,0.75,1.78,0.96,1.16,1,1.06,-0.06,-5.66%,9242902,-
3-Mar-26,XPRS,Express Kenya Plc,2.8,10,7.7,8.2,7.78,7.62,0.16,2.10%,4910,-
3-Mar-26,HBE,Homeboyz Entertainment Plc,4.66,4.66,4.66,4.66,4.66,4.66,-,-,-,-
3-Mar-26,KQ,Kenya Airways Plc,1.56,6.02,4.74,5.28,4.92,5.26,-0.34,-6.46%,487883,-
3-Mar-26,LKL,Longhorn Publishers Plc,2.35,3.5,3,3.41,3.24,3.33,-0.09,-2.70%,30916,-
3-Mar-26,NBV,Nairobi Business Ventures Ltd,1.33,2.16,1.51,1.61,1.57,1.54,0.03,1.95%,298551,-
3-Mar-26,NMG,Nation Media Group Plc,10.05,20,14,14.8,14.3,14.25,0.05,0.35%,4661,-
3-Mar-26,SMER,Sameer Africa Plc,2.7,21.5,17.85,19.9,18.3,19.55,-1.25,-6.39%,34956,-
3-Mar-26,SGL,Standard Group Plc,5.2,7.14,5.84,6.4,6.04,6.16,-0.12,-1.95%,8301,-
3-Mar-26,TPSE,TPS Eastern Africa (Serena) Ltd,13.05,18.2,16,17.15,16.2,17.1,-0.9,-5.26%,13632,-
3-Mar-26,UCHM,Uchumi Supermarket Plc,0.23,2.93,2.44,2.5,2.45,2.71,-0.26,-9.59%,626230,-
3-Mar-26,SCAN,WPP ScanGroup Plc,2,3.33,2.35,2.43,2.38,2.43,-0.05,-2.06%,258019,-
3-Mar-26,ARM,ARM Cement Plc,5.55,5.55,5.55,5.55,5.55,5.55,-,-,-,-
3-Mar-26,BAMB,Bamburi Cement Ltd,47.2,56.5,47.2,47.2,47.2,47.2,-,-,-,-
3-Mar-26,CRWN,Crown Paints Kenya Plc,33,70.75,55.25,65,59.75,61.25,-1.5,-2.45%,4024,-
3-Mar-26,CABL,East African Cables Plc,1,2.44,1,1,1,1,-,-,-,-
3-Mar-26,PORT,East African Portland Cement Ltd,28,101,76,86,78.25,83.25,-5,-6.01%,15710,-
3-Mar-26,KEGN,Kenya Electricity Generating Company Plc,4.5,10.75,9.5,9.64,9.54,9.6,-0.06,-0.63%,1524882,-
3-Mar-26,KPLC-P4,KPLC-P4,4,5,5,5,5,5,-,-,-,-
3-Mar-26,KPLC-P7,KPLC-P7,6,6,6,6,6,6,-,-,-,-
3-Mar-26,KPLC,Kenya Power and Lighting Company Plc,5.7,19,17.4,18.3,17.85,18.3,-0.45,-2.46%,1972072,-
3-Mar-26,TOTL,TotalEnergies Marketing Kenya Plc,21,47,42.85,43.5,43.2,43.4,-0.2,-0.46%,31858,-
3-Mar-26,UMME,Umeme Ltd,5.8,24.75,8.1,9,8.46,8.8,-0.34,-3.86%,31179,-
3-Mar-26,BRIT,Britam Holdings Plc,5.92,13.4,12,12.75,12.2,12.75,-0.55,-4.31%,116636,-
3-Mar-26,CIC,CIC Insurance Group Ltd,2.55,6.62,5.2,5.46,5.28,5.34,-0.06,-1.12%,343842,-
3-Mar-26,JUB,Jubilee Holdings Ltd,182,437.75,374,389,378.25,380,-1.75,-0.46%,1699,-
3-Mar-26,KNRE,Kenya Re-Insurance Corporation Ltd,1.5,4.02,3.55,3.88,3.77,3.88,-0.11,-2.84%,1893584,-
3-Mar-26,LBTY,Liberty Kenya Holdings Ltd,9.1,12.2,9.86,10.6,10.2,10.4,-0.2,-1.92%,22927,-
3-Mar-26,SLAM,Sanlam Allianz Holdings (Kenya) Plc,5.5,11,9.6,10.5,10.05,10.45,-0.4,-3.83%,21735,-
3-Mar-26,CTUM,Centum Investment Company Plc,10.85,16.75,14.85,15.4,15,15.6,-0.6,-3.85%,72801,-
3-Mar-26,HAFR,Home Afrika Ltd,0.48,1.93,1.66,1.93,1.85,1.76,0.09,5.11%,2868607,-
3-Mar-26,KURV,Kurwitu Ventures Ltd,1400,1500,1495,1495,1500,1500,-,-,16,-
3-Mar-26,OCH,Olympia Capital Holdings Ltd,3.12,9,7.3,8,7.82,7.68,0.14,1.82%,6667,-
3-Mar-26,TCL,Trans-Century Plc,0.71,1.4,0.71,0.71,0.71,0.71,-,-,-,-
3-Mar-26,NSE,Nairobi Securities Exchange Plc,6.5,25.9,21.2,22.5,21.5,22.35,-0.85,-3.80%,1112931,-
3-Mar-26,AMAC,Africa Mega Agricorp Plc,51,118.25,89.5,100,98,98,-,-,1684,-
3-Mar-26,BOC,BOC Kenya Plc,76,150,122,133,128.25,133,-4.75,-3.57%,11662,-
3-Mar-26,BAT,British American Tobacco Kenya Plc,345,629,567,575,570,570,-,-,48757,-
3-Mar-26,CARB,Carbacid Investments Plc,18,33,30.5,31.5,30.85,30.55,0.3,0.98%,33242,-
3-Mar-26,EABL,East African Breweries Ltd,167,351,263.25,269,266,268.75,-2.75,-1.02%,9156,-
3-Mar-26,FTGH,Flame Tree Group Holdings Ltd,1.05,3.11,2.7,3,2.84,3,-0.16,-5.33%,225709,-
3-Mar-26,MSC,Mumias Sugar Company Ltd,0.27,0.27,0.27,0.27,0.27,0.27,-,-,-,-
3-Mar-26,SKL,Shri Krishana Overseas Plc,5.8,12,9.32,10.45,10.3,10.35,-0.05,-0.48%,984,-
3-Mar-26,UNGA,Unga Group Ltd,18.05,34,30,34,32.55,32.55,-,-,18876,-
3-Mar-26,SCOM,Safaricom Plc,17,34.2,30.65,31.7,31.05,31.7,-0.65,-2.05%,1311344,-
3-Mar-26,LAPR,LAPTrust Imara Income-REIT,20,20,20,20,20,20,-,-,-,-
3-Mar-26,GLD,ABSA NewGold ETF,881,9800,6220,6795,6225,6555,-330,-5.03%,60922,-
3-Mar-26,SMWF,Satrix MSCI World Feeder ETF,755,1050,845,880,851,851,-,-,50,-
3-Mar-26,^N10I,NSE 10-Share Index,1250.85,2271.75,2257.31,2257.31,2257.31,2271.75,-14.44,-0.64%,-,-
3-Mar-26,^N20I,NSE 20-Share Index,2092.84,3758.73,3712.72,3712.72,3712.72,3758.73,-46.01,-1.22%,-,-
3-Mar-26,^N25I,NSE 25-Share Index,3314.15,5948.29,5900.29,5900.29,5900.29,5948.05,-47.76,-0.80%,-,-
3-Mar-26,^NASI,NSE All-Share Index,123.6,216.69,212.81,212.81,212.81,215.36,-2.55,-1.18%,-,-
3-Mar-26,^NBSI,NSE Banking Sector Index,149.92,245.9,244.03,244.03,244.03,244.74,-0.71,-0.29%,-,-
3-Mar-26,^NBDI,NSE Bonds Index,1140.96,1210.41,1199.75,1199.75,1199.75,1210.41,-10.66,-0.88%,-,-
3-Mar-26,^ZKEQTK,Zamara Kenya Equity Index (KES),2424.57,4790.09,4739.46,4739.46,4739.46,4770.54,-31.08,-0.65%,-,-
3-Mar-26,^ZKEQTU,Zamara Kenya Equity Index (USD),1610.77,3197.11,3159.64,3159.64,3159.64,3180.98,-21.34,-0.67%,-,-
4-Mar-26,EGAD,Eaagads Ltd,11,35.25,28,31,30.1,31,-0.9,-2.90%,3650,-
4-Mar-26,KUKZ,Kakuzi Plc,365,440,406,434.5,420.5,424.75,-4.25,-1.00%,353,-
4-Mar-26,KAPC,Kapchorua Tea Kenya Plc,198,424.25,247,260,252.5,256.5,-4,-1.56%,3082,-
4-Mar-26,LIMT,Limuru Tea Plc,295,555,510,542,512,542,-30,-5.54%,117,-
4-Mar-26,SASN,Sasini Plc,13.3,33.9,28,29.6,28.45,29.6,-1.15,-3.89%,17868,-
4-Mar-26,WTK,Williamson Tea Kenya Plc,136,350,141,145,143,141,2,1.42%,5105,-
4-Mar-26,CGEN,Car and General (K) Ltd,19.8,74.25,62.75,70,65.25,66.5,-1.25,-1.88%,6392,-
4-Mar-26,ABSA,ABSA Bank Kenya Plc,15,33,29.35,32,30,32.05,-2.05,-6.40%,5917798,-
4-Mar-26,BKG,BK Group Plc,28.75,50,45,48.9,45,49.1,-4.1,-8.35%,135772,-
4-Mar-26,COOP,Co-operative Bank of Kenya Ltd,13.8,31.5,28.3,31.4,30.45,31,-0.55,-1.77%,1262638,-
4-Mar-26,DTK,Diamond Trust Bank Kenya Ltd,66,170,154.5,158,155.25,157.5,-2.25,-1.43%,181484,-
4-Mar-26,EQTY,Equity Group Holdings Plc,41.2,80,73,77,74.5,76.75,-2.25,-2.93%,4151143,-
4-Mar-26,HFCK,HF Group Ltd,5.3,11.5,9.54,10.45,10.2,10.35,-0.15,-1.45%,350248,-
4-Mar-26,IMH,I & M Holdings Plc,29.5,52,49.5,50.5,49.75,50.25,-0.5,-1.00%,275981,-
4-Mar-26,KCB,KCB Group Plc,35,80.5,74,78,75,77.5,-2.5,-3.23%,1582237,-
4-Mar-26,NCBA,NCBA Group Plc,48,100,86.75,89.5,88.25,89.5,-1.25,-1.40%,212372,-
4-Mar-26,SBIC,Stanbic Holdings Plc,147,279.75,250,257,255,256,-1,-0.39%,112564,-
4-Mar-26,SCBK,Standard Chartered Bank Kenya Ltd,260,365,352,364,355.5,352.25,3.25,0.92%,13476,-
4-Mar-26,DCON,Deacons (East Africa) Plc,0.45,0.45,0.45,0.45,0.45,0.45,-,-,-,-
4-Mar-26,EVRD,Eveready East Africa Ltd,0.75,1.78,0.9,1.1,0.94,1,-0.06,-6.00%,13063752,-
4-Mar-26,XPRS,Express Kenya Plc,2.8,10,7.78,8,7.98,7.78,0.2,2.57%,8135,-
4-Mar-26,HBE,Homeboyz Entertainment Plc,4.66,4.66,4.66,4.66,4.66,4.66,-,-,-,-
4-Mar-26,KQ,Kenya Airways Plc,1.56,6.02,4.43,4.79,4.51,4.92,-0.41,-8.33%,700929,-
4-Mar-26,LKL,Longhorn Publishers Plc,2.35,3.5,2.92,3.2,2.98,3.24,-0.26,-8.02%,34762,-
4-Mar-26,NBV,Nairobi Business Ventures Ltd,1.33,2.16,1.5,1.6,1.56,1.57,-0.01,-0.64%,164287,-
4-Mar-26,NMG,Nation Media Group Plc,10.05,20,13.3,14.3,14,14.3,-0.3,-2.10%,33117,-
4-Mar-26,SMER,Sameer Africa Plc,2.7,21.5,16.5,18.3,16.95,18.3,-1.35,-7.38%,43080,-
4-Mar-26,SGL,Standard Group Plc,5.2,7.14,6.1,6.4,6.32,6.04,0.28,4.64%,18915,-
4-Mar-26,TPSE,TPS Eastern Africa (Serena) Ltd,13.05,18.2,16.3,17.15,16.4,16.2,0.2,1.23%,5732,-
4-Mar-26,UCHM,Uchumi Supermarket Plc,0.23,2.93,2.21,2.21,2.21,2.45,-0.24,-9.80%,156265,-
4-Mar-26,SCAN,WPP ScanGroup Plc,2,3.33,2.3,2.45,2.32,2.38,-0.06,-2.52%,303587,-
4-Mar-26,ARM,ARM Cement Plc,5.55,5.55,5.55,5.55,5.55,5.55,-,-,-,-
4-Mar-26,BAMB,Bamburi Cement Ltd,47.2,56.5,47.2,47.2,47.2,47.2,-,-,-,-
4-Mar-26,CRWN,Crown Paints Kenya Plc,30,70.75,57,63,60.25,59.75,0.5,0.84%,1632,-
4-Mar-26,CABL,East African Cables Plc,1,2.44,1,1,1,1,-,-,-,-
4-Mar-26,PORT,East African Portland Cement Ltd,28,101,78.25,86,83.75,78.25,5.5,7.03%,5391,-
4-Mar-26,KEGN,Kenya Electricity Generating Company Plc,4.5,10.75,9.2,9.58,9.44,9.54,-0.1,-1.05%,1375381,-
4-Mar-26,KPLC-P4,KPLC-P4,4,5,5,5,5,5,-,-,-,-
4-Mar-26,KPLC-P7,KPLC-P7,6,6,6,6,6,6,-,-,-,-
4-Mar-26,KPLC,Kenya Power and Lighting Company Plc,5.7,19,16.9,17.8,17.3,17.85,-0.55,-3.08%,1468872,-
4-Mar-26,TOTL,TotalEnergies Marketing Kenya Plc,21,47,42.9,43.5,43.05,43.2,-0.15,-0.35%,35947,-
4-Mar-26,UMME,Umeme Ltd,5.8,24.75,8.1,9.2,8.72,8.46,0.26,3.07%,35616,-
4-Mar-26,BRIT,Britam Holdings Plc,5.92,13.4,11.8,12.4,11.9,12.2,-0.3,-2.46%,357338,-
4-Mar-26,CIC,CIC Insurance Group Ltd,2.55,6.62,5,5.7,5.18,5.28,-0.1,-1.89%,447439,-
4-Mar-26,JUB,Jubilee Holdings Ltd,182,437.75,374,387,375.25,378.25,-3,-0.79%,1102,-
4-Mar-26,KNRE,Kenya Re-Insurance Corporation Ltd,1.5,4.02,3.4,3.78,3.49,3.77,-0.28,-7.43%,2799926,-
4-Mar-26,LBTY,Liberty Kenya Holdings Ltd,9.1,12.2,10,10.6,10.05,10.2,-0.15,-1.47%,14236,-
4-Mar-26,SLAM,Sanlam Allianz Holdings (Kenya) Plc,5.5,11,9.52,10.2,10.2,10.05,0.15,1.49%,52527,-
4-Mar-26,CTUM,Centum Investment Company Plc,10.85,16.75,14.55,15.6,14.7,15,-0.3,-2.00%,39892,-
4-Mar-26,HAFR,Home Afrika Ltd,0.48,1.93,1.67,1.85,1.7,1.85,-0.15,-8.11%,1401097,-
4-Mar-26,KURV,Kurwitu Ventures Ltd,1400,1500,1500,1500,1500,1500,-,-,-,-
4-Mar-26,OCH,Olympia Capital Holdings Ltd,3.12,9,7.3,8,7.78,7.82,-0.04,-0.51%,3838,-
4-Mar-26,TCL,Trans-Century Plc,0.71,1.42,0.71,0.71,0.71,0.71,-,-,-,-
4-Mar-26,NSE,Nairobi Securities Exchange Plc,6.5,25.9,21,22,21.5,21.5,-,-,1925084,-
4-Mar-26,AMAC,Africa Mega Agricorp Plc,51,118.25,89,107,100.25,98,2.25,2.30%,1057,-
4-Mar-26,BOC,BOC Kenya Plc,76,150,120,130,122.5,128.25,-5.75,-4.48%,6644,-
4-Mar-26,BAT,British American Tobacco Kenya Plc,345,629,560,569,566,570,-4,-0.70%,20336,-
4-Mar-26,CARB,Carbacid Investments Plc,18,33,30,31.5,30.4,30.85,-0.45,-1.46%,15934,-
4-Mar-26,EABL,East African Breweries Ltd,167,351,249,263,257.25,266,-8.75,-3.29%,6703,-
4-Mar-26,FTGH,Flame Tree Group Holdings Ltd,1.05,3.11,2.56,2.68,2.57,2.84,-0.27,-9.51%,119663,-
4-Mar-26,MSC,Mumias Sugar Company Ltd,0.27,0.27,0.27,0.27,0.27,0.27,-,-,-,-
4-Mar-26,SKL,Shri Krishana Overseas Plc,5.8,12,10,10.45,10.05,10.3,-0.25,-2.43%,2617,-
4-Mar-26,UNGA,Unga Group Ltd,18.05,34,30.3,33.95,31.4,32.55,-1.15,-3.53%,2188,-
4-Mar-26,SCOM,Safaricom Plc,17,34.2,29.95,31,30.55,31.05,-0.5,-1.61%,2524620,-
4-Mar-26,LAPR,LAPTrust Imara Income-REIT,20,20,20,20,20,20,-,-,-,-
4-Mar-26,GLD,ABSA NewGold ETF,881,9800,6120,6700,6400,6225,175,2.81%,584,-
4-Mar-26,SMWF,Satrix MSCI World Feeder ETF,755,1050,814,874,865,851,14,1.65%,1246,-
4-Mar-26,^N10I,NSE 10-Share Index,1250.85,2271.75,2192.82,2192.82,2192.82,2257.31,-64.49,-2.86%,-,-
4-Mar-26,^N20I,NSE 20-Share Index,2092.84,3758.73,3617.17,3617.17,3617.17,3712.72,-95.55,-2.57%,-,-
4-Mar-26,^N25I,NSE 25-Share Index,3314.15,5948.29,5752.89,5752.89,5752.89,5900.29,-147.4,-2.50%,-,-
4-Mar-26,^NASI,NSE All-Share Index,123.6,216.69,208.22,208.22,208.22,212.81,-4.59,-2.16%,-,-
4-Mar-26,^NBSI,NSE Banking Sector Index,149.92,245.9,238.14,238.14,238.14,244.03,-5.89,-2.41%,-,-
4-Mar-26,^NBDI,NSE Bonds Index,1140.96,1210.41,1207.33,1207.33,1207.33,1199.75,7.58,0.63%,-,-
4-Mar-26,^ZKEQTK,Zamara Kenya Equity Index (KES),2424.57,4790.09,4618.42,4618.42,4618.42,4739.46,-121.04,-2.55%,-,-
4-Mar-26,^ZKEQTU,Zamara Kenya Equity Index (USD),1610.77,3197.11,3079.54,3079.54,3079.54,3159.64,-80.1,-2.54%,-,-
5-Mar-26,EGAD,Eaagads Ltd,11,35.25,27.1,31,29.45,30.1,-0.65,-2.16%,953,-
5-Mar-26,KUKZ,Kakuzi Plc,365,440,406,433,420.5,420.5,-,-,71,-
5-Mar-26,KAPC,Kapchorua Tea Kenya Plc,198,424.25,235,256.5,246.75,252.5,-5.75,-2.28%,1125,-
5-Mar-26,LIMT,Limuru Tea Plc,295,555,510,542,512,512,-,-,83,-
5-Mar-26,SASN,Sasini Plc,13.3,33.9,28,31.25,28.35,28.45,-0.1,-0.35%,34845,-
5-Mar-26,WTK,Williamson Tea Kenya Plc,136,350,140,148,142.25,143,-0.75,-0.52%,8478,-
5-Mar-26,CGEN,Car and General (K) Ltd,19.8,74.25,63.5,65.25,64.5,65.25,-0.75,-1.15%,1823,-
5-Mar-26,ABSA,ABSA Bank Kenya Plc,15,33,29.4,30,29.55,30,-0.45,-1.50%,1097815,-
5-Mar-26,BKG,BK Group Plc,28.75,50,45.5,49.5,47.9,45,2.9,6.44%,6680,-
5-Mar-26,COOP,Co-operative Bank of Kenya Ltd,13.8,31.5,28,30.65,29.85,30.45,-0.6,-1.97%,835689,-
5-Mar-26,DTK,Diamond Trust Bank Kenya Ltd,66,170,154,157.75,155.25,155.25,-,-,11391,-
5-Mar-26,EQTY,Equity Group Holdings Plc,41.2,80,73.75,76,74.5,74.5,-,-,4721493,-
5-Mar-26,HFCK,HF Group Ltd,5.3,11.5,10.2,10.5,10.3,10.2,0.1,0.98%,262999,-
5-Mar-26,IMH,I & M Holdings Plc,29.5,52,49.5,49.9,49.6,49.75,-0.15,-0.30%,316122,-
5-Mar-26,KCB,KCB Group Plc,35,80.5,73,75.5,74.25,75,-0.75,-1.00%,997937,-
5-Mar-26,NCBA,NCBA Group Plc,48,100,87,90.5,87.75,88.25,-0.5,-0.57%,118790,-
5-Mar-26,SBIC,Stanbic Holdings Plc,147,279.75,250,257.75,255,255,-,-,76205,-
5-Mar-26,SCBK,Standard Chartered Bank Kenya Ltd,260,365,348,355.5,355.25,355.5,-0.25,-0.07%,298382,-
5-Mar-26,DCON,Deacons (East Africa) Plc,0.45,0.45,0.45,0.45,0.45,0.45,-,-,-,-
5-Mar-26,EVRD,Eveready East Africa Ltd,0.75,1.78,1.03,1.03,1.03,0.94,0.09,9.57%,234926,-
5-Mar-26,XPRS,Express Kenya Plc,2.8,10,7.5,8,7.68,7.98,-0.3,-3.76%,1749,-
5-Mar-26,HBE,Homeboyz Entertainment Plc,4.66,4.66,4.66,4.66,4.66,4.66,-,-,-,-
5-Mar-26,KQ,Kenya Airways Plc,1.56,6.02,4.2,4.9,4.47,4.51,-0.04,-0.89%,1579281,-
5-Mar-26,LKL,Longhorn Publishers Plc,2.35,3.5,2.7,3.1,2.96,2.98,-0.02,-0.67%,22001,-
5-Mar-26,NBV,Nairobi Business Ventures Ltd,1.33,2.16,1.48,1.53,1.51,1.56,-0.05,-3.21%,79139,-
5-Mar-26,NMG,Nation Media Group Plc,10.05,20,13.6,14.2,14,14,-,-,3536,-
5-Mar-26,SMER,Sameer Africa Plc,2.7,21.5,16,16.95,16.5,16.95,-0.45,-2.65%,37131,-
5-Mar-26,SGL,Standard Group Plc,5.2,7.14,5.8,6.58,6.26,6.32,-0.06,-0.95%,15976,-
5-Mar-26,TPSE,TPS Eastern Africa (Serena) Ltd,13.05,18.2,16.85,17.2,17,16.4,0.6,3.66%,4595,-
5-Mar-26,UCHM,Uchumi Supermarket Plc,0.23,2.93,1.99,1.99,1.99,2.21,-0.22,-9.95%,360133,-
5-Mar-26,SCAN,WPP ScanGroup Plc,2,3.33,2.2,2.47,2.36,2.32,0.04,1.72%,150267,-
5-Mar-26,ARM,ARM Cement Plc,5.55,5.55,5.55,5.55,5.55,5.55,-,-,-,-
5-Mar-26,BAMB,Bamburi Cement Ltd,47.2,56.5,47.2,47.2,47.2,47.2,-,-,-,-
5-Mar-26,CRWN,Crown Paints Kenya Plc,33,70.75,54.5,63,57.25,60.25,-3,-4.98%,2432,-
5-Mar-26,CABL,East African Cables Plc,1,2.44,1,1,1,1,-,-,-,-
5-Mar-26,PORT,East African Portland Cement Ltd,28,101,80,85.75,83.75,83.75,-,-,289,-
5-Mar-26,KEGN,Kenya Electricity Generating Company Plc,4.5,10.75,9.16,9.56,9.3,9.44,-0.14,-1.48%,788136,-
5-Mar-26,KPLC-P4,KPLC-P4,4,5,5,5,5,5,-,-,-,-
5-Mar-26,KPLC-P7,KPLC-P7,6,6,6,6,6,6,-,-,-,-
5-Mar-26,KPLC,Kenya Power and Lighting Company Plc,5.7,19,16.7,17.15,16.9,17.3,-0.4,-2.31%,710922,-
5-Mar-26,TOTL,TotalEnergies Marketing Kenya Plc,21,47,41.5,44,43.6,43.05,0.55,1.28%,52109,-
5-Mar-26,UMME,Umeme Ltd,5.8,24.75,8.5,8.98,8.9,8.72,0.18,2.06%,36722,-
5-Mar-26,BRIT,Britam Holdings Plc,5.92,13.4,11.6,11.8,11.7,11.9,-0.2,-1.68%,132675,-
5-Mar-26,CIC,CIC Insurance Group Ltd,2.55,6.62,4.67,5.2,4.85,5.18,-0.33,-6.37%,272971,-
5-Mar-26,JUB,Jubilee Holdings Ltd,182,437.75,375,385,384,375.25,8.75,2.33%,7050,-
5-Mar-26,KNRE,Kenya Re-Insurance Corporation Ltd,1.5,4.02,3.2,3.6,3.43,3.49,-0.06,-1.72%,1636641,-
5-Mar-26,LBTY,Liberty Kenya Holdings Ltd,9.1,12.2,9.9,10.5,10.15,10.05,0.1,1.00%,16336,-
5-Mar-26,SLAM,Sanlam Allianz Holdings (Kenya) Plc,5.5,11,10.05,10.45,10.3,10.2,0.1,0.98%,8096,-
5-Mar-26,CTUM,Centum Investment Company Plc,10.85,16.75,14.1,14.7,14.35,14.7,-0.35,-2.38%,44272,-
5-Mar-26,HAFR,Home Afrika Ltd,0.48,1.93,1.53,1.67,1.55,1.7,-0.15,-8.82%,618616,-
5-Mar-26,KURV,Kurwitu Ventures Ltd,1400,1500,1495,1495,1500,1500,-,-,2,-
5-Mar-26,OCH,Olympia Capital Holdings Ltd,3.12,9,7.02,8,7.08,7.78,-0.7,-9.00%,21535,-
5-Mar-26,TCL,Trans-Century Plc,0.71,1.4,0.71,0.71,0.71,0.71,-,-,-,-
5-Mar-26,NSE,Nairobi Securities Exchange Plc,6.5,25.9,21.05,22.5,21.3,21.5,-0.2,-0.93%,83869,-
5-Mar-26,AMAC,Africa Mega Agricorp Plc,51,118.25,99.75,110,102,100.25,1.75,1.75%,1531,-
5-Mar-26,BOC,BOC Kenya Plc,76,150,123.25,134.75,125.75,122.5,3.25,2.65%,1528,-
5-Mar-26,BAT,British American Tobacco Kenya Plc,345,629,556,565,563,566,-3,-0.53%,42335,-
5-Mar-26,CARB,Carbacid Investments Plc,18,33,29.5,31.5,30.3,30.4,-0.1,-0.33%,38052,-
5-Mar-26,EABL,East African Breweries Ltd,167,351,245,265,250,257.25,-7.25,-2.82%,348291,-
5-Mar-26,FTGH,Flame Tree Group Holdings Ltd,1.05,3.11,2.32,2.56,2.35,2.57,-0.22,-8.56%,142287,-
5-Mar-26,MSC,Mumias Sugar Company Ltd,0.27,0.27,0.27,0.27,0.27,0.27,-,-,-,-
5-Mar-26,SKL,Shri Krishana Overseas Plc,5.8,12,9.3,10.45,9.82,10.05,-0.23,-2.29%,5751,-
5-Mar-26,UNGA,Unga Group Ltd,18.05,34,30,31.95,31,31.4,-0.4,-1.27%,8266,-
5-Mar-26,SCOM,Safaricom Plc,17,34.2,30.55,31,30.75,30.55,0.2,0.65%,2057116,-
5-Mar-26,LAPR,LAPTrust Imara Income-REIT,20,20,20,20,20,20,-,-,-,-
5-Mar-26,GLD,ABSA NewGold ETF,881,9800,6195,6490,6275,6400,-125,-1.95%,462,-
5-Mar-26,SMWF,Satrix MSCI World Feeder ETF,755,1050,816,878,865,865,-,-,61,-
5-Mar-26,^N10I,NSE 10-Share Index,1250.85,2271.75,2175.21,2175.21,2175.21,2192.82,-17.61,-0.80%,-,-
5-Mar-26,^N20I,NSE 20-Share Index,2092.84,3758.73,3586.16,3586.16,3586.16,3617.17,-31.01,-0.86%,-,-
5-Mar-26,^N25I,NSE 25-Share Index,3314.15,5948.29,5717.2,5717.2,5717.2,5752.89,-35.69,-0.62%,-,-
5-Mar-26,^NASI,NSE All-Share Index,123.6,216.69,207.67,207.67,207.67,208.22,-0.55,-0.26%,-,-
5-Mar-26,^NBSI,NSE Banking Sector Index,149.92,245.9,236.69,236.69,236.69,238.14,-1.45,-0.61%,-,-
5-Mar-26,^NBDI,NSE Bonds Index,1140.96,1210.41,1199.1,1199.1,1199.1,1207.33,-8.23,-0.68%,-,-
5-Mar-26,^ZKEQTK,Zamara Kenya Equity Index (KES),2424.57,4790.09,4587.66,4587.66,4587.66,4618.42,-30.76,-0.67%,-,-
5-Mar-26,^ZKEQTU,Zamara Kenya Equity Index (USD),1610.77,3197.11,3058.44,3058.44,3058.44,3079.54,-21.1,-0.69%,-,-
6-Mar-26,EGAD,Eaagads Ltd,11,35.25,27.45,31.7,29.4,29.45,-0.05,-0.17%,13337,-
6-Mar-26,KUKZ,Kakuzi Plc,365,440,406,432,429,420.5,8.5,2.02%,101,-
6-Mar-26,KAPC,Kapchorua Tea Kenya Plc,198,424.25,235,260,244.25,246.75,-2.5,-1.01%,566,-
6-Mar-26,LIMT,Limuru Tea Plc,295,555,510,510,512,512,-,-,5,-
6-Mar-26,SASN,Sasini Plc,13.3,33.9,27.1,29.5,28,28.35,-0.35,-1.23%,34405,-
6-Mar-26,WTK,Williamson Tea Kenya Plc,136,350,140,144,140.75,142.25,-1.5,-1.05%,7971,-
6-Mar-26,CGEN,Car and General (K) Ltd,19.8,74.25,63,69.75,64,64.5,-0.5,-0.78%,2063,-
6-Mar-26,ABSA,ABSA Bank Kenya Plc,15,33,29.55,30.95,30.15,29.55,0.6,2.03%,594426,-
6-Mar-26,BKG,BK Group Plc,28.75,52,45,49.5,47.35,47.9,-0.55,-1.15%,6157,-
6-Mar-26,COOP,Co-operative Bank of Kenya Ltd,13.8,31.5,29,30.5,30,29.85,0.15,0.50%,392736,-
6-Mar-26,DTK,Diamond Trust Bank Kenya Ltd,66,170,155.5,157,157,155.25,1.75,1.13%,55912,-
6-Mar-26,EQTY,Equity Group Holdings Plc,41.2,80,74,76,74.5,74.5,-,-,4114650,-
6-Mar-26,HFCK,HF Group Ltd,5.3,11.5,10.2,11,10.5,10.3,0.2,1.94%,169155,-
6-Mar-26,IMH,I & M Holdings Plc,29.5,52,49.5,49.95,49.55,49.6,-0.05,-0.10%,644329,-
6-Mar-26,KCB,KCB Group Plc,36.5,80.5,74.25,79,77.5,74.25,3.25,4.38%,2782623,-
6-Mar-26,NCBA,NCBA Group Plc,48,100,87.75,90.5,88,87.75,0.25,0.28%,71052,-
6-Mar-26,SBIC,Stanbic Holdings Plc,147,300,254.5,257.75,255,255,-,-,357460,-
6-Mar-26,SCBK,Standard Chartered Bank Kenya Ltd,260,365,320,354,340.25,355.25,-15,-4.22%,13664,-
6-Mar-26,DCON,Deacons (East Africa) Plc,0.45,0.45,0.45,0.45,0.45,0.45,-,-,-,-
6-Mar-26,EVRD,Eveready East Africa Ltd,0.75,1.78,1.05,1.13,1.13,1.03,0.1,9.71%,6425863,-
6-Mar-26,XPRS,Express Kenya Plc,2.8,10,7.06,8,7.56,7.68,-0.12,-1.56%,35137,-
6-Mar-26,HBE,Homeboyz Entertainment Plc,4.66,4.66,4.66,4.66,4.66,4.66,-,-,-,-
6-Mar-26,KQ,Kenya Airways Plc,1.56,7.02,4.91,4.91,4.91,4.47,0.44,9.84%,35638,-
6-Mar-26,LKL,Longhorn Publishers Plc,2.35,3.5,2.92,3.1,2.99,2.96,0.03,1.01%,8548,-
6-Mar-26,NBV,Nairobi Business Ventures Ltd,1.33,2.16,1.47,1.53,1.5,1.51,-0.01,-0.66%,203580,-
6-Mar-26,NMG,Nation Media Group Plc,10.05,20,13.3,14,13.9,14,-0.1,-0.71%,2719,-
6-Mar-26,SMER,Sameer Africa Plc,2.7,21.5,16,18.15,17.05,16.5,0.55,3.33%,104127,-
6-Mar-26,SGL,Standard Group Plc,5.2,7.14,5.84,6.48,6.16,6.26,-0.1,-1.60%,4378,-
6-Mar-26,TPSE,TPS Eastern Africa (Serena) Ltd,13.05,18.2,16.25,17,16.85,17,-0.15,-0.88%,421,-
6-Mar-26,UCHM,Uchumi Supermarket Plc,0.23,2.93,1.8,1.8,1.8,1.99,-0.19,-9.55%,1463534,-
6-Mar-26,SCAN,WPP ScanGroup Plc,2,3.33,2.19,2.41,2.4,2.36,0.04,1.69%,24613,-
6-Mar-26,ARM,ARM Cement Plc,5.55,5.55,5.55,5.55,5.55,5.55,-,-,-,-
6-Mar-26,BAMB,Bamburi Cement Ltd,47.2,56.5,47.2,47.2,47.2,47.2,-,-,-,-
6-Mar-26,CRWN,Crown Paints Kenya Plc,33.95,70.75,54.5,60,56,57.25,-1.25,-2.18%,3050,-
6-Mar-26,CABL,East African Cables Plc,1,2.44,1,1,1,1,-,-,-,-
6-Mar-26,PORT,East African Portland Cement Ltd,28,101,80,85.75,82.25,83.75,-1.5,-1.79%,1307,-
6-Mar-26,KEGN,Kenya Electricity Generating Company Plc,4.52,10.75,8.8,9.3,9.2,9.3,-0.1,-1.08%,1141454,-
6-Mar-26,KPLC-P4,KPLC-P4,4,5,5,5,5,5,-,-,-,-
6-Mar-26,KPLC-P7,KPLC-P7,6,6,6,6,6,6,-,-,-,-
6-Mar-26,KPLC,Kenya Power and Lighting Company Plc,5.7,19,16.9,17.5,17.05,16.9,0.15,0.89%,1051674,-
6-Mar-26,TOTL,TotalEnergies Marketing Kenya Plc,21,47,43.1,43.85,43.75,43.6,0.15,0.34%,10199,-
6-Mar-26,UMME,Umeme Ltd,5.8,24.75,8.6,9,8.88,8.9,-0.02,-0.22%,30496,-
6-Mar-26,BRIT,Britam Holdings Plc,5.92,13.4,11,11.8,11.6,11.7,-0.1,-0.85%,146190,-
6-Mar-26,CIC,CIC Insurance Group Ltd,2.55,6.62,4.8,5.2,4.91,4.85,0.06,1.24%,346139,-
6-Mar-26,JUB,Jubilee Holdings Ltd,182,437.75,374,385,378.75,384,-5.25,-1.37%,916,-
6-Mar-26,KNRE,Kenya Re-Insurance Corporation Ltd,1.5,4.02,3.38,3.77,3.52,3.43,0.09,2.62%,3492833,-
6-Mar-26,LBTY,Liberty Kenya Holdings Ltd,9.1,12.2,9.9,10.4,10.05,10.15,-0.1,-0.99%,11611,-
6-Mar-26,SLAM,Sanlam Allianz Holdings (Kenya) Plc,5.5,11,10,10.5,10.45,10.3,0.15,1.46%,69122,-
6-Mar-26,CTUM,Centum Investment Company Plc,10.85,16.75,13.3,15.15,14.7,14.35,0.35,2.44%,210596,-
6-Mar-26,HAFR,Home Afrika Ltd,0.48,1.93,1.4,1.65,1.46,1.55,-0.09,-5.81%,1701652,-
6-Mar-26,KURV,Kurwitu Ventures Ltd,1400,1500,1500,1500,1500,1500,-,-,-,-
6-Mar-26,OCH,Olympia Capital Holdings Ltd,3.12,9,7.7,7.78,7.76,7.08,0.68,9.60%,713,-
6-Mar-26,TCL,Trans-Century Plc,0.71,1.4,0.71,0.71,0.71,0.71,-,-,-,-
6-Mar-26,NSE,Nairobi Securities Exchange Plc,6.5,25.9,21.15,23,21.45,21.3,0.15,0.70%,228741,-
6-Mar-26,AMAC,Africa Mega Agricorp Plc,51,118.25,99,112,108.25,102,6.25,6.13%,1229,-
6-Mar-26,BOC,BOC Kenya Plc,76,150,125,127,125.25,125.75,-0.5,-0.40%,45095,-
6-Mar-26,BAT,British American Tobacco Kenya Plc,345,629,545,560,555,563,-8,-1.42%,12203,-
6-Mar-26,CARB,Carbacid Investments Plc,18,33,28.8,30.25,29.95,30.3,-0.35,-1.16%,232451,-
6-Mar-26,EABL,East African Breweries Ltd,167,351,250,260,256,250,6,2.40%,6859,-
6-Mar-26,FTGH,Flame Tree Group Holdings Ltd,1.05,3.11,2.2,2.5,2.35,2.35,-,-,170541,-
6-Mar-26,MSC,Mumias Sugar Company Ltd,0.27,0.27,0.27,0.27,0.27,0.27,-,-,-,-
6-Mar-26,SKL,Shri Krishana Overseas Plc,5.8,12,9,10.3,10.1,9.82,0.28,2.85%,7061,-
6-Mar-26,UNGA,Unga Group Ltd,18.05,34,29,31,30.05,31,-0.95,-3.06%,12302,-
6-Mar-26,SCOM,Safaricom Plc,17,34.2,30.4,30.9,30.65,30.75,-0.1,-0.33%,19348587,-
6-Mar-26,LAPR,LAPTrust Imara Income-REIT,20,20,20,20,20,20,-,-,-,-
6-Mar-26,GLD,ABSA NewGold ETF,881,9800,6135,6660,6230,6275,-45,-0.72%,726,-
6-Mar-26,SMWF,Satrix MSCI World Feeder ETF,755,1050,826,865,865,865,-,-,9,-
6-Mar-26,^N10I,NSE 10-Share Index,1268.27,2271.75,2198.95,2198.95,2198.95,2175.21,23.74,1.09%,-,-
6-Mar-26,^N20I,NSE 20-Share Index,2092.84,3758.73,3604.75,3604.75,3604.75,3586.16,18.59,0.52%,-,-
6-Mar-26,^N25I,NSE 25-Share Index,3365.92,5948.29,5761.82,5761.82,5761.82,5717.2,44.62,0.78%,-,-
6-Mar-26,^NASI,NSE All-Share Index,125.33,216.69,208.41,208.41,208.41,207.67,0.74,0.36%,-,-
6-Mar-26,^NBSI,NSE Banking Sector Index,149.92,245.9,238.32,238.32,238.32,236.69,1.63,0.69%,-,-
6-Mar-26,^NBDI,NSE Bonds Index,1140.96,1210.41,1207.6,1207.6,1207.6,1199.1,8.5,0.71%,-,-
6-Mar-26,^ZKEQTK,Zamara Kenya Equity Index (KES),2473.14,4790.09,4636.5,4636.5,4636.5,4587.66,48.84,1.06%,-,-
6-Mar-26,^ZKEQTU,Zamara Kenya Equity Index (USD),1641.77,3197.11,3091,3091,3091,3058.44,32.56,1.06%,-,-
9-Mar-26,EGAD,Eaagads Ltd,11,35.25,29.45,32.25,32,29.4,2.6,8.84%,1555,-
9-Mar-26,KUKZ,Kakuzi Plc,365,440,406,432,427.75,429,-1.25,-0.29%,284,-
9-Mar-26,KAPC,Kapchorua Tea Kenya Plc,198,424.25,247,255,250.75,244.25,6.5,2.66%,405,-
9-Mar-26,LIMT,Limuru Tea Plc,295,555,510,542,511,512,-1,-0.20%,277,-
9-Mar-26,SASN,Sasini Plc,13.3,33.9,27,29,28.1,28,0.1,0.36%,13161,-
9-Mar-26,WTK,Williamson Tea Kenya Plc,136,350,139,143.75,140,140.75,-0.75,-0.53%,204825,-
9-Mar-26,CGEN,Car and General (K) Ltd,19.8,74.25,64.5,69.75,69,64,5,7.81%,3484,-
9-Mar-26,ABSA,ABSA Bank Kenya Plc,15,33,30,30.7,30.05,30.15,-0.1,-0.33%,2875690,-
9-Mar-26,BKG,BK Group Plc,28.75,52,45,49.5,45.4,47.35,-1.95,-4.12%,1773,-
9-Mar-26,COOP,Co-operative Bank of Kenya Ltd,13.8,31.5,29.8,30,29.9,30,-0.1,-0.33%,496641,-
9-Mar-26,DTK,Diamond Trust Bank Kenya Ltd,66,170,156,157,156.75,157,-0.25,-0.16%,127931,-
9-Mar-26,EQTY,Equity Group Holdings Plc,41.2,80,73,75.5,74,74.5,-0.5,-0.67%,3284476,-
9-Mar-26,HFCK,HF Group Ltd,5.3,11.5,10.5,11.15,10.8,10.5,0.3,2.86%,83195,-
9-Mar-26,IMH,I & M Holdings Plc,29.5,52,49,50.25,49.05,49.55,-0.5,-1.01%,1408332,-
9-Mar-26,KCB,KCB Group Plc,36.5,80.5,75.5,78.5,77,77.5,-0.5,-0.65%,2603319,-
9-Mar-26,NCBA,NCBA Group Plc,48,100,87,88.25,87.75,88,-0.25,-0.28%,75047,-
9-Mar-26,SBIC,Stanbic Holdings Plc,147,300,254.5,260,255.75,255,0.75,0.29%,28021,-
9-Mar-26,SCBK,Standard Chartered Bank Kenya Ltd,260,365,330,354,340.5,340.25,0.25,0.07%,23215,-
9-Mar-26,DCON,Deacons (East Africa) Plc,0.45,0.45,0.45,0.45,0.45,0.45,-,-,-,-
9-Mar-26,EVRD,Eveready East Africa Ltd,0.75,1.78,1.13,1.24,1.23,1.13,0.1,8.85%,3567231,-
9-Mar-26,XPRS,Express Kenya Plc,2.8,10,7.14,7.56,7.24,7.56,-0.32,-4.23%,20366,-
9-Mar-26,HBE,Homeboyz Entertainment Plc,4.66,4.66,4.66,4.66,4.66,4.66,-,-,-,-
9-Mar-26,KQ,Kenya Airways Plc,1.56,7.02,5.4,5.4,5.4,4.91,0.49,9.98%,1284249,-
9-Mar-26,LKL,Longhorn Publishers Plc,2.35,3.5,2.72,3.25,2.94,2.99,-0.05,-1.67%,45522,-
9-Mar-26,NBV,Nairobi Business Ventures Ltd,1.33,2.16,1.48,1.52,1.5,1.5,-,-,86750,-
9-Mar-26,NMG,Nation Media Group Plc,10.05,20,13.3,14,13.6,13.9,-0.3,-2.16%,69329,-
9-Mar-26,SMER,Sameer Africa Plc,2.7,21.5,17.5,18.75,18.15,17.05,1.1,6.45%,48800,-
9-Mar-26,SGL,Standard Group Plc,5.2,7.14,5.84,6.6,6.04,6.16,-0.12,-1.95%,3994,-
9-Mar-26,TPSE,TPS Eastern Africa (Serena) Ltd,13.05,18.2,16.8,17,16.95,16.85,0.1,0.59%,1382,-
9-Mar-26,UCHM,Uchumi Supermarket Plc,0.23,2.93,1.62,1.98,1.82,1.8,0.02,1.11%,1895807,-
9-Mar-26,SCAN,WPP ScanGroup Plc,2,3.33,2.37,2.5,2.43,2.4,0.03,1.25%,37924,-
9-Mar-26,ARM,ARM Cement Plc,5.55,5.55,5.55,5.55,5.55,5.55,-,-,-,-
9-Mar-26,BAMB,Bamburi Cement Ltd,47.2,56.5,47.2,47.2,47.2,47.2,-,-,-,-
9-Mar-26,CRWN,Crown Paints Kenya Plc,33.95,70.75,58,59.75,59.5,56,3.5,6.25%,1976,-
9-Mar-26,CABL,East African Cables Plc,1,2.44,1,1,1,1,-,-,-,-
9-Mar-26,PORT,East African Portland Cement Ltd,28,101,81.25,83,82.25,82.25,-,-,245,-
9-Mar-26,KEGN,Kenya Electricity Generating Company Plc,4.52,10.75,9.08,9.3,9.18,9.2,-0.02,-0.22%,1674677,-
9-Mar-26,KPLC-P4,KPLC-P4,4,5,5,5,5,5,-,-,-,-
9-Mar-26,KPLC-P7,KPLC-P7,6,6,6,6,6,6,-,-,-,-
9-Mar-26,KPLC,Kenya Power and Lighting Company Plc,5.7,19,16.85,17.5,17.1,17.05,0.05,0.29%,942479,-
9-Mar-26,TOTL,TotalEnergies Marketing Kenya Plc,21,47,43.65,46.6,43.85,43.75,0.1,0.23%,17863,-
9-Mar-26,UMME,Umeme Ltd,5.8,24.75,8.54,9,8.66,8.88,-0.22,-2.48%,35275,-
9-Mar-26,BRIT,Britam Holdings Plc,5.92,13.4,11.5,11.8,11.75,11.6,0.15,1.29%,83992,-
9-Mar-26,CIC,CIC Insurance Group Ltd,2.55,6.62,4.91,5.3,5.06,4.91,0.15,3.05%,533637,-
9-Mar-26,JUB,Jubilee Holdings Ltd,182,437.75,384,390,388.5,378.75,9.75,2.57%,1404,-
9-Mar-26,KNRE,Kenya Re-Insurance Corporation Ltd,1.5,4.02,3.7,3.87,3.78,3.52,0.26,7.39%,4226454,-
9-Mar-26,LBTY,Liberty Kenya Holdings Ltd,9.1,12.2,9.9,10.6,10.1,10.05,0.05,0.50%,35649,-
9-Mar-26,SLAM,Sanlam Allianz Holdings (Kenya) Plc,5.5,11,9.6,11,10.7,10.45,0.25,2.39%,6862,-
9-Mar-26,CTUM,Centum Investment Company Plc,10.85,16.75,14.2,15,14.75,14.7,0.05,0.34%,11496,-
9-Mar-26,HAFR,Home Afrika Ltd,0.48,1.93,1.46,1.6,1.58,1.46,0.12,8.22%,614851,-
9-Mar-26,KURV,Kurwitu Ventures Ltd,1400,1500,1495,1495,1500,1500,-,-,10,-
9-Mar-26,OCH,Olympia Capital Holdings Ltd,3.12,9,7.78,8.2,8,7.76,0.24,3.09%,4015,-
9-Mar-26,TCL,Trans-Century Plc,0.71,1.4,0.71,0.71,0.71,0.71,-,-,-,-
9-Mar-26,NSE,Nairobi Securities Exchange Plc,6.5,25.9,20.9,23.55,21.9,21.45,0.45,2.10%,177373,-
9-Mar-26,AMAC,Africa Mega Agricorp Plc,51,118.25,100,107,101.25,108.25,-7,-6.47%,366,-
9-Mar-26,BOC,BOC Kenya Plc,76,150,125,130,125.75,125.25,0.5,0.40%,3681,-
9-Mar-26,BAT,British American Tobacco Kenya Plc,345,629,545,550,548,555,-7,-1.26%,48513,-
9-Mar-26,CARB,Carbacid Investments Plc,18,33,29.2,30.25,29.75,29.95,-0.2,-0.67%,21248,-
9-Mar-26,EABL,East African Breweries Ltd,167,351,249,257,255.25,256,-0.75,-0.29%,42057,-
9-Mar-26,FTGH,Flame Tree Group Holdings Ltd,1.05,3.11,2.2,2.58,2.48,2.35,0.13,5.53%,79634,-
9-Mar-26,MSC,Mumias Sugar Company Ltd,0.27,0.27,0.27,0.27,0.27,0.27,-,-,-,-
9-Mar-26,SKL,Shri Krishana Overseas Plc,5.8,12,10,10.45,10.35,10.1,0.25,2.48%,6795,-
9-Mar-26,UNGA,Unga Group Ltd,18.05,34,28.95,32.5,29.85,30.05,-0.2,-0.67%,5309,-
9-Mar-26,SCOM,Safaricom Plc,17,34.2,29.9,30.5,30.15,30.65,-0.5,-1.63%,8460555,-
9-Mar-26,LAPR,LAPTrust Imara Income-REIT,20,20,20,20,20,20,-,-,-,-
9-Mar-26,GLD,ABSA NewGold ETF,881,9800,6150,6700,6210,6230,-20,-0.32%,1165,-
9-Mar-26,SMWF,Satrix MSCI World Feeder ETF,755,1050,826,843,865,865,-,-,36,-
9-Mar-26,^N10I,NSE 10-Share Index,1268.27,2271.75,2184.12,2184.12,2184.12,2198.95,-14.83,-0.67%,-,-
9-Mar-26,^N20I,NSE 20-Share Index,2092.84,3758.73,3612.26,3612.26,3612.26,3604.75,7.51,0.21%,-,-
9-Mar-26,^N25I,NSE 25-Share Index,3365.92,5948.29,5732.97,5732.97,5732.97,5761.82,-28.85,-0.50%,-,-
9-Mar-26,^NASI,NSE All-Share Index,125.33,216.69,207.07,207.07,207.07,208.41,-1.34,-0.64%,-,-
9-Mar-26,^NBSI,NSE Banking Sector Index,149.92,245.9,237.39,237.39,237.39,238.32,-0.93,-0.39%,-,-
9-Mar-26,^NBDI,NSE Bonds Index,1140.96,1210.41,1204.18,1204.18,1204.18,1207.6,-3.42,-0.28%,-,-
9-Mar-26,^ZKEQTK,Zamara Kenya Equity Index (KES),2473.14,4790.09,4603.15,4603.15,4603.15,4636.5,-33.35,-0.72%,-,-
9-Mar-26,^ZKEQTU,Zamara Kenya Equity Index (USD),1641.77,3197.11,3065.2,3065.2,3065.2,3091,-25.8,-0.83%,-,-
10-Mar-26,EGAD,Eaagads Ltd,11,35.25,30,32,31.4,32,-0.6,-1.88%,319,-
10-Mar-26,KUKZ,Kakuzi Plc,365,440,425,428,427.25,427.75,-0.5,-0.12%,330,-
10-Mar-26,KAPC,Kapchorua Tea Kenya Plc,198,424.25,240,252,248.25,250.75,-2.5,-1.00%,305,-
10-Mar-26,LIMT,Limuru Tea Plc,295,555,501,542,511,511,-,-,8,-
10-Mar-26,SASN,Sasini Plc,13.3,33.9,27.05,28.2,27.8,28.1,-0.3,-1.07%,23053,-
10-Mar-26,WTK,Williamson Tea Kenya Plc,136,350,139,142,140,140,-,-,126852,-
10-Mar-26,CGEN,Car and General (K) Ltd,19.8,74.25,62.25,69.5,65,69,-4,-5.80%,4714,-
10-Mar-26,ABSA,ABSA Bank Kenya Plc,15,33,30,30.5,30.35,30.05,0.3,1.00%,182406,-
10-Mar-26,BKG,BK Group Plc,28.75,52,45.2,47,46.9,45.4,1.5,3.30%,57965,-
10-Mar-26,COOP,Co-operative Bank of Kenya Ltd,13.8,31.5,29.5,30,29.8,29.9,-0.1,-0.33%,298781,-
10-Mar-26,DTK,Diamond Trust Bank Kenya Ltd,66,170,155.25,157,156.75,156.75,-,-,50082,-
10-Mar-26,EQTY,Equity Group Holdings Plc,41.2,80,73.5,75.5,74,74,-,-,4808702,-
10-Mar-26,HFCK,HF Group Ltd,5.3,11.5,10.5,11,10.75,10.8,-0.05,-0.46%,115466,-
10-Mar-26,IMH,I & M Holdings Plc,29.5,52,49,49.95,49.1,49.05,0.05,0.10%,699649,-
10-Mar-26,KCB,KCB Group Plc,36.5,80.5,76.75,78.5,78,77,1,1.30%,3951987,-
10-Mar-26,NCBA,NCBA Group Plc,48,100,87,89,87.5,87.75,-0.25,-0.28%,134992,-
10-Mar-26,SBIC,Stanbic Holdings Plc,147,300,255,270,257.75,255.75,2,0.78%,10741,-
10-Mar-26,SCBK,Standard Chartered Bank Kenya Ltd,260,365,321,345,335.25,340.5,-5.25,-1.54%,12780,-
10-Mar-26,DCON,Deacons (East Africa) Plc,0.45,0.45,0.45,0.45,0.45,0.45,-,-,-,-
10-Mar-26,EVRD,Eveready East Africa Ltd,0.75,1.78,1.24,1.34,1.26,1.23,0.03,2.44%,2227245,-
10-Mar-26,XPRS,Express Kenya Plc,2.8,10,7.2,7.96,7.48,7.24,0.24,3.31%,5382,-
10-Mar-26,HBE,Homeboyz Entertainment Plc,4.66,4.66,4.66,4.66,4.66,4.66,-,-,-,-
10-Mar-26,KQ,Kenya Airways Plc,1.56,7.02,5.5,5.88,5.52,5.4,0.12,2.22%,8308713,-
10-Mar-26,LKL,Longhorn Publishers Plc,2.35,3.5,2.95,3.2,3.05,2.94,0.11,3.74%,6911,-
10-Mar-26,NBV,Nairobi Business Ventures Ltd,1.33,2.16,1.48,1.52,1.51,1.5,0.01,0.67%,124793,-
10-Mar-26,NMG,Nation Media Group Plc,10.05,20,12.8,14,13.25,13.6,-0.35,-2.57%,10653,-
10-Mar-26,SMER,Sameer Africa Plc,2.7,21.5,17.5,18.7,18.3,18.15,0.15,0.83%,14661,-
10-Mar-26,SGL,Standard Group Plc,5.2,7.14,5.9,6.58,6,6.04,-0.04,-0.66%,2751,-
10-Mar-26,TPSE,TPS Eastern Africa (Serena) Ltd,13.05,18.2,16.4,17,16.7,16.95,-0.25,-1.47%,1381,-
10-Mar-26,UCHM,Uchumi Supermarket Plc,0.23,2.93,2,2,2,1.82,0.18,9.89%,1871753,-
10-Mar-26,SCAN,WPP ScanGroup Plc,2,3.33,2.21,2.49,2.45,2.43,0.02,0.82%,10368,-
10-Mar-26,ARM,ARM Cement Plc,5.55,5.55,5.55,5.55,5.55,5.55,-,-,-,-
10-Mar-26,BAMB,Bamburi Cement Ltd,47.2,56.5,47.2,47.2,47.2,47.2,-,-,-,-
10-Mar-26,CRWN,Crown Paints Kenya Plc,33.95,70.75,56,59.5,58,59.5,-1.5,-2.52%,873,-
10-Mar-26,CABL,East African Cables Plc,1,2.44,1,1,1,1,-,-,-,-
10-Mar-26,PORT,East African Portland Cement Ltd,28,101,82.25,84,83.25,82.25,1,1.22%,544,-
10-Mar-26,KEGN,Kenya Electricity Generating Company Plc,4.52,10.75,9.18,9.34,9.28,9.18,0.1,1.09%,871909,-
10-Mar-26,KPC,Kenya Pipeline Company Plc,9,9.5,9,9.5,9.18,-,9.18,-,2080767,-
10-Mar-26,KPLC-P4,KPLC-P4,4,5,5,5,5,5,-,-,-,-
10-Mar-26,KPLC-P7,KPLC-P7,6,6,6,6,6,6,-,-,-,-
10-Mar-26,KPLC,Kenya Power and Lighting Company Plc,5.7,19,16.95,17.5,17,17.1,-0.1,-0.58%,1035248,-
10-Mar-26,TOTL,TotalEnergies Marketing Kenya Plc,21,47,43,43.9,43.55,43.85,-0.3,-0.68%,6995,-
10-Mar-26,UMME,Umeme Ltd,5.8,24.75,8.54,9,8.74,8.66,0.08,0.92%,12263,-
10-Mar-26,BRIT,Britam Holdings Plc,5.92,13.4,11.7,12.1,11.95,11.75,0.2,1.70%,373122,-
10-Mar-26,CIC,CIC Insurance Group Ltd,2.55,6.62,4.92,5.3,4.98,5.06,-0.08,-1.58%,205812,-
10-Mar-26,JUB,Jubilee Holdings Ltd,182,437.75,388.5,399.75,389.75,388.5,1.25,0.32%,6198,-
10-Mar-26,KNRE,Kenya Re-Insurance Corporation Ltd,1.5,4.02,3.8,3.9,3.83,3.78,0.05,1.32%,1989636,-
10-Mar-26,LBTY,Liberty Kenya Holdings Ltd,9.1,12.2,9.9,10.25,10.05,10.1,-0.05,-0.50%,13619,-
10-Mar-26,SLAM,Sanlam Allianz Holdings (Kenya) Plc,5.5,11,10,10.5,10.35,10.7,-0.35,-3.27%,21635,-
10-Mar-26,CTUM,Centum Investment Company Plc,10.85,16.75,14,15,14.3,14.75,-0.45,-3.05%,15626,-
10-Mar-26,HAFR,Home Afrika Ltd,0.48,1.93,1.6,1.73,1.7,1.58,0.12,7.59%,1338732,-
10-Mar-26,KURV,Kurwitu Ventures Ltd,1400,1500,1495,1495,1500,1500,-,-,7,-
10-Mar-26,OCH,Olympia Capital Holdings Ltd,3.12,9,7.2,8.5,7.98,8,-0.02,-0.25%,6056,-
10-Mar-26,TCL,Trans-Century Plc,0.71,1.4,0.71,0.71,0.71,0.71,-,-,-,-
10-Mar-26,NSE,Nairobi Securities Exchange Plc,6.5,25.9,20.95,22.5,22,21.9,0.1,0.46%,41101,-
10-Mar-26,AMAC,Africa Mega Agricorp Plc,51,118.25,100,111,102.25,101.25,1,0.99%,1728,-
10-Mar-26,BOC,BOC Kenya Plc,76,150,120,130,121.25,125.75,-4.5,-3.58%,6513,-
10-Mar-26,BAT,British American Tobacco Kenya Plc,345,629,535,547,541,548,-7,-1.28%,27277,-
10-Mar-26,CARB,Carbacid Investments Plc,18,33,29,30.5,29.3,29.75,-0.45,-1.51%,27233,-
10-Mar-26,EABL,East African Breweries Ltd,167,351,252,257,255,255.25,-0.25,-0.10%,280378,-
10-Mar-26,FTGH,Flame Tree Group Holdings Ltd,1.05,3.11,2.5,2.65,2.62,2.48,0.14,5.65%,441215,-
10-Mar-26,MSC,Mumias Sugar Company Ltd,0.27,0.27,0.27,0.27,0.27,0.27,-,-,-,-
10-Mar-26,SKL,Shri Krishana Overseas Plc,5.8,12,9.32,10.45,9.44,10.35,-0.91,-8.79%,10620,-
10-Mar-26,UNGA,Unga Group Ltd,18.05,34,29.15,31.95,30.1,29.85,0.25,0.84%,3370,-
10-Mar-26,SCOM,Safaricom Plc,17,34.2,29.8,30,29.95,30.15,-0.2,-0.66%,3060470,-
10-Mar-26,LAPR,LAPTrust Imara Income-REIT,20,20,20,20,20,20,-,-,-,-
10-Mar-26,GLD,ABSA NewGold ETF,881,9800,6210,6300,6220,6210,10,0.16%,107,-
10-Mar-26,SMWF,Satrix MSCI World Feeder ETF,755,1050,829,830,865,865,-,-,45,-
10-Mar-26,^N10I,NSE 10-Share Index,1268.27,2271.75,2186.33,2186.33,2186.33,2184.12,2.21,0.10%,-,-
10-Mar-26,^N20I,NSE 20-Share Index,2092.84,3758.73,3613.23,3613.23,3613.23,3612.26,0.97,0.03%,-,-
10-Mar-26,^N25I,NSE 25-Share Index,3365.92,5948.29,5737.18,5737.18,5737.18,5732.97,4.21,0.07%,-,-
10-Mar-26,^NASI,NSE All-Share Index,125.33,216.69,206.8,206.8,206.8,207.07,-0.27,-0.13%,-,-
10-Mar-26,^NBSI,NSE Banking Sector Index,149.92,245.9,237.89,237.89,237.89,237.39,0.5,0.21%,-,-
10-Mar-26,^NBDI,NSE Bonds Index,1140.96,1210.41,1199.35,1199.35,1199.35,1204.18,-4.83,-0.40%,-,-
10-Mar-26,^ZKEQTK,Zamara Kenya Equity Index (KES),2473.14,4790.09,4610.22,4610.22,4610.22,4603.15,7.07,0.15%,-,-
10-Mar-26,^ZKEQTU,Zamara Kenya Equity Index (USD),1641.77,3197.11,3073.48,3073.48,3073.48,3065.2,8.28,0.27%,-,-
11-Mar-26,EGAD,Eaagads Ltd,11,35.25,28.9,31.4,30,31.4,-1.4,-4.46%,1582,-
11-Mar-26,KUKZ,Kakuzi Plc,365,440,410,425,424.75,427.25,-2.5,-0.59%,301,-
11-Mar-26,KAPC,Kapchorua Tea Kenya Plc,198,424.25,240.25,252,250,248.25,1.75,0.70%,1641,-
11-Mar-26,LIMT,Limuru Tea Plc,295,555,501,542,511,511,-,-,63,-
11-Mar-26,SASN,Sasini Plc,13.3,33.9,27,28.1,27.25,27.8,-0.55,-1.98%,73939,-
11-Mar-26,WTK,Williamson Tea Kenya Plc,136,350,139.25,140,139.75,140,-0.25,-0.18%,5647,-
11-Mar-26,CGEN,Car and General (K) Ltd,19.8,74.25,69,70,69.75,65,4.75,7.31%,10285,-
11-Mar-26,ABSA,ABSA Bank Kenya Plc,15,33,30.3,30.5,30.4,30.35,0.05,0.16%,266154,-
11-Mar-26,BKG,BK Group Plc,28.75,52,45.35,47.95,46,46.9,-0.9,-1.92%,503180,-
11-Mar-26,COOP,Co-operative Bank of Kenya Ltd,13.8,31.5,29.8,29.95,29.9,29.8,0.1,0.34%,228099,-
11-Mar-26,DTK,Diamond Trust Bank Kenya Ltd,66,170,155.5,157.75,157,156.75,0.25,0.16%,650192,-
11-Mar-26,EQTY,Equity Group Holdings Plc,41.2,80,74.75,77,75.5,74,1.5,2.03%,3652097,-
11-Mar-26,HFCK,HF Group Ltd,5.3,11.5,10.5,11,10.8,10.75,0.05,0.47%,163058,-
11-Mar-26,IMH,I & M Holdings Plc,29.5,52,49,49.95,49.65,49.1,0.55,1.12%,65833,-
11-Mar-26,KCB,KCB Group Plc,36.5,80.5,78,79.25,78.25,78,0.25,0.32%,815273,-
11-Mar-26,NCBA,NCBA Group Plc,48,100,87.5,89.75,87.75,87.5,0.25,0.29%,851193,-
11-Mar-26,SBIC,Stanbic Holdings Plc,147,300,250,260,256.75,257.75,-1,-0.39%,299817,-
11-Mar-26,SCBK,Standard Chartered Bank Kenya Ltd,260,365,329,346,333.25,335.25,-2,-0.60%,18221,-
11-Mar-26,DCON,Deacons (East Africa) Plc,0.45,0.45,0.45,0.45,0.45,0.45,-,-,-,-
11-Mar-26,EVRD,Eveready East Africa Ltd,0.75,1.78,1.2,1.26,1.23,1.26,-0.03,-2.38%,1060248,-
11-Mar-26,XPRS,Express Kenya Plc,2.8,10,7.22,7.96,7.76,7.48,0.28,3.74%,24541,-
11-Mar-26,HBE,Homeboyz Entertainment Plc,4.66,4.66,4.66,4.66,4.66,4.66,-,-,-,-
11-Mar-26,KQ,Kenya Airways Plc,1.56,7.02,5.5,5.76,5.58,5.52,0.06,1.09%,523287,-
11-Mar-26,LKL,Longhorn Publishers Plc,2.35,3.5,2.8,3.2,2.97,3.05,-0.08,-2.62%,22097,-
11-Mar-26,NBV,Nairobi Business Ventures Ltd,1.33,2.16,1.48,1.65,1.52,1.51,0.01,0.66%,290396,-
11-Mar-26,NMG,Nation Media Group Plc,10.05,20,14.3,20,15.8,13.25,2.55,19.25%,198424,-
11-Mar-26,SMER,Sameer Africa Plc,2.7,21.5,17.05,19,18.05,18.3,-0.25,-1.37%,23217,-
11-Mar-26,SGL,Standard Group Plc,5.2,7.14,6.04,6.6,6.42,6,0.42,7.00%,37494,-
11-Mar-26,TPSE,TPS Eastern Africa (Serena) Ltd,13.05,18.2,16,17.15,17,16.7,0.3,1.80%,93885,-
11-Mar-26,UCHM,Uchumi Supermarket Plc,0.23,2.93,1.9,2.2,2.11,2,0.11,5.50%,4003771,-
11-Mar-26,SCAN,WPP ScanGroup Plc,2,3.33,2.38,2.47,2.41,2.45,-0.04,-1.63%,276760,-
11-Mar-26,ARM,ARM Cement Plc,5.55,5.55,5.55,5.55,5.55,5.55,-,-,-,-
11-Mar-26,BAMB,Bamburi Cement Ltd,47.2,56.5,47.2,47.2,47.2,47.2,-,-,-,-
11-Mar-26,CRWN,Crown Paints Kenya Plc,33.95,70.75,57,60.25,58,58,-,-,4145,-
11-Mar-26,CABL,East African Cables Plc,1,2.44,1,1,1,1,-,-,-,-
11-Mar-26,PORT,East African Portland Cement Ltd,28,101,80,83.75,82.5,83.25,-0.75,-0.90%,648,-
11-Mar-26,KEGN,Kenya Electricity Generating Company Plc,4.52,10.75,9.3,9.58,9.46,9.28,0.18,1.94%,453165,-
11-Mar-26,KPC,Kenya Pipeline Company Plc,9,9.5,9,9.18,9.1,9.18,-0.08,-0.87%,4750823,-
11-Mar-26,KPLC-P4,KPLC-P4,4,5,5,5,5,5,-,-,-,-
11-Mar-26,KPLC-P7,KPLC-P7,6,6,6,6,6,6,-,-,-,-
11-Mar-26,KPLC,Kenya Power and Lighting Company Plc,5.7,19,16.95,17.3,17.15,17,0.15,0.88%,606943,-
11-Mar-26,TOTL,TotalEnergies Marketing Kenya Plc,21,47,43,43.8,43.4,43.55,-0.15,-0.34%,5495,-
11-Mar-26,UMME,Umeme Ltd,5.8,24.75,8.52,9,8.9,8.74,0.16,1.83%,350634,-
11-Mar-26,BRIT,Britam Holdings Plc,5.92,13.4,11.8,13.1,12.25,11.95,0.3,2.51%,100330,-
11-Mar-26,CIC,CIC Insurance Group Ltd,2.55,6.62,4.93,5.02,4.96,4.98,-0.02,-0.40%,352204,-
11-Mar-26,JUB,Jubilee Holdings Ltd,182,437.75,388,390,390,389.75,0.25,0.06%,3662,-
11-Mar-26,KNRE,Kenya Re-Insurance Corporation Ltd,1.5,4.02,3.8,3.85,3.82,3.83,-0.01,-0.26%,1993993,-
11-Mar-26,LBTY,Liberty Kenya Holdings Ltd,9.1,12.2,9.9,10.3,10.1,10.05,0.05,0.50%,31889,-
11-Mar-26,SLAM,Sanlam Allianz Holdings (Kenya) Plc,5.5,11,9.7,10.45,10.25,10.35,-0.1,-0.97%,50208,-
11-Mar-26,CTUM,Centum Investment Company Plc,10.85,16.75,14,14.4,14.25,14.3,-0.05,-0.35%,42699,-
11-Mar-26,HAFR,Home Afrika Ltd,0.48,1.93,1.7,1.86,1.73,1.7,0.03,1.76%,1393518,-
11-Mar-26,KURV,Kurwitu Ventures Ltd,1400,1500,1500,1500,1500,1500,-,-,-,-
11-Mar-26,OCH,Olympia Capital Holdings Ltd,3.12,9,7.28,8.3,7.68,7.98,-0.3,-3.76%,8046,-
11-Mar-26,TCL,Trans-Century Plc,0.71,1.4,0.71,0.71,0.71,0.71,-,-,-,-
11-Mar-26,NSE,Nairobi Securities Exchange Plc,6.5,25.9,20.9,22.3,21.05,22,-0.95,-4.32%,369188,-
11-Mar-26,AMAC,Africa Mega Agricorp Plc,51,118.25,102,111,107.5,102.25,5.25,5.13%,1863,-
11-Mar-26,BOC,BOC Kenya Plc,76,150,120,133,123.5,121.25,2.25,1.86%,3415,-
11-Mar-26,BAT,British American Tobacco Kenya Plc,345,629,538,550,541,541,-,-,140604,-
11-Mar-26,CARB,Carbacid Investments Plc,18,33,29,29.5,29.3,29.3,-,-,37321,-
11-Mar-26,EABL,East African Breweries Ltd,167,351,254,263,259.25,255,4.25,1.67%,287375,-
11-Mar-26,FTGH,Flame Tree Group Holdings Ltd,1.05,3.11,2.55,2.82,2.62,2.62,-,-,102113,-
11-Mar-26,MSC,Mumias Sugar Company Ltd,0.27,0.27,0.27,0.27,0.27,0.27,-,-,-,-
11-Mar-26,SKL,Shri Krishana Overseas Plc,5.8,12,9.32,10.35,10.15,9.44,0.71,7.52%,3082,-
11-Mar-26,UNGA,Unga Group Ltd,18.05,34,29.3,30,29.95,30.1,-0.15,-0.50%,4802,-
11-Mar-26,SCOM,Safaricom Plc,17,34.2,29.9,31.5,30.25,29.95,0.3,1.00%,26571435,-
11-Mar-26,ALP,Africa Logistics Properties Industria...,1,1,1,1,1,-,1,-,10000,-
11-Mar-26,LAPR,LAPTrust Imara Income-REIT,20,20,20,20,20,20,-,-,-,-
11-Mar-26,GLD,ABSA NewGold ETF,881,9800,6270,6745,6270,6220,50,0.80%,10925,-
11-Mar-26,SMWF,Satrix MSCI World Feeder ETF,755,1050,865,865,865,865,-,-,-,-
11-Mar-26,^N10I,NSE 10-Share Index,1268.27,2271.75,2209.14,2209.14,2209.14,2186.33,22.81,1.04%,-,-
11-Mar-26,^N20I,NSE 20-Share Index,2092.84,3758.73,3629.23,3629.23,3629.23,3613.23,16,0.44%,-,-
11-Mar-26,^N25I,NSE 25-Share Index,3365.92,5948.29,5782.02,5782.02,5782.02,5737.18,44.84,0.78%,-,-
11-Mar-26,^NASI,NSE All-Share Index,125.33,216.69,208.31,208.31,208.31,206.8,1.51,0.73%,-,-
11-Mar-26,^NBSI,NSE Banking Sector Index,149.92,245.9,239.21,239.21,239.21,237.89,1.32,0.55%,-,-
11-Mar-26,^NBDI,NSE Bonds Index,1140.96,1210.41,1189.97,1189.97,1189.97,1199.35,-9.38,-0.78%,-,-
11-Mar-26,^ZKEQTK,Zamara Kenya Equity Index (KES),2473.14,4790.09,4650.41,4650.41,4650.41,4610.22,40.19,0.87%,-,-
11-Mar-26,^ZKEQTU,Zamara Kenya Equity Index (USD),1641.77,3197.11,3097.87,3097.87,3097.87,3073.48,24.39,0.79%,-,-
12-Mar-26,EGAD,Eaagads Ltd,11,35.25,29,31.35,31,30,1,3.33%,1567,-
12-Mar-26,KUKZ,Kakuzi Plc,365,440,412,425,424,424.75,-0.75,-0.18%,262,-
12-Mar-26,KAPC,Kapchorua Tea Kenya Plc,198,424.25,250,251,250.25,250,0.25,0.10%,528,-
12-Mar-26,LIMT,Limuru Tea Plc,295,555,502,542,511,511,-,-,22,-
12-Mar-26,SASN,Sasini Plc,13.3,33.9,26.9,27.5,27.2,27.25,-0.05,-0.18%,45965,-
12-Mar-26,WTK,Williamson Tea Kenya Plc,136,350,140,144,140.75,139.75,1,0.72%,10530,-
12-Mar-26,CGEN,Car and General (K) Ltd,19.8,74.25,67,70,69,69.75,-0.75,-1.08%,2819,-
12-Mar-26,ABSA,ABSA Bank Kenya Plc,15,33,30.4,31.45,30.65,30.4,0.25,0.82%,737082,-
12-Mar-26,BKG,BK Group Plc,28.75,52,46.2,48,47.8,46,1.8,3.91%,987,-
12-Mar-26,COOP,Co-operative Bank of Kenya Ltd,13.8,31.5,29.6,30,29.85,29.9,-0.05,-0.17%,406945,-
12-Mar-26,DTK,Diamond Trust Bank Kenya Ltd,66,170,154.25,157.75,155.5,157,-1.5,-0.96%,82501,-
12-Mar-26,EQTY,Equity Group Holdings Plc,41.2,80,76,78.5,77,75.5,1.5,1.99%,3353553,-
12-Mar-26,HFCK,HF Group Ltd,5.3,11.5,10.8,11,10.95,10.8,0.15,1.39%,94045,-
12-Mar-26,IMH,I & M Holdings Plc,29.5,52,49.9,50.5,50,49.65,0.35,0.70%,1333360,-
12-Mar-26,KCB,KCB Group Plc,36.5,80.5,77.75,80,78.75,78.25,0.5,0.64%,2399263,-
12-Mar-26,NCBA,NCBA Group Plc,48,100,87.75,90,88,87.75,0.25,0.28%,606792,-
12-Mar-26,SBIC,Stanbic Holdings Plc,147,300,257,260,257.25,256.75,0.5,0.19%,114124,-
12-Mar-26,SCBK,Standard Chartered Bank Kenya Ltd,260,365,323.5,345,330,333.25,-3.25,-0.98%,38227,-
12-Mar-26,DCON,Deacons (East Africa) Plc,0.45,0.45,0.45,0.45,0.45,0.45,-,-,-,-
12-Mar-26,EVRD,Eveready East Africa Ltd,0.75,1.78,1.2,1.24,1.21,1.23,-0.02,-1.63%,1133108,-
12-Mar-26,XPRS,Express Kenya Plc,2.8,10,7.26,7.96,7.78,7.76,0.02,0.26%,28569,-
12-Mar-26,HBE,Homeboyz Entertainment Plc,4.66,4.66,4.66,4.66,4.66,4.66,-,-,-,-
12-Mar-26,KQ,Kenya Airways Plc,1.56,7.02,5.3,5.68,5.4,5.58,-0.18,-3.23%,796801,-
12-Mar-26,LKL,Longhorn Publishers Plc,2.35,3.5,2.9,3.26,3.17,2.97,0.2,6.73%,44976,-
12-Mar-26,NBV,Nairobi Business Ventures Ltd,1.33,2.16,1.49,1.55,1.51,1.52,-0.01,-0.66%,66195,-
12-Mar-26,NMG,Nation Media Group Plc,10.05,20,16,17.25,17,15.8,1.2,7.59%,100463,-
12-Mar-26,SMER,Sameer Africa Plc,2.7,21.5,17.2,18.85,18.05,18.05,-,-,43893,-
12-Mar-26,SGL,Standard Group Plc,5.2,7.14,6.42,6.58,6.5,6.42,0.08,1.25%,3214,-
12-Mar-26,TPSE,TPS Eastern Africa (Serena) Ltd,13.05,18.2,16.1,17.4,17.1,17,0.1,0.59%,670,-
12-Mar-26,UCHM,Uchumi Supermarket Plc,0.23,2.93,2,2.21,2.09,2.11,-0.02,-0.95%,1416688,-
12-Mar-26,SCAN,WPP ScanGroup Plc,2,3.33,2.38,2.47,2.4,2.41,-0.01,-0.41%,41719,-
12-Mar-26,ARM,ARM Cement Plc,5.55,5.55,5.55,5.55,5.55,5.55,-,-,-,-
12-Mar-26,BAMB,Bamburi Cement Ltd,47.2,56.5,47.2,47.2,47.2,47.2,-,-,-,-
12-Mar-26,CRWN,Crown Paints Kenya Plc,33.95,70.75,56,61.5,59,58,1,1.72%,1617,-
12-Mar-26,CABL,East African Cables Plc,1,2.44,1,1,1,1,-,-,-,-
12-Mar-26,PORT,East African Portland Cement Ltd,28,101,77,84,83.75,82.5,1.25,1.52%,1976,-
12-Mar-26,KEGN,Kenya Electricity Generating Company Plc,4.52,10.75,9.48,9.6,9.56,9.46,0.1,1.06%,677811,-
12-Mar-26,KPC,Kenya Pipeline Company Plc,9,9.5,9,9.2,9.12,9.1,0.02,0.22%,961795,-
12-Mar-26,KPLC-P4,KPLC-P4,4,5,5,5,5,5,-,-,-,-
12-Mar-26,KPLC-P7,KPLC-P7,6,6,6,6,6,6,-,-,-,-
12-Mar-26,KPLC,Kenya Power and Lighting Company Plc,5.7,19,16.9,17.3,17.1,17.15,-0.05,-0.29%,597824,-
12-Mar-26,TOTL,TotalEnergies Marketing Kenya Plc,21,47,43,43.9,43.2,43.4,-0.2,-0.46%,14884,-
12-Mar-26,UMME,Umeme Ltd,5.8,24.75,8.8,9,8.9,8.9,-,-,272373,-
12-Mar-26,BRIT,Britam Holdings Plc,5.92,13.4,12.3,13.1,12.95,12.25,0.7,5.71%,1266803,-
12-Mar-26,CIC,CIC Insurance Group Ltd,2.55,6.62,4.8,5.1,4.94,4.96,-0.02,-0.40%,271286,-
12-Mar-26,JUB,Jubilee Holdings Ltd,182,437.75,389,399.75,390.75,390,0.75,0.19%,8482,-
12-Mar-26,KNRE,Kenya Re-Insurance Corporation Ltd,1.5,4.02,3.7,3.83,3.78,3.82,-0.04,-1.05%,1326234,-
12-Mar-26,LBTY,Liberty Kenya Holdings Ltd,9.1,12.2,9.98,10.5,10.3,10.1,0.2,1.98%,41209,-
12-Mar-26,SLAM,Sanlam Allianz Holdings (Kenya) Plc,5.5,11,10.4,10.5,10.45,10.25,0.2,1.95%,3196,-
12-Mar-26,CTUM,Centum Investment Company Plc,10.85,16.75,14.3,14.5,14.35,14.25,0.1,0.70%,42654,-
12-Mar-26,HAFR,Home Afrika Ltd,0.48,1.93,1.58,1.73,1.66,1.73,-0.07,-4.05%,414014,-
12-Mar-26,KURV,Kurwitu Ventures Ltd,1400,1500,1500,1500,1500,1500,-,-,-,-
12-Mar-26,OCH,Olympia Capital Holdings Ltd,3.12,9,7.3,8.3,7.58,7.68,-0.1,-1.30%,5096,-
12-Mar-26,TCL,Trans-Century Plc,0.71,1.4,0.71,0.71,0.71,0.71,-,-,-,-
12-Mar-26,NSE,Nairobi Securities Exchange Plc,6.5,25.9,20.95,21.5,21,21.05,-0.05,-0.24%,2103524,-
12-Mar-26,AMAC,Africa Mega Agricorp Plc,51,118.25,107,118.25,117.25,107.5,9.75,9.07%,1299,-
12-Mar-26,BOC,BOC Kenya Plc,76,150,120,133.25,122,123.5,-1.5,-1.21%,2474,-
12-Mar-26,BAT,British American Tobacco Kenya Plc,345,629,542,580,564,541,23,4.25%,17159,-
12-Mar-26,CARB,Carbacid Investments Plc,18,33,29.2,30,29.55,29.3,0.25,0.85%,28700,-
12-Mar-26,EABL,East African Breweries Ltd,167,351,259.25,267,263,259.25,3.75,1.45%,652189,-
12-Mar-26,FTGH,Flame Tree Group Holdings Ltd,1.05,3.11,2.55,2.65,2.57,2.62,-0.05,-1.91%,47206,-
12-Mar-26,MSC,Mumias Sugar Company Ltd,0.27,0.27,0.27,0.27,0.27,0.27,-,-,-,-
12-Mar-26,SKL,Shri Krishana Overseas Plc,5.8,12,9.34,10.25,9.84,10.15,-0.31,-3.05%,9773,-
12-Mar-26,UNGA,Unga Group Ltd,18.05,34,29.3,31,30,29.95,0.05,0.17%,5100,-
12-Mar-26,SCOM,Safaricom Plc,17,34.2,30.5,31.5,30.95,30.25,0.7,2.31%,16009517,-
12-Mar-26,ALP,Africa Logistics Properties Industria...,1,1,1,1,1,1,-,-,-,-
12-Mar-26,LAPR,LAPTrust Imara Income-REIT,20,20,20,20,20,20,-,-,-,-
12-Mar-26,GLD,ABSA NewGold ETF,881,9800,6300,6470,6270,6270,-,-,60,-
12-Mar-26,SMWF,Satrix MSCI World Feeder ETF,755,1050,855,856,865,865,-,-,47,-
12-Mar-26,^N10I,NSE 10-Share Index,1268.27,2271.75,2238.2,2238.2,2238.2,2209.14,29.06,1.32%,-,-
12-Mar-26,^N20I,NSE 20-Share Index,2092.84,3758.73,3667.83,3667.83,3667.83,3629.23,38.6,1.06%,-,-
12-Mar-26,^N25I,NSE 25-Share Index,3365.92,5948.29,5849,5849,5849,5782.02,66.98,1.16%,-,-
12-Mar-26,^NASI,NSE All-Share Index,125.33,216.69,211.05,211.05,211.05,208.31,2.74,1.32%,-,-
12-Mar-26,^NBSI,NSE Banking Sector Index,149.92,245.9,240.72,240.72,240.72,239.21,1.51,0.63%,-,-
12-Mar-26,^NBDI,NSE Bonds Index,1140.96,1210.41,1196.84,1196.84,1196.84,1189.97,6.87,0.58%,-,-
12-Mar-26,^ZKEQTK,Zamara Kenya Equity Index (KES),2473.14,4790.09,4710.67,4710.67,4710.67,4650.41,60.26,1.30%,-,-
12-Mar-26,^ZKEQTU,Zamara Kenya Equity Index (USD),1641.77,3197.11,3138.02,3138.02,3138.02,3097.87,40.15,1.30%,-,-
13-Mar-26,EGAD,Eaagads Ltd,11,35.25,28.1,32,30.2,31,-0.8,-2.58%,2249,-
13-Mar-26,KUKZ,Kakuzi Plc,365,440,390,425,412.5,424,-11.5,-2.71%,611,-
13-Mar-26,KAPC,Kapchorua Tea Kenya Plc,198,424.25,250,255,251.25,250.25,1,0.40%,2044,-
13-Mar-26,LIMT,Limuru Tea Plc,295,555,503,542,511,511,-,-,62,-
13-Mar-26,SASN,Sasini Plc,13.3,33.9,27,28,27.55,27.2,0.35,1.29%,22939,-
13-Mar-26,WTK,Williamson Tea Kenya Plc,139,350,139.75,144,141,140.75,0.25,0.18%,23900,-
13-Mar-26,CGEN,Car and General (K) Ltd,19.8,74.25,66,70,69.25,69,0.25,0.36%,2847,-
13-Mar-26,ABSA,ABSA Bank Kenya Plc,15,33,30.9,31.9,31.05,30.65,0.4,1.31%,1260628,-
13-Mar-26,BKG,BK Group Plc,28.75,49.5,46,47,46,47.8,-1.8,-3.77%,230972,-
13-Mar-26,COOP,Co-operative Bank of Kenya Ltd,13.8,31.5,29.8,30,29.95,29.85,0.1,0.34%,486646,-
13-Mar-26,DTK,Diamond Trust Bank Kenya Ltd,66,170,156.5,157.5,157,155.5,1.5,0.96%,39166,-
13-Mar-26,EQTY,Equity Group Holdings Plc,41.2,80,76.5,77.75,77,77,-,-,5366219,-
13-Mar-26,HFCK,HF Group Ltd,5.3,11.5,10.5,10.95,10.8,10.95,-0.15,-1.37%,82592,-
13-Mar-26,IMH,I & M Holdings Plc,29.5,51.75,50,51.25,50.75,50,0.75,1.50%,339815,-
13-Mar-26,KCB,KCB Group Plc,35,80.5,78.5,80,79.25,78.75,0.5,0.63%,2391329,-
13-Mar-26,NCBA,NCBA Group Plc,48,100,88,89.5,88,88,-,-,1142986,-
13-Mar-26,SBIC,Stanbic Holdings Plc,147,270,257.5,268,260.75,257.25,3.5,1.36%,10004,-
13-Mar-26,SCBK,Standard Chartered Bank Kenya Ltd,260,365,333,340,335,330,5,1.52%,120882,-
13-Mar-26,DCON,Deacons (East Africa) Plc,0.45,0.45,0.45,0.45,0.45,0.45,-,-,-,-
13-Mar-26,EVRD,Eveready East Africa Ltd,0.75,1.78,1.15,1.22,1.2,1.21,-0.01,-0.83%,1629254,-
13-Mar-26,XPRS,Express Kenya Plc,2.8,10,7.32,7.96,7.94,7.78,0.16,2.06%,21412,-
13-Mar-26,HBE,Homeboyz Entertainment Plc,4.66,4.66,4.66,4.66,4.66,4.66,-,-,-,-
13-Mar-26,KQ,Kenya Airways Plc,1.56,6.02,5.3,5.5,5.48,5.4,0.08,1.48%,404139,-
13-Mar-26,LKL,Longhorn Publishers Plc,2.35,3.5,3,3.4,3.18,3.17,0.01,0.32%,11642,-
13-Mar-26,NBV,Nairobi Business Ventures Ltd,1.33,2.16,1.48,1.51,1.5,1.51,-0.01,-0.66%,59128,-
13-Mar-26,NMG,Nation Media Group Plc,10.05,20,16.5,17.35,17,17,-,-,34651,-
13-Mar-26,SMER,Sameer Africa Plc,2.7,21.5,17.5,18,17.95,18.05,-0.1,-0.55%,9261,-
13-Mar-26,SGL,Standard Group Plc,5.2,7.14,6.4,6.7,6.58,6.5,0.08,1.23%,4413,-
13-Mar-26,TPSE,TPS Eastern Africa (Serena) Ltd,13.05,18.2,16.25,17.15,17.1,17.1,-,-,78,-
13-Mar-26,UCHM,Uchumi Supermarket Plc,0.23,2.93,2,2.16,2.04,2.09,-0.05,-2.39%,1532360,-
13-Mar-26,SCAN,WPP ScanGroup Plc,2,3.4,2.3,2.4,2.37,2.4,-0.03,-1.25%,53966,-
13-Mar-26,ARM,ARM Cement Plc,5.55,5.55,5.55,5.55,5.55,5.55,-,-,-,-
13-Mar-26,BAMB,Bamburi Cement Ltd,47.2,56.5,47.2,47.2,47.2,47.2,-,-,-,-
13-Mar-26,CRWN,Crown Paints Kenya Plc,30,70.75,57.5,61,58.25,59,-0.75,-1.27%,518,-
13-Mar-26,CABL,East African Cables Plc,1,2.44,1,1,1,1,-,-,-,-
13-Mar-26,PORT,East African Portland Cement Ltd,28,101,81,84,82.75,83.75,-1,-1.19%,1676,-
13-Mar-26,KEGN,Kenya Electricity Generating Company Plc,4.5,10.75,9.5,9.6,9.58,9.56,0.02,0.21%,3508239,-
13-Mar-26,KPC,Kenya Pipeline Company Plc,9,9.5,9,9.14,9.08,9.12,-0.04,-0.44%,1361178,-
13-Mar-26,KPLC-P4,KPLC-P4,4,5,5,5,5,5,-,-,-,-
13-Mar-26,KPLC-P7,KPLC-P7,6,6,6,6,6,6,-,-,-,-
13-Mar-26,KPLC,Kenya Power and Lighting Company Plc,5.7,19,16.85,17.3,17.05,17.1,-0.05,-0.29%,389717,-
13-Mar-26,TOTL,TotalEnergies Marketing Kenya Plc,21,47,42.9,43.9,43.3,43.2,0.1,0.23%,14607,-
13-Mar-26,UMME,Umeme Ltd,5.8,24.75,8.7,9,8.76,8.9,-0.14,-1.57%,19612,-
13-Mar-26,BRIT,Britam Holdings Plc,5.92,13.4,12.25,13.2,13.05,12.95,0.1,0.77%,170941,-
13-Mar-26,CIC,CIC Insurance Group Ltd,2.55,6.62,4.94,5.1,5.02,4.94,0.08,1.62%,176951,-
13-Mar-26,JUB,Jubilee Holdings Ltd,182,399.75,389.5,395,393.75,390.75,3,0.77%,538,-
13-Mar-26,KNRE,Kenya Re-Insurance Corporation Ltd,1.5,4.02,3.7,3.85,3.81,3.78,0.03,0.79%,2663838,-
13-Mar-26,LBTY,Liberty Kenya Holdings Ltd,7.1,12.2,10.1,10.5,10.4,10.3,0.1,0.97%,9093,-
13-Mar-26,SLAM,Sanlam Allianz Holdings (Kenya) Plc,5.5,11,10,10.5,10.15,10.45,-0.3,-2.87%,26603,-
13-Mar-26,CTUM,Centum Investment Company Plc,10.85,16.75,14.5,14.95,14.8,14.35,0.45,3.14%,65325,-
13-Mar-26,HAFR,Home Afrika Ltd,0.48,1.93,1.65,1.71,1.7,1.66,0.04,2.41%,412018,-
13-Mar-26,KURV,Kurwitu Ventures Ltd,1400,1500,1500,1500,1500,1500,-,-,-,-
13-Mar-26,OCH,Olympia Capital Holdings Ltd,3.12,9,7.34,8,7.64,7.58,0.06,0.79%,5400,-
13-Mar-26,TCL,Trans-Century Plc,0.71,1.42,0.71,0.71,0.71,0.71,-,-,-,-
13-Mar-26,NSE,Nairobi Securities Exchange Plc,6.5,25.9,20.8,21,20.95,21,-0.05,-0.24%,261377,-
13-Mar-26,AMAC,Africa Mega Agricorp Plc,51,118.25,107,118,117.25,117.25,-,-,839,-
13-Mar-26,BOC,BOC Kenya Plc,76,150,119.75,130,121,122,-1,-0.82%,14136,-
13-Mar-26,BAT,British American Tobacco Kenya Plc,345,629,564,580,579,564,15,2.66%,4642,-
13-Mar-26,CARB,Carbacid Investments Plc,18,33,29.7,31.45,30.7,29.55,1.15,3.89%,8966,-
13-Mar-26,EABL,East African Breweries Ltd,167,351,267,270,269.25,263,6.25,2.38%,41933,-
13-Mar-26,FTGH,Flame Tree Group Holdings Ltd,1.05,3.11,2.5,2.65,2.53,2.57,-0.04,-1.56%,62035,-
13-Mar-26,MSC,Mumias Sugar Company Ltd,0.27,0.27,0.27,0.27,0.27,0.27,-,-,-,-
13-Mar-26,SKL,Shri Krishana Overseas Plc,5.8,12,8.86,10.3,9.72,9.84,-0.12,-1.22%,2428,-
13-Mar-26,UNGA,Unga Group Ltd,18.05,34,29.3,31,30.3,30,0.3,1.00%,4465,-
13-Mar-26,SCOM,Safaricom Plc,17,34.2,30.5,30.8,30.7,30.95,-0.25,-0.81%,830867,-
13-Mar-26,ALP,Africa Logistics Properties Industria...,1,1,1,1,1,1,-,-,-,-
13-Mar-26,LAPR,LAPTrust Imara Income-REIT,20,20,20,20,20,20,-,-,-,-
13-Mar-26,GLD,ABSA NewGold ETF,881,9800,6300,6395,6370,6270,100,1.59%,181,-
13-Mar-26,SMWF,Satrix MSCI World Feeder ETF,755,1050,828,847,845,865,-20,-2.31%,126,-
13-Mar-26,^N10I,NSE 10-Share Index,1250.85,2271.75,2249.29,2249.29,2249.29,2238.2,11.09,0.50%,-,-
13-Mar-26,^N20I,NSE 20-Share Index,2092.84,3758.73,3691.17,3691.17,3691.17,3667.83,23.34,0.64%,-,-
13-Mar-26,^N25I,NSE 25-Share Index,3314.15,5948.29,5880.79,5880.79,5880.79,5849,31.79,0.54%,-,-
13-Mar-26,^NASI,NSE All-Share Index,123.6,216.69,211.31,211.31,211.31,211.05,0.26,0.12%,-,-
13-Mar-26,^NBSI,NSE Banking Sector Index,149.92,245.9,242.2,242.2,242.2,240.72,1.48,0.61%,-,-
13-Mar-26,^NBDI,NSE Bonds Index,1140.96,1210.41,1192.03,1192.03,1192.03,1196.84,-4.81,-0.40%,-,-
13-Mar-26,^ZKEQTK,Zamara Kenya Equity Index (KES),2424.57,4790.09,4734.7,4734.7,4734.7,4710.67,24.03,0.51%,-,-
13-Mar-26,^ZKEQTU,Zamara Kenya Equity Index (USD),1610.77,3197.11,3151.58,3151.58,3151.58,3138.02,13.56,0.43%,-,-
16-Mar-26,EGAD,Eaagads Ltd,11,35.25,29,32.2,30.1,30.2,-0.1,-0.33%,8850,-
16-Mar-26,KUKZ,Kakuzi Plc,365,440,410,425,423.5,412.5,11,2.67%,265,-
16-Mar-26,KAPC,Kapchorua Tea Kenya Plc,198,424.25,250,260,254.75,251.25,3.5,1.39%,5889,-
16-Mar-26,LIMT,Limuru Tea Plc,295,555,503,541,511,511,-,-,30,-
16-Mar-26,SASN,Sasini Plc,13.3,33.9,24.8,28.1,27.45,27.55,-0.1,-0.36%,82768,-
16-Mar-26,WTK,Williamson Tea Kenya Plc,139,350,140,144,140.25,141,-0.75,-0.53%,10809,-
16-Mar-26,CGEN,Car and General (K) Ltd,19.8,74.25,65,68,67.75,69.25,-1.5,-2.17%,3732,-
16-Mar-26,ABSA,ABSA Bank Kenya Plc,15,33,31,32.95,31.65,31.05,0.6,1.93%,272501,-
16-Mar-26,BKG,BK Group Plc,28.75,49.5,45.4,48.1,46,46,-,-,361231,-
16-Mar-26,COOP,Co-operative Bank of Kenya Ltd,13.8,31.5,29.35,30.45,30.1,29.95,0.15,0.50%,303056,-
16-Mar-26,DTK,Diamond Trust Bank Kenya Ltd,66,170,156.75,157.75,157,157,-,-,32536,-
16-Mar-26,EQTY,Equity Group Holdings Plc,41.2,80,76.75,78,77.25,77,0.25,0.32%,2715356,-
16-Mar-26,HFCK,HF Group Ltd,5.3,11.5,10.5,10.85,10.75,10.8,-0.05,-0.46%,131773,-
16-Mar-26,IMH,I & M Holdings Plc,29.5,52,50.75,51.75,51.5,50.75,0.75,1.48%,170286,-
16-Mar-26,KCB,KCB Group Plc,35,80.5,78.25,79,78.75,79.25,-0.5,-0.63%,460147,-
16-Mar-26,NCBA,NCBA Group Plc,48,100,88,96.75,91.25,88,3.25,3.69%,154792,-
16-Mar-26,SBIC,Stanbic Holdings Plc,147,270,258,261,260,260.75,-0.75,-0.29%,614279,-
16-Mar-26,SCBK,Standard Chartered Bank Kenya Ltd,260,365,335,340,337.25,335,2.25,0.67%,15588,-
16-Mar-26,DCON,Deacons (East Africa) Plc,0.45,0.45,0.45,0.45,0.45,0.45,-,-,-,-
16-Mar-26,EVRD,Eveready East Africa Ltd,0.75,1.78,1.18,1.27,1.23,1.2,0.03,2.50%,2596245,-
16-Mar-26,XPRS,Express Kenya Plc,2.8,10,7.5,8.2,7.78,7.94,-0.16,-2.02%,1180,-
16-Mar-26,HBE,Homeboyz Entertainment Plc,4.66,4.66,4.66,4.66,4.66,4.66,-,-,-,-
16-Mar-26,KQ,Kenya Airways Plc,1.56,6.02,5.32,5.5,5.46,5.48,-0.02,-0.36%,359649,-
16-Mar-26,LKL,Longhorn Publishers Plc,2.35,3.5,3,3.3,3.14,3.18,-0.04,-1.26%,37230,-
16-Mar-26,NBV,Nairobi Business Ventures Ltd,1.33,2.16,1.48,1.51,1.51,1.5,0.01,0.67%,53602,-
16-Mar-26,NMG,Nation Media Group Plc,10.05,20,15.8,16.85,16,17,-1,-5.88%,31852,-
16-Mar-26,SMER,Sameer Africa Plc,2.7,21.5,17.1,18.7,17.9,17.95,-0.05,-0.28%,69119,-
16-Mar-26,SGL,Standard Group Plc,5.2,7.14,6,6.5,6.42,6.58,-0.16,-2.43%,1643,-
16-Mar-26,TPSE,TPS Eastern Africa (Serena) Ltd,13.05,18.2,15.95,17.1,16.2,17.1,-0.9,-5.26%,188,-
16-Mar-26,UCHM,Uchumi Supermarket Plc,0.23,2.93,2.02,2.1,2.06,2.04,0.02,0.98%,544082,-
16-Mar-26,SCAN,WPP ScanGroup Plc,2,3.4,2.38,2.4,2.39,2.37,0.02,0.84%,88921,-
16-Mar-26,ARM,ARM Cement Plc,5.55,5.55,5.55,5.55,5.55,5.55,-,-,-,-
16-Mar-26,BAMB,Bamburi Cement Ltd,47.2,56.5,47.2,47.2,47.2,47.2,-,-,-,-
16-Mar-26,CRWN,Crown Paints Kenya Plc,30,70.75,56.25,59,58,58.25,-0.25,-0.43%,5068,-
16-Mar-26,CABL,East African Cables Plc,1,2.44,1,1,1,1,-,-,-,-
16-Mar-26,PORT,East African Portland Cement Ltd,28,101,75.5,84,82.25,82.75,-0.5,-0.60%,1793,-
16-Mar-26,KEGN,Kenya Electricity Generating Company Plc,4.5,10.75,9.5,9.66,9.58,9.58,-,-,1560230,-
16-Mar-26,KPC,Kenya Pipeline Company Plc,9,9.5,9.04,9.2,9.1,9.08,0.02,0.22%,1698923,-
16-Mar-26,KPLC-P4,KPLC-P4,4,5,5,5,5,5,-,-,-,-
16-Mar-26,KPLC-P7,KPLC-P7,6,6,6,6,6,6,-,-,-,-
16-Mar-26,KPLC,Kenya Power and Lighting Company Plc,5.7,19,16.85,17.3,17,17.05,-0.05,-0.29%,1096183,-
16-Mar-26,TOTL,TotalEnergies Marketing Kenya Plc,21,47,43.3,43.85,43.65,43.3,0.35,0.81%,7469,-
16-Mar-26,UMME,Umeme Ltd,5.8,24.75,8.52,8.9,8.84,8.76,0.08,0.91%,23633,-
16-Mar-26,BRIT,Britam Holdings Plc,5.92,13.4,12.6,13,12.85,13.05,-0.2,-1.53%,45223,-
16-Mar-26,CIC,CIC Insurance Group Ltd,2.55,6.62,4.95,5.2,5.06,5.02,0.04,0.80%,221013,-
16-Mar-26,JUB,Jubilee Holdings Ltd,182,399.75,390,398,397,393.75,3.25,0.83%,666,-
16-Mar-26,KNRE,Kenya Re-Insurance Corporation Ltd,1.5,4.02,3.7,3.88,3.75,3.81,-0.06,-1.57%,1586278,-
16-Mar-26,LBTY,Liberty Kenya Holdings Ltd,7.1,12.2,10,10.45,10.1,10.4,-0.3,-2.88%,33371,-
16-Mar-26,SLAM,Sanlam Allianz Holdings (Kenya) Plc,5.5,11,10,10.5,10.1,10.15,-0.05,-0.49%,15888,-
16-Mar-26,CTUM,Centum Investment Company Plc,10.85,16.75,14.8,15.35,15.1,14.8,0.3,2.03%,58151,-
16-Mar-26,HAFR,Home Afrika Ltd,0.48,1.93,1.6,1.7,1.64,1.7,-0.06,-3.53%,320817,-
16-Mar-26,KURV,Kurwitu Ventures Ltd,1400,1500,1495,1495,1500,1500,-,-,1,-
16-Mar-26,OCH,Olympia Capital Holdings Ltd,3.12,9,7.34,8,7.52,7.64,-0.12,-1.57%,14460,-
16-Mar-26,TCL,Trans-Century Plc,0.71,1.42,0.71,0.71,0.71,0.71,-,-,-,-
16-Mar-26,NSE,Nairobi Securities Exchange Plc,6.5,25.9,20.85,22,20.95,20.95,-,-,1522304,-
16-Mar-26,AMAC,Africa Mega Agricorp Plc,51,118.25,107,118,116,117.25,-1.25,-1.07%,667,-
16-Mar-26,BOC,BOC Kenya Plc,76,150,121,133,126.25,121,5.25,4.34%,1241,-
16-Mar-26,BAT,British American Tobacco Kenya Plc,345,629,565,579,572,579,-7,-1.21%,9671,-
16-Mar-26,CARB,Carbacid Investments Plc,18,33,30,31.5,30.7,30.7,-,-,7836,-
16-Mar-26,EABL,East African Breweries Ltd,167,351,267,270,269,269.25,-0.25,-0.09%,10317,-
16-Mar-26,FTGH,Flame Tree Group Holdings Ltd,1.05,3.11,2.53,2.57,2.56,2.53,0.03,1.19%,47948,-
16-Mar-26,MSC,Mumias Sugar Company Ltd,0.27,0.27,0.27,0.27,0.27,0.27,-,-,-,-
16-Mar-26,SKL,Shri Krishana Overseas Plc,5.8,12,9.2,10.25,9.9,9.72,0.18,1.85%,2756,-
16-Mar-26,UNGA,Unga Group Ltd,18.05,34,28.1,31.5,30.3,30.3,-,-,11456,-
16-Mar-26,SCOM,Safaricom Plc,17,34.2,30.4,30.95,30.6,30.7,-0.1,-0.33%,2727470,-
16-Mar-26,ALP,Africa Logistics Properties Industria...,1,1,1,1,1,1,-,-,-,-
16-Mar-26,LAPR,LAPTrust Imara Income-REIT,20,20,20,20,20,20,-,-,-,-
16-Mar-26,GLD,ABSA NewGold ETF,881,9800,6300,6370,6330,6370,-40,-0.63%,158,-
16-Mar-26,SMWF,Satrix MSCI World Feeder ETF,755,1050,847,847,845,845,-,-,3,-
16-Mar-26,^N10I,NSE 10-Share Index,1250.85,2271.75,2254.85,2254.85,2254.85,2249.29,5.56,0.25%,-,-
16-Mar-26,^N20I,NSE 20-Share Index,2092.84,3758.73,3700.14,3700.14,3700.14,3691.17,8.97,0.24%,-,-
16-Mar-26,^N25I,NSE 25-Share Index,3314.15,5948.29,5906.56,5906.56,5906.56,5880.79,25.77,0.44%,-,-
16-Mar-26,^NASI,NSE All-Share Index,123.6,216.69,211.63,211.63,211.63,211.31,0.32,0.15%,-,-
16-Mar-26,^NBSI,NSE Banking Sector Index,149.92,245.9,243.93,243.93,243.93,242.2,1.73,0.71%,-,-
16-Mar-26,^NBDI,NSE Bonds Index,1140.96,1210.41,1200.41,1200.41,1200.41,1192.03,8.38,0.70%,-,-
16-Mar-26,^ZKEQTK,Zamara Kenya Equity Index (KES),2424.57,4790.09,4734.23,4734.23,4734.23,4734.7,-0.47,-0.01%,-,-
16-Mar-26,^ZKEQTU,Zamara Kenya Equity Index (USD),1610.77,3197.11,3152.49,3152.49,3152.49,3151.58,0.91,0.03%,-,-
17-Mar-26,EGAD,Eaagads Ltd,11,35.25,30,32.15,31.35,30.1,1.25,4.15%,2144,-
17-Mar-26,KUKZ,Kakuzi Plc,365,440,420,425,423.5,423.5,-,-,105,-
17-Mar-26,KAPC,Kapchorua Tea Kenya Plc,198,424.25,251,255,254.25,254.75,-0.5,-0.20%,478,-
17-Mar-26,LIMT,Limuru Tea Plc,295,555,513,541,511,511,-,-,37,-
17-Mar-26,SASN,Sasini Plc,13.3,33.9,27.45,28.1,27.6,27.45,0.15,0.55%,9436,-
17-Mar-26,WTK,Williamson Tea Kenya Plc,139,350,139.75,144,140.5,140.25,0.25,0.18%,20441,-
17-Mar-26,CGEN,Car and General (K) Ltd,19.8,74.25,66,69,68,67.75,0.25,0.37%,6842,-
17-Mar-26,ABSA,ABSA Bank Kenya Plc,15,33,31.7,32,31.9,31.65,0.25,0.79%,161508,-
17-Mar-26,BKG,BK Group Plc,28.75,49.5,45.4,47.5,46.95,46,0.95,2.07%,32055,-
17-Mar-26,COOP,Co-operative Bank of Kenya Ltd,13.8,31.5,29.9,30.45,30.15,30.1,0.05,0.17%,436288,-
17-Mar-26,DTK,Diamond Trust Bank Kenya Ltd,66,170,156,157.75,157.25,157,0.25,0.16%,96134,-
17-Mar-26,EQTY,Equity Group Holdings Plc,41.2,80,77,79.5,78,77.25,0.75,0.97%,1632936,-
17-Mar-26,HFCK,HF Group Ltd,5.3,11.5,10.5,10.9,10.6,10.75,-0.15,-1.40%,224001,-
17-Mar-26,IMH,I & M Holdings Plc,29.5,52,51.25,52,51.5,51.5,-,-,211430,-
17-Mar-26,KCB,KCB Group Plc,35,80.5,78,79,78.5,78.75,-0.25,-0.32%,409964,-
17-Mar-26,NCBA,NCBA Group Plc,48,100,91.25,95,93.75,91.25,2.5,2.74%,39168,-
17-Mar-26,SBIC,Stanbic Holdings Plc,147,270,259,262,260.5,260,0.5,0.19%,5848,-
17-Mar-26,SCBK,Standard Chartered Bank Kenya Ltd,260,365,336,345,337.5,337.25,0.25,0.07%,10215,-
17-Mar-26,DCON,Deacons (East Africa) Plc,0.45,0.45,0.45,0.45,0.45,0.45,-,-,-,-
17-Mar-26,EVRD,Eveready East Africa Ltd,0.75,1.78,1.2,1.28,1.24,1.23,0.01,0.81%,1487218,-
17-Mar-26,XPRS,Express Kenya Plc,2.8,10,7.6,8,7.8,7.78,0.02,0.26%,1461,-
17-Mar-26,HBE,Homeboyz Entertainment Plc,4.66,4.66,4.66,4.66,4.66,4.66,-,-,-,-
17-Mar-26,KQ,Kenya Airways Plc,1.56,6.02,5.3,5.46,5.34,5.46,-0.12,-2.20%,253581,-
17-Mar-26,LKL,Longhorn Publishers Plc,2.35,3.5,2.9,3.3,3.2,3.14,0.06,1.91%,14191,-
17-Mar-26,NBV,Nairobi Business Ventures Ltd,1.33,2.16,1.45,1.51,1.5,1.51,-0.01,-0.66%,121995,-
17-Mar-26,NMG,Nation Media Group Plc,10.05,20,15.6,16.5,15.85,16,-0.15,-0.94%,24030,-
17-Mar-26,SMER,Sameer Africa Plc,2.7,21.5,17,18.6,18,17.9,0.1,0.56%,11919,-
17-Mar-26,SGL,Standard Group Plc,5.2,7.14,6.04,6.58,6.54,6.42,0.12,1.87%,4181,-
17-Mar-26,TPSE,TPS Eastern Africa (Serena) Ltd,13.05,18.2,16.5,17.1,16.65,16.2,0.45,2.78%,2194,-
17-Mar-26,UCHM,Uchumi Supermarket Plc,0.23,2.93,2.08,2.21,2.15,2.06,0.09,4.37%,1235611,-
17-Mar-26,SCAN,WPP ScanGroup Plc,2,3.4,2.38,2.4,2.4,2.39,0.01,0.42%,79302,-
17-Mar-26,ARM,ARM Cement Plc,5.55,5.55,5.55,5.55,5.55,5.55,-,-,-,-
17-Mar-26,BAMB,Bamburi Cement Ltd,47.2,56.5,47.2,47.2,47.2,47.2,-,-,-,-
17-Mar-26,CRWN,Crown Paints Kenya Plc,30,70.75,56.25,59,58,58,-,-,862,-
17-Mar-26,CABL,East African Cables Plc,1,2.44,1,1,1,1,-,-,-,-
17-Mar-26,PORT,East African Portland Cement Ltd,28,101,76.5,82.75,79.75,82.25,-2.5,-3.04%,190,-
17-Mar-26,KEGN,Kenya Electricity Generating Company Plc,4.5,10.75,9.48,9.6,9.54,9.58,-0.04,-0.42%,1104226,-
17-Mar-26,KPC,Kenya Pipeline Company Plc,9,9.5,9,9.16,9.08,9.1,-0.02,-0.22%,612772,-
17-Mar-26,KPLC-P4,KPLC-P4,4,5,5,5,5,5,-,-,-,-
17-Mar-26,KPLC-P7,KPLC-P7,6,6,6,6,6,6,-,-,-,-
17-Mar-26,KPLC,Kenya Power and Lighting Company Plc,5.7,19,17,17.3,17.2,17,0.2,1.18%,593289,-
17-Mar-26,TOTL,TotalEnergies Marketing Kenya Plc,21,47,42.8,43.8,43.25,43.65,-0.4,-0.92%,9074,-
17-Mar-26,UMME,Umeme Ltd,5.8,24.75,8.68,8.9,8.78,8.84,-0.06,-0.68%,17847,-
17-Mar-26,BRIT,Britam Holdings Plc,5.92,13.4,12.55,13,12.75,12.85,-0.1,-0.78%,143496,-
17-Mar-26,CIC,CIC Insurance Group Ltd,2.55,6.62,5.06,5.2,5.12,5.06,0.06,1.19%,178911,-
17-Mar-26,JUB,Jubilee Holdings Ltd,182,399.75,390,398,392.25,397,-4.75,-1.20%,2362,-
17-Mar-26,KNRE,Kenya Re-Insurance Corporation Ltd,1.5,4.02,3.73,3.8,3.78,3.75,0.03,0.80%,1563115,-
17-Mar-26,LBTY,Liberty Kenya Holdings Ltd,7.3,12.2,9.98,10.6,10.15,10.1,0.05,0.50%,46110,-
17-Mar-26,SLAM,Sanlam Allianz Holdings (Kenya) Plc,5.5,11,10,10.5,10.15,10.1,0.05,0.50%,16987,-
17-Mar-26,CTUM,Centum Investment Company Plc,10.85,16.75,14.5,15.5,14.8,15.1,-0.3,-1.99%,30581,-
17-Mar-26,HAFR,Home Afrika Ltd,0.48,1.93,1.57,1.7,1.64,1.64,-,-,511919,-
17-Mar-26,KURV,Kurwitu Ventures Ltd,1400,1500,1495,1495,1500,1500,-,-,16,-
17-Mar-26,OCH,Olympia Capital Holdings Ltd,3.12,9,7.34,8,7.64,7.52,0.12,1.60%,3768,-
17-Mar-26,TCL,Trans-Century Plc,0.71,1.42,0.71,0.71,0.71,0.71,-,-,-,-
17-Mar-26,NSE,Nairobi Securities Exchange Plc,6.5,25.9,20.85,21.35,21,20.95,0.05,0.24%,178670,-
17-Mar-26,AMAC,Africa Mega Agricorp Plc,51,118.25,107,116,110.25,116,-5.75,-4.96%,205,-
17-Mar-26,BOC,BOC Kenya Plc,76,150,119,126,121.75,126.25,-4.5,-3.56%,8569,-
17-Mar-26,BAT,British American Tobacco Kenya Plc,345,629,560,577,566,572,-6,-1.05%,31807,-
17-Mar-26,CARB,Carbacid Investments Plc,18,33,30.5,31,30.85,30.7,0.15,0.49%,38109,-
17-Mar-26,EABL,East African Breweries Ltd,167,351,255.25,269.5,265,269,-4,-1.49%,11033,-
17-Mar-26,FTGH,Flame Tree Group Holdings Ltd,1.05,3.11,2.5,2.56,2.53,2.56,-0.03,-1.17%,41047,-
17-Mar-26,MSC,Mumias Sugar Company Ltd,0.27,0.27,0.27,0.27,0.27,0.27,-,-,-,-
17-Mar-26,SKL,Shri Krishana Overseas Plc,5.8,12,10.1,10.25,10.2,9.9,0.3,3.03%,2073,-
17-Mar-26,UNGA,Unga Group Ltd,18.05,34,30,30.95,30.5,30.3,0.2,0.66%,5288,-
17-Mar-26,SCOM,Safaricom Plc,17,34.2,30.2,30.7,30.3,30.6,-0.3,-0.98%,4470756,-
17-Mar-26,ALP,Africa Logistics Properties Industria...,1,1,1,1,1,1,-,-,-,-
17-Mar-26,LAPR,LAPTrust Imara Income-REIT,20,20,20,20,20,20,-,-,-,-
17-Mar-26,GLD,ABSA NewGold ETF,881,9800,6350,6400,6330,6330,-,-,13,-
17-Mar-26,SMWF,Satrix MSCI World Feeder ETF,755,1050,850,865,845,845,-,-,29,-
17-Mar-26,^N10I,NSE 10-Share Index,1250.85,2271.75,2250.97,2250.97,2250.97,2254.85,-3.88,-0.17%,-,-
17-Mar-26,^N20I,NSE 20-Share Index,2092.84,3758.73,3703.41,3703.41,3703.41,3700.14,3.27,0.09%,-,-
17-Mar-26,^N25I,NSE 25-Share Index,3314.15,5948.29,5910.91,5910.91,5910.91,5906.56,4.35,0.07%,-,-
17-Mar-26,^NASI,NSE All-Share Index,123.6,216.69,211.11,211.11,211.11,211.63,-0.52,-0.25%,-,-
17-Mar-26,^NBSI,NSE Banking Sector Index,149.92,245.9,245.27,245.27,245.27,243.93,1.34,0.55%,-,-
17-Mar-26,^NBDI,NSE Bonds Index,1140.96,1210.41,1193.67,1193.67,1193.67,1200.41,-6.74,-0.56%,-,-
17-Mar-26,^ZKEQTK,Zamara Kenya Equity Index (KES),2424.57,4790.09,4725.56,4725.56,4725.56,4734.23,-8.67,-0.18%,-,-
17-Mar-26,^ZKEQTU,Zamara Kenya Equity Index (USD),1610.77,3197.11,3140.65,3140.65,3140.65,3152.49,-11.84,-0.38%,-,-
18-Mar-26,EGAD,Eaagads Ltd,11,35.25,31.2,32,31.9,31.35,0.55,1.75%,886,-
18-Mar-26,KUKZ,Kakuzi Plc,365,440,423,423,423.5,423.5,-,-,56,-
18-Mar-26,KAPC,Kapchorua Tea Kenya Plc,198,424.25,248,252,251.25,254.25,-3,-1.18%,811,-
18-Mar-26,LIMT,Limuru Tea Plc,295,555,540,541,511,511,-,-,10,-
18-Mar-26,SASN,Sasini Plc,13.3,33.9,26.8,28,27.55,27.6,-0.05,-0.18%,8976,-
18-Mar-26,WTK,Williamson Tea Kenya Plc,139,350,140,144,140.25,140.5,-0.25,-0.18%,27915,-
18-Mar-26,CGEN,Car and General (K) Ltd,19.8,74.25,67,69,67.75,68,-0.25,-0.37%,1192,-
18-Mar-26,ABSA,ABSA Bank Kenya Plc,15,33,31.65,32.75,31.95,31.9,0.05,0.16%,281852,-
18-Mar-26,BKG,BK Group Plc,28.75,50,45.4,47,46.05,46.95,-0.9,-1.92%,1552,-
18-Mar-26,COOP,Co-operative Bank of Kenya Ltd,13.8,31.5,29.9,30,29.95,30.15,-0.2,-0.66%,239207,-
18-Mar-26,DTK,Diamond Trust Bank Kenya Ltd,66,170,155.75,157.75,156.75,157.25,-0.5,-0.32%,142358,-
18-Mar-26,EQTY,Equity Group Holdings Plc,41.2,80,77.75,79.75,79,78,1,1.28%,1635485,-
18-Mar-26,HFCK,HF Group Ltd,5.3,11.5,10.55,10.8,10.6,10.6,-,-,256789,-
18-Mar-26,IMH,I & M Holdings Plc,29.5,52,51,51.75,51.5,51.5,-,-,84601,-
18-Mar-26,KCB,KCB Group Plc,35,80.5,77.5,79,78.25,78.5,-0.25,-0.32%,686102,-
18-Mar-26,NCBA,NCBA Group Plc,48,100,92,94,93.25,93.75,-0.5,-0.53%,26619,-
18-Mar-26,SBIC,Stanbic Holdings Plc,147,270,260,261,260.5,260.5,-,-,10845,-
18-Mar-26,SCBK,Standard Chartered Bank Kenya Ltd,260,365,320,336.5,332.5,337.5,-5,-1.48%,26870,-
18-Mar-26,DCON,Deacons (East Africa) Plc,0.45,0.45,0.45,0.45,0.45,0.45,-,-,-,-
18-Mar-26,EVRD,Eveready East Africa Ltd,0.75,1.78,1.19,1.25,1.22,1.24,-0.02,-1.61%,420073,-
18-Mar-26,XPRS,Express Kenya Plc,2.8,10,7.5,8,7.72,7.8,-0.08,-1.03%,2319,-
18-Mar-26,HBE,Homeboyz Entertainment Plc,4.66,4.66,4.66,4.66,4.66,4.66,-,-,-,-
18-Mar-26,KQ,Kenya Airways Plc,1.56,6.02,5.3,5.6,5.5,5.34,0.16,3.00%,10148703,-
18-Mar-26,LKL,Longhorn Publishers Plc,2.35,3.5,3.15,3.28,3.19,3.2,-0.01,-0.31%,11680,-
18-Mar-26,NBV,Nairobi Business Ventures Ltd,1.33,2.16,1.5,1.6,1.52,1.5,0.02,1.33%,40405,-
18-Mar-26,NMG,Nation Media Group Plc,10.05,20,15.6,16.5,15.9,15.85,0.05,0.32%,64104,-
18-Mar-26,SMER,Sameer Africa Plc,2.7,21.5,17.4,18.35,18.05,18,0.05,0.28%,26045,-
18-Mar-26,SGL,Standard Group Plc,5.2,7.14,6.2,6.58,6.5,6.54,-0.04,-0.61%,5979,-
18-Mar-26,TPSE,TPS Eastern Africa (Serena) Ltd,13.05,18.2,16.55,17,16.65,16.65,-,-,243,-
18-Mar-26,UCHM,Uchumi Supermarket Plc,0.23,2.93,2.11,2.2,2.18,2.15,0.03,1.40%,412463,-
18-Mar-26,SCAN,WPP ScanGroup Plc,2,3.4,2.38,2.47,2.44,2.4,0.04,1.67%,21557,-
18-Mar-26,ARM,ARM Cement Plc,5.55,5.55,5.55,5.55,5.55,5.55,-,-,-,-
18-Mar-26,BAMB,Bamburi Cement Ltd,47.2,56.5,47.2,47.2,47.2,47.2,-,-,-,-
18-Mar-26,CRWN,Crown Paints Kenya Plc,30,70.75,57.5,58.75,58,58,-,-,940,-
18-Mar-26,CABL,East African Cables Plc,1,2.44,1,1,1,1,-,-,-,-
18-Mar-26,PORT,East African Portland Cement Ltd,28,101,79,84,82,79.75,2.25,2.82%,629,-
18-Mar-26,KEGN,Kenya Electricity Generating Company Plc,4.5,10.75,9.48,9.54,9.5,9.54,-0.04,-0.42%,521923,-
18-Mar-26,KPC,Kenya Pipeline Company Plc,9,9.5,9,9.2,9.08,9.08,-,-,1499395,-
18-Mar-26,KPLC-P4,KPLC-P4,4,5,5,5,5,5,-,-,-,-
18-Mar-26,KPLC-P7,KPLC-P7,6,6,6,6,6,6,-,-,-,-
18-Mar-26,KPLC,Kenya Power and Lighting Company Plc,5.7,19,17,17.45,17.25,17.2,0.05,0.29%,303060,-
18-Mar-26,TOTL,TotalEnergies Marketing Kenya Plc,21,47,43.5,43.9,43.75,43.25,0.5,1.16%,6794,-
18-Mar-26,UMME,Umeme Ltd,5.8,24.75,8.52,8.9,8.78,8.78,-,-,25592,-
18-Mar-26,BRIT,Britam Holdings Plc,5.92,13.4,12.55,12.7,12.6,12.75,-0.15,-1.18%,41407,-
18-Mar-26,CIC,CIC Insurance Group Ltd,2.55,6.62,4.95,5.12,4.99,5.12,-0.13,-2.54%,127742,-
18-Mar-26,JUB,Jubilee Holdings Ltd,182,399.75,395,398,396.5,392.25,4.25,1.08%,228,-
18-Mar-26,KNRE,Kenya Re-Insurance Corporation Ltd,1.5,4.02,3.65,3.78,3.71,3.78,-0.07,-1.85%,1079727,-
18-Mar-26,LBTY,Liberty Kenya Holdings Ltd,7.4,12.2,9.9,10.4,10.05,10.15,-0.1,-0.99%,38045,-
18-Mar-26,SLAM,Sanlam Allianz Holdings (Kenya) Plc,5.5,11,9.64,10.5,10.2,10.15,0.05,0.49%,7250,-
18-Mar-26,CTUM,Centum Investment Company Plc,10.85,16.75,14.8,15,14.85,14.8,0.05,0.34%,59928,-
18-Mar-26,HAFR,Home Afrika Ltd,0.48,1.93,1.6,1.67,1.64,1.64,-,-,233107,-
18-Mar-26,KURV,Kurwitu Ventures Ltd,1400,1500,1500,1500,1500,1500,-,-,-,-
18-Mar-26,OCH,Olympia Capital Holdings Ltd,3.12,9,7.04,7.96,7.46,7.64,-0.18,-2.36%,17931,-
18-Mar-26,TCL,Trans-Century Plc,0.71,1.42,0.71,0.71,0.71,0.71,-,-,-,-
18-Mar-26,NSE,Nairobi Securities Exchange Plc,6.5,25.9,20.8,22.5,20.95,21,-0.05,-0.24%,323626,-
18-Mar-26,AMAC,Africa Mega Agricorp Plc,51,118.25,112,116,115.75,110.25,5.5,4.99%,769,-
18-Mar-26,BOC,BOC Kenya Plc,76,150,121,125,123,121.75,1.25,1.03%,10444,-
18-Mar-26,BAT,British American Tobacco Kenya Plc,345,629,550,575,562,566,-4,-0.71%,20925,-
18-Mar-26,CARB,Carbacid Investments Plc,18,33,30,31,30.65,30.85,-0.2,-0.65%,44479,-
18-Mar-26,EABL,East African Breweries Ltd,167,351,258,269,266,265,1,0.38%,12592,-
18-Mar-26,FTGH,Flame Tree Group Holdings Ltd,1.05,3.11,2.53,2.78,2.68,2.53,0.15,5.93%,76231,-
18-Mar-26,MSC,Mumias Sugar Company Ltd,0.27,0.27,0.27,0.27,0.27,0.27,-,-,-,-
18-Mar-26,SKL,Shri Krishana Overseas Plc,5.8,12,9.72,10.25,9.82,10.2,-0.38,-3.73%,10200,-
18-Mar-26,UNGA,Unga Group Ltd,18.05,34,29.3,30.5,29.85,30.5,-0.65,-2.13%,1979,-
18-Mar-26,SCOM,Safaricom Plc,17,34.2,30.25,30.65,30.4,30.3,0.1,0.33%,623139,-
18-Mar-26,ALP,Africa Logistics Properties Industria...,1,1,1,1,1,1,-,-,-,-
18-Mar-26,LAPR,LAPTrust Imara Income-REIT,20,20,20,20,20,20,-,-,-,-
18-Mar-26,GLD,ABSA NewGold ETF,881,9800,6005,6650,6175,6330,-155,-2.45%,520,-
18-Mar-26,SMWF,Satrix MSCI World Feeder ETF,755,1050,850,863,845,845,-,-,13,-
18-Mar-26,^N10I,NSE 10-Share Index,1250.85,2271.75,2257.02,2257.02,2257.02,2250.97,6.05,0.27%,-,-
18-Mar-26,^N20I,NSE 20-Share Index,2092.84,3758.73,3686.31,3686.31,3686.31,3703.41,-17.1,-0.46%,-,-
18-Mar-26,^N25I,NSE 25-Share Index,3314.15,5948.29,5918.4,5918.4,5918.4,5910.91,7.49,0.13%,-,-
18-Mar-26,^NASI,NSE All-Share Index,123.6,216.69,211.29,211.29,211.29,211.11,0.18,0.09%,-,-
18-Mar-26,^NBSI,NSE Banking Sector Index,149.92,245.9,245.15,245.15,245.15,245.27,-0.12,-0.05%,-,-
18-Mar-26,^NBDI,NSE Bonds Index,1140.96,1210.41,1198.05,1198.05,1198.05,1193.67,4.38,0.37%,-,-
18-Mar-26,^ZKEQTK,Zamara Kenya Equity Index (KES),2424.57,4790.09,4732.68,4732.68,4732.68,4725.56,7.12,0.15%,-,-
18-Mar-26,^ZKEQTU,Zamara Kenya Equity Index (USD),1610.77,3197.11,3144.17,3144.17,3144.17,3140.65,3.52,0.11%,-,-
19-Mar-26,EGAD,Eaagads Ltd,11,35.25,30,32,30.5,31.9,-1.4,-4.39%,679,-
19-Mar-26,KUKZ,Kakuzi Plc,365,440,422,423,423.5,423.5,-,-,36,-
19-Mar-26,KAPC,Kapchorua Tea Kenya Plc,198,424.25,250,252,250.75,251.25,-0.5,-0.20%,253,-
19-Mar-26,LIMT,Limuru Tea Plc,295,555,500,500,500,511,-11,-2.15%,100,-
19-Mar-26,SASN,Sasini Plc,13.3,33.9,25.3,27.45,27.2,27.55,-0.35,-1.27%,1663,-
19-Mar-26,WTK,Williamson Tea Kenya Plc,139,350,139.75,143.5,140,140.25,-0.25,-0.18%,4291,-
19-Mar-26,CGEN,Car and General (K) Ltd,19.8,74.25,63.5,69.5,67.5,67.75,-0.25,-0.37%,3996,-
19-Mar-26,ABSA,ABSA Bank Kenya Plc,15,33,31.55,31.95,31.8,31.95,-0.15,-0.47%,200894,-
19-Mar-26,BKG,BK Group Plc,28.75,50,46.4,50,46.95,46.05,0.9,1.95%,603282,-
19-Mar-26,COOP,Co-operative Bank of Kenya Ltd,13.8,31.5,29.75,30,29.95,29.95,-,-,1566363,-
19-Mar-26,DTK,Diamond Trust Bank Kenya Ltd,66,170,155,156.5,155.5,156.75,-1.25,-0.80%,97540,-
19-Mar-26,EQTY,Equity Group Holdings Plc,41.2,80,74.75,79,76.5,79,-2.5,-3.16%,1233215,-
19-Mar-26,HFCK,HF Group Ltd,5.3,11.5,10.3,10.7,10.5,10.6,-0.1,-0.94%,81448,-
19-Mar-26,IMH,I & M Holdings Plc,29.5,52,50.25,51.5,51.25,51.5,-0.25,-0.49%,224110,-
19-Mar-26,KCB,KCB Group Plc,35,80.5,75,78.5,76,78.25,-2.25,-2.88%,1517769,-
19-Mar-26,NCBA,NCBA Group Plc,48,100,89.5,93.5,91.25,93.25,-2,-2.14%,80970,-
19-Mar-26,SBIC,Stanbic Holdings Plc,147,270,259,261,260,260.5,-0.5,-0.19%,20169,-
19-Mar-26,SCBK,Standard Chartered Bank Kenya Ltd,260,365,325,331.75,330,332.5,-2.5,-0.75%,50546,-
19-Mar-26,DCON,Deacons (East Africa) Plc,0.45,0.45,0.45,0.45,0.45,0.45,-,-,-,-
19-Mar-26,EVRD,Eveready East Africa Ltd,0.75,1.78,1.18,1.25,1.23,1.22,0.01,0.82%,244148,-
19-Mar-26,XPRS,Express Kenya Plc,2.8,10,7.52,8,7.9,7.72,0.18,2.33%,5891,-
19-Mar-26,HBE,Homeboyz Entertainment Plc,4.66,4.66,4.66,4.66,4.66,4.66,-,-,-,-
19-Mar-26,KQ,Kenya Airways Plc,1.56,6.02,5.26,5.56,5.42,5.5,-0.08,-1.45%,1253915,-
19-Mar-26,LKL,Longhorn Publishers Plc,2.35,3.5,3.1,3.28,3.18,3.19,-0.01,-0.31%,26001,-
19-Mar-26,NBV,Nairobi Business Ventures Ltd,1.33,2.16,1.5,1.55,1.51,1.52,-0.01,-0.66%,156536,-
19-Mar-26,NMG,Nation Media Group Plc,10.05,20,15.8,16.5,15.95,15.9,0.05,0.31%,18944,-
19-Mar-26,SMER,Sameer Africa Plc,2.7,21.5,17.4,18.2,17.95,18.05,-0.1,-0.55%,5831,-
19-Mar-26,SGL,Standard Group Plc,5.2,7.14,6,6.58,6.34,6.5,-0.16,-2.46%,2126,-
19-Mar-26,TPSE,TPS Eastern Africa (Serena) Ltd,13.05,18.2,16.1,17,16.5,16.65,-0.15,-0.90%,14354,-
19-Mar-26,UCHM,Uchumi Supermarket Plc,0.23,2.93,2.15,2.21,2.18,2.18,-,-,1179941,-
19-Mar-26,SCAN,WPP ScanGroup Plc,2,3.4,2.38,2.5,2.43,2.44,-0.01,-0.41%,11860,-
19-Mar-26,ARM,ARM Cement Plc,5.55,5.55,5.55,5.55,5.55,5.55,-,-,-,-
19-Mar-26,BAMB,Bamburi Cement Ltd,47.2,56.5,47.2,47.2,47.2,47.2,-,-,-,-
19-Mar-26,CRWN,Crown Paints Kenya Plc,30,70.75,57,58.75,58.5,58,0.5,0.86%,2335,-
19-Mar-26,CABL,East African Cables Plc,1,2.44,1,1,1,1,-,-,-,-
19-Mar-26,PORT,East African Portland Cement Ltd,28,101,79,84,82,82,-,-,411,-
19-Mar-26,KEGN,Kenya Electricity Generating Company Plc,4.5,10.75,9.36,9.54,9.48,9.5,-0.02,-0.21%,1567710,-
19-Mar-26,KPC,Kenya Pipeline Company Plc,9,9.5,9,9.2,9.06,9.08,-0.02,-0.22%,1224363,-
19-Mar-26,KPLC-P4,KPLC-P4,4,5,5,5,5,5,-,-,-,-
19-Mar-26,KPLC-P7,KPLC-P7,6,6,6,6,6,6,-,-,-,-
19-Mar-26,KPLC,Kenya Power and Lighting Company Plc,5.7,19,17.1,17.5,17.15,17.25,-0.1,-0.58%,846450,-
19-Mar-26,TOTL,TotalEnergies Marketing Kenya Plc,21,47,42,44,42.95,43.75,-0.8,-1.83%,23373,-
19-Mar-26,UMME,Umeme Ltd,5.8,24.75,8.4,8.9,8.66,8.78,-0.12,-1.37%,42279,-
19-Mar-26,BRIT,Britam Holdings Plc,5.92,13.4,12.25,12.75,12.5,12.6,-0.1,-0.79%,127958,-
19-Mar-26,CIC,CIC Insurance Group Ltd,2.55,6.62,4.95,5,4.97,4.99,-0.02,-0.40%,439562,-
19-Mar-26,JUB,Jubilee Holdings Ltd,182,431.25,398,399,398,396.5,1.5,0.38%,4407,-
19-Mar-26,KNRE,Kenya Re-Insurance Corporation Ltd,1.5,4.02,3.5,3.75,3.65,3.71,-0.06,-1.62%,3664890,-
19-Mar-26,LBTY,Liberty Kenya Holdings Ltd,8,12.2,9.7,10.35,9.9,10.05,-0.15,-1.49%,33975,-
19-Mar-26,SLAM,Sanlam Allianz Holdings (Kenya) Plc,5.5,11,10.2,10.4,10.25,10.2,0.05,0.49%,4186,-
19-Mar-26,CTUM,Centum Investment Company Plc,10.85,16.75,14.7,15,14.85,14.85,-,-,44620,-
19-Mar-26,HAFR,Home Afrika Ltd,0.48,1.93,1.65,1.7,1.68,1.64,0.04,2.44%,324151,-
19-Mar-26,KURV,Kurwitu Ventures Ltd,1400,1500,1500,1500,1500,1500,-,-,-,-
19-Mar-26,OCH,Olympia Capital Holdings Ltd,3.12,9,7.4,7.94,7.8,7.46,0.34,4.56%,3270,-
19-Mar-26,TCL,Trans-Century Plc,0.71,1.42,0.71,0.71,0.71,0.71,-,-,-,-
19-Mar-26,NSE,Nairobi Securities Exchange Plc,6.5,25.9,20.25,22.5,20.65,20.95,-0.3,-1.43%,1352758,-
19-Mar-26,AMAC,Africa Mega Agricorp Plc,51,118.25,110,118,116.25,115.75,0.5,0.43%,478,-
19-Mar-26,BOC,BOC Kenya Plc,76,150,121,125,124.5,123,1.5,1.22%,290,-
19-Mar-26,BAT,British American Tobacco Kenya Plc,345,629,564,576,567,562,5,0.89%,14806,-
19-Mar-26,CARB,Carbacid Investments Plc,18,33,29.8,31,30.2,30.65,-0.45,-1.47%,57987,-
19-Mar-26,EABL,East African Breweries Ltd,167,351,260,266,264.75,266,-1.25,-0.47%,10719,-
19-Mar-26,FTGH,Flame Tree Group Holdings Ltd,1.05,3.11,2.6,2.7,2.65,2.68,-0.03,-1.12%,109784,-
19-Mar-26,MSC,Mumias Sugar Company Ltd,0.27,0.27,0.27,0.27,0.27,0.27,-,-,-,-
19-Mar-26,SKL,Shri Krishana Overseas Plc,5.8,12,9.82,10.25,9.82,9.82,-,-,12618,-
19-Mar-26,UNGA,Unga Group Ltd,18.05,34,28.75,30.95,29.75,29.85,-0.1,-0.34%,1544,-
19-Mar-26,SCOM,Safaricom Plc,17,34.2,29.8,31,30.25,30.4,-0.15,-0.49%,3510353,-
19-Mar-26,ALP,Africa Logistics Properties Industria...,1,1,1,1,1,1,-,-,-,-
19-Mar-26,LAPR,LAPTrust Imara Income-REIT,20,20,20,20,20,20,-,-,-,-
19-Mar-26,GLD,ABSA NewGold ETF,881,9800,6200,6495,6245,6175,70,1.13%,202,-
19-Mar-26,SMWF,Satrix MSCI World Feeder ETF,755,1050,843,879,845,845,-,-,75,-
19-Mar-26,^N10I,NSE 10-Share Index,1250.85,2271.75,2227.92,2227.92,2227.92,2257.02,-29.1,-1.29%,-,-
19-Mar-26,^N20I,NSE 20-Share Index,2092.84,3758.73,3661.11,3661.11,3661.11,3686.31,-25.2,-0.68%,-,-
19-Mar-26,^N25I,NSE 25-Share Index,3314.15,5948.29,5846.14,5846.14,5846.14,5918.4,-72.26,-1.22%,-,-
19-Mar-26,^NASI,NSE All-Share Index,123.6,216.69,209.42,209.42,209.42,211.29,-1.87,-0.89%,-,-
19-Mar-26,^NBSI,NSE Banking Sector Index,149.92,245.9,241.3,241.3,241.3,245.15,-3.85,-1.57%,-,-
19-Mar-26,^NBDI,NSE Bonds Index,1140.96,1210.41,1201.95,1201.95,1201.95,1198.05,3.9,0.33%,-,-
19-Mar-26,^ZKEQTK,Zamara Kenya Equity Index (KES),2424.57,4790.09,4661.27,4661.27,4661.27,4732.68,-71.41,-1.51%,-,-
19-Mar-26,^ZKEQTU,Zamara Kenya Equity Index (USD),1610.77,3197.11,3097.92,3097.92,3097.92,3144.17,-46.25,-1.47%,-,-
23-Mar-26,EGAD,Eaagads Ltd,11,35.25,28.75,32,30.4,30.5,-0.1,-0.33%,669,-
23-Mar-26,KUKZ,Kakuzi Plc,365,440,411,423,423.5,423.5,-,-,79,-
23-Mar-26,KAPC,Kapchorua Tea Kenya Plc,198,424.25,250.5,252,251.25,250.75,0.5,0.20%,2265,-
23-Mar-26,LIMT,Limuru Tea Plc,295,555,541,541,500,500,-,-,67,-
23-Mar-26,SASN,Sasini Plc,13.3,33.9,25.2,27.45,25.6,27.2,-1.6,-5.88%,20731,-
23-Mar-26,WTK,Williamson Tea Kenya Plc,139,350,139.5,143,140,140,-,-,8245,-
23-Mar-26,CGEN,Car and General (K) Ltd,19.8,74.25,65,70,68,67.5,0.5,0.74%,2085,-
23-Mar-26,ABSA,ABSA Bank Kenya Plc,15,33,29.9,31.6,30.9,31.8,-0.9,-2.83%,391271,-
23-Mar-26,BKG,BK Group Plc,28.75,50,45.4,47.95,46.9,46.95,-0.05,-0.11%,615851,-
23-Mar-26,COOP,Co-operative Bank of Kenya Ltd,13.8,31.5,29.7,30.6,30.05,29.95,0.1,0.33%,1105943,-
23-Mar-26,DTK,Diamond Trust Bank Kenya Ltd,66,170,152.5,155.25,154,155.5,-1.5,-0.96%,24101,-
23-Mar-26,EQTY,Equity Group Holdings Plc,41.2,80,71.25,77,73.25,76.5,-3.25,-4.25%,2746354,-
23-Mar-26,HFCK,HF Group Ltd,5.3,11.5,10.3,10.5,10.4,10.5,-0.1,-0.95%,245146,-
23-Mar-26,IMH,I & M Holdings Plc,29.5,52,49,51.25,49.9,51.25,-1.35,-2.63%,122942,-
23-Mar-26,KCB,KCB Group Plc,35,80.5,71.5,76.5,72.5,76,-3.5,-4.61%,2690677,-
23-Mar-26,NCBA,NCBA Group Plc,48,100,89,92,89.75,91.25,-1.5,-1.64%,28087,-
23-Mar-26,SBIC,Stanbic Holdings Plc,147,270,256.75,262,258.75,260,-1.25,-0.48%,10766,-
23-Mar-26,SCBK,Standard Chartered Bank Kenya Ltd,260,365,326,330.5,329.25,330,-0.75,-0.23%,17603,-
23-Mar-26,DCON,Deacons (East Africa) Plc,0.45,0.45,0.45,0.45,0.45,0.45,-,-,-,-
23-Mar-26,EVRD,Eveready East Africa Ltd,0.75,1.78,1.19,1.24,1.2,1.23,-0.03,-2.44%,245922,-
23-Mar-26,XPRS,Express Kenya Plc,2.8,10,7.48,8.1,7.52,7.9,-0.38,-4.81%,13968,-
23-Mar-26,HBE,Homeboyz Entertainment Plc,4.66,4.66,4.66,4.66,4.66,4.66,-,-,-,-
23-Mar-26,KQ,Kenya Airways Plc,1.56,6.02,5.28,5.52,5.46,5.42,0.04,0.74%,1384816,-
23-Mar-26,LKL,Longhorn Publishers Plc,2.35,3.5,3,3.2,3.16,3.18,-0.02,-0.63%,4970,-
23-Mar-26,NBV,Nairobi Business Ventures Ltd,1.33,2.16,1.47,1.51,1.49,1.51,-0.02,-1.32%,89085,-
23-Mar-26,NMG,Nation Media Group Plc,10.05,20,15.8,16.4,15.95,15.95,-,-,31780,-
23-Mar-26,SMER,Sameer Africa Plc,2.7,21.5,16.5,18.3,16.65,17.95,-1.3,-7.24%,56973,-
23-Mar-26,SGL,Standard Group Plc,5.2,7.14,5.94,6.22,6.02,6.34,-0.32,-5.05%,2693,-
23-Mar-26,TPSE,TPS Eastern Africa (Serena) Ltd,13.05,18.2,16.3,17,16.5,16.5,-,-,326,-
23-Mar-26,UCHM,Uchumi Supermarket Plc,0.23,2.93,2.15,2.2,2.18,2.18,-,-,1040746,-
23-Mar-26,SCAN,WPP ScanGroup Plc,2,3.4,2.25,2.4,2.31,2.43,-0.12,-4.94%,111625,-
23-Mar-26,ARM,ARM Cement Plc,5.55,5.55,5.55,5.55,5.55,5.55,-,-,-,-
23-Mar-26,BAMB,Bamburi Cement Ltd,47.2,56.5,47.2,47.2,47.2,47.2,-,-,-,-
23-Mar-26,CRWN,Crown Paints Kenya Plc,30,70.75,53.5,58,56.25,58.5,-2.25,-3.85%,6507,-
23-Mar-26,CABL,East African Cables Plc,1,2.44,1,1,1,1,-,-,-,-
23-Mar-26,PORT,East African Portland Cement Ltd,28,101,79.5,81,80.25,82,-1.75,-2.13%,429,-
23-Mar-26,KEGN,Kenya Electricity Generating Company Plc,4.5,10.75,9.2,9.4,9.32,9.48,-0.16,-1.69%,1374214,-
23-Mar-26,KPC,Kenya Pipeline Company Plc,9,9.5,9,9.2,9.04,9.06,-0.02,-0.22%,4626831,-
23-Mar-26,KPLC-P4,KPLC-P4,4,5,5,5,5,5,-,-,-,-
23-Mar-26,KPLC-P7,KPLC-P7,6,6,6,6,6,6,-,-,-,-
23-Mar-26,KPLC,Kenya Power and Lighting Company Plc,5.7,19,16.7,17.25,16.95,17.15,-0.2,-1.17%,520722,-
23-Mar-26,TOTL,TotalEnergies Marketing Kenya Plc,21,47,40,43.9,41.4,42.95,-1.55,-3.61%,21712,-
23-Mar-26,UMME,Umeme Ltd,5.8,24.75,8.3,8.9,8.56,8.66,-0.1,-1.15%,70003,-
23-Mar-26,BRIT,Britam Holdings Plc,5.92,13.4,12,12.55,12.3,12.5,-0.2,-1.60%,166838,-
23-Mar-26,CIC,CIC Insurance Group Ltd,2.55,6.62,4.88,5,4.96,4.97,-0.01,-0.20%,320446,-
23-Mar-26,JUB,Jubilee Holdings Ltd,182,437.75,390,431.25,400,398,2,0.50%,40249,-
23-Mar-26,KNRE,Kenya Re-Insurance Corporation Ltd,1.5,4.02,3.5,3.75,3.64,3.65,-0.01,-0.27%,1694369,-
23-Mar-26,LBTY,Liberty Kenya Holdings Ltd,8,12.2,9.7,10.65,10.1,9.9,0.2,2.02%,14595,-
23-Mar-26,SLAM,Sanlam Allianz Holdings (Kenya) Plc,5.5,11,10.2,10.5,10.35,10.25,0.1,0.98%,24080,-
23-Mar-26,CTUM,Centum Investment Company Plc,10.85,16.75,14.5,15,14.65,14.85,-0.2,-1.35%,87651,-
23-Mar-26,HAFR,Home Afrika Ltd,0.48,1.93,1.64,1.79,1.69,1.68,0.01,0.60%,591397,-
23-Mar-26,KURV,Kurwitu Ventures Ltd,1400,1500,1495,1495,1500,1500,-,-,5,-
23-Mar-26,OCH,Olympia Capital Holdings Ltd,3.12,9,7.4,7.94,7.7,7.8,-0.1,-1.28%,1275,-
23-Mar-26,TCL,Trans-Century Plc,0.71,1.42,0.71,0.71,0.71,0.71,-,-,-,-
23-Mar-26,NSE,Nairobi Securities Exchange Plc,6.5,25.9,20.8,21,20.95,20.65,0.3,1.45%,137559,-
23-Mar-26,AMAC,Africa Mega Agricorp Plc,51,118.25,107.5,117,114.75,116.25,-1.5,-1.29%,222,-
23-Mar-26,BOC,BOC Kenya Plc,76,150,115,125,120,124.5,-4.5,-3.61%,4650,-
23-Mar-26,BAT,British American Tobacco Kenya Plc,345,629,568,576,571,567,4,0.71%,20414,-
23-Mar-26,CARB,Carbacid Investments Plc,18,33,30,30.3,30.25,30.2,0.05,0.17%,9813,-
23-Mar-26,EABL,East African Breweries Ltd,167,351,257,264,259.25,264.75,-5.5,-2.08%,51086,-
23-Mar-26,FTGH,Flame Tree Group Holdings Ltd,1.05,3.11,2.52,2.7,2.59,2.65,-0.06,-2.26%,94777,-
23-Mar-26,MSC,Mumias Sugar Company Ltd,0.27,0.27,0.27,0.27,0.27,0.27,-,-,-,-
23-Mar-26,SKL,Shri Krishana Overseas Plc,5.8,12,9,10.2,9.72,9.82,-0.1,-1.02%,1221,-
23-Mar-26,UNGA,Unga Group Ltd,18.05,34,26.8,30.95,27.8,29.75,-1.95,-6.55%,32080,-
23-Mar-26,SCOM,Safaricom Plc,17,34.2,28,29.95,28.9,30.25,-1.35,-4.46%,5340829,-
23-Mar-26,ALP,Africa Logistics Properties Industria...,1,1,1,1,1,1,-,-,-,-
23-Mar-26,LAPR,LAPTrust Imara Income-REIT,20,20,20,20,20,20,-,-,-,-
23-Mar-26,GLD,ABSA NewGold ETF,881,9800,5075,6350,5435,6245,-810,-12.97%,2407,-
23-Mar-26,SMWF,Satrix MSCI World Feeder ETF,755,1050,821,878,823,845,-22,-2.60%,899,-
23-Mar-26,^N10I,NSE 10-Share Index,1250.85,2271.75,2157.78,2157.78,2157.78,2227.92,-70.14,-3.15%,-,-
23-Mar-26,^N20I,NSE 20-Share Index,2092.84,3758.73,3604.9,3604.9,3604.9,3661.11,-56.21,-1.54%,-,-
23-Mar-26,^N25I,NSE 25-Share Index,3314.15,5948.29,5689.25,5689.25,5689.25,5846.14,-156.89,-2.68%,-,-
23-Mar-26,^NASI,NSE All-Share Index,123.6,216.69,203.63,203.63,203.63,209.42,-5.79,-2.76%,-,-
23-Mar-26,^NBSI,NSE Banking Sector Index,149.92,245.9,235.49,235.49,235.49,241.3,-5.81,-2.41%,-,-
23-Mar-26,^NBDI,NSE Bonds Index,1140.96,1210.41,1200.36,1200.36,1200.36,1201.95,-1.59,-0.13%,-,-
23-Mar-26,^ZKEQTK,Zamara Kenya Equity Index (KES),2424.57,4790.09,4511.17,4511.17,4511.17,4661.27,-150.1,-3.22%,-,-
23-Mar-26,^ZKEQTU,Zamara Kenya Equity Index (USD),1610.77,3197.11,2995.85,2995.85,2995.85,3097.92,-102.07,-3.29%,-,-
24-Mar-26,EGAD,Eaagads Ltd,11,35.25,29.45,32,30.5,30.4,0.1,0.33%,18913,-
24-Mar-26,KUKZ,Kakuzi Plc,365,440,411,430,424.5,423.5,1,0.24%,108,-
24-Mar-26,KAPC,Kapchorua Tea Kenya Plc,198,424.25,248,252,250.5,251.25,-0.75,-0.30%,1017,-
24-Mar-26,LIMT,Limuru Tea Plc,295,555,500,541,514,500,14,2.80%,113,-
24-Mar-26,SASN,Sasini Plc,13.3,33.9,24.85,26.95,25.75,25.6,0.15,0.59%,10460,-
24-Mar-26,WTK,Williamson Tea Kenya Plc,138.5,350,139.75,143.5,140,140,-,-,36586,-
24-Mar-26,CGEN,Car and General (K) Ltd,19.8,74.25,65,69.5,67.25,68,-0.75,-1.10%,4750,-
24-Mar-26,ABSA,ABSA Bank Kenya Plc,15,33,29.5,30.9,29.75,30.9,-1.15,-3.72%,1411409,-
24-Mar-26,BKG,BK Group Plc,28.75,50,45,47.5,46.95,46.9,0.05,0.11%,1809460,-
24-Mar-26,COOP,Co-operative Bank of Kenya Ltd,13.8,31.5,28,30,29.45,30.05,-0.6,-2.00%,1558640,-
24-Mar-26,DTK,Diamond Trust Bank Kenya Ltd,66,170,152,154,153.25,154,-0.75,-0.49%,42395,-
24-Mar-26,EQTY,Equity Group Holdings Plc,41.2,80,71.5,75,72.75,73.25,-0.5,-0.68%,705824,-
24-Mar-26,HFCK,HF Group Ltd,5.3,11.5,10.2,10.5,10.35,10.4,-0.05,-0.48%,86393,-
24-Mar-26,IMH,I & M Holdings Plc,29.5,52,49,50.75,49.9,49.9,-,-,130457,-
24-Mar-26,KCB,KCB Group Plc,35,80.5,70.25,75,72,72.5,-0.5,-0.69%,816533,-
24-Mar-26,NCBA,NCBA Group Plc,48,100,88.75,89.25,89.25,89.75,-0.5,-0.56%,77470,-
24-Mar-26,SBIC,Stanbic Holdings Plc,147,270,257.75,261,260,258.75,1.25,0.48%,834553,-
24-Mar-26,SCBK,Standard Chartered Bank Kenya Ltd,260,365,328,330,329,329.25,-0.25,-0.08%,38631,-
24-Mar-26,DCON,Deacons (East Africa) Plc,0.45,0.45,0.45,0.45,0.45,0.45,-,-,-,-
24-Mar-26,EVRD,Eveready East Africa Ltd,0.75,1.78,1.19,1.23,1.21,1.2,0.01,0.83%,342484,-
24-Mar-26,XPRS,Express Kenya Plc,2.8,10,7.24,8,7.88,7.52,0.36,4.79%,44079,-
24-Mar-26,HBE,Homeboyz Entertainment Plc,4.66,4.66,4.66,4.66,4.66,4.66,-,-,-,-
24-Mar-26,KQ,Kenya Airways Plc,1.56,6.02,4.95,5.4,5.2,5.46,-0.26,-4.76%,346225,-
24-Mar-26,LKL,Longhorn Publishers Plc,2.35,3.5,2.95,3.14,3,3.16,-0.16,-5.06%,25969,-
24-Mar-26,NBV,Nairobi Business Ventures Ltd,1.33,2.16,1.4,1.55,1.47,1.49,-0.02,-1.34%,94278,-
24-Mar-26,NMG,Nation Media Group Plc,10.05,20,15.6,16.5,15.75,15.95,-0.2,-1.25%,142369,-
24-Mar-26,SMER,Sameer Africa Plc,2.7,21.5,16.2,17.9,17,16.65,0.35,2.10%,8873,-
24-Mar-26,SGL,Standard Group Plc,5.2,7.14,5.94,6.5,6.06,6.02,0.04,0.66%,16701,-
24-Mar-26,TPSE,TPS Eastern Africa (Serena) Ltd,13.05,18.2,16,16.5,16.05,16.5,-0.45,-2.73%,3624,-
24-Mar-26,UCHM,Uchumi Supermarket Plc,0.23,2.93,2,2.18,2.06,2.18,-0.12,-5.50%,966542,-
24-Mar-26,SCAN,WPP ScanGroup Plc,2,3.4,2.25,2.4,2.29,2.31,-0.02,-0.87%,26353,-
24-Mar-26,ARM,ARM Cement Plc,5.55,5.55,5.55,5.55,5.55,5.55,-,-,-,-
24-Mar-26,BAMB,Bamburi Cement Ltd,47.2,56.5,47.2,47.2,47.2,47.2,-,-,-,-
24-Mar-26,CRWN,Crown Paints Kenya Plc,30,70.75,55,58,57.25,56.25,1,1.78%,689,-
24-Mar-26,CABL,East African Cables Plc,1,2.44,1,1,1,1,-,-,-,-
24-Mar-26,PORT,East African Portland Cement Ltd,28,101,79,85,83.75,80.25,3.5,4.36%,1631,-
24-Mar-26,KEGN,Kenya Electricity Generating Company Plc,4.5,10.75,9.28,9.42,9.34,9.32,0.02,0.21%,423746,-
24-Mar-26,KPC,Kenya Pipeline Company Plc,9,9.5,9,9.06,9.04,9.04,-,-,3957567,-
24-Mar-26,KPLC-P4,KPLC-P4,4,5,5,5,5,5,-,-,-,-
24-Mar-26,KPLC-P7,KPLC-P7,6,6,6,6,6,6,-,-,-,-
24-Mar-26,KPLC,Kenya Power and Lighting Company Plc,5.7,19,16.5,17,16.85,16.95,-0.1,-0.59%,4172467,-
24-Mar-26,TOTL,TotalEnergies Marketing Kenya Plc,21,47,41.4,42.65,42.1,41.4,0.7,1.69%,4628,-
24-Mar-26,UMME,Umeme Ltd,5.8,24.75,8.3,8.66,8.5,8.56,-0.06,-0.70%,954933,-
24-Mar-26,BRIT,Britam Holdings Plc,5.92,13.4,12,12.75,12.4,12.3,0.1,0.81%,73385,-
24-Mar-26,CIC,CIC Insurance Group Ltd,2.55,6.62,4.7,5,4.87,4.96,-0.09,-1.81%,200702,-
24-Mar-26,JUB,Jubilee Holdings Ltd,182,437.75,387,437.75,399.5,400,-0.5,-0.13%,18465,-
24-Mar-26,KNRE,Kenya Re-Insurance Corporation Ltd,1.5,4.02,3.49,3.66,3.57,3.64,-0.07,-1.92%,3135288,-
24-Mar-26,LBTY,Liberty Kenya Holdings Ltd,8.1,12.2,10,10.2,10.05,10.1,-0.05,-0.50%,22275,-
24-Mar-26,SLAM,Sanlam Allianz Holdings (Kenya) Plc,5.5,11,10,10.5,10.05,10.35,-0.3,-2.90%,10917,-
24-Mar-26,CTUM,Centum Investment Company Plc,10.85,16.75,14.1,14.8,14.35,14.65,-0.3,-2.05%,21900,-
24-Mar-26,HAFR,Home Afrika Ltd,0.48,1.93,1.57,1.71,1.61,1.69,-0.08,-4.73%,265685,-
24-Mar-26,KURV,Kurwitu Ventures Ltd,1400,1500,1495,1495,1500,1500,-,-,2,-
24-Mar-26,OCH,Olympia Capital Holdings Ltd,3.12,9,7.46,7.98,7.88,7.7,0.18,2.34%,15131,-
24-Mar-26,TCL,Trans-Century Plc,0.71,1.42,0.71,0.71,0.71,0.71,-,-,-,-
24-Mar-26,NSE,Nairobi Securities Exchange Plc,6.5,25.9,20.8,21,20.95,20.95,-,-,175180,-
24-Mar-26,AMAC,Africa Mega Agricorp Plc,51,118.25,107.5,118,112.75,114.75,-2,-1.74%,586,-
24-Mar-26,BOC,BOC Kenya Plc,76,150,118,125,120.25,120,0.25,0.21%,725,-
24-Mar-26,BAT,British American Tobacco Kenya Plc,345,629,565,574,569,571,-2,-0.35%,8747,-
24-Mar-26,CARB,Carbacid Investments Plc,18,33,27.25,30.3,28.8,30.25,-1.45,-4.79%,8606,-
24-Mar-26,EABL,East African Breweries Ltd,167,351,258,264,259.25,259.25,-,-,26001,-
24-Mar-26,FTGH,Flame Tree Group Holdings Ltd,1.05,3.11,2.45,2.68,2.57,2.59,-0.02,-0.77%,85794,-
24-Mar-26,MSC,Mumias Sugar Company Ltd,0.27,0.27,0.27,0.27,0.27,0.27,-,-,-,-
24-Mar-26,SKL,Shri Krishana Overseas Plc,5.8,12,9.5,10.2,10.1,9.72,0.38,3.91%,692,-
24-Mar-26,UNGA,Unga Group Ltd,18.05,34,27,30.5,29.15,27.8,1.35,4.86%,7382,-
24-Mar-26,SCOM,Safaricom Plc,17,34.2,28.75,29.35,28.85,28.9,-0.05,-0.17%,10552122,-
24-Mar-26,ALP,Africa Logistics Properties Industria...,1,1,1,1,1,1,-,-,-,-
24-Mar-26,LAPR,LAPTrust Imara Income-REIT,20,20,20,20,20,20,-,-,-,-
24-Mar-26,GLD,ABSA NewGold ETF,881,9800,5350,6145,5415,5435,-20,-0.37%,1191,-
24-Mar-26,SMWF,Satrix MSCI World Feeder ETF,755,1050,821,877,823,823,-,-,28,-
24-Mar-26,^N10I,NSE 10-Share Index,1250.85,2271.75,2137.61,2137.61,2137.61,2157.78,-20.17,-0.93%,-,-
24-Mar-26,^N20I,NSE 20-Share Index,2092.84,3758.73,3579.51,3579.51,3579.51,3604.9,-25.39,-0.70%,-,-
24-Mar-26,^N25I,NSE 25-Share Index,3314.15,5948.29,5646.15,5646.15,5646.15,5689.25,-43.1,-0.76%,-,-
24-Mar-26,^NASI,NSE All-Share Index,123.6,216.69,202.52,202.52,202.52,203.63,-1.11,-0.55%,-,-
24-Mar-26,^NBSI,NSE Banking Sector Index,149.92,245.9,233.14,233.14,233.14,235.49,-2.35,-1.00%,-,-
24-Mar-26,^NBDI,NSE Bonds Index,1140.96,1210.41,1203.98,1203.98,1203.98,1200.36,3.62,0.30%,-,-
24-Mar-26,^ZKEQTK,Zamara Kenya Equity Index (KES),2424.57,4790.09,4478.03,4478.03,4478.03,4511.17,-33.14,-0.73%,-,-
24-Mar-26,^ZKEQTU,Zamara Kenya Equity Index (USD),1610.77,3197.11,2973.84,2973.84,2973.84,2995.85,-22.01,-0.73%,-,-
25-Mar-26,EGAD,Eaagads Ltd,11,35.25,29,32.3,31.95,30.5,1.45,4.75%,364427,-
25-Mar-26,KUKZ,Kakuzi Plc,365,440,422,430,424.5,424.5,-,-,74,-
25-Mar-26,KAPC,Kapchorua Tea Kenya Plc,198,424.25,245,252,250,250.5,-0.5,-0.20%,1371,-
25-Mar-26,LIMT,Limuru Tea Plc,295,555,540,540,514,514,-,-,53,-
25-Mar-26,SASN,Sasini Plc,13.3,33.9,23.2,25.5,23.55,25.75,-2.2,-8.54%,79932,-
25-Mar-26,WTK,Williamson Tea Kenya Plc,136,350,138.5,140.5,139.5,140,-0.5,-0.36%,29009,-
25-Mar-26,CGEN,Car and General (K) Ltd,19.8,74.25,63,68,67.25,67.25,-,-,1390,-
25-Mar-26,ABSA,ABSA Bank Kenya Plc,15,33,28.9,29.7,29.65,29.75,-0.1,-0.34%,1334698,-
25-Mar-26,BKG,BK Group Plc,28.75,50,42.5,46.75,44.2,46.95,-2.75,-5.86%,1003,-
25-Mar-26,COOP,Co-operative Bank of Kenya Ltd,13.8,31.5,27.05,29.95,28.75,29.45,-0.7,-2.38%,823387,-
25-Mar-26,DTK,Diamond Trust Bank Kenya Ltd,66,170,151.5,154,152.25,153.25,-1,-0.65%,168526,-
25-Mar-26,EQTY,Equity Group Holdings Plc,41.2,80,69.25,72.75,71,72.75,-1.75,-2.41%,1615499,-
25-Mar-26,HFCK,HF Group Ltd,5.3,11.5,10,10.5,10.2,10.35,-0.15,-1.45%,132947,-
25-Mar-26,IMH,I & M Holdings Plc,29.5,52,48,50,49.45,49.9,-0.45,-0.90%,697316,-
25-Mar-26,KCB,KCB Group Plc,35,80.5,69.25,72,70.5,72,-1.5,-2.08%,471435,-
25-Mar-26,NCBA,NCBA Group Plc,48,100,88.5,89.25,89,89.25,-0.25,-0.28%,487805,-
25-Mar-26,SBIC,Stanbic Holdings Plc,147,270,258,262,260,260,-,-,772824,-
25-Mar-26,SCBK,Standard Chartered Bank Kenya Ltd,260,365,320,330,328.75,329,-0.25,-0.08%,90625,-
25-Mar-26,DCON,Deacons (East Africa) Plc,0.45,0.45,0.45,0.45,0.45,0.45,-,-,-,-
25-Mar-26,EVRD,Eveready East Africa Ltd,0.75,1.78,1.1,1.21,1.16,1.21,-0.05,-4.13%,589763,-
25-Mar-26,XPRS,Express Kenya Plc,2.8,10,7.5,7.9,7.74,7.88,-0.14,-1.78%,1136,-
25-Mar-26,HBE,Homeboyz Entertainment Plc,4.66,4.66,4.66,4.66,4.66,4.66,-,-,-,-
25-Mar-26,KQ,Kenya Airways Plc,1.56,6.02,4.6,5,4.89,5.2,-0.31,-5.96%,617197,-
25-Mar-26,LKL,Longhorn Publishers Plc,2.35,3.5,2.95,3.15,3.07,3,0.07,2.33%,7880,-
25-Mar-26,NBV,Nairobi Business Ventures Ltd,1.33,2.16,1.47,1.59,1.52,1.47,0.05,3.40%,31279,-
25-Mar-26,NMG,Nation Media Group Plc,10.05,20,14.5,15.85,15.15,15.75,-0.6,-3.81%,108696,-
25-Mar-26,SMER,Sameer Africa Plc,2.7,21.5,16.65,18.25,16.9,17,-0.1,-0.59%,7533,-
25-Mar-26,SGL,Standard Group Plc,5.2,7.14,5.6,6.58,6.24,6.06,0.18,2.97%,9845,-
25-Mar-26,TPSE,TPS Eastern Africa (Serena) Ltd,13.05,18.2,16,16.5,16.05,16.05,-,-,75626,-
25-Mar-26,UCHM,Uchumi Supermarket Plc,0.23,2.93,2,2.07,2.01,2.06,-0.05,-2.43%,1278451,-
25-Mar-26,SCAN,WPP ScanGroup Plc,2,3.4,2.25,2.39,2.32,2.29,0.03,1.31%,29236,-
25-Mar-26,ARM,ARM Cement Plc,5.55,5.55,5.55,5.55,5.55,5.55,-,-,-,-
25-Mar-26,BAMB,Bamburi Cement Ltd,47.2,56.5,47.2,47.2,47.2,47.2,-,-,-,-
25-Mar-26,CRWN,Crown Paints Kenya Plc,30,70.75,55.5,58.75,58.25,57.25,1,1.75%,7548,-
25-Mar-26,CABL,East African Cables Plc,1,2.44,1,1,1,1,-,-,-,-
25-Mar-26,PORT,East African Portland Cement Ltd,28,101,75.5,83.5,80,83.75,-3.75,-4.48%,9427,-
25-Mar-26,KEGN,Kenya Electricity Generating Company Plc,4.5,10.75,9.22,9.5,9.34,9.34,-,-,809541,-
25-Mar-26,KPC,Kenya Pipeline Company Plc,9,9.5,9,9.08,9.04,9.04,-,-,1930380,-
25-Mar-26,KPLC-P4,KPLC-P4,4,5,5,5,5,5,-,-,-,-
25-Mar-26,KPLC-P7,KPLC-P7,6,6,6,6,6,6,-,-,-,-
25-Mar-26,KPLC,Kenya Power and Lighting Company Plc,5.7,19,16,16.9,16.55,16.85,-0.3,-1.78%,535850,-
25-Mar-26,TOTL,TotalEnergies Marketing Kenya Plc,21,47,42,44,43.55,42.1,1.45,3.44%,14842,-
25-Mar-26,UMME,Umeme Ltd,5.8,24.75,8.4,9,8.52,8.5,0.02,0.24%,182058,-
25-Mar-26,BRIT,Britam Holdings Plc,5.92,13.4,12.2,12.9,12.4,12.4,-,-,448184,-
25-Mar-26,CIC,CIC Insurance Group Ltd,2.55,6.62,4.55,4.9,4.78,4.87,-0.09,-1.85%,154922,-
25-Mar-26,JUB,Jubilee Holdings Ltd,182,437.75,390,400,399,399.5,-0.5,-0.13%,50525,-
25-Mar-26,KNRE,Kenya Re-Insurance Corporation Ltd,1.5,4.02,3.5,3.65,3.61,3.57,0.04,1.12%,1291472,-
25-Mar-26,LBTY,Liberty Kenya Holdings Ltd,9.1,12.2,9.8,10.2,10.05,10.05,-,-,11172,-
25-Mar-26,SLAM,Sanlam Allianz Holdings (Kenya) Plc,5.5,11,9.42,10.3,9.68,10.05,-0.37,-3.68%,7607,-
25-Mar-26,CTUM,Centum Investment Company Plc,10.85,16.75,14.05,14.65,14.1,14.35,-0.25,-1.74%,1149065,-
25-Mar-26,HAFR,Home Afrika Ltd,0.48,1.93,1.46,1.71,1.5,1.61,-0.11,-6.83%,725749,-
25-Mar-26,KURV,Kurwitu Ventures Ltd,1400,1500,1500,1500,1500,1500,-,-,-,-
25-Mar-26,OCH,Olympia Capital Holdings Ltd,3.12,9,7.4,7.98,7.78,7.88,-0.1,-1.27%,1419,-
25-Mar-26,TCL,Trans-Century Plc,0.71,1.42,0.71,0.71,0.71,0.71,-,-,-,-
25-Mar-26,NSE,Nairobi Securities Exchange Plc,6.5,25.9,20.5,21,20.8,20.95,-0.15,-0.72%,130814,-
25-Mar-26,AMAC,Africa Mega Agricorp Plc,51,118.25,102,118,115,112.75,2.25,2.00%,812,-
25-Mar-26,BOC,BOC Kenya Plc,76,150,120,128,126,120.25,5.75,4.78%,563,-
25-Mar-26,BAT,British American Tobacco Kenya Plc,345,629,570,580,575,569,6,1.05%,11078,-
25-Mar-26,CARB,Carbacid Investments Plc,18,33,29,30,29.65,28.8,0.85,2.95%,10281,-
25-Mar-26,EABL,East African Breweries Ltd,167,351,255.25,265,256.5,259.25,-2.75,-1.06%,28426,-
25-Mar-26,FTGH,Flame Tree Group Holdings Ltd,1.05,3.11,2.43,2.6,2.51,2.57,-0.06,-2.33%,38698,-
25-Mar-26,MSC,Mumias Sugar Company Ltd,0.27,0.27,0.27,0.27,0.27,0.27,-,-,-,-
25-Mar-26,SKL,Shri Krishana Overseas Plc,5.8,12,9.5,10.2,10.05,10.1,-0.05,-0.50%,194,-
25-Mar-26,UNGA,Unga Group Ltd,18.05,34,27.5,30.45,30,29.15,0.85,2.92%,2948,-
25-Mar-26,SCOM,Safaricom Plc,17,34.2,28.4,28.95,28.55,28.85,-0.3,-1.04%,3095416,-
25-Mar-26,ALP,Africa Logistics Properties Industria...,1,1,1,1,1,1,-,-,-,-
25-Mar-26,LAPR,LAPTrust Imara Income-REIT,20,20,20,20,20,20,-,-,-,-
25-Mar-26,GLD,ABSA NewGold ETF,881,9800,5500,6045,5695,5415,280,5.17%,200,-
25-Mar-26,SMWF,Satrix MSCI World Feeder ETF,755,1050,825,860,823,823,-,-,24,-
25-Mar-26,^N10I,NSE 10-Share Index,1250.85,2271.75,2105.67,2105.67,2105.67,2137.61,-31.94,-1.49%,-,-
25-Mar-26,^N20I,NSE 20-Share Index,2092.84,3758.73,3540.24,3540.24,3540.24,3579.51,-39.27,-1.10%,-,-
25-Mar-26,^N25I,NSE 25-Share Index,3314.15,5948.29,5575.97,5575.97,5575.97,5646.15,-70.18,-1.24%,-,-
25-Mar-26,^NASI,NSE All-Share Index,123.6,216.69,200.3,200.3,200.3,202.52,-2.22,-1.10%,-,-
25-Mar-26,^NBSI,NSE Banking Sector Index,149.92,245.9,229.96,229.96,229.96,233.14,-3.18,-1.36%,-,-
25-Mar-26,^NBDI,NSE Bonds Index,1140.96,1210.41,1198.17,1198.17,1198.17,1203.98,-5.81,-0.48%,-,-
25-Mar-26,^ZKEQTK,Zamara Kenya Equity Index (KES),2424.57,4790.09,4413.7,4413.7,4413.7,4478.03,-64.33,-1.44%,-,-
25-Mar-26,^ZKEQTU,Zamara Kenya Equity Index (USD),1610.77,3197.11,2931.12,2931.12,2931.12,2973.84,-42.72,-1.44%,-,-
26-Mar-26,EGAD,Eaagads Ltd,11,35.25,28.8,32.95,31.6,31.95,-0.35,-1.10%,47133,-
26-Mar-26,KUKZ,Kakuzi Plc,365,440,423,430,427,424.5,2.5,0.59%,452,-
26-Mar-26,KAPC,Kapchorua Tea Kenya Plc,198,424.25,225,250,234.75,250,-15.25,-6.10%,2451,-
26-Mar-26,LIMT,Limuru Tea Plc,295,555,500,540,514,514,-,-,38,-
26-Mar-26,SASN,Sasini Plc,13.3,33.9,24.7,25.9,24.8,23.55,1.25,5.31%,56521,-
26-Mar-26,WTK,Williamson Tea Kenya Plc,136,350,136,139.75,138,139.5,-1.5,-1.08%,3951,-
26-Mar-26,CGEN,Car and General (K) Ltd,19.8,74.25,61,64.5,62.25,67.25,-5,-7.43%,6500,-
26-Mar-26,ABSA,ABSA Bank Kenya Plc,15,33,27.4,29.4,27.85,29.65,-1.8,-6.07%,1276826,-
26-Mar-26,BKG,BK Group Plc,28.75,50,43.05,48.6,44.3,44.2,0.1,0.23%,1986,-
26-Mar-26,COOP,Co-operative Bank of Kenya Ltd,13.8,31.5,25.9,28.85,27.15,28.75,-1.6,-5.57%,1173432,-
26-Mar-26,DTK,Diamond Trust Bank Kenya Ltd,66,170,145,154,150,152.25,-2.25,-1.48%,260297,-
26-Mar-26,EQTY,Equity Group Holdings Plc,41.2,80,66.5,70.25,67.25,71,-3.75,-5.28%,4301580,-
26-Mar-26,HFCK,HF Group Ltd,5.3,11.5,9.32,10,9.72,10.2,-0.48,-4.71%,204832,-
26-Mar-26,IMH,I & M Holdings Plc,29.5,52,45.4,49,46.95,49.45,-2.5,-5.06%,162775,-
26-Mar-26,KCB,KCB Group Plc,35,80.5,65.5,69.75,66.5,70.5,-4,-5.67%,8948389,-
26-Mar-26,NCBA,NCBA Group Plc,48,100,87,91,88.25,89,-0.75,-0.84%,86315,-
26-Mar-26,SBIC,Stanbic Holdings Plc,147,270,257,270,261,260,1,0.38%,11236,-
26-Mar-26,SCBK,Standard Chartered Bank Kenya Ltd,260,365,328.5,330,329,328.75,0.25,0.08%,17015,-
26-Mar-26,DCON,Deacons (East Africa) Plc,0.45,0.45,0.45,0.45,0.45,0.45,-,-,-,-
26-Mar-26,EVRD,Eveready East Africa Ltd,0.75,1.78,1.08,1.16,1.1,1.16,-0.06,-5.17%,1283759,-
26-Mar-26,XPRS,Express Kenya Plc,2.8,10,7.12,7.86,7.34,7.74,-0.4,-5.17%,6549,-
26-Mar-26,HBE,Homeboyz Entertainment Plc,4.66,4.66,4.66,4.66,4.66,4.66,-,-,-,-
26-Mar-26,KQ,Kenya Airways Plc,1.56,6.02,4.89,4.98,4.93,4.89,0.04,0.82%,288521,-
26-Mar-26,LKL,Longhorn Publishers Plc,2.35,3.5,2.88,3,2.94,3.07,-0.13,-4.23%,17916,-
26-Mar-26,NBV,Nairobi Business Ventures Ltd,1.33,2.16,1.41,1.52,1.47,1.52,-0.05,-3.29%,26047,-
26-Mar-26,NMG,Nation Media Group Plc,10.05,20,14.55,15,14.65,15.15,-0.5,-3.30%,11880,-
26-Mar-26,SMER,Sameer Africa Plc,2.7,21.5,16,16.7,16.45,16.9,-0.45,-2.66%,236225,-
26-Mar-26,SGL,Standard Group Plc,5.2,7.14,6.06,6.56,6.46,6.24,0.22,3.53%,4913,-
26-Mar-26,TPSE,TPS Eastern Africa (Serena) Ltd,13.05,18.2,16.05,16.5,16.1,16.05,0.05,0.31%,1603,-
26-Mar-26,UCHM,Uchumi Supermarket Plc,0.23,2.93,1.81,2.02,1.93,2.01,-0.08,-3.98%,616552,-
26-Mar-26,SCAN,WPP ScanGroup Plc,2,3.4,2.27,2.4,2.38,2.32,0.06,2.59%,17548,-
26-Mar-26,ARM,ARM Cement Plc,5.55,5.55,5.55,5.55,5.55,5.55,-,-,-,-
26-Mar-26,BAMB,Bamburi Cement Ltd,47.2,56.5,47.2,47.2,47.2,47.2,-,-,-,-
26-Mar-26,CRWN,Crown Paints Kenya Plc,30,70.75,54,57.75,54.5,58.25,-3.75,-6.44%,4978,-
26-Mar-26,CABL,East African Cables Plc,1,2.44,1,1,1,1,-,-,-,-
26-Mar-26,PORT,East African Portland Cement Ltd,28,101,72.25,82.75,76.25,80,-3.75,-4.69%,1611,-
26-Mar-26,KEGN,Kenya Electricity Generating Company Plc,4.5,10.75,8.8,9.3,9.02,9.34,-0.32,-3.43%,1692552,-
26-Mar-26,KPC,Kenya Pipeline Company Plc,9,9.5,9,9.1,9.02,9.04,-0.02,-0.22%,2739446,-
26-Mar-26,KPLC-P4,KPLC-P4,4,5,5,5,5,5,-,-,-,-
26-Mar-26,KPLC-P7,KPLC-P7,6,6,6,6,6,6,-,-,-,-
26-Mar-26,KPLC,Kenya Power and Lighting Company Plc,5.7,19,15.7,17,16,16.55,-0.55,-3.32%,1474306,-
26-Mar-26,TOTL,TotalEnergies Marketing Kenya Plc,21,47,41,44,41.3,43.55,-2.25,-5.17%,31970,-
26-Mar-26,UMME,Umeme Ltd,5.8,24.75,8.5,8.64,8.52,8.52,-,-,81905,-
26-Mar-26,BRIT,Britam Holdings Plc,5.92,13.4,12.1,12.8,12.25,12.4,-0.15,-1.21%,338244,-
26-Mar-26,CIC,CIC Insurance Group Ltd,2.55,6.62,4.39,4.87,4.63,4.78,-0.15,-3.14%,338783,-
26-Mar-26,JUB,Jubilee Holdings Ltd,182,437.75,360.25,400,398.5,399,-0.5,-0.13%,3321,-
26-Mar-26,KNRE,Kenya Re-Insurance Corporation Ltd,1.5,4.02,3.48,3.65,3.56,3.61,-0.05,-1.39%,1049742,-
26-Mar-26,LBTY,Liberty Kenya Holdings Ltd,9.1,12.2,9.82,10.15,9.98,10.05,-0.07,-0.70%,10241,-
26-Mar-26,SLAM,Sanlam Allianz Holdings (Kenya) Plc,5.5,11,9.18,10.3,9.62,9.68,-0.06,-0.62%,5360,-
26-Mar-26,CTUM,Centum Investment Company Plc,10.85,16.75,13.7,14.45,14,14.1,-0.1,-0.71%,70806,-
26-Mar-26,HAFR,Home Afrika Ltd,0.48,1.93,1.46,1.57,1.51,1.5,0.01,0.67%,275524,-
26-Mar-26,KURV,Kurwitu Ventures Ltd,1400,1500,1500,1500,1500,1500,-,-,-,-
26-Mar-26,OCH,Olympia Capital Holdings Ltd,3.12,9,7.1,7.98,7.18,7.78,-0.6,-7.71%,24173,-
26-Mar-26,TCL,Trans-Century Plc,0.71,1.42,0.71,0.71,0.71,0.71,-,-,-,-
26-Mar-26,NSE,Nairobi Securities Exchange Plc,6.5,25.9,20.4,22.5,20.9,20.8,0.1,0.48%,150941,-
26-Mar-26,AMAC,Africa Mega Agricorp Plc,51,118.25,110,116,114,115,-1,-0.87%,237,-
26-Mar-26,BOC,BOC Kenya Plc,76,150,120,130,124,126,-2,-1.59%,1208,-
26-Mar-26,BAT,British American Tobacco Kenya Plc,345,629,562,580,570,575,-5,-0.87%,8524,-
26-Mar-26,CARB,Carbacid Investments Plc,18,33,28.55,29.95,29.2,29.65,-0.45,-1.52%,11556,-
26-Mar-26,EABL,East African Breweries Ltd,167,351,250,260,250.75,256.5,-5.75,-2.24%,62387,-
26-Mar-26,FTGH,Flame Tree Group Holdings Ltd,1.05,3.11,2.26,2.5,2.28,2.51,-0.23,-9.16%,177563,-
26-Mar-26,MSC,Mumias Sugar Company Ltd,0.27,0.27,0.27,0.27,0.27,0.27,-,-,-,-
26-Mar-26,SKL,Shri Krishana Overseas Plc,5.8,12,9.5,10.15,10.05,10.05,-,-,4353,-
26-Mar-26,UNGA,Unga Group Ltd,18.05,34,28,30,29.35,30,-0.65,-2.17%,248,-
26-Mar-26,SCOM,Safaricom Plc,17,34.2,27.65,28.95,27.95,28.55,-0.6,-2.10%,13761303,-
26-Mar-26,ALP,Africa Logistics Properties Industria...,1,1,1,1,1,1,-,-,-,-
26-Mar-26,LAPR,LAPTrust Imara Income-REIT,20,20,20,20,20,20,-,-,-,-
26-Mar-26,GLD,ABSA NewGold ETF,881,9800,5540,5950,5695,5695,-,-,62,-
26-Mar-26,SMWF,Satrix MSCI World Feeder ETF,755,1050,823,865,823,823,-,-,55,-
26-Mar-26,^N10I,NSE 10-Share Index,1250.85,2271.75,2015.71,2015.71,2015.71,2105.67,-89.96,-4.27%,-,-
26-Mar-26,^N20I,NSE 20-Share Index,2092.84,3758.73,3446.7,3446.7,3446.7,3540.24,-93.54,-2.64%,-,-
26-Mar-26,^N25I,NSE 25-Share Index,3314.15,5948.29,5389.07,5389.07,5389.07,5575.97,-186.9,-3.35%,-,-
26-Mar-26,^NASI,NSE All-Share Index,123.6,216.69,196.42,196.42,196.42,200.3,-3.88,-1.94%,-,-
26-Mar-26,^NBSI,NSE Banking Sector Index,149.92,245.9,220.96,220.96,220.96,229.96,-9,-3.91%,-,-
26-Mar-26,^NBDI,NSE Bonds Index,1140.96,1210.41,1194.55,1194.55,1194.55,1198.17,-3.62,-0.30%,-,-
26-Mar-26,^ZKEQTK,Zamara Kenya Equity Index (KES),2424.57,4790.09,4241.8,4241.8,4241.8,4413.7,-171.9,-3.89%,-,-
26-Mar-26,^ZKEQTU,Zamara Kenya Equity Index (USD),1610.77,3197.11,2811.54,2811.54,2811.54,2931.12,-119.58,-4.08%,-,-
27-Mar-26,EGAD,Eaagads Ltd,11,35.25,29,32,30.7,31.6,-0.9,-2.85%,635,-
27-Mar-26,KUKZ,Kakuzi Plc,365,440,422,430,427,427,-,-,41,-
27-Mar-26,KAPC,Kapchorua Tea Kenya Plc,198,424.25,234.75,239,237.75,234.75,3,1.28%,817,-
27-Mar-26,LIMT,Limuru Tea Plc,295,555,500,500,514,514,-,-,21,-
27-Mar-26,SASN,Sasini Plc,13.3,33.9,23.5,25.8,24.15,24.8,-0.65,-2.62%,21027,-
27-Mar-26,WTK,Williamson Tea Kenya Plc,136,350,136.25,138,138,138,-,-,4161,-
27-Mar-26,CGEN,Car and General (K) Ltd,19.8,74.25,63,68,66,62.25,3.75,6.02%,2960,-
27-Mar-26,ABSA,ABSA Bank Kenya Plc,15,33,26.9,27.85,27.2,27.85,-0.65,-2.33%,578664,-
27-Mar-26,BKG,BK Group Plc,28.75,50,45,46.5,46.25,44.3,1.95,4.40%,468,-
27-Mar-26,COOP,Co-operative Bank of Kenya Ltd,13.8,31.5,26.5,28.55,27,27.15,-0.15,-0.55%,1443104,-
27-Mar-26,DTK,Diamond Trust Bank Kenya Ltd,66,170,145.25,149,146.25,150,-3.75,-2.50%,97056,-
27-Mar-26,EQTY,Equity Group Holdings Plc,41.2,80,67.75,72,69,67.25,1.75,2.60%,3456708,-
27-Mar-26,HFCK,HF Group Ltd,5.3,11.5,9,10,9.2,9.72,-0.52,-5.35%,182575,-
27-Mar-26,IMH,I & M Holdings Plc,29.5,52,46.5,47.95,47.2,46.95,0.25,0.53%,48319,-
27-Mar-26,KCB,KCB Group Plc,35,80.5,66.25,70,68,66.5,1.5,2.26%,1033267,-
27-Mar-26,NCBA,NCBA Group Plc,48,100,87.25,89,88.75,88.25,0.5,0.57%,251934,-
27-Mar-26,SBIC,Stanbic Holdings Plc,147,270,257.25,260,258.75,261,-2.25,-0.86%,14677,-
27-Mar-26,SCBK,Standard Chartered Bank Kenya Ltd,260,365,328,329.75,328.5,329,-0.5,-0.15%,29416,-
27-Mar-26,DCON,Deacons (East Africa) Plc,0.45,0.45,0.45,0.45,0.45,0.45,-,-,-,-
27-Mar-26,EVRD,Eveready East Africa Ltd,0.75,1.78,1.01,1.2,1.09,1.1,-0.01,-0.91%,1402410,-
27-Mar-26,XPRS,Express Kenya Plc,2.8,10,7.04,7.86,7.46,7.34,0.12,1.63%,1635,-
27-Mar-26,HBE,Homeboyz Entertainment Plc,4.66,4.66,4.66,4.66,4.66,4.66,-,-,-,-
27-Mar-26,KQ,Kenya Airways Plc,1.56,6.02,4.7,4.92,4.79,4.93,-0.14,-2.84%,279732,-
27-Mar-26,LKL,Longhorn Publishers Plc,2.35,3.5,2.88,2.94,2.91,2.94,-0.03,-1.02%,4203,-
27-Mar-26,NBV,Nairobi Business Ventures Ltd,1.33,2.16,1.4,1.55,1.49,1.47,0.02,1.36%,27531,-
27-Mar-26,NMG,Nation Media Group Plc,10.05,20,14.5,15,14.65,14.65,-,-,8715,-
27-Mar-26,SMER,Sameer Africa Plc,2.7,21.5,16.1,16.85,16.45,16.45,-,-,95746,-
27-Mar-26,SGL,Standard Group Plc,5.2,7.14,6.06,6.48,6.38,6.46,-0.08,-1.24%,341,-
27-Mar-26,TPSE,TPS Eastern Africa (Serena) Ltd,13.05,18.2,16.05,17,16.05,16.1,-0.05,-0.31%,1600,-
27-Mar-26,UCHM,Uchumi Supermarket Plc,0.23,2.93,1.74,1.94,1.84,1.93,-0.09,-4.66%,428645,-
27-Mar-26,SCAN,WPP ScanGroup Plc,2,3.33,2.16,2.37,2.28,2.38,-0.1,-4.20%,25688,-
27-Mar-26,ARM,ARM Cement Plc,5.55,5.55,5.55,5.55,5.55,5.55,-,-,-,-
27-Mar-26,BAMB,Bamburi Cement Ltd,47.2,56.5,47.2,47.2,47.2,47.2,-,-,-,-
27-Mar-26,CRWN,Crown Paints Kenya Plc,30,70.75,53,58,54.75,54.5,0.25,0.46%,1261,-
27-Mar-26,CABL,East African Cables Plc,1,2.44,1,1,1,1,-,-,-,-
27-Mar-26,PORT,East African Portland Cement Ltd,28,101,80,82,80.75,76.25,4.5,5.90%,881,-
27-Mar-26,KEGN,Kenya Electricity Generating Company Plc,4.5,10.75,8.8,9.2,8.88,9.02,-0.14,-1.55%,1402561,-
27-Mar-26,KPC,Kenya Pipeline Company Plc,9,9.5,9,9.1,9.06,9.02,0.04,0.44%,2214554,-
27-Mar-26,KPLC-P4,KPLC-P4,4,5,5,5,5,5,-,-,-,-
27-Mar-26,KPLC-P7,KPLC-P7,6,6,6,6,6,6,-,-,-,-
27-Mar-26,KPLC,Kenya Power and Lighting Company Plc,5.7,19,15.5,16.5,15.95,16,-0.05,-0.31%,2351861,-
27-Mar-26,TOTL,TotalEnergies Marketing Kenya Plc,21,47,40,42,41.85,41.3,0.55,1.33%,100308,-
27-Mar-26,UMME,Umeme Ltd,5.8,24.75,8.5,8.64,8.5,8.52,-0.02,-0.23%,119289,-
27-Mar-26,BRIT,Britam Holdings Plc,5.92,13.4,12.3,12.6,12.5,12.25,0.25,2.04%,4541665,-
27-Mar-26,CIC,CIC Insurance Group Ltd,2.55,6.62,4.39,4.7,4.46,4.63,-0.17,-3.67%,252991,-
27-Mar-26,JUB,Jubilee Holdings Ltd,182,437.75,360.25,399,393.75,398.5,-4.75,-1.19%,140,-
27-Mar-26,KNRE,Kenya Re-Insurance Corporation Ltd,1.5,4.02,3,3.49,3.27,3.56,-0.29,-8.15%,2612735,-
27-Mar-26,LBTY,Liberty Kenya Holdings Ltd,9.1,12.2,9.3,10.15,10.05,9.98,0.07,0.70%,7514,-
27-Mar-26,SLAM,Sanlam Allianz Holdings (Kenya) Plc,5.5,11,8.72,10,9,9.62,-0.62,-6.44%,7986,-
27-Mar-26,CTUM,Centum Investment Company Plc,10.85,16.75,13.5,13.9,13.6,14,-0.4,-2.86%,30162,-
27-Mar-26,HAFR,Home Afrika Ltd,0.48,1.93,1.45,1.51,1.47,1.51,-0.04,-2.65%,375902,-
27-Mar-26,KURV,Kurwitu Ventures Ltd,1400,1500,1500,1500,1500,1500,-,-,-,-
27-Mar-26,OCH,Olympia Capital Holdings Ltd,3.12,9,7.18,7.78,7.3,7.18,0.12,1.67%,1083,-
27-Mar-26,TCL,Trans-Century Plc,0.71,1.42,0.71,0.71,0.71,0.71,-,-,-,-
27-Mar-26,NSE,Nairobi Securities Exchange Plc,6.5,25.9,19.1,20.5,20,20.9,-0.9,-4.31%,772343,-
27-Mar-26,AMAC,Africa Mega Agricorp Plc,51,118.25,102.75,118,108,114,-6,-5.26%,159,-
27-Mar-26,BOC,BOC Kenya Plc,76,150,120,128.75,122,124,-2,-1.61%,586,-
27-Mar-26,BAT,British American Tobacco Kenya Plc,345,629,560,574,565,570,-5,-0.88%,29265,-
27-Mar-26,CARB,Carbacid Investments Plc,18,33,28.3,29.5,28.75,29.2,-0.45,-1.54%,6643,-
27-Mar-26,EABL,East African Breweries Ltd,167,351,250,255,253,250.75,2.25,0.90%,5751,-
27-Mar-26,FTGH,Flame Tree Group Holdings Ltd,1.05,3.11,2.06,2.32,2.26,2.28,-0.02,-0.88%,45546,-
27-Mar-26,MSC,Mumias Sugar Company Ltd,0.27,0.27,0.27,0.27,0.27,0.27,-,-,-,-
27-Mar-26,SKL,Shri Krishana Overseas Plc,5.8,12,9.7,10,9.94,10.05,-0.11,-1.09%,1105,-
27-Mar-26,UNGA,Unga Group Ltd,18.05,34,27.5,29.1,28.7,29.35,-0.65,-2.21%,760,-
27-Mar-26,SCOM,Safaricom Plc,17,34.2,27.9,29,28.05,27.95,0.1,0.36%,3502369,-
27-Mar-26,ALP,Africa Logistics Properties Industria...,1,1,1,1,1,1,-,-,-,-
27-Mar-26,LAPR,LAPTrust Imara Income-REIT,20,20,20,20,20,20,-,-,-,-
27-Mar-26,GLD,ABSA NewGold ETF,881,9800,5380,5760,5485,5695,-210,-3.69%,618,-
27-Mar-26,SMWF,Satrix MSCI World Feeder ETF,755,1050,834,840,835,823,12,1.46%,114,-
27-Mar-26,^N10I,NSE 10-Share Index,1250.85,2271.75,2027.07,2027.07,2027.07,2015.71,11.36,0.56%,-,-
27-Mar-26,^N20I,NSE 20-Share Index,2092.84,3758.73,3418.58,3418.58,3418.58,3446.7,-28.12,-0.82%,-,-
27-Mar-26,^N25I,NSE 25-Share Index,3314.15,5948.29,5408.24,5408.24,5408.24,5389.07,19.17,0.36%,-,-
27-Mar-26,^NASI,NSE All-Share Index,123.6,216.69,195.48,195.48,195.48,196.42,-0.94,-0.48%,-,-
27-Mar-26,^NBSI,NSE Banking Sector Index,149.92,245.9,221.93,221.93,221.93,220.96,0.97,0.44%,-,-
27-Mar-26,^NBDI,NSE Bonds Index,1140.96,1210.41,1192.33,1192.33,1192.33,1194.55,-2.22,-0.19%,-,-
27-Mar-26,^ZKEQTK,Zamara Kenya Equity Index (KES),2424.57,4790.09,4278.29,4278.29,4278.29,4241.8,36.49,0.86%,-,-
27-Mar-26,^ZKEQTU,Zamara Kenya Equity Index (USD),1610.77,3197.11,2833.55,2833.55,2833.55,2811.54,22.01,0.78%,-,-
30-Mar-26,EGAD,Eaagads Ltd,11,35.25,29.4,31.95,29.65,30.7,-1.05,-3.42%,947,-
30-Mar-26,KUKZ,Kakuzi Plc,365,440,421.75,430,429,427,2,0.47%,438,-
30-Mar-26,KAPC,Kapchorua Tea Kenya Plc,198,424.25,235,239,238.25,237.75,0.5,0.21%,282,-
30-Mar-26,LIMT,Limuru Tea Plc,295,555,500,540,514,514,-,-,17,-
30-Mar-26,SASN,Sasini Plc,13.3,33.9,23.5,25.7,25.15,24.15,1,4.14%,11105,-
30-Mar-26,WTK,Williamson Tea Kenya Plc,136,350,137,138.25,137.75,138,-0.25,-0.18%,1169,-
30-Mar-26,CGEN,Car and General (K) Ltd,19.8,74.25,63,67.75,65.5,66,-0.5,-0.76%,1145,-
30-Mar-26,ABSA,ABSA Bank Kenya Plc,15,33,26.9,28,27.25,27.2,0.05,0.18%,864740,-
30-Mar-26,BKG,BK Group Plc,28.75,50,45,48,46.85,46.25,0.6,1.30%,15397,-
30-Mar-26,COOP,Co-operative Bank of Kenya Ltd,13.8,31.5,26.55,29,27.15,27,0.15,0.56%,909906,-
30-Mar-26,DTK,Diamond Trust Bank Kenya Ltd,66,170,145.25,146.5,146,146.25,-0.25,-0.17%,37210,-
30-Mar-26,EQTY,Equity Group Holdings Plc,41.2,80,69.5,70,69.75,69,0.75,1.09%,1162294,-
30-Mar-26,HFCK,HF Group Ltd,5.3,11.5,9,9.5,9.26,9.2,0.06,0.65%,70882,-
30-Mar-26,IMH,I & M Holdings Plc,29.5,52,47.85,48.9,48.05,47.2,0.85,1.80%,135453,-
30-Mar-26,KCB,KCB Group Plc,35,80.5,67.75,69.5,68.5,68,0.5,0.74%,511564,-
30-Mar-26,NCBA,NCBA Group Plc,48,100,89,90,89.25,88.75,0.5,0.56%,81739,-
30-Mar-26,SBIC,Stanbic Holdings Plc,147,270,256.5,259,257.75,258.75,-1,-0.39%,16438,-
30-Mar-26,SCBK,Standard Chartered Bank Kenya Ltd,260,365,328,329.75,329.25,328.5,0.75,0.23%,8650,-
30-Mar-26,DCON,Deacons (East Africa) Plc,0.45,0.45,0.45,0.45,0.45,0.45,-,-,-,-
30-Mar-26,EVRD,Eveready East Africa Ltd,0.75,1.78,1.15,1.19,1.19,1.09,0.1,9.17%,895048,-
30-Mar-26,XPRS,Express Kenya Plc,2.8,10,6.72,7.8,7.18,7.46,-0.28,-3.75%,21630,-
30-Mar-26,HBE,Homeboyz Entertainment Plc,4.66,4.66,4.66,4.66,4.66,4.66,-,-,-,-
30-Mar-26,KQ,Kenya Airways Plc,1.56,6.02,4.71,4.85,4.74,4.79,-0.05,-1.04%,119142,-
30-Mar-26,LKL,Longhorn Publishers Plc,2.35,3.5,2.88,2.92,2.89,2.91,-0.02,-0.69%,10801,-
30-Mar-26,NBV,Nairobi Business Ventures Ltd,1.33,2.16,1.4,1.5,1.47,1.49,-0.02,-1.34%,25202,-
30-Mar-26,NMG,Nation Media Group Plc,10.05,20,14.25,15,14.45,14.65,-0.2,-1.37%,23783,-
30-Mar-26,SMER,Sameer Africa Plc,2.7,21.5,16,16.45,16.05,16.45,-0.4,-2.43%,18520,-
30-Mar-26,SGL,Standard Group Plc,5.2,7.14,6.06,6.62,6.24,6.38,-0.14,-2.19%,1578,-
30-Mar-26,TPSE,TPS Eastern Africa (Serena) Ltd,13.05,18.2,16,16.3,16.05,16.05,-,-,1729228,-
30-Mar-26,UCHM,Uchumi Supermarket Plc,0.23,2.93,1.82,2.02,1.99,1.84,0.15,8.15%,730445,-
30-Mar-26,SCAN,WPP ScanGroup Plc,2,3.33,2.1,2.38,2.17,2.28,-0.11,-4.82%,75993,-
30-Mar-26,ARM,ARM Cement Plc,5.55,5.55,5.55,5.55,5.55,5.55,-,-,-,-
30-Mar-26,BAMB,Bamburi Cement Ltd,47.2,56.5,47.2,47.2,47.2,47.2,-,-,-,-
30-Mar-26,CRWN,Crown Paints Kenya Plc,30,70.75,54,55.5,55.25,54.75,0.5,0.91%,1221,-
30-Mar-26,CABL,East African Cables Plc,1,2.44,1,1,1,1,-,-,-,-
30-Mar-26,PORT,East African Portland Cement Ltd,28,101,74,82,76,80.75,-4.75,-5.88%,847,-
30-Mar-26,KEGN,Kenya Electricity Generating Company Plc,4.5,10.75,8.9,9.2,9.02,8.88,0.14,1.58%,1990565,-
30-Mar-26,KPC,Kenya Pipeline Company Plc,9,9.5,9,9.2,9.08,9.06,0.02,0.22%,1476988,-
30-Mar-26,KPLC-P4,KPLC-P4,4,5,5,5,5,5,-,-,-,-
30-Mar-26,KPLC-P7,KPLC-P7,6,6,6,6,6,6,-,-,-,-
30-Mar-26,KPLC,Kenya Power and Lighting Company Plc,5.7,19,15.7,17.05,15.8,15.95,-0.15,-0.94%,651655,-
30-Mar-26,TOTL,TotalEnergies Marketing Kenya Plc,21,47,39.5,42.85,40.1,41.85,-1.75,-4.18%,6332,-
30-Mar-26,UMME,Umeme Ltd,5.8,24.75,8.1,8.7,8.66,8.5,0.16,1.88%,75112,-
30-Mar-26,BRIT,Britam Holdings Plc,5.92,13.4,12.3,12.6,12.35,12.5,-0.15,-1.20%,364523,-
30-Mar-26,CIC,CIC Insurance Group Ltd,2.55,6.62,4.46,4.8,4.62,4.46,0.16,3.59%,309376,-
30-Mar-26,JUB,Jubilee Holdings Ltd,182,437.75,365,398,368,393.75,-25.75,-6.54%,24190,-
30-Mar-26,KNRE,Kenya Re-Insurance Corporation Ltd,1.5,4.02,3.1,3.3,3.21,3.27,-0.06,-1.83%,2409511,-
30-Mar-26,LBTY,Liberty Kenya Holdings Ltd,9.1,12.2,9.4,10.2,9.8,10.05,-0.25,-2.49%,25099,-
30-Mar-26,SLAM,Sanlam Allianz Holdings (Kenya) Plc,5.5,11,9,9.9,9.76,9,0.76,8.44%,39073,-
30-Mar-26,CTUM,Centum Investment Company Plc,10.85,16.75,13.5,13.9,13.65,13.6,0.05,0.37%,11351,-
30-Mar-26,HAFR,Home Afrika Ltd,0.48,1.93,1.45,1.55,1.5,1.47,0.03,2.04%,148710,-
30-Mar-26,KURV,Kurwitu Ventures Ltd,1400,1500,1500,1500,1500,1500,-,-,-,-
30-Mar-26,OCH,Olympia Capital Holdings Ltd,3.12,9,7,7.7,7.14,7.3,-0.16,-2.19%,3201,-
30-Mar-26,TCL,Trans-Century Plc,0.71,1.42,0.71,0.71,0.71,0.71,-,-,-,-
30-Mar-26,NSE,Nairobi Securities Exchange Plc,6.5,25.9,19.5,21.95,19.8,20,-0.2,-1.00%,149954,-
30-Mar-26,AMAC,Africa Mega Agricorp Plc,51,118.25,110,118,117.75,108,9.75,9.03%,2729,-
30-Mar-26,BOC,BOC Kenya Plc,76,150,120,127.5,125,122,3,2.46%,1392,-
30-Mar-26,BAT,British American Tobacco Kenya Plc,345,629,564,574,566,565,1,0.18%,64987,-
30-Mar-26,CARB,Carbacid Investments Plc,18,33,27.6,29.95,28.45,28.75,-0.3,-1.04%,27017,-
30-Mar-26,EABL,East African Breweries Ltd,167,351,227.75,256,249.75,253,-3.25,-1.28%,22656,-
30-Mar-26,FTGH,Flame Tree Group Holdings Ltd,1.05,3.11,2.2,2.48,2.41,2.26,0.15,6.64%,71066,-
30-Mar-26,MSC,Mumias Sugar Company Ltd,0.27,0.27,0.27,0.27,0.27,0.27,-,-,-,-
30-Mar-26,SKL,Shri Krishana Overseas Plc,5.8,12,9,10,9.4,9.94,-0.54,-5.43%,1465,-
30-Mar-26,UNGA,Unga Group Ltd,18.05,34,26,30,26.95,28.7,-1.75,-6.10%,1638,-
30-Mar-26,SCOM,Safaricom Plc,17,34.2,27.5,28,27.9,28.05,-0.15,-0.53%,1889386,-
30-Mar-26,ALP,Africa Logistics Properties Industria...,1,1,1,1,1,1,-,-,-,-
30-Mar-26,LAPR,LAPTrust Imara Income-REIT,20,20,20,20,20,20,-,-,-,-
30-Mar-26,GLD,ABSA NewGold ETF,881,9800,5450,5895,5485,5485,-,-,80,-
30-Mar-26,SMWF,Satrix MSCI World Feeder ETF,755,1050,776,822,801,835,-34,-4.07%,495,-
30-Mar-26,^N10I,NSE 10-Share Index,1250.85,2271.75,2031.49,2031.49,2031.49,2027.07,4.42,0.22%,-,-
30-Mar-26,^N20I,NSE 20-Share Index,2092.84,3758.73,3429.37,3429.37,3429.37,3418.58,10.79,0.32%,-,-
30-Mar-26,^N25I,NSE 25-Share Index,3314.15,5948.29,5412.34,5412.34,5412.34,5408.24,4.1,0.08%,-,-
30-Mar-26,^NASI,NSE All-Share Index,123.6,216.69,195.38,195.38,195.38,195.48,-0.1,-0.05%,-,-
30-Mar-26,^NBSI,NSE Banking Sector Index,149.92,245.9,223.3,223.3,223.3,221.93,1.37,0.62%,-,-
30-Mar-26,^NBDI,NSE Bonds Index,1140.96,1210.41,1197.56,1197.56,1197.56,1192.33,5.23,0.44%,-,-
30-Mar-26,^ZKEQTK,Zamara Kenya Equity Index (KES),2424.57,4790.09,4288.52,4288.52,4288.52,4278.29,10.23,0.24%,-,-
30-Mar-26,^ZKEQTU,Zamara Kenya Equity Index (USD),1610.77,3197.11,2842.51,2842.51,2842.51,2833.55,8.96,0.32%,-,-
31-Mar-26,EGAD,Eaagads Ltd,11,35.25,29,31.95,30.3,29.65,0.65,2.19%,865,-
31-Mar-26,KUKZ,Kakuzi Plc,365,440,428,429,429,429,-,-,35,-
31-Mar-26,KAPC,Kapchorua Tea Kenya Plc,198,424.25,235,242,239.25,238.25,1,0.42%,613,-
31-Mar-26,LIMT,Limuru Tea Plc,295,555,500,502,514,514,-,-,21,-
31-Mar-26,SASN,Sasini Plc,13.3,33.9,25.2,25.7,25.6,25.15,0.45,1.79%,12767,-
31-Mar-26,WTK,Williamson Tea Kenya Plc,136,350,137.25,138.25,138.25,137.75,0.5,0.36%,2549,-
31-Mar-26,CGEN,Car and General (K) Ltd,19.8,74.25,63.5,66,64.25,65.5,-1.25,-1.91%,830,-
31-Mar-26,ABSA,ABSA Bank Kenya Plc,15,33,28,29,28.55,27.25,1.3,4.77%,385792,-
31-Mar-26,BKG,BK Group Plc,28.75,50,45.6,47,46.95,46.85,0.1,0.21%,10930,-
31-Mar-26,COOP,Co-operative Bank of Kenya Ltd,13.8,31.5,26.7,28,27,27.15,-0.15,-0.55%,875384,-
31-Mar-26,DTK,Diamond Trust Bank Kenya Ltd,66,170,144.5,148,146,146,-,-,128940,-
31-Mar-26,EQTY,Equity Group Holdings Plc,41.2,80,68,70,69,69.75,-0.75,-1.08%,3220807,-
31-Mar-26,HFCK,HF Group Ltd,5.3,11.5,9.16,9.5,9.38,9.26,0.12,1.30%,117013,-
31-Mar-26,IMH,I & M Holdings Plc,29.5,52,48,48.85,48.6,48.05,0.55,1.14%,110131,-
31-Mar-26,KCB,KCB Group Plc,35,80.5,67,68.75,67.75,68.5,-0.75,-1.09%,869697,-
31-Mar-26,NCBA,NCBA Group Plc,48,100,89.5,92,90.75,89.25,1.5,1.68%,24277,-
31-Mar-26,SBIC,Stanbic Holdings Plc,147,270,256,257,257,257.75,-0.75,-0.29%,10752,-
31-Mar-26,SCBK,Standard Chartered Bank Kenya Ltd,260,365,329.25,333,330.25,329.25,1,0.30%,4684,-
31-Mar-26,DCON,Deacons (East Africa) Plc,0.45,0.45,0.45,0.45,0.45,0.45,-,-,-,-
31-Mar-26,EVRD,Eveready East Africa Ltd,0.75,1.78,1.16,1.23,1.21,1.19,0.02,1.68%,380586,-
31-Mar-26,XPRS,Express Kenya Plc,2.8,10,6.72,7.56,7.52,7.18,0.34,4.74%,1824,-
31-Mar-26,HBE,Homeboyz Entertainment Plc,4.66,4.66,4.66,4.66,4.66,4.66,-,-,-,-
31-Mar-26,KQ,Kenya Airways Plc,1.56,6.02,4.71,5.2,4.91,4.74,0.17,3.59%,182533,-
31-Mar-26,LKL,Longhorn Publishers Plc,2.35,3.5,2.61,3.14,2.91,2.89,0.02,0.69%,14162,-
31-Mar-26,NBV,Nairobi Business Ventures Ltd,1.33,2.16,1.4,1.5,1.48,1.47,0.01,0.68%,23129,-
31-Mar-26,NMG,Nation Media Group Plc,10.05,20,14.45,15.25,14.5,14.45,0.05,0.35%,136975,-
31-Mar-26,SMER,Sameer Africa Plc,2.7,21.5,15.5,16.85,15.95,16.05,-0.1,-0.62%,61060,-
31-Mar-26,SGL,Standard Group Plc,5.2,7.14,5.76,6.6,6,6.24,-0.24,-3.85%,21252,-
31-Mar-26,TPSE,TPS Eastern Africa (Serena) Ltd,13.05,18.2,16,16.5,16,16.05,-0.05,-0.31%,5011,-
31-Mar-26,UCHM,Uchumi Supermarket Plc,0.23,2.93,1.95,2.18,2.04,1.99,0.05,2.51%,850171,-
31-Mar-26,SCAN,WPP ScanGroup Plc,2,3.33,2.15,2.38,2.29,2.17,0.12,5.53%,35971,-
31-Mar-26,ARM,ARM Cement Plc,5.55,5.55,5.55,5.55,5.55,5.55,-,-,-,-
31-Mar-26,BAMB,Bamburi Cement Ltd,47.2,56.5,47.2,47.2,47.2,47.2,-,-,-,-
31-Mar-26,CRWN,Crown Paints Kenya Plc,30,70.75,51,54.75,54.5,55.25,-0.75,-1.36%,8688,-
31-Mar-26,CABL,East African Cables Plc,1,2.44,1,1,1,1,-,-,-,-
31-Mar-26,PORT,East African Portland Cement Ltd,28,101,73,82,79,76,3,3.95%,1545,-
31-Mar-26,KEGN,Kenya Electricity Generating Company Plc,4.5,10.75,8.96,9.2,9.08,9.02,0.06,0.67%,960231,-
31-Mar-26,KPC,Kenya Pipeline Company Plc,9,9.5,9,9.12,9.08,9.08,-,-,2158366,-
31-Mar-26,KPLC-P4,KPLC-P4,4,5,5,5,5,5,-,-,-,-
31-Mar-26,KPLC-P7,KPLC-P7,6,6,6,6,6,6,-,-,-,-
31-Mar-26,KPLC,Kenya Power and Lighting Company Plc,5.7,19,15.75,16.25,16.05,15.8,0.25,1.58%,779153,-
31-Mar-26,TOTL,TotalEnergies Marketing Kenya Plc,21,47,39.5,40,39.8,40.1,-0.3,-0.75%,13305,-
31-Mar-26,UMME,Umeme Ltd,5.8,24.75,8.4,8.7,8.64,8.66,-0.02,-0.23%,112515,-
31-Mar-26,BRIT,Britam Holdings Plc,5.92,13.4,11.5,12.5,12.2,12.35,-0.15,-1.21%,218242,-
31-Mar-26,CIC,CIC Insurance Group Ltd,2.55,6.62,4.46,4.79,4.53,4.62,-0.09,-1.95%,96381,-
31-Mar-26,JUB,Jubilee Holdings Ltd,182,437.75,366,398,369.25,368,1.25,0.34%,1788,-
31-Mar-26,KNRE,Kenya Re-Insurance Corporation Ltd,1.5,4.02,3.08,3.21,3.13,3.21,-0.08,-2.49%,1926599,-
31-Mar-26,LBTY,Liberty Kenya Holdings Ltd,9.1,12.2,9.4,10.2,9.7,9.8,-0.1,-1.02%,6353,-
31-Mar-26,SLAM,Sanlam Allianz Holdings (Kenya) Plc,5.5,11,9,10,9.56,9.76,-0.2,-2.05%,21781,-
31-Mar-26,CTUM,Centum Investment Company Plc,10.85,16.75,13.5,13.9,13.6,13.65,-0.05,-0.37%,12199,-
31-Mar-26,HAFR,Home Afrika Ltd,0.48,1.93,1.46,1.53,1.5,1.5,-,-,776489,-
31-Mar-26,KURV,Kurwitu Ventures Ltd,1400,1500,1500,1500,1500,1500,-,-,-,-
31-Mar-26,OCH,Olympia Capital Holdings Ltd,3.12,9,6.44,7.2,6.76,7.14,-0.38,-5.32%,9799,-
31-Mar-26,TCL,Trans-Century Plc,0.71,1.42,0.71,0.71,0.71,0.71,-,-,-,-
31-Mar-26,NSE,Nairobi Securities Exchange Plc,6.5,25.9,19.6,19.8,19.75,19.8,-0.05,-0.25%,30148,-
31-Mar-26,AMAC,Africa Mega Agricorp Plc,51,118.25,106,117,117.75,117.75,-,-,78,-
31-Mar-26,BOC,BOC Kenya Plc,76,150,120,126,121.5,125,-3.5,-2.80%,835,-
31-Mar-26,BAT,British American Tobacco Kenya Plc,345,629,564,570,565,566,-1,-0.18%,6374,-
31-Mar-26,CARB,Carbacid Investments Plc,18,33,28.5,29.5,29,28.45,0.55,1.93%,10362,-
31-Mar-26,EABL,East African Breweries Ltd,167,351,248,253,251,249.75,1.25,0.50%,9384,-
31-Mar-26,FTGH,Flame Tree Group Holdings Ltd,1.05,3.11,2.45,2.65,2.58,2.41,0.17,7.05%,169729,-
31-Mar-26,MSC,Mumias Sugar Company Ltd,0.27,0.27,0.27,0.27,0.27,0.27,-,-,-,-
31-Mar-26,SKL,Shri Krishana Overseas Plc,5.8,12,9,9.5,9.44,9.4,0.04,0.43%,1678,-
31-Mar-26,UNGA,Unga Group Ltd,18.05,34,27,29.6,27.4,26.95,0.45,1.67%,6420,-
31-Mar-26,SCOM,Safaricom Plc,17,34.2,27.4,27.9,27.5,27.9,-0.4,-1.43%,3724323,-
31-Mar-26,ALP,Africa Logistics Properties Industria...,1,1,1,1,1,1,-,-,-,-
31-Mar-26,LAPR,LAPTrust Imara Income-REIT,20,20,20,20,20,20,-,-,-,-
31-Mar-26,GLD,ABSA NewGold ETF,881,9800,5650,5780,5700,5485,215,3.92%,155,-
31-Mar-26,SMWF,Satrix MSCI World Feeder ETF,755,1050,822,865,801,801,-,-,83,-
31-Mar-26,^N10I,NSE 10-Share Index,1250.85,2271.75,2030.35,2030.35,2030.35,2031.49,-1.14,-0.06%,-,-
31-Mar-26,^N20I,NSE 20-Share Index,2092.84,3758.73,3431.56,3431.56,3431.56,3429.37,2.19,0.06%,-,-
31-Mar-26,^N25I,NSE 25-Share Index,3314.15,5948.29,5416.72,5416.72,5416.72,5412.34,4.38,0.08%,-,-
31-Mar-26,^NASI,NSE All-Share Index,123.6,216.69,194.82,194.82,194.82,195.38,-0.56,-0.29%,-,-
31-Mar-26,^NBSI,NSE Banking Sector Index,149.92,245.9,224.04,224.04,224.04,223.3,0.74,0.33%,-,-
31-Mar-26,^NBDI,NSE Bonds Index,1140.96,1210.41,1187.64,1187.64,1187.64,1197.56,-9.92,-0.83%,-,-
31-Mar-26,^ZKEQTK,Zamara Kenya Equity Index (KES),2424.57,4790.09,4270.65,4270.65,4270.65,4288.52,-17.87,-0.42%,-,-
31-Mar-26,^ZKEQTU,Zamara Kenya Equity Index (USD),1610.77,3197.11,2829.57,2829.57,2829.57,2842.51,-12.94,-0.46%,-,-
1-Apr-26,EGAD,Eaagads Ltd,11,35.25,29,31.8,31.15,30.3,0.85,2.81%,113,-
1-Apr-26,KUKZ,Kakuzi Plc,365,440,424,429,428.25,429,-0.75,-0.17%,158,-
1-Apr-26,KAPC,Kapchorua Tea Kenya Plc,198,424.25,234.75,245,235.25,239.25,-4,-1.67%,716,-
1-Apr-26,LIMT,Limuru Tea Plc,295,555,500,500,514,514,-,-,44,-
1-Apr-26,SASN,Sasini Plc,13.3,33.9,23.55,25.7,25.2,25.6,-0.4,-1.56%,9123,-
1-Apr-26,WTK,Williamson Tea Kenya Plc,136,350,137.5,138,137.75,138.25,-0.5,-0.36%,8112,-
1-Apr-26,CGEN,Car and General (K) Ltd,19.8,74.25,63.5,66,65,64.25,0.75,1.17%,964,-
1-Apr-26,ABSA,ABSA Bank Kenya Plc,15,33,28.2,29.5,28.9,28.55,0.35,1.23%,305793,-
1-Apr-26,BKG,BK Group Plc,28.75,50,46,47.75,46.95,46.95,-,-,5019,-
1-Apr-26,COOP,Co-operative Bank of Kenya Ltd,13.8,31.5,27,28.5,27.5,27,0.5,1.85%,415028,-
1-Apr-26,DTK,Diamond Trust Bank Kenya Ltd,66,170,145.5,148,147.5,146,1.5,1.03%,12528,-
1-Apr-26,EQTY,Equity Group Holdings Plc,41.2,80,67.75,70,69,69,-,-,2666536,-
1-Apr-26,HFCK,HF Group Ltd,5.3,11.5,8.96,9.5,9.12,9.38,-0.26,-2.77%,364735,-
1-Apr-26,IMH,I & M Holdings Plc,29.5,52,48.5,48.95,48.75,48.6,0.15,0.31%,42508,-
1-Apr-26,KCB,KCB Group Plc,35,80.5,67.5,70,68.75,67.75,1,1.48%,2159779,-
1-Apr-26,NCBA,NCBA Group Plc,48,100,89.75,91,90.25,90.75,-0.5,-0.55%,12957,-
1-Apr-26,SBIC,Stanbic Holdings Plc,147,279.75,257,261,259.25,257,2.25,0.88%,3353,-
1-Apr-26,SCBK,Standard Chartered Bank Kenya Ltd,260,365,329.75,335,332,330.25,1.75,0.53%,7757,-
1-Apr-26,DCON,Deacons (East Africa) Plc,0.45,0.45,0.45,0.45,0.45,0.45,-,-,-,-
1-Apr-26,EVRD,Eveready East Africa Ltd,0.75,1.78,1.15,1.23,1.2,1.21,-0.01,-0.83%,233066,-
1-Apr-26,XPRS,Express Kenya Plc,2.8,10,6.98,7.86,7.22,7.52,-0.3,-3.99%,818,-
1-Apr-26,HBE,Homeboyz Entertainment Plc,4.66,4.66,4.66,4.66,4.66,4.66,-,-,-,-
1-Apr-26,KQ,Kenya Airways Plc,1.56,6.02,4.7,5.12,4.99,4.91,0.08,1.63%,73231,-
1-Apr-26,LKL,Longhorn Publishers Plc,2.35,3.5,2.9,3.2,3.02,2.91,0.11,3.78%,4463,-
1-Apr-26,NBV,Nairobi Business Ventures Ltd,1.33,2.16,1.41,1.5,1.48,1.48,-,-,53489,-
1-Apr-26,NMG,Nation Media Group Plc,10.05,20,14.5,15.25,14.95,14.5,0.45,3.10%,2810,-
1-Apr-26,SMER,Sameer Africa Plc,2.7,21.5,15.5,16.8,16.4,15.95,0.45,2.82%,66160,-
1-Apr-26,SGL,Standard Group Plc,5.2,7.14,6,6.6,6.48,6,0.48,8.00%,4214,-
1-Apr-26,TPSE,TPS Eastern Africa (Serena) Ltd,13.05,18.2,14.85,17.1,15.1,16,-0.9,-5.63%,1550,-
1-Apr-26,UCHM,Uchumi Supermarket Plc,0.23,2.93,2.02,2.13,2.04,2.04,-,-,520847,-
1-Apr-26,SCAN,WPP ScanGroup Plc,2,3.33,2.29,2.5,2.33,2.29,0.04,1.75%,15284,-
1-Apr-26,ARM,ARM Cement Plc,5.55,5.55,5.55,5.55,5.55,5.55,-,-,-,-
1-Apr-26,BAMB,Bamburi Cement Ltd,47.2,56.5,47.2,47.2,47.2,47.2,-,-,-,-
1-Apr-26,CRWN,Crown Paints Kenya Plc,30,70.75,52,58,55,54.5,0.5,0.92%,4200,-
1-Apr-26,CABL,East African Cables Plc,1,2.44,1,1,1,1,-,-,-,-
1-Apr-26,PORT,East African Portland Cement Ltd,28,101,78.25,83.5,82.5,79,3.5,4.43%,3036,-
1-Apr-26,KEGN,Kenya Electricity Generating Company Plc,4.5,10.75,9.18,9.3,9.22,9.08,0.14,1.54%,426714,-
1-Apr-26,KPC,Kenya Pipeline Company Plc,9,9.5,9.08,9.48,9.18,9.08,0.1,1.10%,1433686,-
1-Apr-26,KPLC-P4,KPLC-P4,4,5,5,5,5,5,-,-,-,-
1-Apr-26,KPLC-P7,KPLC-P7,6,6,6,6,6,6,-,-,-,-
1-Apr-26,KPLC,Kenya Power and Lighting Company Plc,5.7,19,16,16.9,16.6,16.05,0.55,3.43%,345955,-
1-Apr-26,TOTL,TotalEnergies Marketing Kenya Plc,21,47,39,40,39.9,39.8,0.1,0.25%,33285,-
1-Apr-26,UMME,Umeme Ltd,5.8,24.75,8,8.66,8.4,8.64,-0.24,-2.78%,17975,-
1-Apr-26,BRIT,Britam Holdings Plc,5.92,13.4,11.5,12.55,12.35,12.2,0.15,1.23%,112326,-
1-Apr-26,CIC,CIC Insurance Group Ltd,2.55,6.62,4.47,4.55,4.52,4.53,-0.01,-0.22%,99621,-
1-Apr-26,JUB,Jubilee Holdings Ltd,182,437.75,368,396,379.5,369.25,10.25,2.78%,1542,-
1-Apr-26,KNRE,Kenya Re-Insurance Corporation Ltd,1.5,4.02,3,3.13,3.07,3.13,-0.06,-1.92%,2476762,-
1-Apr-26,LBTY,Liberty Kenya Holdings Ltd,9.1,12.2,9.8,9.9,9.86,9.7,0.16,1.65%,5401,-
1-Apr-26,SLAM,Sanlam Allianz Holdings (Kenya) Plc,5.5,11,9.5,10.45,9.86,9.56,0.3,3.14%,4875,-
1-Apr-26,CTUM,Centum Investment Company Plc,10.85,16.75,13.65,14,13.95,13.6,0.35,2.57%,16495,-
1-Apr-26,HAFR,Home Afrika Ltd,0.48,1.93,1.4,1.48,1.43,1.5,-0.07,-4.67%,386999,-
1-Apr-26,KURV,Kurwitu Ventures Ltd,1400,1500,1500,1500,1500,1500,-,-,-,-
1-Apr-26,OCH,Olympia Capital Holdings Ltd,3.12,9,6.5,7.14,6.7,6.76,-0.06,-0.89%,609,-
1-Apr-26,TCL,Trans-Century Plc,0.71,1.42,0.71,0.71,0.71,0.71,-,-,-,-
1-Apr-26,NSE,Nairobi Securities Exchange Plc,6.5,25.9,19.35,19.8,19.6,19.75,-0.15,-0.76%,156387,-
1-Apr-26,AMAC,Africa Mega Agricorp Plc,51,118.25,110,118,117.75,117.75,-,-,456,-
1-Apr-26,BOC,BOC Kenya Plc,76,150,120,125,124.75,121.5,3.25,2.67%,487,-
1-Apr-26,BAT,British American Tobacco Kenya Plc,345,629,564,570,565,565,-,-,4443,-
1-Apr-26,CARB,Carbacid Investments Plc,18,33,29.1,29.95,29.9,29,0.9,3.10%,14889,-
1-Apr-26,EABL,East African Breweries Ltd,167,351,249,254,251.25,251,0.25,0.10%,16411,-
1-Apr-26,FTGH,Flame Tree Group Holdings Ltd,1.05,3.11,2.48,2.8,2.58,2.58,-,-,162075,-
1-Apr-26,MSC,Mumias Sugar Company Ltd,0.27,0.27,0.27,0.27,0.27,0.27,-,-,-,-
1-Apr-26,SKL,Shri Krishana Overseas Plc,5.8,12,8.5,9.5,8.94,9.44,-0.5,-5.30%,355,-
1-Apr-26,UNGA,Unga Group Ltd,18.05,34,27,29.5,27.65,27.4,0.25,0.91%,1716,-
1-Apr-26,SCOM,Safaricom Plc,17,34.2,27.45,28.7,27.6,27.5,0.1,0.36%,23108614,-
1-Apr-26,ALP,Africa Logistics Properties Industria...,1,1,1,1,1,1,-,-,-,-
1-Apr-26,LAPR,LAPTrust Imara Income-REIT,20,20,20,20,20,20,-,-,-,-
1-Apr-26,GLD,ABSA NewGold ETF,881,9800,5650,5980,5800,5700,100,1.75%,332,-
1-Apr-26,SMWF,Satrix MSCI World Feeder ETF,755,1050,825,880,801,801,-,-,18,-
1-Apr-26,^N10I,NSE 10-Share Index,1250.85,2271.75,2042.85,2042.85,2042.85,2030.35,12.5,0.62%,-,-
1-Apr-26,^N20I,NSE 20-Share Index,2092.84,3758.73,3450.23,3450.23,3450.23,3431.56,18.67,0.54%,-,-
1-Apr-26,^N25I,NSE 25-Share Index,3314.15,5948.29,5448.25,5448.25,5448.25,5416.72,31.53,0.58%,-,-
1-Apr-26,^NASI,NSE All-Share Index,123.6,216.69,195.96,195.96,195.96,194.82,1.14,0.59%,-,-
1-Apr-26,^NBSI,NSE Banking Sector Index,149.92,245.9,225.56,225.56,225.56,224.04,1.52,0.68%,-,-
1-Apr-26,^NBDI,NSE Bonds Index,1140.96,1210.41,1179.8,1179.8,1179.8,1187.64,-7.84,-0.66%,-,-
1-Apr-26,^ZKEQTK,Zamara Kenya Equity Index (KES),2424.57,4790.09,4301.83,4301.83,4301.83,4270.65,31.18,0.73%,-,-
1-Apr-26,^ZKEQTU,Zamara Kenya Equity Index (USD),1610.77,3197.11,2846.94,2846.94,2846.94,2829.57,17.37,0.61%,-,-
2-Apr-26,EGAD,Eaagads Ltd,11,35.25,28.7,31.8,30,31.15,-1.15,-3.69%,1179,-
2-Apr-26,KUKZ,Kakuzi Plc,365,440,420,429,425.25,428.25,-3,-0.70%,115,-
2-Apr-26,KAPC,Kapchorua Tea Kenya Plc,198,424.25,235,240,237.75,235.25,2.5,1.06%,1109,-
2-Apr-26,LIMT,Limuru Tea Plc,295,555,500,540,514,514,-,-,5,-
2-Apr-26,SASN,Sasini Plc,13.3,33.9,25,25.85,25.25,25.2,0.05,0.20%,15759,-
2-Apr-26,WTK,Williamson Tea Kenya Plc,136,350,137.5,138,137.75,137.75,-,-,10638,-
2-Apr-26,CGEN,Car and General (K) Ltd,19.8,74.25,63,68.5,67,65,2,3.08%,1922,-
2-Apr-26,ABSA,ABSA Bank Kenya Plc,15,33,29.3,29.85,29.6,28.9,0.7,2.42%,263542,-
2-Apr-26,BKG,BK Group Plc,28.75,50,46.95,48.45,47.75,46.95,0.8,1.70%,1468,-
2-Apr-26,COOP,Co-operative Bank of Kenya Ltd,13.8,31.5,28,29.5,28.7,27.5,1.2,4.36%,463530,-
2-Apr-26,DTK,Diamond Trust Bank Kenya Ltd,66,170,145,148,145.5,147.5,-2,-1.36%,185636,-
2-Apr-26,EQTY,Equity Group Holdings Plc,41.2,80,68.75,70,69.25,69,0.25,0.36%,1588499,-
2-Apr-26,HFCK,HF Group Ltd,5.3,11.5,9,9.5,9.08,9.12,-0.04,-0.44%,238222,-
2-Apr-26,IMH,I & M Holdings Plc,29.5,52,48.95,49.5,49.15,48.75,0.4,0.82%,43325,-
2-Apr-26,KCB,KCB Group Plc,35,80.5,67.5,70,68.25,68.75,-0.5,-0.73%,1798963,-
2-Apr-26,NCBA,NCBA Group Plc,48,100,89.5,91,90.25,90.25,-,-,18909,-
2-Apr-26,SBIC,Stanbic Holdings Plc,147,279.75,260,279.75,274.5,259.25,15.25,5.88%,9950,-
2-Apr-26,SCBK,Standard Chartered Bank Kenya Ltd,260,365,330.25,340,335,332,3,0.90%,10661,-
2-Apr-26,DCON,Deacons (East Africa) Plc,0.45,0.45,0.45,0.45,0.45,0.45,-,-,-,-
2-Apr-26,EVRD,Eveready East Africa Ltd,0.75,1.78,1.15,1.21,1.17,1.2,-0.03,-2.50%,166639,-
2-Apr-26,XPRS,Express Kenya Plc,2.8,10,7,7.52,7.46,7.22,0.24,3.32%,608,-
2-Apr-26,HBE,Homeboyz Entertainment Plc,4.66,4.66,4.66,4.66,4.66,4.66,-,-,-,-
2-Apr-26,KQ,Kenya Airways Plc,1.56,6.02,5.2,5.48,5.48,4.99,0.49,9.82%,762292,-
2-Apr-26,LKL,Longhorn Publishers Plc,2.35,3.5,2.72,3.14,2.95,3.02,-0.07,-2.32%,3210,-
2-Apr-26,NBV,Nairobi Business Ventures Ltd,1.33,2.16,1.39,1.51,1.41,1.48,-0.07,-4.73%,160678,-
2-Apr-26,NMG,Nation Media Group Plc,10.05,20,14.5,15.2,14.75,14.95,-0.2,-1.34%,34475,-
2-Apr-26,SMER,Sameer Africa Plc,2.7,21.5,15.95,16.75,16.15,16.4,-0.25,-1.52%,2417,-
2-Apr-26,SGL,Standard Group Plc,5.2,7.14,5.84,6.58,6.28,6.48,-0.2,-3.09%,5673,-
2-Apr-26,TPSE,TPS Eastern Africa (Serena) Ltd,13.05,18.2,15.05,16.6,15.25,15.1,0.15,0.99%,548,-
2-Apr-26,UCHM,Uchumi Supermarket Plc,0.23,2.93,2,2.09,2.04,2.04,-,-,340769,-
2-Apr-26,SCAN,WPP ScanGroup Plc,2,3.33,2.2,2.48,2.36,2.33,0.03,1.29%,9710,-
2-Apr-26,ARM,ARM Cement Plc,5.55,5.55,5.55,5.55,5.55,5.55,-,-,-,-
2-Apr-26,BAMB,Bamburi Cement Ltd,47.2,56.5,47.2,47.2,47.2,47.2,-,-,-,-
2-Apr-26,CRWN,Crown Paints Kenya Plc,33,70.75,56.5,60.5,58.5,55,3.5,6.36%,1199,-
2-Apr-26,CABL,East African Cables Plc,1,2.44,1,1,1,1,-,-,-,-
2-Apr-26,PORT,East African Portland Cement Ltd,28,101,76,82.75,82,82.5,-0.5,-0.61%,1283,-
2-Apr-26,KEGN,Kenya Electricity Generating Company Plc,4.5,10.75,8.3,9.32,9.14,9.22,-0.08,-0.87%,1292092,-
2-Apr-26,KPC,Kenya Pipeline Company Plc,9,9.5,9.08,9.3,9.14,9.18,-0.04,-0.44%,1463713,-
2-Apr-26,KPLC-P4,KPLC-P4,4,5,5,5,5,5,-,-,-,-
2-Apr-26,KPLC-P7,KPLC-P7,6,6,6,6,6,6,-,-,-,-
2-Apr-26,KPLC,Kenya Power and Lighting Company Plc,5.7,19,16.6,17,16.8,16.6,0.2,1.20%,607926,-
2-Apr-26,TOTL,TotalEnergies Marketing Kenya Plc,21,47,39.5,40,39.95,39.9,0.05,0.13%,9006,-
2-Apr-26,UMME,Umeme Ltd,5.8,24.75,8,8.5,8.26,8.4,-0.14,-1.67%,51332,-
2-Apr-26,BRIT,Britam Holdings Plc,5.92,13.4,11.5,12.1,11.9,12.35,-0.45,-3.64%,105002,-
2-Apr-26,CIC,CIC Insurance Group Ltd,2.55,6.62,4.45,4.55,4.49,4.52,-0.03,-0.66%,321842,-
2-Apr-26,JUB,Jubilee Holdings Ltd,182,437.75,369,396.25,371,379.5,-8.5,-2.24%,937,-
2-Apr-26,KNRE,Kenya Re-Insurance Corporation Ltd,1.5,4.02,3.05,3.28,3.18,3.07,0.11,3.58%,1542069,-
2-Apr-26,LBTY,Liberty Kenya Holdings Ltd,9.1,12.2,9.8,9.9,9.88,9.86,0.02,0.20%,7526,-
2-Apr-26,SLAM,Sanlam Allianz Holdings (Kenya) Plc,5.5,11,9.6,10.4,9.96,9.86,0.1,1.01%,2873,-
2-Apr-26,CTUM,Centum Investment Company Plc,10.85,16.75,13.75,14.9,13.9,13.95,-0.05,-0.36%,14373,-
2-Apr-26,HAFR,Home Afrika Ltd,0.48,1.93,1.43,1.54,1.47,1.43,0.04,2.80%,250002,-
2-Apr-26,KURV,Kurwitu Ventures Ltd,1400,1500,1500,1500,1500,1500,-,-,-,-
2-Apr-26,OCH,Olympia Capital Holdings Ltd,3.12,9,7,7.36,7.36,6.7,0.66,9.85%,3020,-
2-Apr-26,TCL,Trans-Century Plc,0.71,1.4,0.71,0.71,0.71,0.71,-,-,-,-
2-Apr-26,NSE,Nairobi Securities Exchange Plc,6.5,25.9,19.3,20,19.5,19.6,-0.1,-0.51%,163256,-
2-Apr-26,AMAC,Africa Mega Agricorp Plc,51,118.25,110,118,113.25,117.75,-4.5,-3.82%,281,-
2-Apr-26,BOC,BOC Kenya Plc,76,150,120,130,127,124.75,2.25,1.80%,878,-
2-Apr-26,BAT,British American Tobacco Kenya Plc,345,629,565,580,574,565,9,1.59%,13349,-
2-Apr-26,CARB,Carbacid Investments Plc,18,33,28.3,29.9,29.1,29.9,-0.8,-2.68%,16816,-
2-Apr-26,EABL,East African Breweries Ltd,167,351,249,252,250,251.25,-1.25,-0.50%,479081,-
2-Apr-26,FTGH,Flame Tree Group Holdings Ltd,1.05,3.11,2.46,2.56,2.49,2.58,-0.09,-3.49%,31469,-
2-Apr-26,MSC,Mumias Sugar Company Ltd,0.27,0.27,0.27,0.27,0.27,0.27,-,-,-,-
2-Apr-26,SKL,Shri Krishana Overseas Plc,5.8,12,8.6,9.5,8.76,8.94,-0.18,-2.01%,9053,-
2-Apr-26,UNGA,Unga Group Ltd,18.05,34,27,29.6,28.8,27.65,1.15,4.16%,3453,-
2-Apr-26,SCOM,Safaricom Plc,17,34.2,28.3,29,28.5,27.6,0.9,3.26%,10080574,-
2-Apr-26,ALP,Africa Logistics Properties Industria...,1,1,1,1,1,1,-,-,-,-
2-Apr-26,LAPR,LAPTrust Imara Income-REIT,20,20,20,20,20,20,-,-,-,-
2-Apr-26,GLD,ABSA NewGold ETF,881,9800,5625,5995,5790,5800,-10,-0.17%,259,-
2-Apr-26,SMWF,Satrix MSCI World Feeder ETF,755,1050,825,840,801,801,-,-,69,-
2-Apr-26,^N10I,NSE 10-Share Index,1250.85,2271.75,2072.1,2072.1,2072.1,2042.85,29.25,1.43%,-,-
2-Apr-26,^N20I,NSE 20-Share Index,2092.84,3758.73,3479.71,3479.71,3479.71,3450.23,29.48,0.85%,-,-
2-Apr-26,^N25I,NSE 25-Share Index,3314.15,5948.29,5523.02,5523.02,5523.02,5448.25,74.77,1.37%,-,-
2-Apr-26,^NASI,NSE All-Share Index,123.6,216.69,199.26,199.26,199.26,195.96,3.3,1.68%,-,-
2-Apr-26,^NBSI,NSE Banking Sector Index,149.92,245.9,228.6,228.6,228.6,225.56,3.04,1.35%,-,-
2-Apr-26,^NBDI,NSE Bonds Index,1140.96,1210.41,1170.26,1170.26,1170.26,1179.8,-9.54,-0.81%,-,-
2-Apr-26,^ZKEQTK,Zamara Kenya Equity Index (KES),2424.57,4790.09,4356.75,4356.75,4356.75,4301.83,54.92,1.28%,-,-
2-Apr-26,^ZKEQTU,Zamara Kenya Equity Index (USD),1610.77,3197.11,2882.74,2882.74,2882.74,2846.94,35.8,1.26%,-,-
7-Apr-26,EGAD,Eaagads Ltd,11,35.25,29,31.8,29.4,30,-0.6,-2.00%,926,-
7-Apr-26,KUKZ,Kakuzi Plc,365,440,400,429,422.75,425.25,-2.5,-0.59%,234,-
7-Apr-26,KAPC,Kapchorua Tea Kenya Plc,198,424.25,235,250,238.75,237.75,1,0.42%,2053,-
7-Apr-26,LIMT,Limuru Tea Plc,295,555,500,539,514,514,-,-,76,-
7-Apr-26,SASN,Sasini Plc,13.3,33.9,24.5,25.5,25.05,25.25,-0.2,-0.79%,7548,-
7-Apr-26,WTK,Williamson Tea Kenya Plc,136,350,137.75,139.5,138.5,137.75,0.75,0.54%,19570,-
7-Apr-26,CGEN,Car and General (K) Ltd,19.8,74.25,63.5,67.75,66,67,-1,-1.49%,350,-
7-Apr-26,ABSA,ABSA Bank Kenya Plc,15,33,29.7,30,29.85,29.6,0.25,0.84%,183935,-
7-Apr-26,BKG,BK Group Plc,28.75,50,46.8,49,47.05,47.75,-0.7,-1.47%,35347,-
7-Apr-26,COOP,Co-operative Bank of Kenya Ltd,13.8,31.5,28,29.5,28.75,28.7,0.05,0.17%,234077,-
7-Apr-26,DTK,Diamond Trust Bank Kenya Ltd,66,170,147.5,158,148,145.5,2.5,1.72%,27333,-
7-Apr-26,EQTY,Equity Group Holdings Plc,41.2,80,69.5,72,70,69.25,0.75,1.08%,3575249,-
7-Apr-26,HFCK,HF Group Ltd,5.3,11.5,9.08,9.5,9.34,9.08,0.26,2.86%,501003,-
7-Apr-26,IMH,I & M Holdings Plc,29.5,52,49,50,49.3,49.15,0.15,0.31%,117641,-
7-Apr-26,KCB,KCB Group Plc,35,80.5,67,69,67.5,68.25,-0.75,-1.10%,462103,-
7-Apr-26,NCBA,NCBA Group Plc,48,100,89.5,91,90.5,90.25,0.25,0.28%,25869,-
7-Apr-26,SBIC,Stanbic Holdings Plc,147,280,261.25,279,275,274.5,0.5,0.18%,12534,-
7-Apr-26,SCBK,Standard Chartered Bank Kenya Ltd,260,365,335,349.5,339.25,335,4.25,1.27%,12212,-
7-Apr-26,DCON,Deacons (East Africa) Plc,0.45,0.45,0.45,0.45,0.45,0.45,-,-,-,-
7-Apr-26,EVRD,Eveready East Africa Ltd,0.75,1.78,1.15,1.2,1.17,1.17,-,-,850659,-
7-Apr-26,XPRS,Express Kenya Plc,2.8,10,7.22,7.7,7.46,7.46,-,-,566,-
7-Apr-26,HBE,Homeboyz Entertainment Plc,4.66,4.66,4.66,4.66,4.66,4.66,-,-,-,-
7-Apr-26,KQ,Kenya Airways Plc,1.56,6.56,5.5,6.02,5.98,5.48,0.5,9.12%,2461668,-
7-Apr-26,LKL,Longhorn Publishers Plc,2.35,3.5,2.74,3,3,2.95,0.05,1.69%,8056,-
7-Apr-26,NBV,Nairobi Business Ventures Ltd,1.33,2.16,1.45,1.51,1.47,1.41,0.06,4.26%,69741,-
7-Apr-26,NMG,Nation Media Group Plc,10.05,20,14,15.15,14.35,14.75,-0.4,-2.71%,13053,-
7-Apr-26,SMER,Sameer Africa Plc,2.7,21.5,15.55,16.85,16.3,16.15,0.15,0.93%,7281,-
7-Apr-26,SGL,Standard Group Plc,5.2,7.14,5.84,6.38,6.32,6.28,0.04,0.64%,2486,-
7-Apr-26,TPSE,TPS Eastern Africa (Serena) Ltd,13.05,18.2,15.25,16.6,16.05,15.25,0.8,5.25%,186,-
7-Apr-26,UCHM,Uchumi Supermarket Plc,0.23,2.93,1.93,2.06,2.01,2.04,-0.03,-1.47%,354196,-
7-Apr-26,SCAN,WPP ScanGroup Plc,2,3.33,2.35,2.51,2.39,2.36,0.03,1.27%,14216,-
7-Apr-26,ARM,ARM Cement Plc,5.55,5.55,5.55,5.55,5.55,5.55,-,-,-,-
7-Apr-26,BAMB,Bamburi Cement Ltd,47.2,56.5,47.2,47.2,47.2,47.2,-,-,-,-
7-Apr-26,CRWN,Crown Paints Kenya Plc,33.95,70.75,52.75,58,55,58.5,-3.5,-5.98%,777,-
7-Apr-26,CABL,East African Cables Plc,1,2.44,1,1,1,1,-,-,-,-
7-Apr-26,PORT,East African Portland Cement Ltd,28,101,74.5,82.5,79.5,82,-2.5,-3.05%,703,-
7-Apr-26,KEGN,Kenya Electricity Generating Company Plc,4.5,10.75,9,9.2,9.18,9.14,0.04,0.44%,494796,-
7-Apr-26,KPC,Kenya Pipeline Company Plc,9,9.5,9.04,9.22,9.16,9.14,0.02,0.22%,631346,-
7-Apr-26,KPLC-P4,KPLC-P4,4,5,5,5,5,5,-,-,-,-
7-Apr-26,KPLC-P7,KPLC-P7,6,6,6,6,6,6,-,-,-,-
7-Apr-26,KPLC,Kenya Power and Lighting Company Plc,5.7,19,16.6,17.05,16.75,16.8,-0.05,-0.30%,481557,-
7-Apr-26,TOTL,TotalEnergies Marketing Kenya Plc,21,47,39,40,39.6,39.95,-0.35,-0.88%,12596,-
7-Apr-26,UMME,Umeme Ltd,5.8,24.75,7.7,8.54,7.9,8.26,-0.36,-4.36%,28580,-
7-Apr-26,BRIT,Britam Holdings Plc,5.92,13.4,12,12.6,12.1,11.9,0.2,1.68%,86436,-
7-Apr-26,CIC,CIC Insurance Group Ltd,2.55,6.62,4.4,4.5,4.46,4.49,-0.03,-0.67%,206415,-
7-Apr-26,JUB,Jubilee Holdings Ltd,182,437.75,369,400.25,391.75,371,20.75,5.59%,386,-
7-Apr-26,KNRE,Kenya Re-Insurance Corporation Ltd,1.5,4.02,3.25,3.34,3.28,3.18,0.1,3.14%,1763179,-
7-Apr-26,LBTY,Liberty Kenya Holdings Ltd,9.1,12.2,9.86,10.1,10,9.88,0.12,1.21%,3514,-
7-Apr-26,SLAM,Sanlam Allianz Holdings (Kenya) Plc,5.5,11,9.02,10,9.82,9.96,-0.14,-1.41%,10974,-
7-Apr-26,CTUM,Centum Investment Company Plc,10.85,16.75,12.75,14.7,13.3,13.9,-0.6,-4.32%,83537,-
7-Apr-26,HAFR,Home Afrika Ltd,0.48,1.93,1.45,1.5,1.48,1.47,0.01,0.68%,376517,-
7-Apr-26,KURV,Kurwitu Ventures Ltd,1400,1500,1500,1500,1500,1500,-,-,-,-
7-Apr-26,OCH,Olympia Capital Holdings Ltd,3.12,9,7.02,8,7.08,7.36,-0.28,-3.80%,5847,-
7-Apr-26,TCL,Trans-Century Plc,0.71,1.4,0.71,0.71,0.71,0.71,-,-,-,-
7-Apr-26,NSE,Nairobi Securities Exchange Plc,6.5,25.9,19.5,20,19.8,19.5,0.3,1.54%,32679,-
7-Apr-26,AMAC,Africa Mega Agricorp Plc,51,118.25,108,118,113,113.25,-0.25,-0.22%,279,-
7-Apr-26,BOC,BOC Kenya Plc,76,150,123,126,124.75,127,-2.25,-1.77%,1257,-
7-Apr-26,BAT,British American Tobacco Kenya Plc,345,629,570,580,574,574,-,-,5071,-
7-Apr-26,CARB,Carbacid Investments Plc,18,33,28.3,29.95,28.55,29.1,-0.55,-1.89%,10748,-
7-Apr-26,EABL,East African Breweries Ltd,167,351,250,253,251.75,250,1.75,0.70%,5997,-
7-Apr-26,FTGH,Flame Tree Group Holdings Ltd,1.05,3.11,2.5,2.65,2.52,2.49,0.03,1.20%,54161,-
7-Apr-26,MSC,Mumias Sugar Company Ltd,0.27,0.27,0.27,0.27,0.27,0.27,-,-,-,-
7-Apr-26,SKL,Shri Krishana Overseas Plc,5.8,12,8.46,9.46,9.34,8.76,0.58,6.62%,5590,-
7-Apr-26,UNGA,Unga Group Ltd,18.05,34,27,29.5,28,28.8,-0.8,-2.78%,3051,-
7-Apr-26,SCOM,Safaricom Plc,17,34.2,28,28.45,28.4,28.5,-0.1,-0.35%,1572632,-
7-Apr-26,ALP,Africa Logistics Properties Industria...,1,1,1,1,1,1,-,-,-,-
7-Apr-26,LAPR,LAPTrust Imara Income-REIT,20,20,20,20,20,20,-,-,-,-
7-Apr-26,GLD,ABSA NewGold ETF,881,9800,5810,5850,5790,5790,-,-,48,-
7-Apr-26,SMWF,Satrix MSCI World Feeder ETF,755,1050,823,847,801,801,-,-,32,-
7-Apr-26,^N10I,NSE 10-Share Index,1250.85,2271.75,2078.27,2078.27,2078.27,2072.1,6.17,0.30%,-,-
7-Apr-26,^N20I,NSE 20-Share Index,2092.84,3758.73,3490.56,3490.56,3490.56,3479.71,10.85,0.31%,-,-
7-Apr-26,^N25I,NSE 25-Share Index,3314.15,5948.29,5543.64,5543.64,5543.64,5523.02,20.62,0.37%,-,-
7-Apr-26,^NASI,NSE All-Share Index,123.6,216.69,199.65,199.65,199.65,199.26,0.39,0.20%,-,-
7-Apr-26,^NBSI,NSE Banking Sector Index,149.92,245.9,229.58,229.58,229.58,228.6,0.98,0.43%,-,-
7-Apr-26,^NBDI,NSE Bonds Index,1140.96,1210.41,1168.49,1168.49,1168.49,1170.26,-1.77,-0.15%,-,-
7-Apr-26,^ZKEQTK,Zamara Kenya Equity Index (KES),2424.57,4790.09,4404.09,4404.09,4404.09,4356.75,47.34,1.09%,-,-
7-Apr-26,^ZKEQTU,Zamara Kenya Equity Index (USD),1610.77,3197.11,2915.74,2915.74,2915.74,2882.74,33,1.14%,-,-
8-Apr-26,EGAD,Eaagads Ltd,11,35.25,28.05,31,28.25,29.4,-1.15,-3.91%,2403,-
8-Apr-26,KUKZ,Kakuzi Plc,365,440,405,429,427.75,422.75,5,1.18%,111,-
8-Apr-26,KAPC,Kapchorua Tea Kenya Plc,198,424.25,235,245,245,238.75,6.25,2.62%,1648,-
8-Apr-26,LIMT,Limuru Tea Plc,295,555,500,530,514,514,-,-,7,-
8-Apr-26,SASN,Sasini Plc,13.3,33.9,24.5,27.5,26.5,25.05,1.45,5.79%,29908,-
8-Apr-26,WTK,Williamson Tea Kenya Plc,136,350,137.75,150,138.25,138.5,-0.25,-0.18%,45927,-
8-Apr-26,CGEN,Car and General (K) Ltd,19.8,74.25,63.5,68.5,67,66,1,1.52%,1761,-
8-Apr-26,ABSA,ABSA Bank Kenya Plc,15,33,29.9,31.5,30.95,29.85,1.1,3.69%,1357393,-
8-Apr-26,BKG,BK Group Plc,28.75,52,47,49,48.9,47.05,1.85,3.93%,22601,-
8-Apr-26,COOP,Co-operative Bank of Kenya Ltd,13.8,31.5,28.75,31,30,28.75,1.25,4.35%,686820,-
8-Apr-26,DTK,Diamond Trust Bank Kenya Ltd,66,170,147.5,158,151,148,3,2.03%,19189,-
8-Apr-26,EQTY,Equity Group Holdings Plc,41.2,80,70.5,75,71.5,70,1.5,2.14%,2647989,-
8-Apr-26,HFCK,HF Group Ltd,5.3,11.5,9.5,10.2,9.82,9.34,0.48,5.14%,1011154,-
8-Apr-26,IMH,I & M Holdings Plc,29.5,52,49.7,51.5,50.5,49.3,1.2,2.43%,156106,-
8-Apr-26,KCB,KCB Group Plc,35,80.5,67.5,71,69.5,67.5,2,2.96%,2909052,-
8-Apr-26,NCBA,NCBA Group Plc,48,100,89.75,91,90.25,90.5,-0.25,-0.28%,64805,-
8-Apr-26,SBIC,Stanbic Holdings Plc,147,283,275,280,279.75,275,4.75,1.73%,36657,-
8-Apr-26,SCBK,Standard Chartered Bank Kenya Ltd,260,365,340,349.75,345.5,339.25,6.25,1.84%,19109,-
8-Apr-26,DCON,Deacons (East Africa) Plc,0.45,0.45,0.45,0.45,0.45,0.45,-,-,-,-
8-Apr-26,EVRD,Eveready East Africa Ltd,0.75,1.78,1.14,1.2,1.16,1.17,-0.01,-0.85%,307495,-
8-Apr-26,XPRS,Express Kenya Plc,2.8,10,7.46,7.86,7.74,7.46,0.28,3.75%,929,-
8-Apr-26,HBE,Homeboyz Entertainment Plc,4.66,4.66,4.66,4.66,4.66,4.66,-,-,-,-
8-Apr-26,KQ,Kenya Airways Plc,1.56,6.86,6.02,6.56,6.44,5.98,0.46,7.69%,2809363,-
8-Apr-26,LKL,Longhorn Publishers Plc,2.35,3.5,2.7,3,2.8,3,-0.2,-6.67%,11816,-
8-Apr-26,NBV,Nairobi Business Ventures Ltd,1.33,2.16,1.4,1.5,1.44,1.47,-0.03,-2.04%,337978,-
8-Apr-26,NMG,Nation Media Group Plc,10.05,20,14,15.15,15,14.35,0.65,4.53%,13163,-
8-Apr-26,SMER,Sameer Africa Plc,2.7,21.5,16.1,16.65,16.35,16.3,0.05,0.31%,3544,-
8-Apr-26,SGL,Standard Group Plc,5.2,7.14,6,6.38,6.3,6.32,-0.02,-0.32%,1284,-
8-Apr-26,TPSE,TPS Eastern Africa (Serena) Ltd,13.05,18.2,15.8,16.45,15.9,16.05,-0.15,-0.93%,1421,-
8-Apr-26,UCHM,Uchumi Supermarket Plc,0.23,2.93,1.97,2.06,2.01,2.01,-,-,454363,-
8-Apr-26,SCAN,WPP ScanGroup Plc,2,3.33,2.28,2.35,2.32,2.39,-0.07,-2.93%,52546,-
8-Apr-26,ARM,ARM Cement Plc,5.55,5.55,5.55,5.55,5.55,5.55,-,-,-,-
8-Apr-26,BAMB,Bamburi Cement Ltd,47.2,56.5,47.2,47.2,47.2,47.2,-,-,-,-
8-Apr-26,CRWN,Crown Paints Kenya Plc,33.95,70.75,56.5,59,58,55,3,5.45%,1815,-
8-Apr-26,CABL,East African Cables Plc,1,2.44,1,1,1,1,-,-,-,-
8-Apr-26,PORT,East African Portland Cement Ltd,28,101,75,82,81.25,79.5,1.75,2.20%,1152,-
8-Apr-26,KEGN,Kenya Electricity Generating Company Plc,4.5,10.75,9,9.32,9.12,9.18,-0.06,-0.65%,1335288,-
8-Apr-26,KPC,Kenya Pipeline Company Plc,9,9.5,9.06,9.22,9.14,9.16,-0.02,-0.22%,1011345,-
8-Apr-26,KPLC-P4,KPLC-P4,4,5,5,5,5,5,-,-,-,-
8-Apr-26,KPLC-P7,KPLC-P7,6,6,6,6,6,6,-,-,-,-
8-Apr-26,KPLC,Kenya Power and Lighting Company Plc,5.7,19,16.7,17.05,16.95,16.75,0.2,1.19%,690945,-
8-Apr-26,TOTL,TotalEnergies Marketing Kenya Plc,21,47,39,43,40.7,39.6,1.1,2.78%,53772,-
8-Apr-26,UMME,Umeme Ltd,5.8,24.75,8.3,8.6,8.5,7.9,0.6,7.59%,53240,-
8-Apr-26,BRIT,Britam Holdings Plc,5.92,13.4,12,12.85,12.15,12.1,0.05,0.41%,224512,-
8-Apr-26,CIC,CIC Insurance Group Ltd,2.55,6.62,4.42,4.75,4.52,4.46,0.06,1.35%,647710,-
8-Apr-26,JUB,Jubilee Holdings Ltd,182,437.75,370,400,380.5,391.75,-11.25,-2.87%,261,-
8-Apr-26,KNRE,Kenya Re-Insurance Corporation Ltd,1.5,4.02,3.4,3.53,3.46,3.28,0.18,5.49%,1434696,-
8-Apr-26,LBTY,Liberty Kenya Holdings Ltd,9.1,12.2,9.9,10.2,9.98,10,-0.02,-0.20%,10501,-
8-Apr-26,SLAM,Sanlam Allianz Holdings (Kenya) Plc,5.5,11,9.52,10,9.8,9.82,-0.02,-0.20%,9971,-
8-Apr-26,CTUM,Centum Investment Company Plc,10.85,16.75,12.6,14.6,13,13.3,-0.3,-2.26%,92745,-
8-Apr-26,HAFR,Home Afrika Ltd,0.48,1.93,1.45,1.53,1.49,1.48,0.01,0.68%,221192,-
8-Apr-26,KURV,Kurwitu Ventures Ltd,1400,1500,1495,1495,1500,1500,-,-,2,-
8-Apr-26,OCH,Olympia Capital Holdings Ltd,3.12,9,7.1,7.36,7.22,7.08,0.14,1.98%,1313,-
8-Apr-26,TCL,Trans-Century Plc,0.71,1.4,0.71,0.71,0.71,0.71,-,-,-,-
8-Apr-26,NSE,Nairobi Securities Exchange Plc,6.5,25.9,19.5,20.95,19.8,19.8,-,-,301343,-
8-Apr-26,AMAC,Africa Mega Agricorp Plc,51,118.25,112,118,116.75,113,3.75,3.32%,768,-
8-Apr-26,BOC,BOC Kenya Plc,76,150,123,126,124.5,124.75,-0.25,-0.20%,118,-
8-Apr-26,BAT,British American Tobacco Kenya Plc,345,629,573,580,575,574,1,0.17%,21722,-
8-Apr-26,CARB,Carbacid Investments Plc,18,33,28,29.9,28.75,28.55,0.2,0.70%,25506,-
8-Apr-26,EABL,East African Breweries Ltd,167,351,250,254,252,251.75,0.25,0.10%,138621,-
8-Apr-26,FTGH,Flame Tree Group Holdings Ltd,1.05,3.11,2.46,2.7,2.57,2.52,0.05,1.98%,91892,-
8-Apr-26,MSC,Mumias Sugar Company Ltd,0.27,0.27,0.27,0.27,0.27,0.27,-,-,-,-
8-Apr-26,SKL,Shri Krishana Overseas Plc,5.8,12,8.7,9.4,9.4,9.34,0.06,0.64%,4642,-
8-Apr-26,UNGA,Unga Group Ltd,18.05,34,27.7,30.2,29.85,28,1.85,6.61%,8623,-
8-Apr-26,SCOM,Safaricom Plc,17,34.2,28.4,30.2,29.3,28.4,0.9,3.17%,6218998,-
8-Apr-26,ALP,Africa Logistics Properties Industria...,1,1,1,1,1,1,-,-,-,-
8-Apr-26,LAPR,LAPTrust Imara Income-REIT,20,20,20,20,20,20,-,-,-,-
8-Apr-26,GLD,ABSA NewGold ETF,881,9800,5800,6000,5880,5790,90,1.55%,175,-
8-Apr-26,SMWF,Satrix MSCI World Feeder ETF,755,1050,840,865,801,801,-,-,31,-
8-Apr-26,^N10I,NSE 10-Share Index,1250.85,2271.75,2133.17,2133.17,2133.17,2078.27,54.9,2.64%,-,-
8-Apr-26,^N20I,NSE 20-Share Index,2092.84,3758.73,3557.85,3557.85,3557.85,3490.56,67.29,1.93%,-,-
8-Apr-26,^N25I,NSE 25-Share Index,3314.15,5948.29,5663.83,5663.83,5663.83,5543.64,120.19,2.17%,-,-
8-Apr-26,^NASI,NSE All-Share Index,123.6,216.69,204.25,204.25,204.25,199.65,4.6,2.30%,-,-
8-Apr-26,^NBSI,NSE Banking Sector Index,149.92,245.9,235.3,235.3,235.3,229.58,5.72,2.49%,-,-
8-Apr-26,^NBDI,NSE Bonds Index,1140.96,1210.41,1172.25,1172.25,1172.25,1168.49,3.76,0.32%,-,-
8-Apr-26,^ZKEQTK,Zamara Kenya Equity Index (KES),2424.57,4790.09,4511.86,4511.86,4511.86,4404.09,107.77,2.45%,-,-
8-Apr-26,^ZKEQTU,Zamara Kenya Equity Index (USD),1610.77,3197.11,3002.09,3002.09,3002.09,2915.74,86.35,2.96%,-,-
9-Apr-26,EGAD,Eaagads Ltd,11,35.25,28.05,30.5,28.3,28.25,0.05,0.18%,1489,-
9-Apr-26,KUKZ,Kakuzi Plc,365,440,427,427.75,427.75,427.75,-,-,148,-
9-Apr-26,KAPC,Kapchorua Tea Kenya Plc,198,424.25,241,244,243.75,245,-1.25,-0.51%,206,-
9-Apr-26,LIMT,Limuru Tea Plc,295,555,500,530,514,514,-,-,5,-
9-Apr-26,SASN,Sasini Plc,13.3,33.9,26.5,27.5,26.95,26.5,0.45,1.70%,3564,-
9-Apr-26,WTK,Williamson Tea Kenya Plc,136,350,138,140,138.5,138.25,0.25,0.18%,9498,-
9-Apr-26,CGEN,Car and General (K) Ltd,19.8,74.25,66.5,68,67.75,67,0.75,1.12%,105,-
9-Apr-26,ABSA,ABSA Bank Kenya Plc,15,33,30,31.5,30.85,30.95,-0.1,-0.32%,294957,-
9-Apr-26,BKG,BK Group Plc,28.75,52,48.2,52,48.55,48.9,-0.35,-0.72%,29504,-
9-Apr-26,COOP,Co-operative Bank of Kenya Ltd,13.8,31.5,29.95,31,30.75,30,0.75,2.50%,879108,-
9-Apr-26,DTK,Diamond Trust Bank Kenya Ltd,66,170,149,156.75,149.75,151,-1.25,-0.83%,201203,-
9-Apr-26,EQTY,Equity Group Holdings Plc,41.2,80,72.75,75,73.25,71.5,1.75,2.45%,4102121,-
9-Apr-26,HFCK,HF Group Ltd,5.3,11.5,9.5,9.98,9.7,9.82,-0.12,-1.22%,334779,-
9-Apr-26,IMH,I & M Holdings Plc,29.5,52,50,50.75,50.5,50.5,-,-,137777,-
9-Apr-26,KCB,KCB Group Plc,36.5,80.5,70,71.25,70.25,69.5,0.75,1.08%,5431787,-
9-Apr-26,NCBA,NCBA Group Plc,48,100,90,91,90.5,90.25,0.25,0.28%,39074,-
9-Apr-26,SBIC,Stanbic Holdings Plc,147,300,280,283,280.5,279.75,0.75,0.27%,10543,-
9-Apr-26,SCBK,Standard Chartered Bank Kenya Ltd,260,365,342,349.75,345.75,345.5,0.25,0.07%,6126,-
9-Apr-26,DCON,Deacons (East Africa) Plc,0.45,0.45,0.45,0.45,0.45,0.45,-,-,-,-
9-Apr-26,EVRD,Eveready East Africa Ltd,0.75,1.78,1.15,1.2,1.18,1.16,0.02,1.72%,474991,-
9-Apr-26,XPRS,Express Kenya Plc,2.8,10,7.5,7.7,7.56,7.74,-0.18,-2.33%,2149,-
9-Apr-26,HBE,Homeboyz Entertainment Plc,4.66,4.66,4.66,4.66,4.66,4.66,-,-,-,-
9-Apr-26,KQ,Kenya Airways Plc,1.56,7.02,6.52,6.86,6.7,6.44,0.26,4.04%,3913134,-
9-Apr-26,LKL,Longhorn Publishers Plc,2.35,3.5,2.8,3,2.92,2.8,0.12,4.29%,3939,-
9-Apr-26,NBV,Nairobi Business Ventures Ltd,1.33,2.16,1.4,1.56,1.45,1.44,0.01,0.69%,31848,-
9-Apr-26,NMG,Nation Media Group Plc,10.05,20,14,14.75,14.35,15,-0.65,-4.33%,17812,-
9-Apr-26,SMER,Sameer Africa Plc,2.7,21.5,15.9,16.15,16.05,16.35,-0.3,-1.83%,10403,-
9-Apr-26,SGL,Standard Group Plc,5.2,7.14,6,6.38,6.16,6.3,-0.14,-2.22%,2614,-
9-Apr-26,TPSE,TPS Eastern Africa (Serena) Ltd,13.05,18.2,15.6,16.6,16.55,15.9,0.65,4.09%,684,-
9-Apr-26,UCHM,Uchumi Supermarket Plc,0.23,2.93,1.81,2,1.89,2.01,-0.12,-5.97%,662080,-
9-Apr-26,SCAN,WPP ScanGroup Plc,2,3.33,2.2,2.34,2.29,2.32,-0.03,-1.29%,21469,-
9-Apr-26,ARM,ARM Cement Plc,5.55,5.55,5.55,5.55,5.55,5.55,-,-,-,-
9-Apr-26,BAMB,Bamburi Cement Ltd,47.2,56.5,47.2,47.2,47.2,47.2,-,-,-,-
9-Apr-26,CRWN,Crown Paints Kenya Plc,33.95,70.75,54.75,60,59.25,58,1.25,2.16%,2049,-
9-Apr-26,CABL,East African Cables Plc,1,2.44,1,1,1,1,-,-,-,-
9-Apr-26,PORT,East African Portland Cement Ltd,28,101,74.5,80,80,81.25,-1.25,-1.54%,434,-
9-Apr-26,KEGN,Kenya Electricity Generating Company Plc,4.52,10.75,9.08,9.5,9.16,9.12,0.04,0.44%,818809,-
9-Apr-26,KPC,Kenya Pipeline Company Plc,9,9.5,9.06,9.46,9.28,9.14,0.14,1.53%,2374806,-
9-Apr-26,KPLC-P4,KPLC-P4,4,5,5,5,5,5,-,-,-,-
9-Apr-26,KPLC-P7,KPLC-P7,6,6,6,6,6,6,-,-,-,-
9-Apr-26,KPLC,Kenya Power and Lighting Company Plc,5.7,19,16.95,17.3,17,16.95,0.05,0.29%,2011163,-
9-Apr-26,TOTL,TotalEnergies Marketing Kenya Plc,21,47,40,43,42.7,40.7,2,4.91%,3174,-
9-Apr-26,UMME,Umeme Ltd,5.8,24.75,8.3,8.6,8.5,8.5,-,-,305002,-
9-Apr-26,BRIT,Britam Holdings Plc,5.92,13.4,11.8,12.5,12.05,12.15,-0.1,-0.82%,195818,-
9-Apr-26,CIC,CIC Insurance Group Ltd,2.55,6.62,4.52,4.75,4.7,4.52,0.18,3.98%,100584,-
9-Apr-26,JUB,Jubilee Holdings Ltd,182,437.75,350.75,410,399.75,380.5,19.25,5.06%,25581,-
9-Apr-26,KNRE,Kenya Re-Insurance Corporation Ltd,1.5,4.02,3.34,3.45,3.41,3.46,-0.05,-1.45%,2538018,-
9-Apr-26,LBTY,Liberty Kenya Holdings Ltd,9.1,12.2,9.6,10.3,9.82,9.98,-0.16,-1.60%,33308,-
9-Apr-26,SLAM,Sanlam Allianz Holdings (Kenya) Plc,5.5,11,9,9.9,9.5,9.8,-0.3,-3.06%,8678,-
9-Apr-26,CTUM,Centum Investment Company Plc,10.85,16.75,13.5,14,13.9,13,0.9,6.92%,7954,-
9-Apr-26,HAFR,Home Afrika Ltd,0.48,1.93,1.35,1.49,1.42,1.49,-0.07,-4.70%,1110003,-
9-Apr-26,KURV,Kurwitu Ventures Ltd,1400,1500,1500,1500,1500,1500,-,-,-,-
9-Apr-26,OCH,Olympia Capital Holdings Ltd,3.12,9,7.02,7.3,7.12,7.22,-0.1,-1.39%,554,-
9-Apr-26,TCL,Trans-Century Plc,0.71,1.4,0.71,0.71,0.71,0.71,-,-,-,-
9-Apr-26,NSE,Nairobi Securities Exchange Plc,6.5,25.9,20.5,21.75,21.15,19.8,1.35,6.82%,91130,-
9-Apr-26,AMAC,Africa Mega Agricorp Plc,51,118.25,108,118,113.5,116.75,-3.25,-2.78%,527,-
9-Apr-26,BOC,BOC Kenya Plc,76,150,123,127,126,124.5,1.5,1.20%,122211,-
9-Apr-26,BAT,British American Tobacco Kenya Plc,345,629,566,575,572,575,-3,-0.52%,4603,-
9-Apr-26,CARB,Carbacid Investments Plc,18,33,29.6,29.95,29.95,28.75,1.2,4.17%,30285,-
9-Apr-26,EABL,East African Breweries Ltd,167,351,250.25,254,252,252,-,-,83266,-
9-Apr-26,FTGH,Flame Tree Group Holdings Ltd,1.05,3.11,2.48,2.56,2.5,2.57,-0.07,-2.72%,24427,-
9-Apr-26,MSC,Mumias Sugar Company Ltd,0.27,0.27,0.27,0.27,0.27,0.27,-,-,-,-
9-Apr-26,SKL,Shri Krishana Overseas Plc,5.8,12,9,9.5,9.44,9.4,0.04,0.43%,5298,-
9-Apr-26,UNGA,Unga Group Ltd,18.05,34,29,30.15,29.85,29.85,-,-,673,-
9-Apr-26,SCOM,Safaricom Plc,17,34.2,29,30.2,29.45,29.3,0.15,0.51%,6932985,-
9-Apr-26,ALP,Africa Logistics Properties Industria...,1,1,1,1,1,1,-,-,-,-
9-Apr-26,LAPR,LAPTrust Imara Income-REIT,20,20,20,20,20,20,-,-,-,-
9-Apr-26,GLD,ABSA NewGold ETF,881,9800,5715,5995,5830,5880,-50,-0.85%,434,-
9-Apr-26,SMWF,Satrix MSCI World Feeder ETF,755,1050,821,824,801,801,-,-,44,-
9-Apr-26,^N10I,NSE 10-Share Index,1268.27,2271.75,2153.81,2153.81,2153.81,2133.17,20.64,0.97%,-,-
9-Apr-26,^N20I,NSE 20-Share Index,2092.84,3758.73,3580.18,3580.18,3580.18,3557.85,22.33,0.63%,-,-
9-Apr-26,^N25I,NSE 25-Share Index,3365.92,5948.29,5713.43,5713.43,5713.43,5663.83,49.6,0.88%,-,-
9-Apr-26,^NASI,NSE All-Share Index,125.33,216.69,205.79,205.79,205.79,204.25,1.54,0.75%,-,-
9-Apr-26,^NBSI,NSE Banking Sector Index,149.92,245.9,237.55,237.55,237.55,235.3,2.25,0.96%,-,-
9-Apr-26,^NBDI,NSE Bonds Index,1140.96,1210.41,1167.42,1167.42,1167.42,1172.25,-4.83,-0.41%,-,-
9-Apr-26,^ZKEQTK,Zamara Kenya Equity Index (KES),2473.14,4790.09,4556.99,4556.99,4556.99,4511.86,45.13,1.00%,-,-
9-Apr-26,^ZKEQTU,Zamara Kenya Equity Index (USD),1641.77,3197.11,3035.64,3035.64,3035.64,3002.09,33.55,1.12%,-,-
10-Apr-26,EGAD,Eaagads Ltd,11,35.25,25.5,31.1,31,28.3,2.7,9.54%,3714,-
10-Apr-26,KUKZ,Kakuzi Plc,365,440,405,427.75,412.5,427.75,-15.25,-3.57%,271,-
10-Apr-26,KAPC,Kapchorua Tea Kenya Plc,198,424.25,240,245,240.5,243.75,-3.25,-1.33%,2128,-
10-Apr-26,LIMT,Limuru Tea Plc,295,555,502,529,514,514,-,-,13,-
10-Apr-26,SASN,Sasini Plc,13.3,33.9,26.75,27.5,27.2,26.95,0.25,0.93%,6754,-
10-Apr-26,WTK,Williamson Tea Kenya Plc,136,350,137.75,140,138.5,138.5,-,-,4460,-
10-Apr-26,CGEN,Car and General (K) Ltd,19.8,74.25,66,68.25,67.5,67.75,-0.25,-0.37%,1171,-
10-Apr-26,ABSA,ABSA Bank Kenya Plc,15,33,30.8,31,30.9,30.85,0.05,0.16%,267751,-
10-Apr-26,BKG,BK Group Plc,28.75,52,48.4,49,48.55,48.55,-,-,33172,-
10-Apr-26,COOP,Co-operative Bank of Kenya Ltd,13.8,31.5,30.45,31.4,30.9,30.75,0.15,0.49%,1403169,-
10-Apr-26,DTK,Diamond Trust Bank Kenya Ltd,66,170,150,159.75,150.75,149.75,1,0.67%,41662,-
10-Apr-26,EQTY,Equity Group Holdings Plc,41.2,80,74,75.5,74.25,73.25,1,1.37%,1859347,-
10-Apr-26,HFCK,HF Group Ltd,5.3,11.5,9.4,9.8,9.56,9.7,-0.14,-1.44%,200013,-
10-Apr-26,IMH,I & M Holdings Plc,29.5,52,50.75,52,51.5,50.5,1,1.98%,116974,-
10-Apr-26,KCB,KCB Group Plc,36.5,80.5,70.5,71.5,71,70.25,0.75,1.07%,317275,-
10-Apr-26,NCBA,NCBA Group Plc,48,100,90,90.75,90,90.5,-0.5,-0.55%,60084,-
10-Apr-26,SBIC,Stanbic Holdings Plc,147,300,278,300,280.5,280.5,-,-,9262,-
10-Apr-26,SCBK,Standard Chartered Bank Kenya Ltd,260,365,341,349.5,343.75,345.75,-2,-0.58%,33253,-
10-Apr-26,DCON,Deacons (East Africa) Plc,0.45,0.45,0.45,0.45,0.45,0.45,-,-,-,-
10-Apr-26,EVRD,Eveready East Africa Ltd,0.75,1.78,1.15,1.21,1.19,1.18,0.01,0.85%,704401,-
10-Apr-26,XPRS,Express Kenya Plc,2.8,10,7,7.86,7.7,7.56,0.14,1.85%,27092,-
10-Apr-26,HBE,Homeboyz Entertainment Plc,4.66,4.66,4.66,4.66,4.66,4.66,-,-,-,-
10-Apr-26,KQ,Kenya Airways Plc,1.56,7.02,6.78,7.02,6.9,6.7,0.2,2.99%,3697788,-
10-Apr-26,LKL,Longhorn Publishers Plc,2.35,3.5,2.92,3,2.99,2.92,0.07,2.40%,5598,-
10-Apr-26,NBV,Nairobi Business Ventures Ltd,1.33,2.16,1.4,1.51,1.48,1.45,0.03,2.07%,40455,-
10-Apr-26,NMG,Nation Media Group Plc,10.05,20,14.55,15,15,14.35,0.65,4.53%,13554,-
10-Apr-26,SMER,Sameer Africa Plc,2.7,21.5,15.9,16.15,16.05,16.05,-,-,2285,-
10-Apr-26,SGL,Standard Group Plc,5.2,7.14,6,6.3,6.06,6.16,-0.1,-1.62%,2194,-
10-Apr-26,TPSE,TPS Eastern Africa (Serena) Ltd,13.05,18.2,16,17,16.55,16.55,-,-,6904,-
10-Apr-26,UCHM,Uchumi Supermarket Plc,0.23,2.93,1.98,2.07,2,1.89,0.11,5.82%,772188,-
10-Apr-26,SCAN,WPP ScanGroup Plc,2,3.33,2.29,2.33,2.3,2.29,0.01,0.44%,6515,-
10-Apr-26,ARM,ARM Cement Plc,5.55,5.55,5.55,5.55,5.55,5.55,-,-,-,-
10-Apr-26,BAMB,Bamburi Cement Ltd,47.2,56.5,47.2,47.2,47.2,47.2,-,-,-,-
10-Apr-26,CRWN,Crown Paints Kenya Plc,33.95,70.75,54.75,60,58.75,59.25,-0.5,-0.84%,2955,-
10-Apr-26,CABL,East African Cables Plc,1,2.44,1,1,1,1,-,-,-,-
10-Apr-26,PORT,East African Portland Cement Ltd,28,101,72,83,75.5,80,-4.5,-5.63%,579,-
10-Apr-26,KEGN,Kenya Electricity Generating Company Plc,4.52,10.75,9.2,9.5,9.32,9.16,0.16,1.75%,572955,-
10-Apr-26,KPC,Kenya Pipeline Company Plc,9,9.5,9.24,9.5,9.3,9.28,0.02,0.22%,1074982,-
10-Apr-26,KPLC-P4,KPLC-P4,4,5,5,5,5,5,-,-,-,-
10-Apr-26,KPLC-P7,KPLC-P7,6,6,6,6,6,6,-,-,-,-
10-Apr-26,KPLC,Kenya Power and Lighting Company Plc,5.7,19,16.95,17.3,17,17,-,-,533652,-
10-Apr-26,TOTL,TotalEnergies Marketing Kenya Plc,21,47,42.7,43.55,43.1,42.7,0.4,0.94%,14557,-
10-Apr-26,UMME,Umeme Ltd,5.8,24.75,8.4,8.5,8.42,8.5,-0.08,-0.94%,9831,-
10-Apr-26,BRIT,Britam Holdings Plc,5.92,13.4,12,12.5,12.05,12.05,-,-,241697,-
10-Apr-26,CIC,CIC Insurance Group Ltd,2.55,6.62,4.6,4.75,4.7,4.7,-,-,84018,-
10-Apr-26,JUB,Jubilee Holdings Ltd,182,437.75,370.25,400,390,399.75,-9.75,-2.44%,5139,-
10-Apr-26,KNRE,Kenya Re-Insurance Corporation Ltd,1.5,4.02,3.36,3.45,3.4,3.41,-0.01,-0.29%,1837524,-
10-Apr-26,LBTY,Liberty Kenya Holdings Ltd,9.1,12.2,9.8,10.2,9.88,9.82,0.06,0.61%,11032,-
10-Apr-26,SLAM,Sanlam Allianz Holdings (Kenya) Plc,5.5,11,9.5,9.98,9.9,9.5,0.4,4.21%,19302,-
10-Apr-26,CTUM,Centum Investment Company Plc,10.85,16.75,13.8,14,13.95,13.9,0.05,0.36%,27986,-
10-Apr-26,HAFR,Home Afrika Ltd,0.48,1.93,1.4,1.5,1.44,1.42,0.02,1.41%,391700,-
10-Apr-26,KURV,Kurwitu Ventures Ltd,1400,1500,1495,1495,1500,1500,-,-,3,-
10-Apr-26,OCH,Olympia Capital Holdings Ltd,3.12,9,7.06,7.8,7.7,7.12,0.58,8.15%,1649,-
10-Apr-26,TCL,Trans-Century Plc,0.71,1.4,0.71,0.71,0.71,0.71,-,-,-,-
10-Apr-26,NSE,Nairobi Securities Exchange Plc,6.5,25.9,20.5,21.15,20.95,21.15,-0.2,-0.95%,131683,-
10-Apr-26,AMAC,Africa Mega Agricorp Plc,51,118.25,110,118,113.5,113.5,-,-,65,-
10-Apr-26,BOC,BOC Kenya Plc,76,150,123,127,124.75,126,-1.25,-0.99%,330,-
10-Apr-26,BAT,British American Tobacco Kenya Plc,345,629,567,574,572,572,-,-,15206,-
10-Apr-26,CARB,Carbacid Investments Plc,18,33,28,30.3,28.9,29.95,-1.05,-3.51%,12804,-
10-Apr-26,EABL,East African Breweries Ltd,167,351,250,255,251.25,252,-0.75,-0.30%,170911,-
10-Apr-26,FTGH,Flame Tree Group Holdings Ltd,1.05,3.11,2.4,2.53,2.5,2.5,-,-,20681,-
10-Apr-26,MSC,Mumias Sugar Company Ltd,0.27,0.27,0.27,0.27,0.27,0.27,-,-,-,-
10-Apr-26,SKL,Shri Krishana Overseas Plc,5.8,12,9,9.5,9.46,9.44,0.02,0.21%,3339,-
10-Apr-26,UNGA,Unga Group Ltd,18.05,34,29,30,29.45,29.85,-0.4,-1.34%,707,-
10-Apr-26,SCOM,Safaricom Plc,17,34.2,29.2,29.95,29.75,29.45,0.3,1.02%,835574,-
10-Apr-26,ALP,Africa Logistics Properties Industria...,1,1,1,1,1,1,-,-,-,-
10-Apr-26,LAPR,LAPTrust Imara Income-REIT,20,20,20,20,20,20,-,-,-,-
10-Apr-26,GLD,ABSA NewGold ETF,881,9800,5700,6010,5830,5830,-,-,78,-
10-Apr-26,SMWF,Satrix MSCI World Feeder ETF,755,1050,824,865,865,801,64,7.99%,514,-
10-Apr-26,^N10I,NSE 10-Share Index,1268.27,2271.75,2170.69,2170.69,2170.69,2153.81,16.88,0.78%,-,-
10-Apr-26,^N20I,NSE 20-Share Index,2092.84,3758.73,3590.25,3590.25,3590.25,3580.18,10.07,0.28%,-,-
10-Apr-26,^N25I,NSE 25-Share Index,3365.92,5948.29,5742.68,5742.68,5742.68,5713.43,29.25,0.51%,-,-
10-Apr-26,^NASI,NSE All-Share Index,125.33,216.69,207.01,207.01,207.01,205.79,1.22,0.59%,-,-
10-Apr-26,^NBSI,NSE Banking Sector Index,149.92,245.9,238.86,238.86,238.86,237.55,1.31,0.55%,-,-
10-Apr-26,^NBDI,NSE Bonds Index,1140.96,1210.41,1170.17,1170.17,1170.17,1167.42,2.75,0.24%,-,-
10-Apr-26,^ZKEQTK,Zamara Kenya Equity Index (KES),2473.14,4790.09,4591.12,4591.12,4591.12,4556.99,34.13,0.75%,-,-
10-Apr-26,^ZKEQTU,Zamara Kenya Equity Index (USD),1641.77,3197.11,3060.75,3060.75,3060.75,3035.64,25.11,0.83%,-,-
13-Apr-26,EGAD,Eaagads Ltd,11,35.25,31.1,32,31.3,31,0.3,0.97%,1999,-
13-Apr-26,KUKZ,Kakuzi Plc,365,440,406,425,423.75,412.5,11.25,2.73%,153,-
13-Apr-26,KAPC,Kapchorua Tea Kenya Plc,198,424.25,243.5,243.75,243.75,240.5,3.25,1.35%,118,-
13-Apr-26,LIMT,Limuru Tea Plc,295,555,500,520,511,514,-3,-0.58%,117,-
13-Apr-26,SASN,Sasini Plc,13.3,33.9,26.7,27.55,27,27.2,-0.2,-0.74%,31816,-
13-Apr-26,WTK,Williamson Tea Kenya Plc,136,350,137.75,139,138.25,138.5,-0.25,-0.18%,4335,-
13-Apr-26,CGEN,Car and General (K) Ltd,19.8,74.25,66.5,68.25,66.75,67.5,-0.75,-1.11%,1401,-
13-Apr-26,ABSA,ABSA Bank Kenya Plc,15,33,30,31,30.85,30.9,-0.05,-0.16%,187013,-
13-Apr-26,BKG,BK Group Plc,28.75,52,48.5,52,49.55,48.55,1,2.06%,27006,-
13-Apr-26,COOP,Co-operative Bank of Kenya Ltd,13.8,31.5,30.5,31.5,31.2,30.9,0.3,0.97%,615153,-
13-Apr-26,DTK,Diamond Trust Bank Kenya Ltd,66,170,151,155.75,154.75,150.75,4,2.65%,6447,-
13-Apr-26,EQTY,Equity Group Holdings Plc,41.2,80,73.75,75.5,74,74.25,-0.25,-0.34%,1353239,-
13-Apr-26,HFCK,HF Group Ltd,5.3,11.5,9.3,10.15,9.36,9.56,-0.2,-2.09%,422060,-
13-Apr-26,IMH,I & M Holdings Plc,29.5,52,50.5,52,51.25,51.5,-0.25,-0.49%,4267858,-
13-Apr-26,KCB,KCB Group Plc,37.5,80.5,69,72,70,71,-1,-1.41%,1005853,-
13-Apr-26,NCBA,NCBA Group Plc,48,100,89.75,90.5,90.25,90,0.25,0.28%,63553,-
13-Apr-26,SBIC,Stanbic Holdings Plc,147,300,280,282,280.25,280.5,-0.25,-0.09%,24989,-
13-Apr-26,SCBK,Standard Chartered Bank Kenya Ltd,260,365,345,349.75,348.5,343.75,4.75,1.38%,12182,-
13-Apr-26,DCON,Deacons (East Africa) Plc,0.45,0.45,0.45,0.45,0.45,0.45,-,-,-,-
13-Apr-26,EVRD,Eveready East Africa Ltd,0.75,1.78,1.12,1.19,1.16,1.19,-0.03,-2.52%,224674,-
13-Apr-26,XPRS,Express Kenya Plc,2.8,10,7.08,7.86,7.24,7.7,-0.46,-5.97%,699,-
13-Apr-26,HBE,Homeboyz Entertainment Plc,4.66,4.66,4.66,4.66,4.66,4.66,-,-,-,-
13-Apr-26,KQ,Kenya Airways Plc,1.56,7.58,7.06,7.58,7.4,6.9,0.5,7.25%,2837719,-
13-Apr-26,LKL,Longhorn Publishers Plc,2.35,3.5,2.98,3.13,3.04,2.99,0.05,1.67%,11793,-
13-Apr-26,NBV,Nairobi Business Ventures Ltd,1.33,2.16,1.4,1.5,1.44,1.48,-0.04,-2.70%,59624,-
13-Apr-26,NMG,Nation Media Group Plc,10.05,20,14,15.2,14.85,15,-0.15,-1.00%,14389,-
13-Apr-26,SMER,Sameer Africa Plc,2.7,21.5,16,16.15,16.1,16.05,0.05,0.31%,11471,-
13-Apr-26,SGL,Standard Group Plc,5.2,7.14,6,6.3,6.26,6.06,0.2,3.30%,3503,-
13-Apr-26,TPSE,TPS Eastern Africa (Serena) Ltd,13.05,18.2,16,17,17,16.55,0.45,2.72%,100080,-
13-Apr-26,UCHM,Uchumi Supermarket Plc,0.23,2.93,1.97,2.03,2,2,-,-,264353,-
13-Apr-26,SCAN,WPP ScanGroup Plc,2,3.33,2.25,2.33,2.31,2.3,0.01,0.43%,38857,-
13-Apr-26,ARM,ARM Cement Plc,5.55,5.55,5.55,5.55,5.55,5.55,-,-,-,-
13-Apr-26,BAMB,Bamburi Cement Ltd,47.2,56.5,47.2,47.2,47.2,47.2,-,-,-,-
13-Apr-26,CRWN,Crown Paints Kenya Plc,33.95,70.75,54.75,64.5,56.75,58.75,-2,-3.40%,2585,-
13-Apr-26,CABL,East African Cables Plc,1,2.44,1,1,1,1,-,-,-,-
13-Apr-26,PORT,East African Portland Cement Ltd,28,101,76,83,79,75.5,3.5,4.64%,492,-
13-Apr-26,KEGN,Kenya Electricity Generating Company Plc,4.7,10.75,9.12,9.5,9.26,9.32,-0.06,-0.64%,591373,-
13-Apr-26,KPC,Kenya Pipeline Company Plc,9,9.56,9.28,9.56,9.4,9.3,0.1,1.08%,2134174,-
13-Apr-26,KPLC-P4,KPLC-P4,4,5,5,5,5,5,-,-,-,-
13-Apr-26,KPLC-P7,KPLC-P7,6,6,6,6,6,6,-,-,-,-
13-Apr-26,KPLC,Kenya Power and Lighting Company Plc,6,19,16.9,17.2,16.95,17,-0.05,-0.29%,289887,-
13-Apr-26,TOTL,TotalEnergies Marketing Kenya Plc,21,47,42.2,43.55,42.6,43.1,-0.5,-1.16%,3459,-
13-Apr-26,UMME,Umeme Ltd,5.8,24.75,8.12,8.5,8.34,8.42,-0.08,-0.95%,28018,-
13-Apr-26,BRIT,Britam Holdings Plc,5.92,13.4,12,12.5,12.1,12.05,0.05,0.41%,154058,-
13-Apr-26,CIC,CIC Insurance Group Ltd,2.55,6.62,4.5,4.75,4.63,4.7,-0.07,-1.49%,170974,-
13-Apr-26,JUB,Jubilee Holdings Ltd,182,437.75,380,399.75,386.25,390,-3.75,-0.96%,846,-
13-Apr-26,KNRE,Kenya Re-Insurance Corporation Ltd,1.5,4.02,3.39,3.45,3.41,3.4,0.01,0.29%,1592892,-
13-Apr-26,LBTY,Liberty Kenya Holdings Ltd,9.1,12.2,9.82,10.2,9.98,9.88,0.1,1.01%,8469,-
13-Apr-26,SLAM,Sanlam Allianz Holdings (Kenya) Plc,5.5,11,9.5,9.9,9.72,9.9,-0.18,-1.82%,5927,-
13-Apr-26,CTUM,Centum Investment Company Plc,10.85,16.75,13.8,14,13.95,13.95,-,-,20887,-
13-Apr-26,HAFR,Home Afrika Ltd,0.48,1.93,1.4,1.5,1.48,1.44,0.04,2.78%,551299,-
13-Apr-26,KURV,Kurwitu Ventures Ltd,1400,1500,1500,1500,1500,1500,-,-,-,-
13-Apr-26,OCH,Olympia Capital Holdings Ltd,3.12,9,7.02,7.38,7.04,7.7,-0.66,-8.57%,10385,-
13-Apr-26,TCL,Trans-Century Plc,0.71,1.39,0.71,0.71,0.71,0.71,-,-,-,-
13-Apr-26,NSE,Nairobi Securities Exchange Plc,6.5,25.9,19.95,20.95,20.35,20.95,-0.6,-2.86%,158082,-
13-Apr-26,AMAC,Africa Mega Agricorp Plc,51,120,109,120,115.5,113.5,2,1.76%,230,-
13-Apr-26,BOC,BOC Kenya Plc,76,150,119,127,121.5,124.75,-3.25,-2.61%,1305,-
13-Apr-26,BAT,British American Tobacco Kenya Plc,345,629,570,575,572,572,-,-,6458,-
13-Apr-26,CARB,Carbacid Investments Plc,18,33,28,29.5,28.6,28.9,-0.3,-1.04%,10011,-
13-Apr-26,EABL,East African Breweries Ltd,167,351,248,255,251.5,251.25,0.25,0.10%,3964,-
13-Apr-26,FTGH,Flame Tree Group Holdings Ltd,1.05,3.11,2.35,2.65,2.44,2.5,-0.06,-2.40%,21694,-
13-Apr-26,MSC,Mumias Sugar Company Ltd,0.27,0.27,0.27,0.27,0.27,0.27,-,-,-,-
13-Apr-26,SKL,Shri Krishana Overseas Plc,5.8,12,8.8,10.4,9.62,9.46,0.16,1.69%,8606,-
13-Apr-26,UNGA,Unga Group Ltd,18.05,34,27.7,30.2,28.8,29.45,-0.65,-2.21%,568,-
13-Apr-26,SCOM,Safaricom Plc,17,34.2,28.8,29.85,29.05,29.75,-0.7,-2.35%,2933703,-
13-Apr-26,ALP,Africa Logistics Properties Industria...,1,1,1,1,1,1,-,-,-,-
13-Apr-26,LAPR,LAPTrust Imara Income-REIT,20,20,20,20,20,20,-,-,-,-
13-Apr-26,GLD,ABSA NewGold ETF,881,9800,5700,5950,5735,5830,-95,-1.63%,3765,-
13-Apr-26,SMWF,Satrix MSCI World Feeder ETF,755,1050,825,860,849,865,-16,-1.85%,165,-
14-Apr-26,EGAD,Eaagads Ltd,11,37,28.2,32,31.65,31.3,0.35,1.12%,4267,-
14-Apr-26,KUKZ,Kakuzi Plc,365,440,407,425,422.75,423.75,-1,-0.24%,248,-
14-Apr-26,KAPC,Kapchorua Tea Kenya Plc,198,424.25,235,250,238.5,243.75,-5.25,-2.15%,1078,-
14-Apr-26,LIMT,Limuru Tea Plc,295,555,515,520,519,511,8,1.57%,140,-
14-Apr-26,SASN,Sasini Plc,13.3,33.9,25.1,27,25.95,27,-1.05,-3.89%,7863,-
14-Apr-26,WTK,Williamson Tea Kenya Plc,129.75,350,137,138,137,138.25,-1.25,-0.90%,6863,-
14-Apr-26,CGEN,Car and General (K) Ltd,19.95,85.5,66,68.25,66.5,66.75,-0.25,-0.37%,2045,-
14-Apr-26,ABSA,ABSA Bank Kenya Plc,16.95,33,30.8,31.5,30.95,30.85,0.1,0.32%,205470,-
14-Apr-26,BKG,BK Group Plc,28.75,58,49.8,52,50,49.55,0.45,0.91%,779733,-
14-Apr-26,COOP,Co-operative Bank of Kenya Ltd,14.95,34.3,31,34.3,31.9,31.2,0.7,2.24%,519504,-
14-Apr-26,DTK,Diamond Trust Bank Kenya Ltd,66,170,150,156,150.75,154.75,-4,-2.58%,32060,-
14-Apr-26,EQTY,Equity Group Holdings Plc,41.2,80,74.5,77,75.25,74,1.25,1.69%,438029,-
14-Apr-26,HFCK,HF Group Ltd,6,11.5,9.2,9.58,9.42,9.36,0.06,0.64%,372407,-
14-Apr-26,IMH,I & M Holdings Plc,31,52,50.5,51,51,51.25,-0.25,-0.49%,137616,-
14-Apr-26,KCB,KCB Group Plc,40.2,80.5,69.5,70,69.75,70,-0.25,-0.36%,280531,-
14-Apr-26,NCBA,NCBA Group Plc,50,100,89.5,90.5,89.75,90.25,-0.5,-0.55%,142906,-
14-Apr-26,SBIC,Stanbic Holdings Plc,147,300,280,298,283,280.25,2.75,0.98%,104079,-
14-Apr-26,SCBK,Standard Chartered Bank Kenya Ltd,261,370,345.75,350,349.5,348.5,1,0.29%,7040,-
14-Apr-26,DCON,Deacons (East Africa) Plc,0.45,0.45,0.45,0.45,0.45,0.45,-,-,-,-
14-Apr-26,EVRD,Eveready East Africa Ltd,0.8,1.78,1.05,1.19,1.16,1.16,-,-,465628,-
14-Apr-26,XPRS,Express Kenya Plc,2.8,10,7,7.7,7.14,7.24,-0.1,-1.38%,34903,-
14-Apr-26,HBE,Homeboyz Entertainment Plc,4.66,4.66,4.66,4.66,4.66,4.66,-,-,-,-
14-Apr-26,KQ,Kenya Airways Plc,1.56,8.92,7.64,8.14,8.12,7.4,0.72,9.73%,1480454,-
14-Apr-26,LKL,Longhorn Publishers Plc,2.38,3.5,2.98,3.14,3,3.04,-0.04,-1.32%,6262,-
14-Apr-26,NBV,Nairobi Business Ventures Ltd,1.28,2.16,1.34,1.49,1.44,1.44,-,-,116634,-
14-Apr-26,NMG,Nation Media Group Plc,10.8,20,14.25,15.5,15.25,14.85,0.4,2.69%,45425,-
14-Apr-26,SMER,Sameer Africa Plc,2.7,21.5,15.5,16,15.85,16.1,-0.25,-1.55%,7905,-
14-Apr-26,SGL,Standard Group Plc,5.4,7.14,6.2,6.52,6.26,6.26,-,-,4455,-
14-Apr-26,TPSE,TPS Eastern Africa (Serena) Ltd,13.05,18.2,16.5,17,16.75,17,-0.25,-1.47%,3122,-
14-Apr-26,UCHM,Uchumi Supermarket Plc,0.23,2.93,1.95,2,1.96,2,-0.04,-2.00%,254221,-
14-Apr-26,SCAN,WPP ScanGroup Plc,2,3.14,2.31,2.33,2.32,2.31,0.01,0.43%,22849,-
14-Apr-26,ARM,ARM Cement Plc,5.55,5.55,5.55,5.55,5.55,5.55,-,-,-,-
14-Apr-26,BAMB,Bamburi Cement Ltd,47.2,54,47.2,47.2,47.2,47.2,-,-,-,-
14-Apr-26,CRWN,Crown Paints Kenya Plc,35.25,70.75,55,60,55.5,56.75,-1.25,-2.20%,1040,-
14-Apr-26,CABL,East African Cables Plc,1,2.44,1,1,1,1,-,-,-,-
14-Apr-26,PORT,East African Portland Cement Ltd,28,101,75.25,82.75,77,79,-2,-2.53%,2426,-
14-Apr-26,KEGN,Kenya Electricity Generating Company Plc,4.85,10.75,9.24,9.36,9.3,9.26,0.04,0.43%,1277596,-
14-Apr-26,KPC,Kenya Pipeline Company Plc,9,9.94,9.1,9.5,9.24,9.4,-0.16,-1.70%,932681,-
14-Apr-26,KPLC-P4,KPLC-P4,4,5,5,5,5,5,-,-,-,-
14-Apr-26,KPLC-P7,KPLC-P7,6,6,6,6,6,6,-,-,-,-
14-Apr-26,KPLC,Kenya Power and Lighting Company Plc,6.8,19,16.85,17.15,16.95,16.95,-,-,538129,-
14-Apr-26,TOTL,TotalEnergies Marketing Kenya Plc,21,48.1,40,42.2,40.35,42.6,-2.25,-5.28%,4104,-
14-Apr-26,UMME,Umeme Ltd,5.8,24.75,8.12,8.46,8.32,8.34,-0.02,-0.24%,7900,-
14-Apr-26,BRIT,Britam Holdings Plc,6.5,13.4,12,12.5,12.15,12.1,0.05,0.41%,67923,-
14-Apr-26,CIC,CIC Insurance Group Ltd,2.55,6.62,4.5,4.75,4.64,4.63,0.01,0.22%,105110,-
14-Apr-26,JUB,Jubilee Holdings Ltd,205,437.75,375,394.75,380.25,386.25,-6,-1.55%,557,-
14-Apr-26,KNRE,Kenya Re-Insurance Corporation Ltd,1.66,4.02,3.35,3.45,3.38,3.41,-0.03,-0.88%,1326499,-
14-Apr-26,LBTY,Liberty Kenya Holdings Ltd,9,12.1,9.6,10.3,9.72,9.98,-0.26,-2.61%,7879,-
14-Apr-26,SLAM,Sanlam Allianz Holdings (Kenya) Plc,5.96,11,9.5,9.9,9.56,9.72,-0.16,-1.65%,10956,-
14-Apr-26,CTUM,Centum Investment Company Plc,10.95,16.75,13.7,14.5,14,13.95,0.05,0.36%,19388,-
14-Apr-26,HAFR,Home Afrika Ltd,0.48,1.93,1.4,1.5,1.47,1.48,-0.01,-0.68%,475703,-
14-Apr-26,KURV,Kurwitu Ventures Ltd,1400,1500,1500,1500,1500,1500,-,-,-,-
14-Apr-26,OCH,Olympia Capital Holdings Ltd,3.16,9,7.04,7.74,7.72,7.04,0.68,9.66%,7097,-
14-Apr-26,TCL,Trans-Century Plc,0.71,1.3,0.71,0.71,0.71,0.71,-,-,-,-
14-Apr-26,NSE,Nairobi Securities Exchange Plc,6.5,25.9,19.9,20.95,20.1,20.35,-0.25,-1.23%,105923,-
14-Apr-26,AMAC,Africa Mega Agricorp Plc,51,125,110,118,112.75,115.5,-2.75,-2.38%,1139,-
14-Apr-26,BOC,BOC Kenya Plc,80,160,119,126,125.25,121.5,3.75,3.09%,454,-
14-Apr-26,BAT,British American Tobacco Kenya Plc,345,629,568,574,570,572,-2,-0.35%,36891,-
14-Apr-26,CARB,Carbacid Investments Plc,19,33,28.7,29.9,28.95,28.6,0.35,1.22%,19408,-
14-Apr-26,EABL,East African Breweries Ltd,173,351,250,254.75,251,251.5,-0.5,-0.20%,204267,-
14-Apr-26,FTGH,Flame Tree Group Holdings Ltd,0.9,3.11,2.34,2.5,2.37,2.44,-0.07,-2.87%,37674,-
14-Apr-26,MSC,Mumias Sugar Company Ltd,0.27,0.27,0.27,0.27,0.27,0.27,-,-,-,-
14-Apr-26,SKL,Shri Krishana Overseas Plc,5.8,12,8.66,9.5,9.48,9.62,-0.14,-1.46%,2112,-
14-Apr-26,UNGA,Unga Group Ltd,18.05,34,27.8,30.15,29.5,28.8,0.7,2.43%,15927,-
14-Apr-26,SCOM,Safaricom Plc,19.5,34.2,28.8,29.35,29,29.05,-0.05,-0.17%,4107838,-
14-Apr-26,ALP,Africa Logistics Properties Industria...,1,1.02,1,1,1,1,-,-,-,-
14-Apr-26,LAPR,LAPTrust Imara Income-REIT,20,20,20,20,20,20,-,-,-,-
14-Apr-26,GLD,ABSA NewGold ETF,881,9800,5725,5895,5820,5735,85,1.48%,128,-
14-Apr-26,SMWF,Satrix MSCI World Feeder ETF,755,1050,827,865,849,849,-,-,29,-
14-Apr-26,^N10I,NSE 10-Share Index,1340.72,2271.75,2167.15,2167.15,2167.15,2155.76,11.39,0.53%,-,-
14-Apr-26,^N20I,NSE 20-Share Index,2161.38,3758.73,3592.88,3592.88,3592.88,3587.82,5.06,0.14%,-,-
14-Apr-26,^N25I,NSE 25-Share Index,3515.61,5948.29,5732.5,5732.5,5732.5,5714.45,18.05,0.32%,-,-
14-Apr-26,^NASI,NSE All-Share Index,132.37,216.69,205.9,205.9,205.9,205.58,0.32,0.16%,-,-
14-Apr-26,^NBSI,NSE Banking Sector Index,149.92,245.9,240.24,240.24,240.24,238.83,1.41,0.59%,-,-
14-Apr-26,^NBDI,NSE Bonds Index,1146.75,1210.41,1167.84,1167.84,1167.84,1172.21,-4.37,-0.37%,-,-
14-Apr-26,^ZKEQTK,Zamara Kenya Equity Index (KES),2690.79,4790.09,4578.38,4578.38,4578.38,4557.4,20.98,0.46%,-,-
14-Apr-26,^ZKEQTU,Zamara Kenya Equity Index (USD),1793.17,3197.11,3048.71,3048.71,3048.71,3030.06,18.65,0.62%,-,-
15-Apr-26,EGAD,Eaagads Ltd,11,37,31.3,34.8,34.15,31.65,2.5,7.90%,5766,-
15-Apr-26,KUKZ,Kakuzi Plc,365,440,410,425,423.75,422.75,1,0.24%,156,-
15-Apr-26,KAPC,Kapchorua Tea Kenya Plc,198,424.25,234,249.75,235,238.5,-3.5,-1.47%,1319,-
15-Apr-26,LIMT,Limuru Tea Plc,295,555,519,519,519,519,-,-,-,-
15-Apr-26,SASN,Sasini Plc,13.3,33.9,25.4,27,25.65,25.95,-0.3,-1.16%,12817,-
15-Apr-26,WTK,Williamson Tea Kenya Plc,129.75,350,137,138,137.25,137,0.25,0.18%,9110,-
15-Apr-26,CGEN,Car and General (K) Ltd,19.95,85.5,61,68,61.5,66.5,-5,-7.52%,7990,-
15-Apr-26,ABSA,ABSA Bank Kenya Plc,16.95,33,31,31.55,31.1,30.95,0.15,0.48%,199292,-
15-Apr-26,BKG,BK Group Plc,28.75,58,51,55,51.5,50,1.5,3.00%,176665,-
15-Apr-26,COOP,Co-operative Bank of Kenya Ltd,14.95,34.3,31,32.5,31.95,31.9,0.05,0.16%,548875,-
15-Apr-26,DTK,Diamond Trust Bank Kenya Ltd,66,170,149.5,156,150.5,150.75,-0.25,-0.17%,32836,-
15-Apr-26,EQTY,Equity Group Holdings Plc,41.2,80,73.75,75,74.75,75.25,-0.5,-0.66%,2667599,-
15-Apr-26,HFCK,HF Group Ltd,6,11.5,9.06,9.7,9.2,9.42,-0.22,-2.34%,319593,-
15-Apr-26,IMH,I & M Holdings Plc,31,52,49.8,51.5,50.75,51,-0.25,-0.49%,193771,-
15-Apr-26,KCB,KCB Group Plc,40.2,80.5,69,70,69.5,69.75,-0.25,-0.36%,1954360,-
15-Apr-26,NCBA,NCBA Group Plc,50,100,89.5,90,89.75,89.75,-,-,46023,-
15-Apr-26,SBIC,Stanbic Holdings Plc,147,300,285,295,290.75,283,7.75,2.74%,3320,-
15-Apr-26,SCBK,Standard Chartered Bank Kenya Ltd,261,370,349,355,353.75,349.5,4.25,1.22%,9558,-
15-Apr-26,DCON,Deacons (East Africa) Plc,0.45,0.45,0.45,0.45,0.45,0.45,-,-,-,-
15-Apr-26,EVRD,Eveready East Africa Ltd,0.8,1.78,1.11,1.18,1.15,1.16,-0.01,-0.86%,184368,-
15-Apr-26,XPRS,Express Kenya Plc,2.8,10,7.14,7.84,7.66,7.14,0.52,7.28%,5561,-
15-Apr-26,HBE,Homeboyz Entertainment Plc,4.66,4.66,4.66,4.66,4.66,4.66,-,-,-,-
15-Apr-26,KQ,Kenya Airways Plc,1.56,8.92,7.32,8.92,8.18,8.12,0.06,0.74%,4245946,-
15-Apr-26,LKL,Longhorn Publishers Plc,2.38,3.5,2.7,3,2.8,3,-0.2,-6.67%,8008,-
15-Apr-26,NBV,Nairobi Business Ventures Ltd,1.28,2.16,1.4,1.5,1.46,1.44,0.02,1.39%,88641,-
15-Apr-26,NMG,Nation Media Group Plc,10.8,20,14.5,15.2,14.9,15.25,-0.35,-2.30%,3586,-
15-Apr-26,SMER,Sameer Africa Plc,2.7,21.5,15.5,17.3,16.25,15.85,0.4,2.52%,43464,-
15-Apr-26,SGL,Standard Group Plc,5.4,7.14,6.1,6.52,6.26,6.26,-,-,469,-
15-Apr-26,TPSE,TPS Eastern Africa (Serena) Ltd,13.05,18.2,15.65,17,16.4,16.75,-0.35,-2.09%,288,-
15-Apr-26,UCHM,Uchumi Supermarket Plc,0.23,2.93,1.94,2,1.97,1.96,0.01,0.51%,269263,-
15-Apr-26,SCAN,WPP ScanGroup Plc,2,3.14,2.28,2.33,2.31,2.32,-0.01,-0.43%,6067,-
15-Apr-26,ARM,ARM Cement Plc,5.55,5.55,5.55,5.55,5.55,5.55,-,-,-,-
15-Apr-26,BAMB,Bamburi Cement Ltd,47.2,54,47.2,47.2,47.2,47.2,-,-,-,-
15-Apr-26,CRWN,Crown Paints Kenya Plc,35.25,70.75,56,59.75,59,55.5,3.5,6.31%,421,-
15-Apr-26,CABL,East African Cables Plc,1,2.44,1,1,1,1,-,-,-,-
15-Apr-26,PORT,East African Portland Cement Ltd,28,101,77,82.5,78,77,1,1.30%,215,-
15-Apr-26,KEGN,Kenya Electricity Generating Company Plc,4.85,10.75,9.3,9.5,9.34,9.3,0.04,0.43%,1107785,-
15-Apr-26,KPC,Kenya Pipeline Company Plc,9,9.94,9.1,9.56,9.36,9.24,0.12,1.30%,1365235,-
15-Apr-26,KPLC-P4,KPLC-P4,4,5,5,5,5,5,-,-,-,-
15-Apr-26,KPLC-P7,KPLC-P7,6,6,6,6,6,6,-,-,-,-
15-Apr-26,KPLC,Kenya Power and Lighting Company Plc,6.8,19,16.5,17.15,16.85,16.95,-0.1,-0.59%,434730,-
15-Apr-26,TOTL,TotalEnergies Marketing Kenya Plc,21,48.1,41,44,43.75,40.35,3.4,8.43%,15810,-
15-Apr-26,UMME,Umeme Ltd,5.8,24.75,8.12,8.42,8.22,8.32,-0.1,-1.20%,15902,-
15-Apr-26,BRIT,Britam Holdings Plc,6.5,13.4,12.1,12.4,12.15,12.15,-,-,20932,-
15-Apr-26,CIC,CIC Insurance Group Ltd,2.55,6.62,4.6,4.75,4.65,4.64,0.01,0.22%,94363,-
15-Apr-26,JUB,Jubilee Holdings Ltd,205,437.75,385,392.25,389.25,380.25,9,2.37%,1515,-
15-Apr-26,KNRE,Kenya Re-Insurance Corporation Ltd,1.66,4.02,3.35,3.4,3.37,3.38,-0.01,-0.30%,5046167,-
15-Apr-26,LBTY,Liberty Kenya Holdings Ltd,9,12.1,9,10.3,10,9.72,0.28,2.88%,9846,-
15-Apr-26,SLAM,Sanlam Allianz Holdings (Kenya) Plc,5.96,11,9,9.86,9.16,9.56,-0.4,-4.18%,16716,-
15-Apr-26,CTUM,Centum Investment Company Plc,10.95,16.75,13.8,14,13.9,14,-0.1,-0.71%,37180,-
15-Apr-26,HAFR,Home Afrika Ltd,0.48,1.93,1.4,1.5,1.45,1.47,-0.02,-1.36%,697947,-
15-Apr-26,KURV,Kurwitu Ventures Ltd,1400,1500,1500,1500,1500,1500,-,-,-,-
15-Apr-26,OCH,Olympia Capital Holdings Ltd,3.16,9,7.04,8,7.72,7.72,-,-,2041,-
15-Apr-26,TCL,Trans-Century Plc,0.71,1.3,0.71,0.71,0.71,0.71,-,-,-,-
15-Apr-26,NSE,Nairobi Securities Exchange Plc,6.5,25.9,20.15,21,20.35,20.1,0.25,1.24%,63604,-
15-Apr-26,AMAC,Africa Mega Agricorp Plc,51,125,112,118,114.25,112.75,1.5,1.33%,557,-
15-Apr-26,BOC,BOC Kenya Plc,80,160,121,127,125.25,125.25,-,-,47,-
15-Apr-26,BAT,British American Tobacco Kenya Plc,345,629,568,574,570,570,-,-,3881,-
15-Apr-26,CARB,Carbacid Investments Plc,19,33,28.75,29.9,29.2,28.95,0.25,0.86%,10148,-
15-Apr-26,EABL,East African Breweries Ltd,173,351,250,254.75,251,251,-,-,6985,-
15-Apr-26,FTGH,Flame Tree Group Holdings Ltd,0.9,3.11,2.31,2.5,2.42,2.37,0.05,2.11%,86337,-
15-Apr-26,MSC,Mumias Sugar Company Ltd,0.27,0.27,0.27,0.27,0.27,0.27,-,-,-,-
15-Apr-26,SKL,Shri Krishana Overseas Plc,5.8,12,8.68,9.5,9,9.48,-0.48,-5.06%,1062,-
15-Apr-26,UNGA,Unga Group Ltd,18.05,34,28.1,29.95,28.2,29.5,-1.3,-4.41%,1972,-
15-Apr-26,SCOM,Safaricom Plc,19.5,34.2,28.95,29.3,29,29,-,-,19525274,-
15-Apr-26,ALP,Africa Logistics Properties Industria...,1,1.02,1,1,1,1,-,-,-,-
15-Apr-26,LAPR,LAPTrust Imara Income-REIT,20,20,20,20,20,20,-,-,-,-
15-Apr-26,GLD,ABSA NewGold ETF,881,9800,5740,5900,5820,5820,-,-,90,-
15-Apr-26,SMWF,Satrix MSCI World Feeder ETF,755,1050,860,861,860,849,11,1.30%,561,-
15-Apr-26,^N10I,NSE 10-Share Index,1340.72,2271.75,2163.75,2163.75,2163.75,2167.15,-3.4,-0.16%,-,-
15-Apr-26,^N20I,NSE 20-Share Index,2161.38,3758.73,3597.37,3597.37,3597.37,3592.88,4.49,0.12%,-,-
15-Apr-26,^N25I,NSE 25-Share Index,3515.61,5948.29,5739.1,5739.1,5739.1,5732.5,6.6,0.12%,-,-
15-Apr-26,^NASI,NSE All-Share Index,132.37,216.69,206.33,206.33,206.33,205.9,0.43,0.21%,-,-
15-Apr-26,^NBSI,NSE Banking Sector Index,149.92,245.9,240.67,240.67,240.67,240.24,0.43,0.18%,-,-
15-Apr-26,^NBDI,NSE Bonds Index,1146.75,1210.41,1169.62,1169.62,1169.62,1167.84,1.78,0.15%,-,-
15-Apr-26,^ZKEQTK,Zamara Kenya Equity Index (KES),2690.79,4790.09,4578.51,4578.51,4578.51,4578.38,0.13,-,-,-
15-Apr-26,^ZKEQTU,Zamara Kenya Equity Index (USD),1793.17,3197.11,3049.98,3049.98,3049.98,3048.71,1.27,0.04%,-,-
16-Apr-26,EGAD,Eaagads Ltd,11,37,31.65,37,34.15,34.15,-,-,5313,-
16-Apr-26,KUKZ,Kakuzi Plc,365,440,410.5,425,419.5,423.75,-4.25,-1.00%,126,-
16-Apr-26,KAPC,Kapchorua Tea Kenya Plc,198,424.25,235,249.5,237,235,2,0.85%,613,-
16-Apr-26,LIMT,Limuru Tea Plc,295,555,476,519,519,519,-,-,41,-
16-Apr-26,SASN,Sasini Plc,13.3,33.9,25.6,27.55,26.4,25.65,0.75,2.92%,4558,-
16-Apr-26,WTK,Williamson Tea Kenya Plc,130,350,136.5,137.75,136.75,137.25,-0.5,-0.36%,1881,-
16-Apr-26,CGEN,Car and General (K) Ltd,19.8,74.25,61.5,67.25,65.75,61.5,4.25,6.91%,2008,-
16-Apr-26,ABSA,ABSA Bank Kenya Plc,15,33,31.3,31.95,31.55,31.1,0.45,1.45%,81993,-
16-Apr-26,BKG,BK Group Plc,28.75,55,51.5,54.5,53.5,51.5,2,3.88%,1759,-
16-Apr-26,COOP,Co-operative Bank of Kenya Ltd,13.8,34.3,30,34,32.4,31.95,0.45,1.41%,772043,-
16-Apr-26,DTK,Diamond Trust Bank Kenya Ltd,66,170,148.5,153.75,149.25,150.5,-1.25,-0.83%,136712,-
16-Apr-26,EQTY,Equity Group Holdings Plc,41.2,80,74.25,75,74.75,74.75,-,-,789715,-
16-Apr-26,HFCK,HF Group Ltd,5.3,11.5,9.04,9.48,9.32,9.2,0.12,1.30%,118413,-
16-Apr-26,IMH,I & M Holdings Plc,29.5,52,50.25,51.5,50.75,50.75,-,-,160506,-
16-Apr-26,KCB,KCB Group Plc,37.5,80.5,68.5,69.75,69,69.5,-0.5,-0.72%,416248,-
16-Apr-26,NCBA,NCBA Group Plc,48,100,89.75,92,90,89.75,0.25,0.28%,58447,-
16-Apr-26,SBIC,Stanbic Holdings Plc,147,300,284,290,289.25,290.75,-1.5,-0.52%,3658,-
16-Apr-26,SCBK,Standard Chartered Bank Kenya Ltd,260,368,356,368,360.25,353.75,6.5,1.84%,11641,-
16-Apr-26,DCON,Deacons (East Africa) Plc,0.45,0.45,0.45,0.45,0.45,0.45,-,-,-,-
16-Apr-26,EVRD,Eveready East Africa Ltd,0.75,1.78,1.13,1.17,1.14,1.15,-0.01,-0.87%,331377,-
16-Apr-26,XPRS,Express Kenya Plc,2.8,10,7,7.8,7.38,7.66,-0.28,-3.66%,1379,-
16-Apr-26,HBE,Homeboyz Entertainment Plc,4.66,4.66,4.66,4.66,4.66,4.66,-,-,-,-
16-Apr-26,KQ,Kenya Airways Plc,1.56,8.92,7.38,7.8,7.48,8.18,-0.7,-8.56%,1353298,-
16-Apr-26,LKL,Longhorn Publishers Plc,2.38,3.5,2.82,3,2.96,2.8,0.16,5.71%,5227,-
16-Apr-26,NBV,Nairobi Business Ventures Ltd,1.33,2.16,1.42,1.49,1.44,1.46,-0.02,-1.37%,56140,-
16-Apr-26,NMG,Nation Media Group Plc,10.05,20,14.2,15.5,15.25,14.9,0.35,2.35%,36873,-
16-Apr-26,SMER,Sameer Africa Plc,2.7,21.5,15,17.85,17.7,16.25,1.45,8.92%,35428,-
16-Apr-26,SGL,Standard Group Plc,5.2,7.14,5.8,6.3,6.02,6.26,-0.24,-3.83%,6559,-
16-Apr-26,TPSE,TPS Eastern Africa (Serena) Ltd,13.05,18.2,15.75,16.7,16.7,16.4,0.3,1.83%,302,-
16-Apr-26,UCHM,Uchumi Supermarket Plc,0.23,2.93,1.9,1.95,1.91,1.97,-0.06,-3.05%,400266,-
16-Apr-26,SCAN,WPP ScanGroup Plc,2,3.3,2.27,2.4,2.35,2.31,0.04,1.73%,7474,-
16-Apr-26,ARM,ARM Cement Plc,5.55,5.55,5.55,5.55,5.55,5.55,-,-,-,-
16-Apr-26,BAMB,Bamburi Cement Ltd,47.2,56.5,47.2,47.2,47.2,47.2,-,-,-,-
16-Apr-26,CRWN,Crown Paints Kenya Plc,34,70.75,55,59.5,59,59,-,-,2681,-
16-Apr-26,CABL,East African Cables Plc,1,2.44,1,1,1,1,-,-,-,-
16-Apr-26,PORT,East African Portland Cement Ltd,28,101,77,82,79.75,78,1.75,2.24%,518,-
16-Apr-26,KEGN,Kenya Electricity Generating Company Plc,4.7,10.75,9.28,9.48,9.32,9.34,-0.02,-0.21%,806337,-
16-Apr-26,KPC,Kenya Pipeline Company Plc,9,9.94,9.14,9.7,9.4,9.36,0.04,0.43%,876682,-
16-Apr-26,KPLC-P4,KPLC-P4,4,5,5,5,5,5,-,-,-,-
16-Apr-26,KPLC-P7,KPLC-P7,6,6,6,6,6,6,-,-,-,-
16-Apr-26,KPLC,Kenya Power and Lighting Company Plc,6,19,16.8,17,16.95,16.85,0.1,0.59%,535239,-
16-Apr-26,TOTL,TotalEnergies Marketing Kenya Plc,21,47,43.25,44.25,43.95,43.75,0.2,0.46%,7862,-
16-Apr-26,UMME,Umeme Ltd,5.8,24.75,8.1,8.2,8.16,8.22,-0.06,-0.73%,11389,-
16-Apr-26,BRIT,Britam Holdings Plc,5.92,13.4,12.1,12.5,12.5,12.15,0.35,2.88%,818455,-
16-Apr-26,CIC,CIC Insurance Group Ltd,2.55,6.62,4.52,4.75,4.63,4.65,-0.02,-0.43%,180178,-
16-Apr-26,JUB,Jubilee Holdings Ltd,182,437.75,380,392.5,383.5,389.25,-5.75,-1.48%,238,-
16-Apr-26,KNRE,Kenya Re-Insurance Corporation Ltd,1.5,4.02,3.3,3.4,3.36,3.37,-0.01,-0.30%,7858585,-
16-Apr-26,LBTY,Liberty Kenya Holdings Ltd,9,12.2,9.72,10.2,9.96,10,-0.04,-0.40%,9901,-
16-Apr-26,SLAM,Sanlam Allianz Holdings (Kenya) Plc,5.5,11,9.48,9.9,9.68,9.16,0.52,5.68%,25825,-
16-Apr-26,CTUM,Centum Investment Company Plc,10.85,16.75,13.8,14.5,14.05,13.9,0.15,1.08%,5232,-
16-Apr-26,HAFR,Home Afrika Ltd,0.48,1.93,1.4,1.48,1.45,1.45,-,-,464702,-
16-Apr-26,KURV,Kurwitu Ventures Ltd,1400,1500,1500,1500,1500,1500,-,-,-,-
16-Apr-26,OCH,Olympia Capital Holdings Ltd,3.12,9,7.72,8,7.88,7.72,0.16,2.07%,2920,-
16-Apr-26,TCL,Trans-Century Plc,0.71,1.39,0.71,0.71,0.71,0.71,-,-,-,-
16-Apr-26,NSE,Nairobi Securities Exchange Plc,6.5,25.9,19.9,21.45,20.4,20.35,0.05,0.25%,126479,-
16-Apr-26,AMAC,Africa Mega Agricorp Plc,51,125,110,125,118.5,114.25,4.25,3.72%,514,-
16-Apr-26,BOC,BOC Kenya Plc,76,150,129.5,140,133.75,125.25,8.5,6.79%,36403,-
16-Apr-26,BAT,British American Tobacco Kenya Plc,345,629,567,579,569,570,-1,-0.18%,16625,-
16-Apr-26,CARB,Carbacid Investments Plc,18,33,28.8,29.95,29.5,29.2,0.3,1.03%,6850,-
16-Apr-26,EABL,East African Breweries Ltd,167,351,248.25,254,250.75,251,-0.25,-0.10%,9289,-
16-Apr-26,FTGH,Flame Tree Group Holdings Ltd,1.05,3.11,2.34,2.51,2.38,2.42,-0.04,-1.65%,81390,-
16-Apr-26,MSC,Mumias Sugar Company Ltd,0.27,0.27,0.27,0.27,0.27,0.27,-,-,-,-
16-Apr-26,SKL,Shri Krishana Overseas Plc,5.8,12,8.76,9.5,9.2,9,0.2,2.22%,20084,-
16-Apr-26,UNGA,Unga Group Ltd,18.05,34,27.7,29.5,28.15,28.2,-0.05,-0.18%,2236,-
16-Apr-26,SCOM,Safaricom Plc,17,34.2,29,29.75,29.35,29,0.35,1.21%,10754346,-
16-Apr-26,ALP,Africa Logistics Properties Industria...,1,1,1,1,1,1,-,-,-,-
16-Apr-26,LAPR,LAPTrust Imara Income-REIT,20,20,20,20,20,20,-,-,-,-
16-Apr-26,GLD,ABSA NewGold ETF,881,9800,5800,5995,5845,5820,25,0.43%,597,-
16-Apr-26,SMWF,Satrix MSCI World Feeder ETF,755,1050,849,860,860,860,-,-,11,-
16-Apr-26,^N10I,NSE 10-Share Index,1268.27,2271.75,2174.79,2174.79,2174.79,2163.75,11.04,0.51%,-,-
16-Apr-26,^N20I,NSE 20-Share Index,2092.84,3758.73,3619.84,3619.84,3619.84,3597.37,22.47,0.62%,-,-
16-Apr-26,^N25I,NSE 25-Share Index,3365.92,5948.29,5764,5764,5764,5739.1,24.9,0.43%,-,-
16-Apr-26,^NASI,NSE All-Share Index,125.33,216.69,207.54,207.54,207.54,206.33,1.21,0.59%,-,-
16-Apr-26,^NBSI,NSE Banking Sector Index,149.92,245.9,241.69,241.69,241.69,240.67,1.02,0.42%,-,-
16-Apr-26,^NBDI,NSE Bonds Index,1140.96,1210.41,1164.33,1164.33,1164.33,1169.62,-5.29,-0.45%,-,-
16-Apr-26,^ZKEQTK,Zamara Kenya Equity Index (KES),2487.56,4790.09,4594.29,4594.29,4594.29,4578.51,15.78,0.34%,-,-
16-Apr-26,^ZKEQTU,Zamara Kenya Equity Index (USD),1657.09,3197.11,3061.67,3061.67,3061.67,3049.98,11.69,0.38%,-,-
17-Apr-26,EGAD,Eaagads Ltd,11,37,32,35,32.1,34.15,-2.05,-6.00%,3517,-
17-Apr-26,KUKZ,Kakuzi Plc,365,440,420,423.5,420,419.5,0.5,0.12%,1120,-
17-Apr-26,KAPC,Kapchorua Tea Kenya Plc,198,424.25,236,249,243.75,237,6.75,2.85%,676,-
17-Apr-26,LIMT,Limuru Tea Plc,295,555,510,518,510,519,-9,-1.73%,102,-
17-Apr-26,SASN,Sasini Plc,13.3,33.9,26,27.5,26.95,26.4,0.55,2.08%,15979,-
17-Apr-26,WTK,Williamson Tea Kenya Plc,130,350,130,137.5,135.25,136.75,-1.5,-1.10%,29715,-
17-Apr-26,CGEN,Car and General (K) Ltd,19.8,74.25,62.5,67,66.25,65.75,0.5,0.76%,976,-
17-Apr-26,ABSA,ABSA Bank Kenya Plc,15,33,31.2,31.5,31.45,31.55,-0.1,-0.32%,161129,-
17-Apr-26,BKG,BK Group Plc,28.75,55,51.5,54.5,52,53.5,-1.5,-2.80%,27714,-
17-Apr-26,COOP,Co-operative Bank of Kenya Ltd,13.8,34.3,30,33,32.5,32.4,0.1,0.31%,679032,-
17-Apr-26,DTK,Diamond Trust Bank Kenya Ltd,66,170,148,152,149.75,149.25,0.5,0.34%,47237,-
17-Apr-26,EQTY,Equity Group Holdings Plc,41.2,80,74.5,76,75,74.75,0.25,0.33%,3472438,-
17-Apr-26,HFCK,HF Group Ltd,5.3,11.5,9.2,9.48,9.26,9.32,-0.06,-0.64%,504457,-
17-Apr-26,IMH,I & M Holdings Plc,29.5,52,47.5,50,48.45,50.75,-2.3,-4.53%,121313,-
17-Apr-26,KCB,KCB Group Plc,37.5,80.5,68.5,70,69.25,69,0.25,0.36%,477142,-
17-Apr-26,NCBA,NCBA Group Plc,48,100,89.5,92,89.75,90,-0.25,-0.28%,109222,-
17-Apr-26,SBIC,Stanbic Holdings Plc,147,300,288,290,289,289.25,-0.25,-0.09%,2895,-
17-Apr-26,SCBK,Standard Chartered Bank Kenya Ltd,260,368,352,361,360,360.25,-0.25,-0.07%,137777,-
17-Apr-26,DCON,Deacons (East Africa) Plc,0.45,0.45,0.45,0.45,0.45,0.45,-,-,-,-
17-Apr-26,EVRD,Eveready East Africa Ltd,0.75,1.78,1.13,1.17,1.15,1.14,0.01,0.88%,301604,-
17-Apr-26,XPRS,Express Kenya Plc,2.8,10,7.02,7.8,7.64,7.38,0.26,3.52%,4233,-
17-Apr-26,HBE,Homeboyz Entertainment Plc,4.66,4.66,4.66,4.66,4.66,4.66,-,-,-,-
17-Apr-26,KQ,Kenya Airways Plc,1.56,8.92,6.74,7.38,6.8,7.48,-0.68,-9.09%,1638234,-
17-Apr-26,LKL,Longhorn Publishers Plc,2.38,3.5,2.95,3.25,3.12,2.96,0.16,5.41%,18114,-
17-Apr-26,NBV,Nairobi Business Ventures Ltd,1.33,2.16,1.4,1.49,1.43,1.44,-0.01,-0.69%,35585,-
17-Apr-26,NMG,Nation Media Group Plc,10.05,20,14.5,15.25,15.05,15.25,-0.2,-1.31%,1332,-
17-Apr-26,SMER,Sameer Africa Plc,2.7,21.5,17,19.45,19.05,17.7,1.35,7.63%,144289,-
17-Apr-26,SGL,Standard Group Plc,5.2,7.14,5.74,6.6,5.96,6.02,-0.06,-1.00%,6361,-
17-Apr-26,TPSE,TPS Eastern Africa (Serena) Ltd,13.05,18.2,15.7,16.7,16.65,16.7,-0.05,-0.30%,1085,-
17-Apr-26,UCHM,Uchumi Supermarket Plc,0.23,2.93,1.89,1.98,1.92,1.91,0.01,0.52%,1186787,-
17-Apr-26,SCAN,WPP ScanGroup Plc,2,3.14,2.26,2.34,2.29,2.35,-0.06,-2.55%,23460,-
17-Apr-26,ARM,ARM Cement Plc,5.55,5.55,5.55,5.55,5.55,5.55,-,-,-,-
17-Apr-26,BAMB,Bamburi Cement Ltd,47.2,56.5,47.2,47.2,47.2,47.2,-,-,-,-
17-Apr-26,CRWN,Crown Paints Kenya Plc,34,70.75,54,59.5,59.25,59,0.25,0.42%,2943,-
17-Apr-26,CABL,East African Cables Plc,1,2.44,1,1,1,1,-,-,-,-
17-Apr-26,PORT,East African Portland Cement Ltd,28,101,77.75,82,81,79.75,1.25,1.57%,166,-
17-Apr-26,KEGN,Kenya Electricity Generating Company Plc,4.7,10.75,9.2,9.4,9.3,9.32,-0.02,-0.21%,1145948,-
17-Apr-26,KPC,Kenya Pipeline Company Plc,9,9.94,9.4,9.94,9.94,9.4,0.54,5.74%,223073286,-
17-Apr-26,KPLC-P4,KPLC-P4,4,5,5,5,5,5,-,-,-,-
17-Apr-26,KPLC-P7,KPLC-P7,6,6,6,6,6,6,-,-,-,-
17-Apr-26,KPLC,Kenya Power and Lighting Company Plc,6,19,16.8,16.95,16.9,16.95,-0.05,-0.29%,723916,-
17-Apr-26,TOTL,TotalEnergies Marketing Kenya Plc,21,47,41.25,44,42.5,43.95,-1.45,-3.30%,4549,-
17-Apr-26,UMME,Umeme Ltd,5.8,24.75,7.9,8.3,8,8.16,-0.16,-1.96%,43323,-
17-Apr-26,BRIT,Britam Holdings Plc,5.92,13.4,12.1,12.5,12.25,12.5,-0.25,-2.00%,25215,-
17-Apr-26,CIC,CIC Insurance Group Ltd,2.55,6.62,4.57,4.7,4.66,4.63,0.03,0.65%,84235,-
17-Apr-26,JUB,Jubilee Holdings Ltd,182,437.75,382.5,392.5,385.75,383.5,2.25,0.59%,845,-
17-Apr-26,KNRE,Kenya Re-Insurance Corporation Ltd,1.5,4.02,3.35,3.4,3.38,3.36,0.02,0.60%,1228860,-
17-Apr-26,LBTY,Liberty Kenya Holdings Ltd,9,12.1,9.2,10.2,9.82,9.96,-0.14,-1.41%,21282,-
17-Apr-26,SLAM,Sanlam Allianz Holdings (Kenya) Plc,5.5,11,9,9.86,9.3,9.68,-0.38,-3.93%,15040,-
17-Apr-26,CTUM,Centum Investment Company Plc,10.85,16.75,13.9,14.9,14.25,14.05,0.2,1.42%,24112,-
17-Apr-26,HAFR,Home Afrika Ltd,0.48,1.93,1.39,1.48,1.42,1.45,-0.03,-2.07%,190045,-
17-Apr-26,KURV,Kurwitu Ventures Ltd,1400,1500,1495,1495,1500,1500,-,-,2,-
17-Apr-26,OCH,Olympia Capital Holdings Ltd,3.12,9,7.1,7.94,7.42,7.88,-0.46,-5.84%,5771,-
17-Apr-26,TCL,Trans-Century Plc,0.71,1.39,0.71,0.71,0.71,0.71,-,-,-,-
17-Apr-26,NSE,Nairobi Securities Exchange Plc,6.5,25.9,19.95,21.35,20.25,20.4,-0.15,-0.74%,36656,-
17-Apr-26,AMAC,Africa Mega Agricorp Plc,51,125,110.75,119,118.5,118.5,-,-,49,-
17-Apr-26,BOC,BOC Kenya Plc,76,150,137.75,145,139.75,133.75,6,4.49%,16325,-
17-Apr-26,BAT,British American Tobacco Kenya Plc,345,629,567,570,569,569,-,-,12635,-
17-Apr-26,CARB,Carbacid Investments Plc,18,33,29,29.95,29.4,29.5,-0.1,-0.34%,21903,-
17-Apr-26,EABL,East African Breweries Ltd,167,351,247.5,250,248.75,250.75,-2,-0.80%,9179,-
17-Apr-26,FTGH,Flame Tree Group Holdings Ltd,1.05,3.11,2.35,2.53,2.36,2.38,-0.02,-0.84%,19549,-
17-Apr-26,MSC,Mumias Sugar Company Ltd,0.27,0.27,0.27,0.27,0.27,0.27,-,-,-,-
17-Apr-26,SKL,Shri Krishana Overseas Plc,5.8,12,8.8,9.48,9.26,9.2,0.06,0.65%,11254,-
17-Apr-26,UNGA,Unga Group Ltd,18.05,34,27.8,29.8,28.05,28.15,-0.1,-0.36%,1455,-
17-Apr-26,SCOM,Safaricom Plc,17,34.2,29.35,30,29.6,29.35,0.25,0.85%,1807405,-
17-Apr-26,ALP,Africa Logistics Properties Industria...,1,1,1,1,1,1,-,-,-,-
17-Apr-26,LAPR,LAPTrust Imara Income-REIT,20,20,20,20,20,20,-,-,-,-
17-Apr-26,GLD,ABSA NewGold ETF,881,9800,5795,5995,5850,5845,5,0.09%,142,-
17-Apr-26,SMWF,Satrix MSCI World Feeder ETF,755,1050,846,860,860,860,-,-,28,-
17-Apr-26,^N10I,NSE 10-Share Index,1268.27,2271.75,2172.43,2172.43,2172.43,2174.79,-2.36,-0.11%,-,-
17-Apr-26,^N20I,NSE 20-Share Index,2092.84,3758.73,3606.52,3606.52,3606.52,3619.84,-13.32,-0.37%,-,-
17-Apr-26,^N25I,NSE 25-Share Index,3365.92,5948.29,5756.9,5756.9,5756.9,5764,-7.1,-0.12%,-,-
17-Apr-26,^NASI,NSE All-Share Index,125.53,216.69,208.13,208.13,208.13,207.54,0.59,0.28%,-,-
17-Apr-26,^NBSI,NSE Banking Sector Index,149.92,245.9,241.14,241.14,241.14,241.69,-0.55,-0.23%,-,-
17-Apr-26,^NBDI,NSE Bonds Index,1140.96,1210.41,1164.74,1164.74,1164.74,1164.33,0.41,0.04%,-,-
17-Apr-26,^ZKEQTK,Zamara Kenya Equity Index (KES),2487.56,4790.09,4604.96,4604.96,4604.96,4594.29,10.67,0.23%,-,-
17-Apr-26,^ZKEQTU,Zamara Kenya Equity Index (USD),1657.09,3197.11,3072.35,3072.35,3072.35,3061.67,10.68,0.35%,-,-
20-Apr-26,EGAD,Eaagads Ltd,11,37,31,35,32.25,32.1,0.15,0.47%,8583,-
20-Apr-26,KUKZ,Kakuzi Plc,365,440,408.25,423.5,420.75,420,0.75,0.18%,150,-
20-Apr-26,KAPC,Kapchorua Tea Kenya Plc,198,424.25,236,243,241.5,243.75,-2.25,-0.92%,608,-
20-Apr-26,LIMT,Limuru Tea Plc,295,555,477,510,510,510,-,-,15,-
20-Apr-26,SASN,Sasini Plc,13.3,33.9,26,28,27.3,26.95,0.35,1.30%,9193,-
20-Apr-26,WTK,Williamson Tea Kenya Plc,130,350,130,140,135.75,135.25,0.5,0.37%,5961,-
20-Apr-26,CGEN,Car and General (K) Ltd,19.8,74.25,62.5,67,64.5,66.25,-1.75,-2.64%,542,-
20-Apr-26,ABSA,ABSA Bank Kenya Plc,15,33,30.8,31.5,31.05,31.45,-0.4,-1.27%,1263597,-
20-Apr-26,BKG,BK Group Plc,28.75,55,51,54.5,53.5,52,1.5,2.88%,5415,-
20-Apr-26,COOP,Co-operative Bank of Kenya Ltd,13.8,34.3,31,33,32.3,32.5,-0.2,-0.62%,483836,-
20-Apr-26,DTK,Diamond Trust Bank Kenya Ltd,66,170,148,152,151,149.75,1.25,0.83%,13794,-
20-Apr-26,EQTY,Equity Group Holdings Plc,41.2,80,75.75,76.5,76,75,1,1.33%,391337,-
20-Apr-26,HFCK,HF Group Ltd,5.3,11.5,9.2,9.5,9.38,9.26,0.12,1.30%,163932,-
20-Apr-26,IMH,I & M Holdings Plc,29.5,52,48.25,49,48.65,48.45,0.2,0.41%,123839,-
20-Apr-26,KCB,KCB Group Plc,37.5,80.5,69.5,70.75,69.75,69.25,0.5,0.72%,669360,-
20-Apr-26,NCBA,NCBA Group Plc,48,100,89.5,92,89.75,89.75,-,-,63966,-
20-Apr-26,SBIC,Stanbic Holdings Plc,147,300,286,296,289.25,289,0.25,0.09%,3220,-
20-Apr-26,SCBK,Standard Chartered Bank Kenya Ltd,260,370,349,360.25,356.75,360,-3.25,-0.90%,26196,-
20-Apr-26,DCON,Deacons (East Africa) Plc,0.45,0.45,0.45,0.45,0.45,0.45,-,-,-,-
20-Apr-26,EVRD,Eveready East Africa Ltd,0.75,1.78,1.1,1.17,1.13,1.15,-0.02,-1.74%,465779,-
20-Apr-26,XPRS,Express Kenya Plc,2.8,10,7.38,7.7,7.44,7.64,-0.2,-2.62%,5392,-
20-Apr-26,HBE,Homeboyz Entertainment Plc,4.66,4.66,4.66,4.66,4.66,4.66,-,-,-,-
20-Apr-26,KQ,Kenya Airways Plc,1.56,8.92,6.12,6.72,6.16,6.8,-0.64,-9.41%,808708,-
20-Apr-26,LKL,Longhorn Publishers Plc,2.38,3.5,3,3.25,3.22,3.12,0.1,3.21%,11134,-
20-Apr-26,NBV,Nairobi Business Ventures Ltd,1.33,2.16,1.4,1.44,1.41,1.43,-0.02,-1.40%,41767,-
20-Apr-26,NMG,Nation Media Group Plc,10.05,20,14.5,15.25,14.65,15.05,-0.4,-2.66%,2689,-
20-Apr-26,SMER,Sameer Africa Plc,2.7,21.5,18,19.45,18.6,19.05,-0.45,-2.36%,100394,-
20-Apr-26,SGL,Standard Group Plc,5.2,7.14,5.74,6.3,6.16,5.96,0.2,3.36%,725,-
20-Apr-26,TPSE,TPS Eastern Africa (Serena) Ltd,13.05,18.2,15.5,16.65,16.4,16.65,-0.25,-1.50%,3101,-
20-Apr-26,UCHM,Uchumi Supermarket Plc,0.23,2.93,1.73,1.96,1.84,1.92,-0.08,-4.17%,910516,-
20-Apr-26,SCAN,WPP ScanGroup Plc,2,3.14,2.26,2.35,2.33,2.29,0.04,1.75%,124711,-
20-Apr-26,ARM,ARM Cement Plc,5.55,5.55,5.55,5.55,5.55,5.55,-,-,-,-
20-Apr-26,BAMB,Bamburi Cement Ltd,47.2,56.5,47.2,47.2,47.2,47.2,-,-,-,-
20-Apr-26,CRWN,Crown Paints Kenya Plc,34,70.75,56,60,58.25,59.25,-1,-1.69%,575,-
20-Apr-26,CABL,East African Cables Plc,1,2.44,1,1,1,1,-,-,-,-
20-Apr-26,PORT,East African Portland Cement Ltd,28,101,77.5,81,79,81,-2,-2.47%,199,-
20-Apr-26,KEGN,Kenya Electricity Generating Company Plc,4.7,10.75,9.26,9.44,9.32,9.3,0.02,0.22%,429284,-
20-Apr-26,KPC,Kenya Pipeline Company Plc,9,9.94,9.2,9.9,9.4,9.94,-0.54,-5.43%,338318,-
20-Apr-26,KPLC-P4,KPLC-P4,4,5,5,5,5,5,-,-,-,-
20-Apr-26,KPLC-P7,KPLC-P7,6,6,6,6,6,6,-,-,-,-
20-Apr-26,KPLC,Kenya Power and Lighting Company Plc,6,19,16.5,16.9,16.7,16.9,-0.2,-1.18%,861267,-
20-Apr-26,TOTL,TotalEnergies Marketing Kenya Plc,21,47,41.25,43.95,42.5,42.5,-,-,2434,-
20-Apr-26,UMME,Umeme Ltd,5.8,24.75,7.9,8.2,8.04,8,0.04,0.50%,99047,-
20-Apr-26,BRIT,Britam Holdings Plc,5.92,13.4,12.25,12.45,12.3,12.25,0.05,0.41%,56447,-
20-Apr-26,CIC,CIC Insurance Group Ltd,2.55,6.62,4.4,4.7,4.62,4.66,-0.04,-0.86%,99014,-
20-Apr-26,JUB,Jubilee Holdings Ltd,182,437.75,380.25,395,391,385.75,5.25,1.36%,8028,-
20-Apr-26,KNRE,Kenya Re-Insurance Corporation Ltd,1.5,4.02,3.35,3.4,3.38,3.38,-,-,996300,-
20-Apr-26,LBTY,Liberty Kenya Holdings Ltd,9,12.1,9.6,10,9.78,9.82,-0.04,-0.41%,7503,-
20-Apr-26,SLAM,Sanlam Allianz Holdings (Kenya) Plc,5.5,11,8.8,9.86,9.66,9.3,0.36,3.87%,11295,-
20-Apr-26,CTUM,Centum Investment Company Plc,10.85,16.75,13.55,14.75,13.9,14.25,-0.35,-2.46%,17987,-
20-Apr-26,HAFR,Home Afrika Ltd,0.48,1.93,1.42,1.48,1.44,1.42,0.02,1.41%,204993,-
20-Apr-26,KURV,Kurwitu Ventures Ltd,1400,1500,1500,1500,1500,1500,-,-,-,-
20-Apr-26,OCH,Olympia Capital Holdings Ltd,3.12,9,7.2,7.94,7.68,7.42,0.26,3.50%,1227,-
20-Apr-26,TCL,Trans-Century Plc,0.71,1.39,0.71,0.71,0.71,0.71,-,-,-,-
20-Apr-26,NSE,Nairobi Securities Exchange Plc,6.5,25.9,19.95,21,20.25,20.25,-,-,17770,-
20-Apr-26,AMAC,Africa Mega Agricorp Plc,51,125,110.75,118.5,117.75,118.5,-0.75,-0.63%,325,-
20-Apr-26,BOC,BOC Kenya Plc,76,153.5,142,147,145,139.75,5.25,3.76%,4918,-
20-Apr-26,BAT,British American Tobacco Kenya Plc,345,629,567,574,570,569,1,0.18%,16332,-
20-Apr-26,CARB,Carbacid Investments Plc,18,33,29.5,30,29.55,29.4,0.15,0.51%,55922,-
20-Apr-26,EABL,East African Breweries Ltd,167,351,248.25,250,249.25,248.75,0.5,0.20%,3430,-
20-Apr-26,FTGH,Flame Tree Group Holdings Ltd,1.05,3.11,2.35,2.54,2.39,2.36,0.03,1.27%,50199,-
20-Apr-26,MSC,Mumias Sugar Company Ltd,0.27,0.27,0.27,0.27,0.27,0.27,-,-,-,-
20-Apr-26,SKL,Shri Krishana Overseas Plc,5.8,12,8.8,9.48,9,9.26,-0.26,-2.81%,1139,-
20-Apr-26,UNGA,Unga Group Ltd,18.05,34,27.5,29.5,27.85,28.05,-0.2,-0.71%,1635,-
20-Apr-26,SCOM,Safaricom Plc,17,34.2,29.65,29.95,29.85,29.6,0.25,0.84%,20780264,-
20-Apr-26,ALP,Africa Logistics Properties Industria...,1,1,1,1,1,1,-,-,-,-
20-Apr-26,LAPR,LAPTrust Imara Income-REIT,20,20,20,20,20,20,-,-,-,-
20-Apr-26,GLD,ABSA NewGold ETF,881,9800,5750,5945,5840,5850,-10,-0.17%,157,-
20-Apr-26,SMWF,Satrix MSCI World Feeder ETF,755,1050,839,865,860,860,-,-,63,-
20-Apr-26,^N10I,NSE 10-Share Index,1268.27,2271.75,2180.64,2180.64,2180.64,2172.43,8.21,0.38%,-,-
20-Apr-26,^N20I,NSE 20-Share Index,2092.84,3758.73,3610.13,3610.13,3610.13,3606.52,3.61,0.10%,-,-
20-Apr-26,^N25I,NSE 25-Share Index,3365.92,5948.29,5776.13,5776.13,5776.13,5756.9,19.23,0.33%,-,-
20-Apr-26,^NASI,NSE All-Share Index,125.53,216.69,208.12,208.12,208.12,208.13,-0.01,#VALUE!,-,-
20-Apr-26,^NBSI,NSE Banking Sector Index,149.92,245.9,241.54,241.54,241.54,241.14,0.4,0.17%,-,-
20-Apr-26,^NBDI,NSE Bonds Index,1140.96,1210.41,1163.94,1163.94,1163.94,1164.74,-0.8,-0.07%,-,-
20-Apr-26,^ZKEQTK,Zamara Kenya Equity Index (KES),2487.56,4790.09,4601.27,4601.27,4601.27,4604.96,-3.69,-0.08%,-,-
20-Apr-26,^ZKEQTU,Zamara Kenya Equity Index (USD),1657.09,3197.11,3067.51,3067.51,3067.51,3072.35,-4.84,-0.16%,-,-
21-Apr-26,EGAD,Eaagads Ltd,11,37,29.15,35,30.05,32.25,-2.2,-6.82%,2706,-
21-Apr-26,KUKZ,Kakuzi Plc,365,440,415,423.5,423.25,420.75,2.5,0.59%,187,-
21-Apr-26,KAPC,Kapchorua Tea Kenya Plc,198,424.25,240,243,241.5,241.5,-,-,252,-
21-Apr-26,LIMT,Limuru Tea Plc,295,555,510,510,510,510,-,-,51,-
21-Apr-26,SASN,Sasini Plc,13.3,33.9,27,28,27.9,27.3,0.6,2.20%,11434,-
21-Apr-26,WTK,Williamson Tea Kenya Plc,130,350,137,139,137.25,135.75,1.5,1.10%,17718,-
21-Apr-26,CGEN,Car and General (K) Ltd,19.8,74.25,65,66.75,65.25,64.5,0.75,1.16%,421,-
21-Apr-26,ABSA,ABSA Bank Kenya Plc,15,33,30.8,31.5,31.1,31.05,0.05,0.16%,226420,-
21-Apr-26,BKG,BK Group Plc,28.75,55,51.5,54.5,53,53.5,-0.5,-0.93%,15285,-
21-Apr-26,COOP,Co-operative Bank of Kenya Ltd,13.8,34.3,30.85,33,32.2,32.3,-0.1,-0.31%,806807,-
21-Apr-26,DTK,Diamond Trust Bank Kenya Ltd,66,170,150,152,150.75,151,-0.25,-0.17%,27081,-
21-Apr-26,EQTY,Equity Group Holdings Plc,41.2,80,75.75,77,76,76,-,-,536267,-
21-Apr-26,HFCK,HF Group Ltd,5.3,11.5,9.1,9.5,9.24,9.38,-0.14,-1.49%,81857,-
21-Apr-26,IMH,I & M Holdings Plc,29.5,52,48.3,50,49.15,48.65,0.5,1.03%,75315,-
21-Apr-26,KCB,KCB Group Plc,37.5,80.5,69.5,70,69.75,69.75,-,-,568587,-
21-Apr-26,NCBA,NCBA Group Plc,48,100,89.25,90,89.5,89.75,-0.25,-0.28%,74714,-
21-Apr-26,SBIC,Stanbic Holdings Plc,147,300,288,290,289.75,289.25,0.5,0.17%,3656,-
21-Apr-26,SCBK,Standard Chartered Bank Kenya Ltd,260,370,360,370,360.5,356.75,3.75,1.05%,104393,-
21-Apr-26,DCON,Deacons (East Africa) Plc,0.45,0.45,0.45,0.45,0.45,0.45,-,-,-,-
21-Apr-26,EVRD,Eveready East Africa Ltd,0.75,1.78,1.1,1.15,1.14,1.13,0.01,0.88%,179265,-
21-Apr-26,XPRS,Express Kenya Plc,2.8,10,7.02,7.6,7.38,7.44,-0.06,-0.81%,575,-
21-Apr-26,HBE,Homeboyz Entertainment Plc,4.66,4.66,4.66,4.66,4.66,4.66,-,-,-,-
21-Apr-26,KQ,Kenya Airways Plc,1.56,8.92,5.56,6.1,5.82,6.16,-0.34,-5.52%,1186589,-
21-Apr-26,LKL,Longhorn Publishers Plc,2.38,3.5,3,3.12,3.1,3.22,-0.12,-3.73%,2585,-
21-Apr-26,NBV,Nairobi Business Ventures Ltd,1.33,2.16,1.4,1.43,1.41,1.41,-,-,86264,-
21-Apr-26,NMG,Nation Media Group Plc,10.05,20,14.05,15.25,14.15,14.65,-0.5,-3.41%,12465,-
21-Apr-26,SMER,Sameer Africa Plc,2.7,21.5,18,19.05,18.65,18.6,0.05,0.27%,9153,-
21-Apr-26,SGL,Standard Group Plc,5.2,7.14,5.8,6.3,6.16,6.16,-,-,9934,-
21-Apr-26,TPSE,TPS Eastern Africa (Serena) Ltd,13.05,18.2,15.55,16.65,16.4,16.4,-,-,4,-
21-Apr-26,UCHM,Uchumi Supermarket Plc,0.23,2.93,1.84,1.93,1.9,1.84,0.06,3.26%,118536,-
21-Apr-26,SCAN,WPP ScanGroup Plc,2,3.14,2.28,2.35,2.33,2.33,-,-,6449,-
21-Apr-26,ARM,ARM Cement Plc,5.55,5.55,5.55,5.55,5.55,5.55,-,-,-,-
21-Apr-26,BAMB,Bamburi Cement Ltd,47.2,56.5,47.2,47.2,47.2,47.2,-,-,-,-
21-Apr-26,CRWN,Crown Paints Kenya Plc,34,70.75,57,59.25,59.25,58.25,1,1.72%,1668,-
21-Apr-26,CABL,East African Cables Plc,1,2.44,1,1,1,1,-,-,-,-
21-Apr-26,PORT,East African Portland Cement Ltd,28,101,77.25,81,77.25,79,-1.75,-2.22%,578,-
21-Apr-26,KEGN,Kenya Electricity Generating Company Plc,4.7,10.75,9.2,9.4,9.28,9.32,-0.04,-0.43%,492295,-
21-Apr-26,KPC,Kenya Pipeline Company Plc,9,9.94,9.3,9.8,9.52,9.4,0.12,1.28%,210958,-
21-Apr-26,KPLC-P4,KPLC-P4,4,5,5,5,5,5,-,-,-,-
21-Apr-26,KPLC-P7,KPLC-P7,6,6,6,6,6,6,-,-,-,-
21-Apr-26,KPLC,Kenya Power and Lighting Company Plc,6,19,16.5,16.75,16.6,16.7,-0.1,-0.60%,3379229,-
21-Apr-26,TOTL,TotalEnergies Marketing Kenya Plc,21,47,42.5,43.5,43.25,42.5,0.75,1.76%,5406,-
21-Apr-26,UMME,Umeme Ltd,5.8,24.75,7.9,8.28,8,8.04,-0.04,-0.50%,110845,-
21-Apr-26,BRIT,Britam Holdings Plc,5.92,13.4,12.3,12.5,12.4,12.3,0.1,0.81%,11292,-
21-Apr-26,CIC,CIC Insurance Group Ltd,2.55,6.62,4.55,4.67,4.61,4.62,-0.01,-0.22%,81032,-
21-Apr-26,JUB,Jubilee Holdings Ltd,182,437.75,380,395,380.5,391,-10.5,-2.69%,26813,-
21-Apr-26,KNRE,Kenya Re-Insurance Corporation Ltd,1.5,4.02,3.38,3.46,3.41,3.38,0.03,0.89%,1236976,-
21-Apr-26,LBTY,Liberty Kenya Holdings Ltd,9,12.1,9.1,10.15,9.54,9.78,-0.24,-2.45%,9789,-
21-Apr-26,SLAM,Sanlam Allianz Holdings (Kenya) Plc,5.5,11,9.44,9.6,9.56,9.66,-0.1,-1.04%,3643,-
21-Apr-26,CTUM,Centum Investment Company Plc,10.85,16.75,13.8,14.6,14,13.9,0.1,0.72%,6018067,-
21-Apr-26,HAFR,Home Afrika Ltd,0.48,1.93,1.4,1.5,1.42,1.44,-0.02,-1.39%,784194,-
21-Apr-26,KURV,Kurwitu Ventures Ltd,1400,1500,1495,1495,1500,1500,-,-,1,-
21-Apr-26,OCH,Olympia Capital Holdings Ltd,3.12,9,7.2,7.8,7.24,7.68,-0.44,-5.73%,533,-
21-Apr-26,TCL,Trans-Century Plc,0.71,1.39,0.71,0.71,0.71,0.71,-,-,-,-
21-Apr-26,NSE,Nairobi Securities Exchange Plc,6.5,25.9,19.85,20.7,19.95,20.25,-0.3,-1.48%,776799,-
21-Apr-26,AMAC,Africa Mega Agricorp Plc,51,125,111.75,118.25,116,117.75,-1.75,-1.49%,217,-
21-Apr-26,BOC,BOC Kenya Plc,76,153.5,147,153.5,152,145,7,4.83%,3548,-
21-Apr-26,BAT,British American Tobacco Kenya Plc,345,629,571,577,574,570,4,0.70%,6298,-
21-Apr-26,CARB,Carbacid Investments Plc,18,33,29.4,30,29.85,29.55,0.3,1.02%,12089,-
21-Apr-26,EABL,East African Breweries Ltd,167,351,248.5,254,250.5,249.25,1.25,0.50%,61199,-
21-Apr-26,FTGH,Flame Tree Group Holdings Ltd,1.05,3.11,2.35,2.45,2.39,2.39,-,-,15484,-
21-Apr-26,MSC,Mumias Sugar Company Ltd,0.27,0.27,0.27,0.27,0.27,0.27,-,-,-,-
21-Apr-26,SKL,Shri Krishana Overseas Plc,5.8,12,8.8,9,9,9,-,-,10121,-
21-Apr-26,UNGA,Unga Group Ltd,18.05,34,28.5,29.3,28.75,27.85,0.9,3.23%,818,-
21-Apr-26,SCOM,Safaricom Plc,17,34.2,29.8,30.2,29.95,29.85,0.1,0.34%,2305988,-
21-Apr-26,ALP,Africa Logistics Properties Industria...,1,1,1,1,1,1,-,-,-,-
21-Apr-26,LAPR,LAPTrust Imara Income-REIT,20,20,20,20,20,20,-,-,-,-
21-Apr-26,GLD,ABSA NewGold ETF,881,9800,5775,5990,5930,5840,90,1.54%,123,-
21-Apr-26,SMWF,Satrix MSCI World Feeder ETF,755,1050,865,875,870,860,10,1.16%,150,-
21-Apr-26,^N10I,NSE 10-Share Index,1268.27,2271.75,2184.18,2184.18,2184.18,2180.64,3.54,0.16%,-,-
21-Apr-26,^N20I,NSE 20-Share Index,2092.84,3758.73,3613.57,3613.57,3613.57,3610.13,3.44,0.10%,-,-
21-Apr-26,^N25I,NSE 25-Share Index,3365.92,5948.29,5782.25,5782.25,5782.25,5776.13,6.12,0.11%,-,-
21-Apr-26,^NASI,NSE All-Share Index,125.53,216.69,208.48,208.48,208.48,208.12,0.36,0.17%,-,-
21-Apr-26,^NBSI,NSE Banking Sector Index,149.92,245.9,241.77,241.77,241.77,241.54,0.23,0.10%,-,-
21-Apr-26,^NBDI,NSE Bonds Index,1140.96,1210.41,1158.51,1158.51,1158.51,1163.94,-5.43,-0.47%,-,-
21-Apr-26,^ZKEQTK,Zamara Kenya Equity Index (KES),2487.56,4790.09,4612.68,4612.68,4612.68,4601.27,11.41,0.25%,-,-
21-Apr-26,^ZKEQTU,Zamara Kenya Equity Index (USD),1657.09,3197.11,3077.5,3077.5,3077.5,3067.51,9.99,0.33%,-,-
22-Apr-26,EGAD,Eaagads Ltd,11,37,33,33.05,33,30.05,2.95,9.82%,5723,-
22-Apr-26,KUKZ,Kakuzi Plc,365,440,415,423.5,423.25,423.25,-,-,74,-
22-Apr-26,KAPC,Kapchorua Tea Kenya Plc,198,424.25,237.5,243,240,241.5,-1.5,-0.62%,522,-
22-Apr-26,LIMT,Limuru Tea Plc,295,555,477,500,510,510,-,-,72,-
22-Apr-26,SASN,Sasini Plc,13.3,33.9,26,27.9,27.15,27.9,-0.75,-2.69%,6344,-
22-Apr-26,WTK,Williamson Tea Kenya Plc,130,350,137,138.5,137.75,137.25,0.5,0.36%,5819,-
22-Apr-26,CGEN,Car and General (K) Ltd,19.8,74.25,64,67,65.75,65.25,0.5,0.77%,1187,-
22-Apr-26,ABSA,ABSA Bank Kenya Plc,15,33,30.5,31.2,30.65,31.1,-0.45,-1.45%,490609,-
22-Apr-26,BKG,BK Group Plc,28.75,55,53,53.5,53,53,-,-,5111,-
22-Apr-26,COOP,Co-operative Bank of Kenya Ltd,13.8,34.3,31.95,33.45,32.9,32.2,0.7,2.17%,2815492,-
22-Apr-26,DTK,Diamond Trust Bank Kenya Ltd,66,170,148,152,148.5,150.75,-2.25,-1.49%,73746,-
22-Apr-26,EQTY,Equity Group Holdings Plc,41.2,80,75,76,75.5,76,-0.5,-0.66%,616151,-
22-Apr-26,HFCK,HF Group Ltd,5.3,11.5,8.84,9.5,9.14,9.24,-0.1,-1.08%,302440,-
22-Apr-26,IMH,I & M Holdings Plc,29.5,52,49.65,49.95,49.8,49.15,0.65,1.32%,56630,-
22-Apr-26,KCB,KCB Group Plc,38,80.5,68.5,69.75,69.25,69.75,-0.5,-0.72%,426270,-
22-Apr-26,NCBA,NCBA Group Plc,48,100,88.5,90,89,89.5,-0.5,-0.56%,141641,-
22-Apr-26,SBIC,Stanbic Holdings Plc,147,300,285,292,288.5,289.75,-1.25,-0.43%,4676,-
22-Apr-26,SCBK,Standard Chartered Bank Kenya Ltd,260,370,350,360.5,352.75,360.5,-7.75,-2.15%,13914,-
22-Apr-26,DCON,Deacons (East Africa) Plc,0.45,0.45,0.45,0.45,0.45,0.45,-,-,-,-
22-Apr-26,EVRD,Eveready East Africa Ltd,0.75,1.78,1.11,1.15,1.14,1.14,-,-,178784,-
22-Apr-26,XPRS,Express Kenya Plc,2.8,10,6.92,7.6,7.04,7.38,-0.34,-4.61%,20724,-
22-Apr-26,HBE,Homeboyz Entertainment Plc,4.66,4.66,4.66,4.66,4.66,4.66,-,-,-,-
22-Apr-26,KQ,Kenya Airways Plc,1.56,8.92,5.82,6.12,5.9,5.82,0.08,1.37%,1480348,-
22-Apr-26,LKL,Longhorn Publishers Plc,2.38,3.5,2.96,3.2,3.12,3.1,0.02,0.65%,752,-
22-Apr-26,NBV,Nairobi Business Ventures Ltd,1.33,2.16,1.37,1.49,1.41,1.41,-,-,178434,-
22-Apr-26,NMG,Nation Media Group Plc,10.05,20,14,15,14.1,14.15,-0.05,-0.35%,53925,-
22-Apr-26,SMER,Sameer Africa Plc,2.7,21.5,17.5,18.1,17.6,18.65,-1.05,-5.63%,17414,-
22-Apr-26,SGL,Standard Group Plc,5.2,7.14,5.72,6.3,5.86,6.16,-0.3,-4.87%,2748,-
22-Apr-26,TPSE,TPS Eastern Africa (Serena) Ltd,13.05,18.2,15.5,16.65,16.4,16.4,-,-,60,-
22-Apr-26,UCHM,Uchumi Supermarket Plc,0.23,2.93,1.75,1.9,1.82,1.9,-0.08,-4.21%,806221,-
22-Apr-26,SCAN,WPP ScanGroup Plc,2,3.14,2.26,2.35,2.29,2.33,-0.04,-1.72%,24874,-
22-Apr-26,ARM,ARM Cement Plc,5.55,5.55,5.55,5.55,5.55,5.55,-,-,-,-
22-Apr-26,BAMB,Bamburi Cement Ltd,47.2,56.5,47.2,47.2,47.2,47.2,-,-,-,-
22-Apr-26,CRWN,Crown Paints Kenya Plc,34.5,70.75,56,63,57.5,59.25,-1.75,-2.95%,9487,-
22-Apr-26,CABL,East African Cables Plc,1,2.44,1,1,1,1,-,-,-,-
22-Apr-26,PORT,East African Portland Cement Ltd,28,101,77.5,81.25,78,77.25,0.75,0.97%,500,-
22-Apr-26,KEGN,Kenya Electricity Generating Company Plc,4.7,10.75,9.2,9.34,9.28,9.28,-,-,536088,-
22-Apr-26,KPC,Kenya Pipeline Company Plc,9,9.94,9.2,9.4,9.26,9.52,-0.26,-2.73%,212171,-
22-Apr-26,KPLC-P4,KPLC-P4,4,5,5,5,5,5,-,-,-,-
22-Apr-26,KPLC-P7,KPLC-P7,6,6,6,6,6,6,-,-,-,-
22-Apr-26,KPLC,Kenya Power and Lighting Company Plc,6,19,16.55,16.75,16.6,16.6,-,-,390326,-
22-Apr-26,TOTL,TotalEnergies Marketing Kenya Plc,21,47,41.25,43.25,41.55,43.25,-1.7,-3.93%,30778,-
22-Apr-26,UMME,Umeme Ltd,5.8,24.75,7.9,8.16,8.04,8,0.04,0.50%,5624,-
22-Apr-26,BRIT,Britam Holdings Plc,5.92,13.4,12.3,12.5,12.4,12.4,-,-,38696,-
22-Apr-26,CIC,CIC Insurance Group Ltd,2.55,6.62,4.5,4.65,4.58,4.61,-0.03,-0.65%,120682,-
22-Apr-26,JUB,Jubilee Holdings Ltd,182,437.75,380,395,380.75,380.5,0.25,0.07%,7533,-
22-Apr-26,KNRE,Kenya Re-Insurance Corporation Ltd,1.5,4.02,3.36,3.45,3.4,3.41,-0.01,-0.29%,1302809,-
22-Apr-26,LBTY,Liberty Kenya Holdings Ltd,9,12.1,9.1,10.2,9.42,9.54,-0.12,-1.26%,6203,-
22-Apr-26,SLAM,Sanlam Allianz Holdings (Kenya) Plc,5.5,11,8.9,9.84,9.56,9.56,-,-,12655,-
22-Apr-26,CTUM,Centum Investment Company Plc,10.85,16.75,13.9,14.5,14.2,14,0.2,1.43%,18510,-
22-Apr-26,HAFR,Home Afrika Ltd,0.48,1.93,1.4,1.45,1.42,1.42,-,-,275528,-
22-Apr-26,KURV,Kurwitu Ventures Ltd,1400,1500,1500,1500,1500,1500,-,-,-,-
22-Apr-26,OCH,Olympia Capital Holdings Ltd,3.12,9,7.1,7.7,7.26,7.24,0.02,0.28%,781,-
22-Apr-26,TCL,Trans-Century Plc,0.71,1.39,0.71,0.71,0.71,0.71,-,-,-,-
22-Apr-26,NSE,Nairobi Securities Exchange Plc,6.5,25.9,19.9,21,20.05,19.95,0.1,0.50%,106097,-
22-Apr-26,AMAC,Africa Mega Agricorp Plc,51,125,110.75,115.25,113.75,116,-2.25,-1.94%,299,-
22-Apr-26,BOC,BOC Kenya Plc,76,153.5,147,153.5,149.25,152,-2.75,-1.81%,2343,-
22-Apr-26,BAT,British American Tobacco Kenya Plc,345,629,572,580,574,574,-,-,19787,-
22-Apr-26,CARB,Carbacid Investments Plc,18,33,29.1,29.8,29.25,29.85,-0.6,-2.01%,11535,-
22-Apr-26,EABL,East African Breweries Ltd,167,351,250,254,250.5,250.5,-,-,5131,-
22-Apr-26,FTGH,Flame Tree Group Holdings Ltd,1.05,3.11,2.33,2.5,2.35,2.39,-0.04,-1.67%,33206,-
22-Apr-26,MSC,Mumias Sugar Company Ltd,0.27,0.27,0.27,0.27,0.27,0.27,-,-,-,-
22-Apr-26,SKL,Shri Krishana Overseas Plc,5.8,12,8.66,9.5,9.18,9,0.18,2.00%,16347,-
22-Apr-26,UNGA,Unga Group Ltd,18.05,34,27.85,30,28.6,28.75,-0.15,-0.52%,909,-
22-Apr-26,SCOM,Safaricom Plc,17,34.2,29.8,30,29.85,29.95,-0.1,-0.33%,2435612,-
22-Apr-26,ALP,Africa Logistics Properties Industria...,1,1,1,1,1,1,-,-,-,-
22-Apr-26,LAPR,LAPTrust Imara Income-REIT,20,20,20,20,20,20,-,-,-,-
22-Apr-26,GLD,ABSA NewGold ETF,881,9800,5920,5940,5940,5930,10,0.17%,140,-
22-Apr-26,SMWF,Satrix MSCI World Feeder ETF,755,1050,868,887,874,870,4,0.46%,863,-
22-Apr-26,^N10I,NSE 10-Share Index,1268.27,2271.75,2181.73,2181.73,2181.73,2184.18,-2.45,-0.11%,-,-
22-Apr-26,^N20I,NSE 20-Share Index,2092.84,3758.73,3604.56,3604.56,3604.56,3613.57,-9.01,-0.25%,-,-
22-Apr-26,^N25I,NSE 25-Share Index,3365.92,5948.29,5766.86,5766.86,5766.86,5782.25,-15.39,-0.27%,-,-
22-Apr-26,^NASI,NSE All-Share Index,125.53,216.69,207.57,207.57,207.57,208.48,-0.91,-0.44%,-,-
22-Apr-26,^NBSI,NSE Banking Sector Index,149.92,245.9,240.8,240.8,240.8,241.77,-0.97,-0.40%,-,-
22-Apr-26,^NBDI,NSE Bonds Index,1140.96,1210.41,1153.84,1153.84,1153.84,1158.51,-4.67,-0.40%,-,-
22-Apr-26,^ZKEQTK,Zamara Kenya Equity Index (KES),2487.56,4790.09,4583.93,4583.93,4583.93,4612.68,-28.75,-0.62%,-,-
22-Apr-26,^ZKEQTU,Zamara Kenya Equity Index (USD),1657.09,3197.11,3055.95,3055.95,3055.95,3077.5,-21.55,-0.70%,-,-
23-Apr-26,EGAD,Eaagads Ltd,11,37,32.5,36.3,34.7,33,1.7,5.15%,17055,-
23-Apr-26,KUKZ,Kakuzi Plc,365,440,423.5,425,423.5,423.25,0.25,0.06%,365,-
23-Apr-26,KAPC,Kapchorua Tea Kenya Plc,198,424.25,238,242,240.25,240,0.25,0.10%,729,-
23-Apr-26,LIMT,Limuru Tea Plc,295,555,478,500,510,510,-,-,84,-
23-Apr-26,SASN,Sasini Plc,13.3,33.9,26.1,27.9,26.4,27.15,-0.75,-2.76%,7354,-
23-Apr-26,WTK,Williamson Tea Kenya Plc,130,350,137,138,137.25,137.75,-0.5,-0.36%,8780,-
23-Apr-26,CGEN,Car and General (K) Ltd,19.8,74.25,64,66,65.5,65.75,-0.25,-0.38%,158,-
23-Apr-26,ABSA,ABSA Bank Kenya Plc,15,33,30.25,30.75,30.45,30.65,-0.2,-0.65%,506580,-
23-Apr-26,BKG,BK Group Plc,28.75,55,52.5,54.5,53.75,53,0.75,1.42%,789,-
23-Apr-26,COOP,Co-operative Bank of Kenya Ltd,13.8,34.3,31.5,33.25,32.55,32.9,-0.35,-1.06%,2229205,-
23-Apr-26,DTK,Diamond Trust Bank Kenya Ltd,66,170,148.5,150,149.5,148.5,1,0.67%,36558,-
23-Apr-26,EQTY,Equity Group Holdings Plc,41.2,80,74.75,77,74.75,75.5,-0.75,-0.99%,1103370,-
23-Apr-26,HFCK,HF Group Ltd,5.3,11.5,9,9.5,9.08,9.14,-0.06,-0.66%,243609,-
23-Apr-26,IMH,I & M Holdings Plc,29.5,52,49.05,49.95,49.65,49.8,-0.15,-0.30%,67130,-
23-Apr-26,KCB,KCB Group Plc,38,80.5,68,69.5,68.5,69.25,-0.75,-1.08%,2182154,-
23-Apr-26,NCBA,NCBA Group Plc,48,100,88.75,89.5,89,89,-,-,52371,-
23-Apr-26,SBIC,Stanbic Holdings Plc,147,300,285,290,288.5,288.5,-,-,6009,-
23-Apr-26,SCBK,Standard Chartered Bank Kenya Ltd,260,370,345,354,349,352.75,-3.75,-1.06%,17207,-
23-Apr-26,DCON,Deacons (East Africa) Plc,0.45,0.45,0.45,0.45,0.45,0.45,-,-,-,-
23-Apr-26,EVRD,Eveready East Africa Ltd,0.75,1.78,1.11,1.2,1.15,1.14,0.01,0.88%,547086,-
23-Apr-26,XPRS,Express Kenya Plc,2.8,10,7.02,7.7,7.58,7.04,0.54,7.67%,5992,-
23-Apr-26,HBE,Homeboyz Entertainment Plc,4.66,4.66,4.66,4.66,4.66,4.66,-,-,-,-
23-Apr-26,KQ,Kenya Airways Plc,1.56,8.92,5.9,6.12,6,5.9,0.1,1.69%,496352,-
23-Apr-26,LKL,Longhorn Publishers Plc,2.38,3.5,2.96,3.12,3.01,3.12,-0.11,-3.53%,11677,-
23-Apr-26,NBV,Nairobi Business Ventures Ltd,1.33,2.16,1.38,1.5,1.45,1.41,0.04,2.84%,66494,-
23-Apr-26,NMG,Nation Media Group Plc,10.05,20,14.05,14.95,14.7,14.1,0.6,4.26%,885,-
23-Apr-26,SMER,Sameer Africa Plc,2.7,21.5,17,18.5,18,17.6,0.4,2.27%,21450,-
23-Apr-26,SGL,Standard Group Plc,5.2,7.14,5.72,6.28,6.04,5.86,0.18,3.07%,3243,-
23-Apr-26,TPSE,TPS Eastern Africa (Serena) Ltd,13.05,18.2,15.65,16.5,16.1,16.4,-0.3,-1.83%,1280,-
23-Apr-26,UCHM,Uchumi Supermarket Plc,0.23,2.93,1.81,1.88,1.83,1.82,0.01,0.55%,744520,-
23-Apr-26,SCAN,WPP ScanGroup Plc,2,3.14,2.28,2.35,2.32,2.29,0.03,1.31%,16496,-
23-Apr-26,ARM,ARM Cement Plc,5.55,5.55,5.55,5.55,5.55,5.55,-,-,-,-
23-Apr-26,BAMB,Bamburi Cement Ltd,47.2,56.5,47.2,47.2,47.2,47.2,-,-,-,-
23-Apr-26,CRWN,Crown Paints Kenya Plc,34.5,70.75,56,59.25,57.25,57.5,-0.25,-0.43%,889,-
23-Apr-26,CABL,East African Cables Plc,1,2.44,1,1,1,1,-,-,-,-
23-Apr-26,PORT,East African Portland Cement Ltd,28,101,78,80,78,78,-,-,49,-
23-Apr-26,KEGN,Kenya Electricity Generating Company Plc,4.7,10.75,9.18,9.34,9.24,9.28,-0.04,-0.43%,456096,-
23-Apr-26,KPC,Kenya Pipeline Company Plc,9,9.94,9.2,9.26,9.2,9.26,-0.06,-0.65%,229860,-
23-Apr-26,KPLC-P4,KPLC-P4,4,5,5,5,5,5,-,-,-,-
23-Apr-26,KPLC-P7,KPLC-P7,6,6,6,6,6,6,-,-,-,-
23-Apr-26,KPLC,Kenya Power and Lighting Company Plc,6.04,19,16.45,16.8,16.7,16.6,0.1,0.60%,1179455,-
23-Apr-26,TOTL,TotalEnergies Marketing Kenya Plc,21,47,41.3,43,41.7,41.55,0.15,0.36%,21710,-
23-Apr-26,UMME,Umeme Ltd,5.8,24.75,8,8.16,8.06,8.04,0.02,0.25%,38505,-
23-Apr-26,BRIT,Britam Holdings Plc,5.92,13.4,12.15,12.6,12.45,12.4,0.05,0.40%,101004,-
23-Apr-26,CIC,CIC Insurance Group Ltd,2.55,6.62,4.5,4.65,4.56,4.58,-0.02,-0.44%,176236,-
23-Apr-26,JUB,Jubilee Holdings Ltd,182,437.75,375.5,394.5,380,380.75,-0.75,-0.20%,4082,-
23-Apr-26,KNRE,Kenya Re-Insurance Corporation Ltd,1.53,4.02,3.35,3.4,3.36,3.4,-0.04,-1.18%,711431,-
23-Apr-26,LBTY,Liberty Kenya Holdings Ltd,9,12.1,9,9.9,9.52,9.42,0.1,1.06%,3454,-
23-Apr-26,SLAM,Sanlam Allianz Holdings (Kenya) Plc,5.5,11,9,9.78,9.34,9.56,-0.22,-2.30%,8875,-
23-Apr-26,CTUM,Centum Investment Company Plc,10.85,16.75,13.9,14.4,14.15,14.2,-0.05,-0.35%,11623,-
23-Apr-26,HAFR,Home Afrika Ltd,0.48,1.93,1.4,1.48,1.44,1.42,0.02,1.41%,221550,-
23-Apr-26,KURV,Kurwitu Ventures Ltd,1400,1500,1500,1500,1500,1500,-,-,-,-
23-Apr-26,OCH,Olympia Capital Holdings Ltd,3.12,9,7,7.88,7.54,7.26,0.28,3.86%,1490,-
23-Apr-26,TCL,Trans-Century Plc,0.71,1.39,0.71,0.71,0.71,0.71,-,-,-,-
23-Apr-26,NSE,Nairobi Securities Exchange Plc,6.5,25.9,20,20.5,20.15,20.05,0.1,0.50%,70516,-
23-Apr-26,AMAC,Africa Mega Agricorp Plc,51,125,110.75,117,111.25,113.75,-2.5,-2.20%,437,-
23-Apr-26,BOC,BOC Kenya Plc,76,153.5,147,153.5,148.5,149.25,-0.75,-0.50%,1668,-
23-Apr-26,BAT,British American Tobacco Kenya Plc,345,629,573,580,574,574,-,-,10400,-
23-Apr-26,CARB,Carbacid Investments Plc,18,33,29.1,29.85,29.5,29.25,0.25,0.85%,2621,-
23-Apr-26,EABL,East African Breweries Ltd,168,351,245,250.5,246.25,250.5,-4.25,-1.70%,26422,-
23-Apr-26,FTGH,Flame Tree Group Holdings Ltd,1.05,3.11,2.12,2.49,2.2,2.35,-0.15,-6.38%,103361,-
23-Apr-26,MSC,Mumias Sugar Company Ltd,0.27,0.27,0.27,0.27,0.27,0.27,-,-,-,-
23-Apr-26,SKL,Shri Krishana Overseas Plc,5.8,12,8.6,9,8.94,9.18,-0.24,-2.61%,3116,-
23-Apr-26,UNGA,Unga Group Ltd,18.05,34,28.7,29,29,28.6,0.4,1.40%,1465,-
23-Apr-26,SCOM,Safaricom Plc,17,34.2,29.5,29.95,29.7,29.85,-0.15,-0.50%,2786357,-
23-Apr-26,ALP,Africa Logistics Properties Industria...,1,1,1,1,1,1,-,-,-,-
23-Apr-26,LAPR,LAPTrust Imara Income-REIT,20,20,20,20,20,20,-,-,-,-
23-Apr-26,GLD,ABSA NewGold ETF,881,9800,5675,5940,5695,5940,-245,-4.12%,934,-
23-Apr-26,SMWF,Satrix MSCI World Feeder ETF,755,1050,874,930,894,874,20,2.29%,536,-
23-Apr-26,^N10I,NSE 10-Share Index,1268.27,2271.75,2161.84,2161.84,2161.84,2181.73,-19.89,-0.91%,-,-
23-Apr-26,^N20I,NSE 20-Share Index,2092.84,3758.73,3591.28,3591.28,3591.28,3604.56,-13.28,-0.37%,-,-
23-Apr-26,^N25I,NSE 25-Share Index,3365.92,5948.29,5727.43,5727.43,5727.43,5766.86,-39.43,-0.68%,-,-
23-Apr-26,^NASI,NSE All-Share Index,125.53,216.69,206.4,206.4,206.4,207.57,-1.17,-0.56%,-,-
23-Apr-26,^NBSI,NSE Banking Sector Index,149.92,245.9,239.14,239.14,239.14,240.8,-1.66,-0.69%,-,-
23-Apr-26,^NBDI,NSE Bonds Index,1140.96,1210.41,1155.32,1155.32,1155.32,1153.84,1.48,0.13%,-,-
23-Apr-26,^ZKEQTK,Zamara Kenya Equity Index (KES),2487.56,4790.09,4550.26,4550.26,4550.26,4583.93,-33.67,-0.73%,-,-
23-Apr-26,^ZKEQTU,Zamara Kenya Equity Index (USD),1657.09,3197.11,3028.82,3028.82,3028.82,3055.95,-27.13,-0.89%,-,-
24-Apr-26,EGAD,Eaagads Ltd,11,37,32,36.3,35.15,34.7,0.45,1.30%,2748,-
24-Apr-26,KUKZ,Kakuzi Plc,365,440,420,427.75,423.5,423.5,-,-,75,-
24-Apr-26,KAPC,Kapchorua Tea Kenya Plc,198,424.25,238,241.5,241.25,240.25,1,0.42%,973,-
24-Apr-26,LIMT,Limuru Tea Plc,295,555,500,500,510,510,-,-,65,-
24-Apr-26,SASN,Sasini Plc,13.3,33.9,26.6,27.9,27,26.4,0.6,2.27%,15117,-
24-Apr-26,WTK,Williamson Tea Kenya Plc,130,350,137,137.75,137,137.25,-0.25,-0.18%,4247,-
24-Apr-26,CGEN,Car and General (K) Ltd,19.8,74.25,65,67,65.5,65.5,-,-,2469,-
24-Apr-26,ABSA,ABSA Bank Kenya Plc,15,33,30.25,31,30.5,30.45,0.05,0.16%,1181338,-
24-Apr-26,BKG,BK Group Plc,28.75,55,52.75,54.5,54,53.75,0.25,0.47%,60127,-
24-Apr-26,COOP,Co-operative Bank of Kenya Ltd,13.8,34.3,31.8,32.5,32.2,32.55,-0.35,-1.08%,461433,-
24-Apr-26,DTK,Diamond Trust Bank Kenya Ltd,66,170,148,152,149,149.5,-0.5,-0.33%,42829,-
24-Apr-26,EQTY,Equity Group Holdings Plc,41.2,80,74.75,76.5,75,74.75,0.25,0.33%,1007398,-
24-Apr-26,HFCK,HF Group Ltd,5.3,11.5,9.3,9.5,9.38,9.08,0.3,3.30%,55405,-
24-Apr-26,IMH,I & M Holdings Plc,29.7,52,49.3,49.9,49.65,49.65,-,-,71946,-
24-Apr-26,KCB,KCB Group Plc,38,80.5,68,69.75,68.5,68.5,-,-,530350,-
24-Apr-26,NCBA,NCBA Group Plc,48,100,87.75,89,88.75,89,-0.25,-0.28%,162909,-
24-Apr-26,SBIC,Stanbic Holdings Plc,147,300,284,290,287.5,288.5,-1,-0.35%,4298,-
24-Apr-26,SCBK,Standard Chartered Bank Kenya Ltd,260,370,343.75,352,346.75,349,-2.25,-0.64%,19601,-
24-Apr-26,DCON,Deacons (East Africa) Plc,0.45,0.45,0.45,0.45,0.45,0.45,-,-,-,-
24-Apr-26,EVRD,Eveready East Africa Ltd,0.75,1.78,1.14,1.19,1.16,1.15,0.01,0.87%,339690,-
24-Apr-26,XPRS,Express Kenya Plc,2.8,10,7.02,7.7,7.32,7.58,-0.26,-3.43%,1448,-
24-Apr-26,HBE,Homeboyz Entertainment Plc,4.66,4.66,4.66,4.66,4.66,4.66,-,-,-,-
24-Apr-26,KQ,Kenya Airways Plc,1.56,8.92,6,6.6,6.42,6,0.42,7.00%,690239,-
24-Apr-26,LKL,Longhorn Publishers Plc,2.38,3.5,2.96,3.12,2.98,3.01,-0.03,-1.00%,10887,-
24-Apr-26,NBV,Nairobi Business Ventures Ltd,1.33,2.16,1.4,1.49,1.45,1.45,-,-,35337,-
24-Apr-26,NMG,Nation Media Group Plc,10.05,20,14.15,14.9,14.8,14.7,0.1,0.68%,4704,-
24-Apr-26,SMER,Sameer Africa Plc,2.7,21.5,17,17.95,17.75,18,-0.25,-1.39%,2732,-
24-Apr-26,SGL,Standard Group Plc,5.2,7.14,5.82,6.44,6.28,6.04,0.24,3.97%,3563,-
24-Apr-26,TPSE,TPS Eastern Africa (Serena) Ltd,13.05,18.2,15.55,16.7,15.6,16.1,-0.5,-3.11%,4958,-
24-Apr-26,UCHM,Uchumi Supermarket Plc,0.23,2.93,1.81,1.88,1.85,1.83,0.02,1.09%,150050,-
24-Apr-26,SCAN,WPP ScanGroup Plc,2,3.14,2.2,2.34,2.23,2.32,-0.09,-3.88%,30722,-
24-Apr-26,ARM,ARM Cement Plc,5.55,5.55,5.55,5.55,5.55,5.55,-,-,-,-
24-Apr-26,BAMB,Bamburi Cement Ltd,47.2,56.5,47.2,47.2,47.2,47.2,-,-,-,-
24-Apr-26,CRWN,Crown Paints Kenya Plc,34.5,70.75,56,58,57.25,57.25,-,-,2665,-
24-Apr-26,CABL,East African Cables Plc,1,2.44,1,1,1,1,-,-,-,-
24-Apr-26,PORT,East African Portland Cement Ltd,28,101,78,81,79.25,78,1.25,1.60%,218,-
24-Apr-26,KEGN,Kenya Electricity Generating Company Plc,4.7,10.75,9.24,9.34,9.3,9.24,0.06,0.65%,1327950,-
24-Apr-26,KPC,Kenya Pipeline Company Plc,9,9.94,9.2,9.4,9.26,9.2,0.06,0.65%,183788,-
24-Apr-26,KPLC-P4,KPLC-P4,4,5,5,5,5,5,-,-,-,-
24-Apr-26,KPLC-P7,KPLC-P7,6,6,6,6,6,6,-,-,-,-
24-Apr-26,KPLC,Kenya Power and Lighting Company Plc,6.06,19,16.4,16.7,16.5,16.7,-0.2,-1.20%,332502,-
24-Apr-26,TOTL,TotalEnergies Marketing Kenya Plc,21,47,41.55,42.95,42.05,41.7,0.35,0.84%,6317,-
24-Apr-26,UMME,Umeme Ltd,5.8,24.75,7.68,8.1,7.96,8.06,-0.1,-1.24%,18558,-
24-Apr-26,BRIT,Britam Holdings Plc,5.92,13.4,12.2,12.7,12.4,12.45,-0.05,-0.40%,129076,-
24-Apr-26,CIC,CIC Insurance Group Ltd,2.55,6.62,4.4,4.55,4.45,4.56,-0.11,-2.41%,134903,-
24-Apr-26,JUB,Jubilee Holdings Ltd,195,437.75,375.5,390,380,380,-,-,26254,-
24-Apr-26,KNRE,Kenya Re-Insurance Corporation Ltd,1.55,4.02,3.35,3.4,3.39,3.36,0.03,0.89%,931820,-
24-Apr-26,LBTY,Liberty Kenya Holdings Ltd,9,12.1,9.8,9.9,9.88,9.52,0.36,3.78%,6968,-
24-Apr-26,SLAM,Sanlam Allianz Holdings (Kenya) Plc,5.5,11,9.02,9.86,9.24,9.34,-0.1,-1.07%,5528,-
24-Apr-26,CTUM,Centum Investment Company Plc,10.85,16.75,13.85,14.4,13.9,14.15,-0.25,-1.77%,20081,-
24-Apr-26,HAFR,Home Afrika Ltd,0.48,1.93,1.42,1.5,1.45,1.44,0.01,0.69%,210214,-
24-Apr-26,KURV,Kurwitu Ventures Ltd,1400,1500,1495,1495,1500,1500,-,-,2,-
24-Apr-26,OCH,Olympia Capital Holdings Ltd,3.12,9,7.1,7.8,7.7,7.54,0.16,2.12%,852,-
24-Apr-26,TCL,Trans-Century Plc,0.71,1.39,0.71,0.71,0.71,0.71,-,-,-,-
24-Apr-26,NSE,Nairobi Securities Exchange Plc,6.5,25.9,19.95,20.3,20.05,20.15,-0.1,-0.50%,45886,-
24-Apr-26,AMAC,Africa Mega Agricorp Plc,51,125,110.75,117,116.75,111.25,5.5,4.94%,823,-
24-Apr-26,BOC,BOC Kenya Plc,76,154,150,153.5,152.25,148.5,3.75,2.53%,1714,-
24-Apr-26,BAT,British American Tobacco Kenya Plc,345,629,573,576,574,574,-,-,7372,-
24-Apr-26,CARB,Carbacid Investments Plc,18,33,29.6,29.9,29.8,29.5,0.3,1.02%,4621,-
24-Apr-26,EABL,East African Breweries Ltd,168,351,247.75,250,248.5,246.25,2.25,0.91%,11405,-
24-Apr-26,FTGH,Flame Tree Group Holdings Ltd,1.05,3.11,2.2,2.3,2.26,2.2,0.06,2.73%,32927,-
24-Apr-26,MSC,Mumias Sugar Company Ltd,0.27,0.27,0.27,0.27,0.27,0.27,-,-,-,-
24-Apr-26,SKL,Shri Krishana Overseas Plc,5.8,12,8.1,9,8.84,8.94,-0.1,-1.12%,1348,-
24-Apr-26,UNGA,Unga Group Ltd,18.05,34,28,29.1,28.95,29,-0.05,-0.17%,671,-
24-Apr-26,SCOM,Safaricom Plc,17,34.2,29.65,29.9,29.9,29.7,0.2,0.67%,20967747,-
24-Apr-26,ALP,Africa Logistics Properties Industria...,1,1,1,1,1,1,-,-,-,-
24-Apr-26,LAPR,LAPTrust Imara Income-REIT,20,20,20,20,20,20,-,-,-,-
24-Apr-26,GLD,ABSA NewGold ETF,881,9800,5675,5940,5695,5695,-,-,71,-
24-Apr-26,SMWF,Satrix MSCI World Feeder ETF,755,1050,890,899,897,894,3,0.34%,649,-
24-Apr-26,^N10I,NSE 10-Share Index,1268.27,2271.75,2167.55,2167.55,2167.55,2161.84,5.71,0.26%,-,-
24-Apr-26,^N20I,NSE 20-Share Index,2092.84,3758.73,3589.13,3589.13,3589.13,3591.28,-2.15,-0.06%,-,-
24-Apr-26,^N25I,NSE 25-Share Index,3365.92,5948.29,5735.29,5735.29,5735.29,5727.43,7.86,0.14%,-,-
24-Apr-26,^NASI,NSE All-Share Index,125.53,216.69,207.09,207.09,207.09,206.4,0.69,0.33%,-,-
24-Apr-26,^NBSI,NSE Banking Sector Index,149.92,245.9,238.81,238.81,238.81,239.14,-0.33,-0.14%,-,-
24-Apr-26,^NBDI,NSE Bonds Index,1140.96,1210.41,1167.37,1167.37,1167.37,1155.32,12.05,1.04%,-,-
24-Apr-26,^ZKEQTK,Zamara Kenya Equity Index (KES),2487.56,4790.09,4560.01,4560.01,4560.01,4550.26,9.75,0.21%,-,-
24-Apr-26,^ZKEQTU,Zamara Kenya Equity Index (USD),1657.09,3197.11,3035.3,3035.3,3035.3,3028.82,6.48,0.21%,-,-
27-Apr-26,EGAD,Eaagads Ltd,11,37,31.7,35,33.2,35.15,-1.95,-5.55%,1163,-
27-Apr-26,KUKZ,Kakuzi Plc,365,440,420,424,422.75,423.5,-0.75,-0.18%,208,-
27-Apr-26,KAPC,Kapchorua Tea Kenya Plc,198,424.25,238,242,239.5,241.25,-1.75,-0.73%,1726,-
27-Apr-26,LIMT,Limuru Tea Plc,295,555,478,500,510,510,-,-,5,-
27-Apr-26,SASN,Sasini Plc,13.3,33.9,26.5,27,26.9,27,-0.1,-0.37%,2713,-
27-Apr-26,WTK,Williamson Tea Kenya Plc,130,350,135.5,138,136.5,137,-0.5,-0.36%,17026,-
27-Apr-26,CGEN,Car and General (K) Ltd,19.8,74.25,62.5,67,64.5,65.5,-1,-1.53%,1216,-
27-Apr-26,ABSA,ABSA Bank Kenya Plc,15,33,30.7,31.2,31,30.5,0.5,1.64%,1454458,-
27-Apr-26,BKG,BK Group Plc,28.75,55,52.75,55,54,54,-,-,24318,-
27-Apr-26,COOP,Co-operative Bank of Kenya Ltd,13.8,34.3,32,32.95,32.3,32.2,0.1,0.31%,689491,-
27-Apr-26,DTK,Diamond Trust Bank Kenya Ltd,66,170,147,152,148.75,149,-0.25,-0.17%,47459,-
27-Apr-26,EQTY,Equity Group Holdings Plc,41.2,80,74.5,76.75,74.75,75,-0.25,-0.33%,1272117,-
27-Apr-26,HFCK,HF Group Ltd,5.3,11.5,9,9.4,9.04,9.38,-0.34,-3.62%,607457,-
27-Apr-26,IMH,I & M Holdings Plc,29.7,52,49.1,49.75,49.5,49.65,-0.15,-0.30%,1081724,-
27-Apr-26,KCB,KCB Group Plc,38,80.5,68,69,68.25,68.5,-0.25,-0.36%,416783,-
27-Apr-26,NCBA,NCBA Group Plc,48,100,87,89.75,88,88.75,-0.75,-0.85%,100973,-
27-Apr-26,SBIC,Stanbic Holdings Plc,147,300,282,295,287,287.5,-0.5,-0.17%,12442,-
27-Apr-26,SCBK,Standard Chartered Bank Kenya Ltd,260,370,349,364,354,346.75,7.25,2.09%,113612,-
27-Apr-26,DCON,Deacons (East Africa) Plc,0.45,0.45,0.45,0.45,0.45,0.45,-,-,-,-
27-Apr-26,EVRD,Eveready East Africa Ltd,0.75,1.78,1.15,1.19,1.17,1.16,0.01,0.86%,138812,-
27-Apr-26,XPRS,Express Kenya Plc,2.8,10,7.04,7.7,7.26,7.32,-0.06,-0.82%,6073,-
27-Apr-26,HBE,Homeboyz Entertainment Plc,4.66,4.66,4.66,4.66,4.66,4.66,-,-,-,-
27-Apr-26,KQ,Kenya Airways Plc,1.56,8.92,6.14,6.7,6.5,6.42,0.08,1.25%,637421,-
27-Apr-26,LKL,Longhorn Publishers Plc,2.38,3.5,2.96,3.2,3.13,2.98,0.15,5.03%,10280,-
27-Apr-26,NBV,Nairobi Business Ventures Ltd,1.33,2.16,1.38,1.45,1.42,1.45,-0.03,-2.07%,9269,-
27-Apr-26,NMG,Nation Media Group Plc,10.05,20,13.4,14.2,13.65,14.8,-1.15,-7.77%,172908,-
27-Apr-26,SMER,Sameer Africa Plc,2.7,21.5,17,18,17.55,17.75,-0.2,-1.13%,4407,-
27-Apr-26,SGL,Standard Group Plc,5.2,7.14,5.84,6.3,6.06,6.28,-0.22,-3.50%,2648,-
27-Apr-26,TPSE,TPS Eastern Africa (Serena) Ltd,13.05,18.2,15.5,16.5,15.55,15.6,-0.05,-0.32%,1029,-
27-Apr-26,UCHM,Uchumi Supermarket Plc,0.23,2.93,1.86,1.95,1.88,1.85,0.03,1.62%,719857,-
27-Apr-26,SCAN,WPP ScanGroup Plc,2,3.14,2.2,2.35,2.23,2.23,-,-,89048,-
27-Apr-26,ARM,ARM Cement Plc,5.55,5.55,5.55,5.55,5.55,5.55,-,-,-,-
27-Apr-26,BAMB,Bamburi Cement Ltd,47.2,56.5,47.2,47.2,47.2,47.2,-,-,-,-
27-Apr-26,CRWN,Crown Paints Kenya Plc,34.5,70.75,52,57.75,53.25,57.25,-4,-6.99%,32920,-
27-Apr-26,CABL,East African Cables Plc,1,2.44,1,1,1,1,-,-,-,-
27-Apr-26,PORT,East African Portland Cement Ltd,28,101,77,79,78.75,79.25,-0.5,-0.63%,448,-
27-Apr-26,KEGN,Kenya Electricity Generating Company Plc,4.7,10.75,9.26,9.92,9.3,9.3,-,-,1377693,-
27-Apr-26,KPC,Kenya Pipeline Company Plc,9,9.94,9.02,9.3,9.24,9.26,-0.02,-0.22%,318604,-
27-Apr-26,KPLC-P4,KPLC-P4,4,5,5,5,5,5,-,-,-,-
27-Apr-26,KPLC-P7,KPLC-P7,6,6,6,6,6,6,-,-,-,-
27-Apr-26,KPLC,Kenya Power and Lighting Company Plc,6.06,19,16.4,16.95,16.55,16.5,0.05,0.30%,618248,-
27-Apr-26,TOTL,TotalEnergies Marketing Kenya Plc,21,47,42,43.45,42.45,42.05,0.4,0.95%,11477,-
27-Apr-26,UMME,Umeme Ltd,5.8,24.75,7.7,8.06,7.98,7.96,0.02,0.25%,28671,-
27-Apr-26,BRIT,Britam Holdings Plc,5.92,13.4,12,12.7,12.45,12.4,0.05,0.40%,142230,-
27-Apr-26,CIC,CIC Insurance Group Ltd,2.55,6.62,4.3,4.55,4.45,4.45,-,-,251626,-
27-Apr-26,JUB,Jubilee Holdings Ltd,195,437.75,375.25,393.5,380,380,-,-,14544,-
27-Apr-26,KNRE,Kenya Re-Insurance Corporation Ltd,1.55,4.02,3.3,3.4,3.36,3.39,-0.03,-0.88%,1263396,-
27-Apr-26,LBTY,Liberty Kenya Holdings Ltd,9,12.1,9.88,10,9.96,9.88,0.08,0.81%,20526,-
27-Apr-26,SLAM,Sanlam Allianz Holdings (Kenya) Plc,5.5,11,8.94,9.82,9.14,9.24,-0.1,-1.08%,5098,-
27-Apr-26,CTUM,Centum Investment Company Plc,10.85,16.75,13.6,14.35,13.65,13.9,-0.25,-1.80%,13742,-
27-Apr-26,HAFR,Home Afrika Ltd,0.48,1.93,1.42,1.5,1.46,1.45,0.01,0.69%,340712,-
27-Apr-26,KURV,Kurwitu Ventures Ltd,1400,1500,1420,1495,1500,1500,-,-,2,-
27-Apr-26,OCH,Olympia Capital Holdings Ltd,3.12,9,7.5,7.88,7.54,7.7,-0.16,-2.08%,396,-
27-Apr-26,TCL,Trans-Century Plc,0.71,1.39,0.71,0.71,0.71,0.71,-,-,-,-
27-Apr-26,NSE,Nairobi Securities Exchange Plc,6.5,25.9,19.85,20.25,20.1,20.05,0.05,0.25%,86058,-
27-Apr-26,AMAC,Africa Mega Agricorp Plc,51,125,112,116.5,116.75,116.75,-,-,42,-
27-Apr-26,BOC,BOC Kenya Plc,76,154,150,154,150.75,152.25,-1.5,-0.99%,1797,-
27-Apr-26,BAT,British American Tobacco Kenya Plc,345,629,570,585,571,574,-3,-0.52%,112379,-
27-Apr-26,CARB,Carbacid Investments Plc,18,33,29.8,29.95,29.85,29.8,0.05,0.17%,16199,-
27-Apr-26,EABL,East African Breweries Ltd,168,351,245,249,248.25,248.5,-0.25,-0.10%,21902,-
27-Apr-26,FTGH,Flame Tree Group Holdings Ltd,1.05,3.11,2.12,2.3,2.2,2.26,-0.06,-2.65%,63290,-
27-Apr-26,MSC,Mumias Sugar Company Ltd,0.27,0.27,0.27,0.27,0.27,0.27,-,-,-,-
27-Apr-26,SKL,Shri Krishana Overseas Plc,5.8,12,8,9,8.28,8.84,-0.56,-6.33%,1502,-
27-Apr-26,UNGA,Unga Group Ltd,18.05,34,28,29.5,28.85,28.95,-0.1,-0.35%,468,-
27-Apr-26,SCOM,Safaricom Plc,17,34.2,29.8,30,29.85,29.9,-0.05,-0.17%,693679,-
27-Apr-26,ALP,Africa Logistics Properties Industria...,1,1,1,1,1,1,-,-,-,-
27-Apr-26,LAPR,LAPTrust Imara Income-REIT,20,20,20,20,20,20,-,-,-,-
27-Apr-26,GLD,ABSA NewGold ETF,881,9800,5710,5940,5695,5695,-,-,44,-
27-Apr-26,SMWF,Satrix MSCI World Feeder ETF,755,1050,895,900,896,897,-1,-0.11%,473,-
27-Apr-26,^N10I,NSE 10-Share Index,1268.27,2271.75,2167.54,2167.54,2167.54,2167.55,-0.01,#VALUE!,-,-
27-Apr-26,^N20I,NSE 20-Share Index,2092.84,3758.73,3580.76,3580.76,3580.76,3589.13,-8.37,-0.23%,-,-
27-Apr-26,^N25I,NSE 25-Share Index,3365.92,5948.29,5732.2,5732.2,5732.2,5735.29,-3.09,-0.05%,-,-
27-Apr-26,^NASI,NSE All-Share Index,125.53,216.69,206.98,206.98,206.98,207.09,-0.11,-0.05%,-,-
27-Apr-26,^NBSI,NSE Banking Sector Index,149.92,245.9,239.14,239.14,239.14,238.81,0.33,0.14%,-,-
27-Apr-26,^NBDI,NSE Bonds Index,1140.96,1210.41,1166.11,1166.11,1166.11,1167.37,-1.26,-0.11%,-,-
27-Apr-26,^ZKEQTK,Zamara Kenya Equity Index (KES),2487.56,4790.09,4555.36,4555.36,4555.36,4560.01,-4.65,-0.10%,-,-
27-Apr-26,^ZKEQTU,Zamara Kenya Equity Index (USD),1657.09,3197.11,3036.91,3036.91,3036.91,3035.3,1.61,0.05%,-,-
28-Apr-26,EGAD,Eaagads Ltd,11,37,32.15,35,34.75,33.2,1.55,4.67%,1933,-
28-Apr-26,KUKZ,Kakuzi Plc,365,440,420,424,422.75,422.75,-,-,19,-
28-Apr-26,KAPC,Kapchorua Tea Kenya Plc,198,424.25,234,244,238,239.5,-1.5,-0.63%,849,-
28-Apr-26,LIMT,Limuru Tea Plc,295,555,480,540,510,510,-,-,97,-
28-Apr-26,SASN,Sasini Plc,13.3,33.9,26,26.5,26.15,26.9,-0.75,-2.79%,7670,-
28-Apr-26,WTK,Williamson Tea Kenya Plc,130,350,131,137,134.75,136.5,-1.75,-1.28%,9733,-
28-Apr-26,CGEN,Car and General (K) Ltd,19.8,74.25,64,65.5,65,64.5,0.5,0.78%,2210,-
28-Apr-26,ABSA,ABSA Bank Kenya Plc,15,33,30.9,31.2,31,31,-,-,703418,-
28-Apr-26,BKG,BK Group Plc,28.75,58,53,53.75,53.75,54,-0.25,-0.46%,3443,-
28-Apr-26,COOP,Co-operative Bank of Kenya Ltd,13.8,34.3,31.45,32.15,31.9,32.3,-0.4,-1.24%,349588,-
28-Apr-26,DTK,Diamond Trust Bank Kenya Ltd,66,170,147,150,147.5,148.75,-1.25,-0.84%,21971,-
28-Apr-26,EQTY,Equity Group Holdings Plc,41.2,80,74,75,74.25,74.75,-0.5,-0.67%,3653393,-
28-Apr-26,HFCK,HF Group Ltd,5.3,11.5,8.92,9.38,9.08,9.04,0.04,0.44%,168006,-
28-Apr-26,IMH,I & M Holdings Plc,29.7,52,49.1,49.6,49.5,49.5,-,-,1183436,-
28-Apr-26,KCB,KCB Group Plc,38,80.5,67.75,68.75,68,68.25,-0.25,-0.37%,381172,-
28-Apr-26,NCBA,NCBA Group Plc,48,100,88,89.75,88.75,88,0.75,0.85%,98145,-
28-Apr-26,SBIC,Stanbic Holdings Plc,147,300,287.5,295,289,287,2,0.70%,13925,-
28-Apr-26,SCBK,Standard Chartered Bank Kenya Ltd,260,370,353,360,357,354,3,0.85%,16718,-
28-Apr-26,DCON,Deacons (East Africa) Plc,0.45,0.45,0.45,0.45,0.45,0.45,-,-,-,-
28-Apr-26,EVRD,Eveready East Africa Ltd,0.75,1.78,1.1,1.18,1.16,1.17,-0.01,-0.85%,587113,-
28-Apr-26,XPRS,Express Kenya Plc,2.8,10,7.1,7.7,7.54,7.26,0.28,3.86%,3876,-
28-Apr-26,HBE,Homeboyz Entertainment Plc,4.66,4.66,4.66,4.66,4.66,4.66,-,-,-,-
28-Apr-26,KQ,Kenya Airways Plc,1.56,8.92,6.5,7,6.88,6.5,0.38,5.85%,1015743,-
28-Apr-26,LKL,Longhorn Publishers Plc,2.38,3.5,2.92,3.2,3.02,3.13,-0.11,-3.51%,6456,-
28-Apr-26,NBV,Nairobi Business Ventures Ltd,1.33,2.16,1.38,1.43,1.41,1.42,-0.01,-0.70%,20145,-
28-Apr-26,NMG,Nation Media Group Plc,10.05,20,13.35,14.2,14.15,13.65,0.5,3.66%,2936,-
28-Apr-26,SMER,Sameer Africa Plc,2.7,21.5,17.1,17.9,17.6,17.55,0.05,0.28%,11404,-
28-Apr-26,SGL,Standard Group Plc,5.2,7.14,5.84,6.3,6.16,6.06,0.1,1.65%,958,-
28-Apr-26,TPSE,TPS Eastern Africa (Serena) Ltd,13.05,18.2,15.5,15.55,15.5,15.55,-0.05,-0.32%,530,-
28-Apr-26,UCHM,Uchumi Supermarket Plc,0.23,2.93,1.87,1.95,1.9,1.88,0.02,1.06%,221821,-
28-Apr-26,SCAN,WPP ScanGroup Plc,2,3.14,2.22,2.34,2.24,2.23,0.01,0.45%,222798,-
28-Apr-26,ARM,ARM Cement Plc,5.55,5.55,5.55,5.55,5.55,5.55,-,-,-,-
28-Apr-26,BAMB,Bamburi Cement Ltd,47.2,56.5,47.2,47.2,47.2,47.2,-,-,-,-
28-Apr-26,CRWN,Crown Paints Kenya Plc,34.5,70.75,53,56.5,54,53.25,0.75,1.41%,507,-
28-Apr-26,CABL,East African Cables Plc,1,2.44,1,1,1,1,-,-,-,-
28-Apr-26,PORT,East African Portland Cement Ltd,28,101,77.75,81.75,78,78.75,-0.75,-0.95%,360,-
28-Apr-26,KEGN,Kenya Electricity Generating Company Plc,4.7,10.75,9.26,9.4,9.3,9.3,-,-,1527447,-
28-Apr-26,KPC,Kenya Pipeline Company Plc,9,9.94,9.04,9.4,9.24,9.24,-,-,546310,-
28-Apr-26,KPLC-P4,KPLC-P4,4,5,5,5,5,5,-,-,-,-
28-Apr-26,KPLC-P7,KPLC-P7,6,6,6,6,6,6,-,-,-,-
28-Apr-26,KPLC,Kenya Power and Lighting Company Plc,6.06,19,16.4,16.6,16.5,16.55,-0.05,-0.30%,948396,-
28-Apr-26,TOTL,TotalEnergies Marketing Kenya Plc,21,47,41.5,42.6,42.2,42.45,-0.25,-0.59%,33358,-
28-Apr-26,UMME,Umeme Ltd,5.8,24.75,7.8,8.1,8,7.98,0.02,0.25%,154860,-
28-Apr-26,BRIT,Britam Holdings Plc,5.92,13.4,12,12.7,12.25,12.45,-0.2,-1.61%,219735,-
28-Apr-26,CIC,CIC Insurance Group Ltd,2.55,6.62,4.19,4.52,4.3,4.45,-0.15,-3.37%,310701,-
28-Apr-26,JUB,Jubilee Holdings Ltd,195,437.75,365,393,375,380,-5,-1.32%,120283,-
28-Apr-26,KNRE,Kenya Re-Insurance Corporation Ltd,1.55,4.02,3.3,3.4,3.36,3.36,-,-,356088,-
28-Apr-26,LBTY,Liberty Kenya Holdings Ltd,9,12.1,9.8,10,9.98,9.96,0.02,0.20%,1808,-
28-Apr-26,SLAM,Sanlam Allianz Holdings (Kenya) Plc,5.5,11,8.86,9.5,9.1,9.14,-0.04,-0.44%,2563,-
28-Apr-26,CTUM,Centum Investment Company Plc,10.85,16.75,13.6,14.3,13.7,13.65,0.05,0.37%,8347,-
28-Apr-26,HAFR,Home Afrika Ltd,0.48,1.93,1.43,1.49,1.46,1.46,-,-,297698,-
28-Apr-26,KURV,Kurwitu Ventures Ltd,1400,1500,1495,1495,1500,1500,-,-,1,-
28-Apr-26,OCH,Olympia Capital Holdings Ltd,3.12,9,7.24,7.68,7.62,7.54,0.08,1.06%,146,-
28-Apr-26,TCL,Trans-Century Plc,0.71,1.39,0.71,0.71,0.71,0.71,-,-,-,-
28-Apr-26,NSE,Nairobi Securities Exchange Plc,6.5,25.9,20,20.5,20.15,20.1,0.05,0.25%,117108,-
28-Apr-26,AMAC,Africa Mega Agricorp Plc,51,125,111,116.75,116.75,116.75,-,-,83,-
28-Apr-26,BOC,BOC Kenya Plc,76,154,150,153.75,151.5,150.75,0.75,0.50%,2853,-
28-Apr-26,BAT,British American Tobacco Kenya Plc,345,629,571,585,574,571,3,0.53%,16694,-
28-Apr-26,CARB,Carbacid Investments Plc,19,33,29.8,30,29.9,29.85,0.05,0.17%,19126,-
28-Apr-26,EABL,East African Breweries Ltd,168,351,245,249,246,248.25,-2.25,-0.91%,13098,-
28-Apr-26,FTGH,Flame Tree Group Holdings Ltd,1.05,3.11,2.16,2.3,2.2,2.2,-,-,15009,-
28-Apr-26,MSC,Mumias Sugar Company Ltd,0.27,0.27,0.27,0.27,0.27,0.27,-,-,-,-
28-Apr-26,SKL,Shri Krishana Overseas Plc,5.8,12,8.2,9.1,8.94,8.28,0.66,7.97%,25182,-
28-Apr-26,UNGA,Unga Group Ltd,18.05,34,27.9,29,28,28.85,-0.85,-2.95%,846,-
28-Apr-26,SCOM,Safaricom Plc,17.2,34.2,29.75,29.95,29.8,29.85,-0.05,-0.17%,2042823,-
28-Apr-26,ALP,Africa Logistics Properties Industria...,1,1,1,1,1,1,-,-,-,-
28-Apr-26,LAPR,LAPTrust Imara Income-REIT,20,20,20,20,20,20,-,-,-,-
28-Apr-26,GLD,ABSA NewGold ETF,881,9800,5565,5925,5685,5695,-10,-0.18%,731,-
28-Apr-26,SMWF,Satrix MSCI World Feeder ETF,755,1050,890,900,897,896,1,0.11%,413,-
28-Apr-26,^N10I,NSE 10-Share Index,1268.27,2271.75,2156.94,2156.94,2156.94,2167.54,-10.6,-0.49%,-,-
28-Apr-26,^N20I,NSE 20-Share Index,2092.84,3758.73,3569.5,3569.5,3569.5,3580.76,-11.26,-0.31%,-,-
28-Apr-26,^N25I,NSE 25-Share Index,3365.92,5948.29,5715.21,5715.21,5715.21,5732.2,-16.99,-0.30%,-,-
28-Apr-26,^NASI,NSE All-Share Index,125.6,216.69,206.67,206.67,206.67,206.98,-0.31,-0.15%,-,-
28-Apr-26,^NBSI,NSE Banking Sector Index,149.92,245.9,238.75,238.75,238.75,239.14,-0.39,-0.16%,-,-
28-Apr-26,^NBDI,NSE Bonds Index,1140.96,1210.41,1162.25,1162.25,1162.25,1166.11,-3.86,-0.33%,-,-
28-Apr-26,^ZKEQTK,Zamara Kenya Equity Index (KES),2509.25,4790.09,4543.2,4543.2,4543.2,4555.36,-12.16,-0.27%,-,-
28-Apr-26,^ZKEQTU,Zamara Kenya Equity Index (USD),1669.6,3197.11,3028.8,3028.8,3028.8,3036.91,-8.11,-0.27%,-,-
29-Apr-26,EGAD,Eaagads Ltd,11,37,32.15,34.75,33,34.75,-1.75,-5.04%,320,-
29-Apr-26,KUKZ,Kakuzi Plc,365,440,415,423.75,420.25,422.75,-2.5,-0.59%,205,-
29-Apr-26,KAPC,Kapchorua Tea Kenya Plc,198,424.25,239,244,241.75,238,3.75,1.58%,1002,-
29-Apr-26,LIMT,Limuru Tea Plc,295,555,514,515,510,510,-,-,31,-
29-Apr-26,SASN,Sasini Plc,13.3,33.9,25.6,26.5,26,26.15,-0.15,-0.57%,11838,-
29-Apr-26,WTK,Williamson Tea Kenya Plc,130,350,135,137,135.5,134.75,0.75,0.56%,12187,-
29-Apr-26,CGEN,Car and General (K) Ltd,19.8,84.75,64,68,65,65,-,-,958,-
29-Apr-26,ABSA,ABSA Bank Kenya Plc,15,33,30.5,31.2,30.85,31,-0.15,-0.48%,295381,-
29-Apr-26,BKG,BK Group Plc,28.75,58,53,58,54.25,53.75,0.5,0.93%,8137,-
29-Apr-26,COOP,Co-operative Bank of Kenya Ltd,13.8,34.3,31.4,32,31.6,31.9,-0.3,-0.94%,125215,-
29-Apr-26,DTK,Diamond Trust Bank Kenya Ltd,66,170,147,148,147.5,147.5,-,-,6363,-
29-Apr-26,EQTY,Equity Group Holdings Plc,41.2,80,73.75,74.75,74,74.25,-0.25,-0.34%,999590,-
29-Apr-26,HFCK,HF Group Ltd,5.3,11.5,8.92,9.3,9,9.08,-0.08,-0.88%,161951,-
29-Apr-26,IMH,I & M Holdings Plc,29.7,52,49.3,49.6,49.45,49.5,-0.05,-0.10%,418878,-
29-Apr-26,KCB,KCB Group Plc,38,80.5,66.75,68,67.25,68,-0.75,-1.10%,658767,-
29-Apr-26,NCBA,NCBA Group Plc,48,100,88.5,89,88.75,88.75,-,-,39888,-
29-Apr-26,SBIC,Stanbic Holdings Plc,147,300,288,294,290.5,289,1.5,0.52%,4822,-
29-Apr-26,SCBK,Standard Chartered Bank Kenya Ltd,260,370,353,360,357,357,-,-,18103,-
29-Apr-26,DCON,Deacons (East Africa) Plc,0.45,0.45,0.45,0.45,0.45,0.45,-,-,-,-
29-Apr-26,EVRD,Eveready East Africa Ltd,0.75,1.78,1.15,1.18,1.16,1.16,-,-,208442,-
29-Apr-26,XPRS,Express Kenya Plc,2.8,10,7.5,7.7,7.58,7.54,0.04,0.53%,344,-
29-Apr-26,HBE,Homeboyz Entertainment Plc,4.66,4.66,4.66,4.66,4.66,4.66,-,-,-,-
29-Apr-26,KQ,Kenya Airways Plc,1.56,8.92,6.88,7.08,6.96,6.88,0.08,1.16%,498588,-
29-Apr-26,LKL,Longhorn Publishers Plc,2.38,3.5,2.93,3.2,3.13,3.02,0.11,3.64%,6556,-
29-Apr-26,NBV,Nairobi Business Ventures Ltd,1.33,2.16,1.38,1.43,1.42,1.41,0.01,0.71%,41963,-
29-Apr-26,NMG,Nation Media Group Plc,10.05,20,13.35,14.15,14,14.15,-0.15,-1.06%,11419,-
29-Apr-26,SMER,Sameer Africa Plc,2.7,21.5,16.5,18,16.75,17.6,-0.85,-4.83%,10366,-
29-Apr-26,SGL,Standard Group Plc,5.2,7.14,5.84,6.3,6.14,6.16,-0.02,-0.32%,906,-
29-Apr-26,TPSE,TPS Eastern Africa (Serena) Ltd,13.05,18.2,15.55,16.6,16.3,15.5,0.8,5.16%,276,-
29-Apr-26,UCHM,Uchumi Supermarket Plc,0.23,2.93,1.87,1.94,1.9,1.9,-,-,111809,-
29-Apr-26,SCAN,WPP ScanGroup Plc,2,3.14,2.2,2.34,2.26,2.24,0.02,0.89%,8579,-
29-Apr-26,ARM,ARM Cement Plc,5.55,5.55,5.55,5.55,5.55,5.55,-,-,-,-
29-Apr-26,BAMB,Bamburi Cement Ltd,47.2,56.5,47.2,47.2,47.2,47.2,-,-,-,-
29-Apr-26,CRWN,Crown Paints Kenya Plc,34.5,70.75,54,56.5,54.25,54,0.25,0.46%,1330,-
29-Apr-26,CABL,East African Cables Plc,1,2.44,1,1,1,1,-,-,-,-
29-Apr-26,PORT,East African Portland Cement Ltd,28,101,77.75,82,77.75,78,-0.25,-0.32%,923,-
29-Apr-26,KEGN,Kenya Electricity Generating Company Plc,4.7,10.75,9.28,9.4,9.3,9.3,-,-,696262,-
29-Apr-26,KPC,Kenya Pipeline Company Plc,9,9.94,9.1,9.4,9.2,9.24,-0.04,-0.43%,235140,-
29-Apr-26,KPLC-P4,KPLC-P4,4,5,5,5,5,5,-,-,-,-
29-Apr-26,KPLC-P7,KPLC-P7,6,6,6,6,6,6,-,-,-,-
29-Apr-26,KPLC,Kenya Power and Lighting Company Plc,6.1,19,16.2,16.6,16.35,16.5,-0.15,-0.91%,437003,-
29-Apr-26,TOTL,TotalEnergies Marketing Kenya Plc,21,47,42,43.25,42.55,42.2,0.35,0.83%,5588,-
29-Apr-26,UMME,Umeme Ltd,5.8,24.75,8,8.1,8.08,8,0.08,1.00%,25833,-
29-Apr-26,BRIT,Britam Holdings Plc,5.92,13.4,12.25,12.7,12.35,12.25,0.1,0.82%,44791,-
29-Apr-26,CIC,CIC Insurance Group Ltd,2.55,6.62,4.15,4.45,4.26,4.3,-0.04,-0.93%,279003,-
29-Apr-26,JUB,Jubilee Holdings Ltd,195,437.75,374.5,392.5,375,375,-,-,39639,-
29-Apr-26,KNRE,Kenya Re-Insurance Corporation Ltd,1.58,4.02,3.29,3.36,3.32,3.36,-0.04,-1.19%,799870,-
29-Apr-26,LBTY,Liberty Kenya Holdings Ltd,9,12.1,9.54,10,9.86,9.98,-0.12,-1.20%,6450,-
29-Apr-26,SLAM,Sanlam Allianz Holdings (Kenya) Plc,5.5,11,9,9.18,9.16,9.1,0.06,0.66%,1904,-
29-Apr-26,CTUM,Centum Investment Company Plc,10.85,16.75,13.65,14.2,13.9,13.7,0.2,1.46%,25029,-
29-Apr-26,HAFR,Home Afrika Ltd,0.48,1.93,1.43,1.5,1.44,1.46,-0.02,-1.37%,426552,-
29-Apr-26,KURV,Kurwitu Ventures Ltd,1400,1500,1500,1500,1500,1500,-,-,-,-
29-Apr-26,OCH,Olympia Capital Holdings Ltd,3.16,9,7.24,7.54,7.42,7.62,-0.2,-2.62%,257,-
29-Apr-26,TCL,Trans-Century Plc,0.71,1.39,0.71,0.71,0.71,0.71,-,-,-,-
29-Apr-26,NSE,Nairobi Securities Exchange Plc,6.5,25.9,19.9,20.5,20,20.15,-0.15,-0.74%,91589,-
29-Apr-26,AMAC,Africa Mega Agricorp Plc,51,125,105.25,117,116.75,116.75,-,-,35,-
29-Apr-26,BOC,BOC Kenya Plc,76,154,152,153.75,152.25,151.5,0.75,0.50%,3435,-
29-Apr-26,BAT,British American Tobacco Kenya Plc,345,629,573,585,574,574,-,-,19783,-
29-Apr-26,CARB,Carbacid Investments Plc,19,33,29,30,29.6,29.9,-0.3,-1.00%,8731,-
29-Apr-26,EABL,East African Breweries Ltd,168,351,244.5,250,245.5,246,-0.5,-0.20%,18195,-
29-Apr-26,FTGH,Flame Tree Group Holdings Ltd,1.05,3.11,2.12,2.2,2.15,2.2,-0.05,-2.27%,260860,-
29-Apr-26,MSC,Mumias Sugar Company Ltd,0.27,0.27,0.27,0.27,0.27,0.27,-,-,-,-
29-Apr-26,SKL,Shri Krishana Overseas Plc,5.8,12,8.2,9,8.9,8.94,-0.04,-0.45%,8408,-
29-Apr-26,UNGA,Unga Group Ltd,18.05,34,27,28,27.95,28,-0.05,-0.18%,6475,-
29-Apr-26,SCOM,Safaricom Plc,17.5,34.2,29.75,30,29.8,29.8,-,-,5450985,-
29-Apr-26,ALP,Africa Logistics Properties Industria...,1,1,1,1,1,1,-,-,-,-
29-Apr-26,LAPR,LAPTrust Imara Income-REIT,20,20,20,20,20,20,-,-,-,-
29-Apr-26,GLD,ABSA NewGold ETF,881,9800,5600,5895,5660,5685,-25,-0.44%,302,-
29-Apr-26,SMWF,Satrix MSCI World Feeder ETF,755,1050,898,900,900,897,3,0.33%,165,-
29-Apr-26,^N10I,NSE 10-Share Index,1268.27,2271.75,2147.9,2147.9,2147.9,2156.94,-9.04,-0.42%,-,-
29-Apr-26,^N20I,NSE 20-Share Index,2092.84,3758.73,3563.42,3563.42,3563.42,3569.5,-6.08,-0.17%,-,-
29-Apr-26,^N25I,NSE 25-Share Index,3365.92,5948.29,5699.41,5699.41,5699.41,5715.21,-15.8,-0.28%,-,-
29-Apr-26,^NASI,NSE All-Share Index,125.6,216.69,206.3,206.3,206.3,206.67,-0.37,-0.18%,-,-
29-Apr-26,^NBSI,NSE Banking Sector Index,149.92,245.9,237.83,237.83,237.83,238.75,-0.92,-0.39%,-,-
29-Apr-26,^NBDI,NSE Bonds Index,1140.96,1210.41,1173.37,1173.37,1173.37,1162.25,11.12,0.96%,-,-
29-Apr-26,^ZKEQTK,Zamara Kenya Equity Index (KES),2509.25,4790.09,4526.69,4526.69,4526.69,4543.2,-16.51,-0.36%,-,-
29-Apr-26,^ZKEQTU,Zamara Kenya Equity Index (USD),1669.6,3197.11,3017.79,3017.79,3017.79,3028.8,-11.01,-0.36%,-,-
30-Apr-26,EGAD,Eaagads Ltd,11,37,32.25,34.5,33.75,33,0.75,2.27%,133,-
30-Apr-26,KUKZ,Kakuzi Plc,365,440,422,423.75,423.75,420.25,3.5,0.83%,131,-
30-Apr-26,KAPC,Kapchorua Tea Kenya Plc,198,424.25,239,244,241.75,241.75,-,-,3103,-
30-Apr-26,LIMT,Limuru Tea Plc,295,555,510,510,510,510,-,-,100,-
30-Apr-26,SASN,Sasini Plc,13.3,33.9,25.65,26.5,26,26,-,-,57899,-
30-Apr-26,WTK,Williamson Tea Kenya Plc,129.75,350,130,138,131,135.5,-4.5,-3.32%,40790,-
30-Apr-26,CGEN,Car and General (K) Ltd,19.95,84.75,69,84.75,73,65,8,12.31%,49473,-
30-Apr-26,ABSA,ABSA Bank Kenya Plc,16,33,30.25,30.95,30.5,30.85,-0.35,-1.13%,1050994,-
30-Apr-26,BKG,BK Group Plc,28.75,58,54,55.5,54.5,54.25,0.25,0.46%,43610,-
30-Apr-26,COOP,Co-operative Bank of Kenya Ltd,13.8,34.3,31,31.9,31.3,31.6,-0.3,-0.95%,240179,-
30-Apr-26,DTK,Diamond Trust Bank Kenya Ltd,66,170,146,147.75,147.5,147.5,-,-,29233,-
30-Apr-26,EQTY,Equity Group Holdings Plc,41.2,80,73.25,74,73.5,74,-0.5,-0.68%,5710200,-
30-Apr-26,HFCK,HF Group Ltd,5.3,11.5,8.92,9.3,9,9,-,-,271824,-
30-Apr-26,IMH,I & M Holdings Plc,29.7,52,49.45,49.6,49.5,49.45,0.05,0.10%,1617767,-
30-Apr-26,KCB,KCB Group Plc,38,80.5,66.5,67.5,67,67.25,-0.25,-0.37%,1722139,-
30-Apr-26,NCBA,NCBA Group Plc,48,100,88.5,89.75,89,88.75,0.25,0.28%,65358,-
30-Apr-26,SBIC,Stanbic Holdings Plc,147,300,270,295,286,290.5,-4.5,-1.55%,9595,-
30-Apr-26,SCBK,Standard Chartered Bank Kenya Ltd,260,370,340,360,351,357,-6,-1.68%,130707,-
30-Apr-26,DCON,Deacons (East Africa) Plc,0.45,0.45,0.45,0.45,0.45,0.45,-,-,-,-
30-Apr-26,EVRD,Eveready East Africa Ltd,0.75,1.78,1.15,1.16,1.15,1.16,-0.01,-0.86%,542652,-
30-Apr-26,XPRS,Express Kenya Plc,2.8,10,7.04,7.68,7.4,7.58,-0.18,-2.37%,6723,-
30-Apr-26,HBE,Homeboyz Entertainment Plc,4.66,4.66,4.66,4.66,4.66,4.66,-,-,-,-
30-Apr-26,KQ,Kenya Airways Plc,1.56,8.92,6.28,6.96,6.5,6.96,-0.46,-6.61%,885089,-
30-Apr-26,LKL,Longhorn Publishers Plc,2.38,3.5,2.93,3.17,2.96,3.13,-0.17,-5.43%,5692,-
30-Apr-26,NBV,Nairobi Business Ventures Ltd,1.33,2.16,1.38,1.49,1.41,1.42,-0.01,-0.70%,29103,-
30-Apr-26,NMG,Nation Media Group Plc,10.05,20,13.4,14.15,13.95,14,-0.05,-0.36%,4191,-
30-Apr-26,SMER,Sameer Africa Plc,2.7,21.5,16.5,17.45,16.8,16.75,0.05,0.30%,14488,-
30-Apr-26,SGL,Standard Group Plc,5.2,7.14,5.9,6.3,6.22,6.14,0.08,1.30%,637,-
30-Apr-26,TPSE,TPS Eastern Africa (Serena) Ltd,13.05,18.2,16,16.6,16.3,16.3,-,-,319,-
30-Apr-26,UCHM,Uchumi Supermarket Plc,0.23,2.93,1.87,1.9,1.88,1.9,-0.02,-1.05%,334900,-
30-Apr-26,SCAN,WPP ScanGroup Plc,2,3.14,2.2,2.35,2.24,2.26,-0.02,-0.88%,8093,-
30-Apr-26,ARM,ARM Cement Plc,5.55,5.55,5.55,5.55,5.55,5.55,-,-,-,-
30-Apr-26,BAMB,Bamburi Cement Ltd,47.2,56.5,47.2,47.2,47.2,47.2,-,-,-,-
30-Apr-26,CRWN,Crown Paints Kenya Plc,34.5,70.75,56,56.5,56.5,54.25,2.25,4.15%,3513,-
30-Apr-26,CABL,East African Cables Plc,1,2.44,1,1,1,1,-,-,-,-
30-Apr-26,PORT,East African Portland Cement Ltd,28,101,79,80,79.75,77.75,2,2.57%,719,-
30-Apr-26,KEGN,Kenya Electricity Generating Company Plc,4.7,10.75,9.26,9.32,9.3,9.3,-,-,761324,-
30-Apr-26,KPC,Kenya Pipeline Company Plc,9,9.94,9.2,9.4,9.24,9.2,0.04,0.43%,160067,-
30-Apr-26,KPLC-P4,KPLC-P4,4,5,5,5,5,5,-,-,-,-
30-Apr-26,KPLC-P7,KPLC-P7,6,6,6,6,6,6,-,-,-,-
30-Apr-26,KPLC,Kenya Power and Lighting Company Plc,6.1,19,15.9,16.6,16.3,16.35,-0.05,-0.31%,408834,-
30-Apr-26,TOTL,TotalEnergies Marketing Kenya Plc,21,48.1,43.25,45.5,44.6,42.55,2.05,4.82%,83307,-
30-Apr-26,UMME,Umeme Ltd,5.8,24.75,7.98,8.1,8.04,8.08,-0.04,-0.50%,21932,-
30-Apr-26,BRIT,Britam Holdings Plc,5.92,13.4,12.1,12.6,12.3,12.35,-0.05,-0.40%,110119,-
30-Apr-26,CIC,CIC Insurance Group Ltd,2.55,6.62,4.19,4.51,4.26,4.26,-,-,293965,-
30-Apr-26,JUB,Jubilee Holdings Ltd,195,437.75,371,392.75,380.25,375,5.25,1.40%,712,-
30-Apr-26,KNRE,Kenya Re-Insurance Corporation Ltd,1.58,4.02,3.29,3.35,3.33,3.32,0.01,0.30%,1286102,-
30-Apr-26,LBTY,Liberty Kenya Holdings Ltd,9,12.1,9.52,10,9.8,9.86,-0.06,-0.61%,4269,-
30-Apr-26,SLAM,Sanlam Allianz Holdings (Kenya) Plc,5.5,11,9.02,9.18,9.18,9.16,0.02,0.22%,7646,-
30-Apr-26,CTUM,Centum Investment Company Plc,10.85,16.75,13.55,13.9,13.65,13.9,-0.25,-1.80%,26547,-
30-Apr-26,HAFR,Home Afrika Ltd,0.48,1.93,1.39,1.46,1.42,1.44,-0.02,-1.39%,193175,-
30-Apr-26,KURV,Kurwitu Ventures Ltd,1400,1500,1500,1500,1500,1500,-,-,-,-
30-Apr-26,OCH,Olympia Capital Holdings Ltd,3.16,9,7.12,7.5,7.22,7.42,-0.2,-2.70%,1904,-
30-Apr-26,TCL,Trans-Century Plc,0.71,1.37,0.71,0.71,0.71,0.71,-,-,-,-
30-Apr-26,NSE,Nairobi Securities Exchange Plc,6.5,25.9,19.85,20,19.9,20,-0.1,-0.50%,214523,-
30-Apr-26,AMAC,Africa Mega Agricorp Plc,51,125,106,116.75,108.25,116.75,-8.5,-7.28%,124,-
30-Apr-26,BOC,BOC Kenya Plc,76,154,150.25,152,151,152.25,-1.25,-0.82%,1517,-
30-Apr-26,BAT,British American Tobacco Kenya Plc,345,629,573,584,574,574,-,-,58449,-
30-Apr-26,CARB,Carbacid Investments Plc,19,33,29.5,30,29.85,29.6,0.25,0.84%,7730,-
30-Apr-26,EABL,East African Breweries Ltd,168,351,242,245.5,243.5,245.5,-2,-0.81%,14464,-
30-Apr-26,FTGH,Flame Tree Group Holdings Ltd,0.9,3.11,2.12,2.2,2.14,2.15,-0.01,-0.47%,6745,-
30-Apr-26,MSC,Mumias Sugar Company Ltd,0.27,0.27,0.27,0.27,0.27,0.27,-,-,-,-
30-Apr-26,SKL,Shri Krishana Overseas Plc,5.8,12,8.1,8.9,8.76,8.9,-0.14,-1.57%,253,-
30-Apr-26,UNGA,Unga Group Ltd,18.05,34,27,28,27.85,27.95,-0.1,-0.36%,6390,-
30-Apr-26,SCOM,Safaricom Plc,18,34.2,29.2,29.95,29.7,29.8,-0.1,-0.34%,1306931,-
30-Apr-26,ALP,Africa Logistics Properties Industria...,1,1,1,1,1,1,-,-,-,-
30-Apr-26,LAPR,LAPTrust Imara Income-REIT,20,20,20,20,20,20,-,-,-,-
30-Apr-26,GLD,ABSA NewGold ETF,881,9800,5700,5850,5660,5660,-,-,38,-
30-Apr-26,SMWF,Satrix MSCI World Feeder ETF,755,1050,897,902,901,900,1,0.11%,353,-
30-Apr-26,^N10I,NSE 10-Share Index,1268.27,2271.75,2134.94,2134.94,2134.94,2147.9,-12.96,-0.60%,-,-
30-Apr-26,^N20I,NSE 20-Share Index,2092.84,3758.73,3547.53,3547.53,3547.53,3563.42,-15.89,-0.45%,-,-
30-Apr-26,^N25I,NSE 25-Share Index,3365.92,5948.29,5667.98,5667.98,5667.98,5699.41,-31.43,-0.55%,-,-
30-Apr-26,^NASI,NSE All-Share Index,125.76,216.69,205.34,205.34,205.34,206.3,-0.96,-0.47%,-,-
30-Apr-26,^NBSI,NSE Banking Sector Index,149.92,245.9,236.13,236.13,236.13,237.83,-1.7,-0.71%,-,-
30-Apr-26,^NBDI,NSE Bonds Index,1140.96,1210.41,1174.18,1174.18,1174.18,1173.37,0.81,0.07%,-,-
30-Apr-26,^ZKEQTK,Zamara Kenya Equity Index (KES),2528.84,4790.09,4506.88,4506.88,4506.88,4526.69,-19.81,-0.44%,-,-
30-Apr-26,^ZKEQTU,Zamara Kenya Equity Index (USD),1684.59,3197.11,3004.59,3004.59,3004.59,3017.79,-13.2,-0.44%,-,-
4-May-26,EGAD,Eaagads Ltd,11,37,32.5,34.5,32.75,33.75,-1,-2.96%,1206,-
4-May-26,KUKZ,Kakuzi Plc,365,440,415,422,420.75,423.75,-3,-0.71%,261,-
4-May-26,KAPC,Kapchorua Tea Kenya Plc,198,424.25,240,249,243,241.75,1.25,0.52%,16912,-
4-May-26,LIMT,Limuru Tea Plc,295,555,480,510,510,510,-,-,64,-
4-May-26,SASN,Sasini Plc,13.3,33.9,25.5,28,26.55,26,0.55,2.12%,20108,-
4-May-26,WTK,Williamson Tea Kenya Plc,129.75,350,129.75,144,130.5,131,-0.5,-0.38%,17562,-
4-May-26,CGEN,Car and General (K) Ltd,19.95,85.5,75,80.25,80,73,7,9.59%,16789,-
4-May-26,ABSA,ABSA Bank Kenya Plc,16,33,27.95,30.55,28.45,30.5,-2.05,-6.72%,371566,-
4-May-26,BKG,BK Group Plc,28.75,58,54,55,54.5,54.5,-,-,7135175,-
4-May-26,COOP,Co-operative Bank of Kenya Ltd,13.8,34.3,29,30.95,29.55,31.3,-1.75,-5.59%,359327,-
4-May-26,DTK,Diamond Trust Bank Kenya Ltd,66,170,145.5,147.5,147,147.5,-0.5,-0.34%,19444,-
4-May-26,EQTY,Equity Group Holdings Plc,41.2,80,73.75,77,74.5,73.5,1,1.36%,1625344,-
4-May-26,HFCK,HF Group Ltd,5.3,11.5,8.5,9,8.86,9,-0.14,-1.56%,718530,-
4-May-26,IMH,I & M Holdings Plc,29.7,52,48.5,49.55,49.2,49.5,-0.3,-0.61%,380587,-
4-May-26,KCB,KCB Group Plc,38,80.5,67,68,67.5,67,0.5,0.75%,622298,-
4-May-26,NCBA,NCBA Group Plc,48,100,86,89.75,87.75,89,-1.25,-1.40%,75604,-
4-May-26,SBIC,Stanbic Holdings Plc,147,300,285,295,288.75,286,2.75,0.96%,7577,-
4-May-26,SCBK,Standard Chartered Bank Kenya Ltd,260,370,316,340,327.5,351,-23.5,-6.70%,26596,-
4-May-26,DCON,Deacons (East Africa) Plc,0.45,0.45,0.45,0.45,0.45,0.45,-,-,-,-
4-May-26,EVRD,Eveready East Africa Ltd,0.75,1.78,1.12,1.16,1.14,1.15,-0.01,-0.87%,283283,-
4-May-26,XPRS,Express Kenya Plc,2.8,10,7,7.58,7.22,7.4,-0.18,-2.43%,300,-
4-May-26,HBE,Homeboyz Entertainment Plc,4.66,4.66,4.66,4.66,4.66,4.66,-,-,-,-
4-May-26,KQ,Kenya Airways Plc,1.56,8.92,6,6.92,6.34,6.5,-0.16,-2.46%,336401,-
4-May-26,LKL,Longhorn Publishers Plc,2.38,3.5,2.96,3.2,3.12,2.96,0.16,5.41%,4604,-
4-May-26,NBV,Nairobi Business Ventures Ltd,1.33,2.16,1.38,1.49,1.4,1.41,-0.01,-0.71%,19112,-
4-May-26,NMG,Nation Media Group Plc,10.05,20,13.05,14,13.15,13.95,-0.8,-5.73%,47591,-
4-May-26,SMER,Sameer Africa Plc,2.7,21.5,16,16.55,16.25,16.8,-0.55,-3.27%,32565,-
4-May-26,SGL,Standard Group Plc,5.2,7.14,5.84,6.3,5.94,6.22,-0.28,-4.50%,1683,-
4-May-26,TPSE,TPS Eastern Africa (Serena) Ltd,13.05,18.2,16.3,16.6,16.35,16.3,0.05,0.31%,1487,-
4-May-26,UCHM,Uchumi Supermarket Plc,0.23,2.93,1.84,1.87,1.85,1.88,-0.03,-1.60%,533905,-
4-May-26,SCAN,WPP ScanGroup Plc,2,3.14,2.25,2.35,2.3,2.24,0.06,2.68%,10523,-
4-May-26,ARM,ARM Cement Plc,5.55,5.55,5.55,5.55,5.55,5.55,-,-,-,-
4-May-26,BAMB,Bamburi Cement Ltd,47.2,56.5,47.2,47.2,47.2,47.2,-,-,-,-
4-May-26,CRWN,Crown Paints Kenya Plc,34.5,70.75,54.25,58,57.75,56.5,1.25,2.21%,9136,-
4-May-26,CABL,East African Cables Plc,1,2.44,1,1,1,1,-,-,-,-
4-May-26,PORT,East African Portland Cement Ltd,28,101,76,80,78,79.75,-1.75,-2.19%,194,-
4-May-26,KEGN,Kenya Electricity Generating Company Plc,4.7,10.75,9.22,9.5,9.3,9.3,-,-,1096967,-
4-May-26,KPC,Kenya Pipeline Company Plc,9,9.94,9.1,9.36,9.18,9.24,-0.06,-0.65%,253765,-
4-May-26,KPLC-P4,KPLC-P4,4,5,5,5,5,5,-,-,-,-
4-May-26,KPLC-P7,KPLC-P7,6,6,6,6,6,6,-,-,-,-
4-May-26,KPLC,Kenya Power and Lighting Company Plc,6.1,19,16,16.9,16.2,16.3,-0.1,-0.61%,192247,-
4-May-26,TOTL,TotalEnergies Marketing Kenya Plc,21,48.1,44.6,48.1,46.4,44.6,1.8,4.04%,108384,-
4-May-26,UMME,Umeme Ltd,5.8,24.75,7.98,8.1,8,8.04,-0.04,-0.50%,93920,-
4-May-26,BRIT,Britam Holdings Plc,5.92,13.4,12,12.5,12.25,12.3,-0.05,-0.41%,115986,-
4-May-26,CIC,CIC Insurance Group Ltd,2.55,6.62,4.14,4.4,4.18,4.26,-0.08,-1.88%,355587,-
4-May-26,JUB,Jubilee Holdings Ltd,195,437.75,360,391.5,360,380.25,-20.25,-5.33%,91444,-
4-May-26,KNRE,Kenya Re-Insurance Corporation Ltd,1.58,4.02,3.24,3.39,3.29,3.33,-0.04,-1.20%,645553,-
4-May-26,LBTY,Liberty Kenya Holdings Ltd,9,12.1,9.5,10.1,9.84,9.8,0.04,0.41%,12651,-
4-May-26,SLAM,Sanlam Allianz Holdings (Kenya) Plc,5.5,11,8.5,9.18,8.94,9.18,-0.24,-2.61%,4963,-
4-May-26,CTUM,Centum Investment Company Plc,10.85,16.75,13.5,14,13.65,13.65,-,-,57312,-
4-May-26,HAFR,Home Afrika Ltd,0.48,1.93,1.35,1.42,1.37,1.42,-0.05,-3.52%,662828,-
4-May-26,KURV,Kurwitu Ventures Ltd,1400,1500,1500,1500,1500,1500,-,-,-,-
4-May-26,OCH,Olympia Capital Holdings Ltd,3.16,9,7.16,7.54,7.5,7.22,0.28,3.88%,5839,-
4-May-26,TCL,Trans-Century Plc,0.71,1.37,0.71,0.71,0.71,0.71,-,-,-,-
4-May-26,NSE,Nairobi Securities Exchange Plc,6.5,25.9,19.8,20,19.9,19.9,-,-,93297,-
4-May-26,AMAC,Africa Mega Agricorp Plc,51,125,108,116.75,113.25,108.25,5,4.62%,342,-
4-May-26,BOC,BOC Kenya Plc,76,154,148,151.5,150.25,151,-0.75,-0.50%,3204,-
4-May-26,BAT,British American Tobacco Kenya Plc,345,629,573,574,574,574,-,-,23847,-
4-May-26,CARB,Carbacid Investments Plc,19,33,29.5,30,29.85,29.85,-,-,19580,-
4-May-26,EABL,East African Breweries Ltd,168,351,239,245,241.5,243.5,-2,-0.82%,16753,-
4-May-26,FTGH,Flame Tree Group Holdings Ltd,0.9,3.11,0.9,2.15,1.92,2.14,-0.22,-10.28%,180352,-
4-May-26,MSC,Mumias Sugar Company Ltd,0.27,0.27,0.27,0.27,0.27,0.27,-,-,-,-
4-May-26,SKL,Shri Krishana Overseas Plc,5.8,12,8.2,9,8.98,8.76,0.22,2.51%,2394,-
4-May-26,UNGA,Unga Group Ltd,18.05,34,26.5,27.8,27.15,27.85,-0.7,-2.51%,1032,-
4-May-26,SCOM,Safaricom Plc,18,34.2,29.6,29.95,29.85,29.7,0.15,0.51%,767996,-
4-May-26,ALP,Africa Logistics Properties Industria...,1,1,1,1,1,1,-,-,-,-
4-May-26,LAPR,LAPTrust Imara Income-REIT,20,20,20,20,20,20,-,-,-,-
4-May-26,GLD,ABSA NewGold ETF,881,9800,5700,5845,5660,5660,-,-,68,-
4-May-26,SMWF,Satrix MSCI World Feeder ETF,755,1050,899,910,909,901,8,0.89%,927,-
4-May-26,^N10I,NSE 10-Share Index,1268.27,2271.75,2109.97,2109.97,2109.97,2134.94,-24.97,-1.17%,-,-
4-May-26,^N20I,NSE 20-Share Index,2092.84,3758.73,3503.52,3503.52,3503.52,3547.53,-44.01,-1.24%,-,-
4-May-26,^N25I,NSE 25-Share Index,3365.92,5948.29,5606.54,5606.54,5606.54,5667.98,-61.44,-1.08%,-,-
4-May-26,^NASI,NSE All-Share Index,125.76,216.69,203.76,203.76,203.76,205.34,-1.58,-0.77%,-,-
4-May-26,^NBSI,NSE Banking Sector Index,149.92,245.9,231.67,231.67,231.67,236.13,-4.46,-1.89%,-,-
4-May-26,^NBDI,NSE Bonds Index,1140.96,1210.41,1174.45,1174.45,1174.45,1174.18,0.27,0.02%,-,-
4-May-26,^ZKEQTK,Zamara Kenya Equity Index (KES),2528.84,4790.09,4528.73,4528.73,4528.73,4506.88,21.85,0.48%,-,-
4-May-26,^ZKEQTU,Zamara Kenya Equity Index (USD),1684.59,3197.11,3020.32,3020.32,3020.32,3004.59,15.73,0.52%,-,-
5-May-26,EGAD,Eaagads Ltd,11,37,32,34,32.3,32.75,-0.45,-1.37%,976,-
5-May-26,KUKZ,Kakuzi Plc,365,440,418,422,420.5,420.75,-0.25,-0.06%,528,-
5-May-26,KAPC,Kapchorua Tea Kenya Plc,198,424.25,240,256,245,243,2,0.82%,2561,-
5-May-26,LIMT,Limuru Tea Plc,295,555,480,510,510,510,-,-,60,-
5-May-26,SASN,Sasini Plc,13.3,33.9,26,27.95,26.1,26.55,-0.45,-1.69%,77292,-
5-May-26,WTK,Williamson Tea Kenya Plc,129.75,350,130,138,130.25,130.5,-0.25,-0.19%,19794,-
5-May-26,CGEN,Car and General (K) Ltd,19.95,85.5,80,85.5,83.75,80,3.75,4.69%,10308,-
5-May-26,ABSA,ABSA Bank Kenya Plc,16.45,33,25.65,29,28.25,28.45,-0.2,-0.70%,200268,-
5-May-26,BKG,BK Group Plc,28.75,58,54.25,55,54.5,54.5,-,-,15113,-
5-May-26,COOP,Co-operative Bank of Kenya Ltd,14,34.3,29,30,29.25,29.55,-0.3,-1.02%,190375,-
5-May-26,DTK,Diamond Trust Bank Kenya Ltd,66,170,145,147,145.5,147,-1.5,-1.02%,27561,-
5-May-26,EQTY,Equity Group Holdings Plc,41.2,80,74.25,77,74.5,74.5,-,-,970261,-
5-May-26,HFCK,HF Group Ltd,5.3,11.5,8.56,9,8.84,8.86,-0.02,-0.23%,591968,-
5-May-26,IMH,I & M Holdings Plc,29.7,52,49.25,49.65,49.55,49.2,0.35,0.71%,128449,-
5-May-26,KCB,KCB Group Plc,38,80.5,67.25,68,67.5,67.5,-,-,191512,-
5-May-26,NCBA,NCBA Group Plc,48.5,100,85,89.5,86.75,87.75,-1,-1.14%,104296,-
5-May-26,SBIC,Stanbic Holdings Plc,147,300,275,295,286.5,288.75,-2.25,-0.78%,9035,-
5-May-26,SCBK,Standard Chartered Bank Kenya Ltd,260,370,319,335,327.5,327.5,-,-,69025,-
5-May-26,DCON,Deacons (East Africa) Plc,0.45,0.45,0.45,0.45,0.45,0.45,-,-,-,-
5-May-26,EVRD,Eveready East Africa Ltd,0.8,1.78,1.12,1.16,1.14,1.14,-,-,335464,-
5-May-26,XPRS,Express Kenya Plc,2.8,10,7,7.3,7.06,7.22,-0.16,-2.22%,5642,-
5-May-26,HBE,Homeboyz Entertainment Plc,4.66,4.66,4.66,4.66,4.66,4.66,-,-,-,-
5-May-26,KQ,Kenya Airways Plc,1.56,8.92,6.3,6.6,6.48,6.34,0.14,2.21%,277150,-
5-May-26,LKL,Longhorn Publishers Plc,2.38,3.5,2.9,3,2.94,3.12,-0.18,-5.77%,9036,-
5-May-26,NBV,Nairobi Business Ventures Ltd,1.32,2.16,1.36,1.4,1.38,1.4,-0.02,-1.43%,30249,-
5-May-26,NMG,Nation Media Group Plc,10.05,20,13.1,13.9,13.3,13.15,0.15,1.14%,5192,-
5-May-26,SMER,Sameer Africa Plc,2.7,21.5,16.1,17,16.7,16.25,0.45,2.77%,13032,-
5-May-26,SGL,Standard Group Plc,5.2,7.14,5.84,6.14,6,5.94,0.06,1.01%,414,-
5-May-26,TPSE,TPS Eastern Africa (Serena) Ltd,13.05,18.2,15.2,16.6,15.5,16.35,-0.85,-5.20%,4497,-
5-May-26,UCHM,Uchumi Supermarket Plc,0.23,2.93,1.84,1.88,1.85,1.85,-,-,327239,-
5-May-26,SCAN,WPP ScanGroup Plc,2,3.14,2.11,2.34,2.24,2.3,-0.06,-2.61%,10399,-
5-May-26,ARM,ARM Cement Plc,5.55,5.55,5.55,5.55,5.55,5.55,-,-,-,-
5-May-26,BAMB,Bamburi Cement Ltd,47.2,56.5,47.2,47.2,47.2,47.2,-,-,-,-
5-May-26,CRWN,Crown Paints Kenya Plc,34.5,70.75,58,60,58.5,57.75,0.75,1.30%,17848,-
5-May-26,CABL,East African Cables Plc,1,2.44,1,1,1,1,-,-,-,-
5-May-26,PORT,East African Portland Cement Ltd,28,101,75,80,77.5,78,-0.5,-0.64%,526,-
5-May-26,KEGN,Kenya Electricity Generating Company Plc,4.7,10.75,9.2,9.3,9.26,9.3,-0.04,-0.43%,280161,-
5-May-26,KPC,Kenya Pipeline Company Plc,9,9.94,9.04,9.24,9.12,9.18,-0.06,-0.65%,230081,-
5-May-26,KPLC-P4,KPLC-P4,4,5,5,5,5,5,-,-,-,-
5-May-26,KPLC-P7,KPLC-P7,6,6,6,6,6,6,-,-,-,-
5-May-26,KPLC,Kenya Power and Lighting Company Plc,6.2,19,16.1,16.35,16.25,16.2,0.05,0.31%,215535,-
5-May-26,TOTL,TotalEnergies Marketing Kenya Plc,21,48.1,46.4,48,47.45,46.4,1.05,2.26%,37282,-
5-May-26,UMME,Umeme Ltd,5.8,24.75,7.5,8,7.92,8,-0.08,-1.00%,22477,-
5-May-26,BRIT,Britam Holdings Plc,5.92,13.4,11.1,12.5,11.95,12.25,-0.3,-2.45%,95439,-
5-May-26,CIC,CIC Insurance Group Ltd,2.55,6.62,4.15,4.38,4.19,4.18,0.01,0.24%,155225,-
5-May-26,JUB,Jubilee Holdings Ltd,204,437.75,360,391,367,360,7,1.94%,1202,-
5-May-26,KNRE,Kenya Re-Insurance Corporation Ltd,1.64,4.02,3.19,3.26,3.22,3.29,-0.07,-2.13%,753276,-
5-May-26,LBTY,Liberty Kenya Holdings Ltd,9,12.1,9.2,10,9.54,9.84,-0.3,-3.05%,24110,-
5-May-26,SLAM,Sanlam Allianz Holdings (Kenya) Plc,5.5,11,8.22,8.9,8.42,8.94,-0.52,-5.82%,15325,-
5-May-26,CTUM,Centum Investment Company Plc,10.9,16.75,13.5,14,13.55,13.65,-0.1,-0.73%,20226,-
5-May-26,HAFR,Home Afrika Ltd,0.48,1.93,1.33,1.38,1.36,1.37,-0.01,-0.73%,156551,-
5-May-26,KURV,Kurwitu Ventures Ltd,1400,1500,1495,1495,1500,1500,-,-,12,-
5-May-26,OCH,Olympia Capital Holdings Ltd,3.16,9,7.04,7.54,7.08,7.5,-0.42,-5.60%,3036,-
5-May-26,TCL,Trans-Century Plc,0.71,1.37,0.71,0.71,0.71,0.71,-,-,-,-
5-May-26,NSE,Nairobi Securities Exchange Plc,6.5,25.9,19.7,19.95,19.85,19.9,-0.05,-0.25%,27854,-
5-May-26,AMAC,Africa Mega Agricorp Plc,51,125,108,115,110,113.25,-3.25,-2.87%,235,-
5-May-26,BOC,BOC Kenya Plc,76,155,148,150.5,149.5,150.25,-0.75,-0.50%,1588,-
5-May-26,BAT,British American Tobacco Kenya Plc,345,629,570,574,573,574,-1,-0.17%,77373,-
5-May-26,CARB,Carbacid Investments Plc,19,33,29,29.85,29.45,29.85,-0.4,-1.34%,23334,-
5-May-26,EABL,East African Breweries Ltd,168,351,240,245,241.5,241.5,-,-,14088,-
5-May-26,FTGH,Flame Tree Group Holdings Ltd,0.9,3.11,1.73,1.93,1.82,1.92,-0.1,-5.21%,113700,-
5-May-26,MSC,Mumias Sugar Company Ltd,0.27,0.27,0.27,0.27,0.27,0.27,-,-,-,-
5-May-26,SKL,Shri Krishana Overseas Plc,5.8,12,8.9,9.86,9.58,8.98,0.6,6.68%,29634,-
5-May-26,UNGA,Unga Group Ltd,18.05,34,26.5,27.4,27.05,27.15,-0.1,-0.37%,2302,-
5-May-26,SCOM,Safaricom Plc,18,34.2,29.75,29.9,29.9,29.85,0.05,0.17%,2635016,-
5-May-26,ALP,Africa Logistics Properties Industria...,1,1,1,1,1,1,-,-,-,-
5-May-26,LAPR,LAPTrust Imara Income-REIT,20,20,20,20,20,20,-,-,-,-
5-May-26,GLD,ABSA NewGold ETF,881,9800,5500,5800,5580,5660,-80,-1.41%,188,-
5-May-26,SMWF,Satrix MSCI World Feeder ETF,755,1050,900,910,910,909,1,0.11%,102,-
5-May-26,^N10I,NSE 10-Share Index,1279.65,2271.75,2107.11,2107.11,2107.11,2109.97,-2.86,-0.14%,-,-
5-May-26,^N20I,NSE 20-Share Index,2092.84,3758.73,3487,3487,3487,3503.52,-16.52,-0.47%,-,-
5-May-26,^N25I,NSE 25-Share Index,3382.67,5948.29,5592.37,5592.37,5592.37,5606.54,-14.17,-0.25%,-,-
5-May-26,^NASI,NSE All-Share Index,126.13,216.69,203.47,203.47,203.47,203.76,-0.29,-0.14%,-,-
5-May-26,^NBSI,NSE Banking Sector Index,149.92,245.9,230.82,230.82,230.82,231.67,-0.85,-0.37%,-,-
5-May-26,^NBDI,NSE Bonds Index,1141.08,1210.41,1180.54,1180.54,1180.54,1174.45,6.09,0.52%,-,-
5-May-26,^ZKEQTK,Zamara Kenya Equity Index (KES),2555.28,4790.09,4519.24,4519.24,4519.24,4528.73,-9.49,-0.21%,-,-
5-May-26,^ZKEQTU,Zamara Kenya Equity Index (USD),1702.2,3197.11,3011.66,3011.66,3011.66,3020.32,-8.66,-0.29%,-,-
6-May-26,EGAD,Eaagads Ltd,11,37,32,34.5,32.8,32.3,0.5,1.55%,719,-
6-May-26,KUKZ,Kakuzi Plc,365,440,400,421,400.5,420.5,-20,-4.76%,21580,-
6-May-26,KAPC,Kapchorua Tea Kenya Plc,198,424.25,245,260,250,245,5,2.04%,4282,-
6-May-26,LIMT,Limuru Tea Plc,295,555,480,509,510,510,-,-,9,-
6-May-26,SASN,Sasini Plc,13.3,33.9,26.2,27.65,27.1,26.1,1,3.83%,3971,-
6-May-26,WTK,Williamson Tea Kenya Plc,129.75,350,130,131.25,130.5,130.25,0.25,0.19%,4242,-
6-May-26,CGEN,Car and General (K) Ltd,19.95,85.5,83.75,84.75,84,83.75,0.25,0.30%,4721,-
6-May-26,ABSA,ABSA Bank Kenya Plc,16.2,33,28,29,28.45,28.25,0.2,0.71%,268064,-
6-May-26,BKG,BK Group Plc,28.75,58,54.25,55,54.5,54.5,-,-,31945,-
6-May-26,COOP,Co-operative Bank of Kenya Ltd,14,34.3,29.05,29.55,29.3,29.25,0.05,0.17%,2947888,-
6-May-26,DTK,Diamond Trust Bank Kenya Ltd,66,170,145,148,147,145.5,1.5,1.03%,59852,-
6-May-26,EQTY,Equity Group Holdings Plc,41.2,80,74,76,75,74.5,0.5,0.67%,6972449,-
6-May-26,HFCK,HF Group Ltd,5.3,11.5,8.9,9.4,9.02,8.84,0.18,2.04%,1423417,-
6-May-26,IMH,I & M Holdings Plc,29.7,52,49.25,49.9,49.55,49.55,-,-,52726,-
6-May-26,KCB,KCB Group Plc,38,80.5,66.75,67.5,67,67.5,-0.5,-0.74%,4159101,-
6-May-26,NCBA,NCBA Group Plc,48.5,100,85,89.5,86.75,86.75,-,-,116133,-
6-May-26,SBIC,Stanbic Holdings Plc,147,300,284,294,286.25,286.5,-0.25,-0.09%,6070,-
6-May-26,SCBK,Standard Chartered Bank Kenya Ltd,260,370,330,339.5,336,327.5,8.5,2.60%,98552,-
6-May-26,DCON,Deacons (East Africa) Plc,0.45,0.45,0.45,0.45,0.45,0.45,-,-,-,-
6-May-26,EVRD,Eveready East Africa Ltd,0.75,1.78,1.12,1.2,1.13,1.14,-0.01,-0.88%,174312,-
6-May-26,XPRS,Express Kenya Plc,2.8,10,7,7.4,7.24,7.06,0.18,2.55%,3747,-
6-May-26,HBE,Homeboyz Entertainment Plc,4.66,4.66,4.66,4.66,4.66,4.66,-,-,-,-
6-May-26,KQ,Kenya Airways Plc,1.56,8.92,6.32,6.7,6.46,6.48,-0.02,-0.31%,230975,-
6-May-26,LKL,Longhorn Publishers Plc,2.38,3.5,2.85,3.12,2.91,2.94,-0.03,-1.02%,17645,-
6-May-26,NBV,Nairobi Business Ventures Ltd,1.33,2.16,1.36,1.4,1.38,1.38,-,-,33937,-
6-May-26,NMG,Nation Media Group Plc,10.05,20,13,13.9,13.15,13.3,-0.15,-1.13%,8972,-
6-May-26,SMER,Sameer Africa Plc,2.7,21.5,15.95,17,16.2,16.7,-0.5,-2.99%,22663,-
6-May-26,SGL,Standard Group Plc,5.2,7.14,5.66,6.3,6,6,-,-,814,-
6-May-26,TPSE,TPS Eastern Africa (Serena) Ltd,13.05,18.2,15.4,16.55,15.5,15.5,-,-,478,-
6-May-26,UCHM,Uchumi Supermarket Plc,0.23,2.93,1.8,1.87,1.84,1.85,-0.01,-0.54%,1208390,-
6-May-26,SCAN,WPP ScanGroup Plc,2,3.14,2.2,2.3,2.26,2.24,0.02,0.89%,30488,-
6-May-26,ARM,ARM Cement Plc,5.55,5.55,5.55,5.55,5.55,5.55,-,-,-,-
6-May-26,BAMB,Bamburi Cement Ltd,47.2,56.5,47.2,47.2,47.2,47.2,-,-,-,-
6-May-26,CRWN,Crown Paints Kenya Plc,34.5,70.75,56.75,63,61,58.5,2.5,4.27%,6068,-
6-May-26,CABL,East African Cables Plc,1,2.44,1,1,1,1,-,-,-,-
6-May-26,PORT,East African Portland Cement Ltd,28,101,75.25,80,77.5,77.5,-,-,61,-
6-May-26,KEGN,Kenya Electricity Generating Company Plc,4.7,10.75,9.02,9.3,9.2,9.26,-0.06,-0.65%,929059,-
6-May-26,KPC,Kenya Pipeline Company Plc,9,9.94,9.1,9.36,9.14,9.12,0.02,0.22%,298711,-
6-May-26,KPLC-P4,KPLC-P4,4,5,5,5,5,5,-,-,-,-
6-May-26,KPLC-P7,KPLC-P7,6,6,6,6,6,6,-,-,-,-
6-May-26,KPLC,Kenya Power and Lighting Company Plc,6.2,19,16,16.3,16.1,16.25,-0.15,-0.92%,607231,-
6-May-26,TOTL,TotalEnergies Marketing Kenya Plc,21,48.1,44.6,47.9,46.6,47.45,-0.85,-1.79%,16255,-
6-May-26,UMME,Umeme Ltd,5.8,24.75,7.54,8,7.86,7.92,-0.06,-0.76%,16112,-
6-May-26,BRIT,Britam Holdings Plc,5.92,13.4,11.95,12.6,12.4,11.95,0.45,3.77%,36818,-
6-May-26,CIC,CIC Insurance Group Ltd,2.55,6.62,4.2,4.44,4.35,4.19,0.16,3.82%,72758,-
6-May-26,JUB,Jubilee Holdings Ltd,204,437.75,379,388,382.25,367,15.25,4.16%,254,-
6-May-26,KNRE,Kenya Re-Insurance Corporation Ltd,1.62,4.02,3.15,3.3,3.18,3.22,-0.04,-1.24%,1797259,-
6-May-26,LBTY,Liberty Kenya Holdings Ltd,9,12.1,9.24,9.94,9.58,9.54,0.04,0.42%,8161,-
6-May-26,SLAM,Sanlam Allianz Holdings (Kenya) Plc,5.5,11,8.5,8.9,8.8,8.42,0.38,4.51%,4762,-
6-May-26,CTUM,Centum Investment Company Plc,10.9,16.75,13.5,14.3,14.1,13.55,0.55,4.06%,5295,-
6-May-26,HAFR,Home Afrika Ltd,0.48,1.93,1.35,1.4,1.36,1.36,-,-,192288,-
6-May-26,KURV,Kurwitu Ventures Ltd,1400,1500,1495,1495,1500,1500,-,-,19,-
6-May-26,OCH,Olympia Capital Holdings Ltd,3.16,9,6.38,7.5,7.02,7.08,-0.06,-0.85%,61063,-
6-May-26,TCL,Trans-Century Plc,0.71,1.37,0.71,0.71,0.71,0.71,-,-,-,-
6-May-26,NSE,Nairobi Securities Exchange Plc,6.5,25.9,19.95,21,20.3,19.85,0.45,2.27%,21996,-
6-May-26,AMAC,Africa Mega Agricorp Plc,51,125,106.75,110,109.25,110,-0.75,-0.68%,752,-
6-May-26,BOC,BOC Kenya Plc,76,154,149.5,151.5,150.5,149.5,1,0.67%,1248,-
6-May-26,BAT,British American Tobacco Kenya Plc,345,629,568,573,571,573,-2,-0.35%,40849,-
6-May-26,CARB,Carbacid Investments Plc,19,33,28.95,29.95,29.15,29.45,-0.3,-1.02%,9807,-
6-May-26,EABL,East African Breweries Ltd,168,351,235,242,238.75,241.5,-2.75,-1.14%,21476,-
6-May-26,FTGH,Flame Tree Group Holdings Ltd,0.9,3.11,1.73,1.92,1.8,1.82,-0.02,-1.10%,153498,-
6-May-26,MSC,Mumias Sugar Company Ltd,0.27,0.27,0.27,0.27,0.27,0.27,-,-,-,-
6-May-26,SKL,Shri Krishana Overseas Plc,5.8,12,9.4,10.5,9.8,9.58,0.22,2.30%,18207,-
6-May-26,UNGA,Unga Group Ltd,18.05,34,26.5,27,26.6,27.05,-0.45,-1.66%,314,-
6-May-26,SCOM,Safaricom Plc,18,34.2,29.85,31.2,30.05,29.9,0.15,0.50%,11336212,-
6-May-26,ALP,Africa Logistics Properties Industria...,1,1,1,1,1,1,-,-,-,-
6-May-26,LAPR,LAPTrust Imara Income-REIT,20,20,20,20,20,20,-,-,-,-
6-May-26,GLD,ABSA NewGold ETF,881,9800,5300,5800,5580,5580,-,-,39,-
6-May-26,SMWF,Satrix MSCI World Feeder ETF,755,1050,900,910,900,910,-10,-1.10%,1022,-
6-May-26,^N10I,NSE 10-Share Index,1279.65,2271.75,2109.54,2109.54,2109.54,2107.11,2.43,0.12%,-,-
6-May-26,^N20I,NSE 20-Share Index,2092.84,3758.73,3511.35,3511.35,3511.35,3487,24.35,0.70%,-,-
6-May-26,^N25I,NSE 25-Share Index,3382.67,5948.29,5608.71,5608.71,5608.71,5592.37,16.34,0.29%,-,-
6-May-26,^NASI,NSE All-Share Index,126.13,216.69,204.18,204.18,204.18,203.47,0.71,0.35%,-,-
6-May-26,^NBSI,NSE Banking Sector Index,149.92,245.9,231.78,231.78,231.78,230.82,0.96,0.42%,-,-
6-May-26,^NBDI,NSE Bonds Index,1141.08,1210.41,1170.3,1170.3,1170.3,1180.54,-10.24,-0.87%,-,-
6-May-26,^ZKEQTK,Zamara Kenya Equity Index (KES),2546.15,4790.09,4527.3,4527.3,4527.3,4519.24,8.06,0.18%,-,-
6-May-26,^ZKEQTU,Zamara Kenya Equity Index (USD),1696.12,3197.11,3018.2,3018.2,3018.2,3011.66,6.54,0.22%,-,-
7-May-26,EGAD,Eaagads Ltd,11,37,32,34.5,33.35,32.8,0.55,1.68%,1102,-
7-May-26,KUKZ,Kakuzi Plc,365,440,400.5,420,400.5,400.5,-,-,46,-
7-May-26,KAPC,Kapchorua Tea Kenya Plc,198,424.25,245,257,250,250,-,-,7321,-
7-May-26,LIMT,Limuru Tea Plc,295,555,480,509,510,510,-,-,18,-
7-May-26,SASN,Sasini Plc,13.3,33.9,27.1,28.5,28.25,27.1,1.15,4.24%,45678,-
7-May-26,WTK,Williamson Tea Kenya Plc,129.75,350,129.75,138,131,130.5,0.5,0.38%,11763,-
7-May-26,CGEN,Car and General (K) Ltd,19.95,85.5,81.5,83.75,82.25,84,-1.75,-2.08%,9431,-
7-May-26,ABSA,ABSA Bank Kenya Plc,16.45,33,28,29,28.6,28.45,0.15,0.53%,434555,-
7-May-26,BKG,BK Group Plc,28.75,58,54.25,55,54.5,54.5,-,-,14325,-
7-May-26,COOP,Co-operative Bank of Kenya Ltd,14,34.3,29,29.5,29.3,29.3,-,-,187628,-
7-May-26,DTK,Diamond Trust Bank Kenya Ltd,66,170,145.5,150,147,147,-,-,64862,-
7-May-26,EQTY,Equity Group Holdings Plc,41.2,80,74.25,76,74.5,75,-0.5,-0.67%,2800539,-
7-May-26,HFCK,HF Group Ltd,5.3,11.5,8.94,9.5,9.02,9.02,-,-,2813112,-
7-May-26,IMH,I & M Holdings Plc,29.7,52,49.55,49.95,49.7,49.55,0.15,0.30%,44474,-
7-May-26,KCB,KCB Group Plc,38,80.5,66.75,67.5,67,67,-,-,1240112,-
7-May-26,NCBA,NCBA Group Plc,48.5,100,87.5,89.5,88.5,86.75,1.75,2.02%,172203,-
7-May-26,SBIC,Stanbic Holdings Plc,147,300,284.5,293,288,286.25,1.75,0.61%,8514,-
7-May-26,SCBK,Standard Chartered Bank Kenya Ltd,260,370,335,338,336.75,336,0.75,0.22%,21131,-
7-May-26,DCON,Deacons (East Africa) Plc,0.45,0.45,0.45,0.45,0.45,0.45,-,-,-,-
7-May-26,EVRD,Eveready East Africa Ltd,0.8,1.78,1.1,1.14,1.11,1.13,-0.02,-1.77%,189884,-
7-May-26,XPRS,Express Kenya Plc,2.8,10,7,7.4,7.08,7.24,-0.16,-2.21%,7695,-
7-May-26,HBE,Homeboyz Entertainment Plc,4.66,4.66,4.66,4.66,4.66,4.66,-,-,-,-
7-May-26,KQ,Kenya Airways Plc,1.56,8.92,6.02,6.7,6.16,6.46,-0.3,-4.64%,297705,-
7-May-26,LKL,Longhorn Publishers Plc,2.38,3.5,2.86,3.12,2.9,2.91,-0.01,-0.34%,4606,-
7-May-26,NBV,Nairobi Business Ventures Ltd,1.32,2.16,1.36,1.4,1.39,1.38,0.01,0.72%,10596,-
7-May-26,NMG,Nation Media Group Plc,10.05,20,12.5,13.85,13.1,13.15,-0.05,-0.38%,14476,-
7-May-26,SMER,Sameer Africa Plc,2.7,21.5,16.2,17.5,16.7,16.2,0.5,3.09%,10268,-
7-May-26,SGL,Standard Group Plc,5.2,7.14,5.84,6.5,6.04,6,0.04,0.67%,7111,-
7-May-26,TPSE,TPS Eastern Africa (Serena) Ltd,13.05,18.2,15.5,16.6,15.55,15.5,0.05,0.32%,6713,-
7-May-26,UCHM,Uchumi Supermarket Plc,0.23,2.93,1.8,1.87,1.82,1.84,-0.02,-1.09%,181323,-
7-May-26,SCAN,WPP ScanGroup Plc,2,3.14,2.08,2.35,2.1,2.26,-0.16,-7.08%,3225917,-
7-May-26,ARM,ARM Cement Plc,5.55,5.55,5.55,5.55,5.55,5.55,-,-,-,-
7-May-26,BAMB,Bamburi Cement Ltd,47.2,56.5,47.2,47.2,47.2,47.2,-,-,-,-
7-May-26,CRWN,Crown Paints Kenya Plc,34.5,70.75,60.25,66,62.25,61,1.25,2.05%,633,-
7-May-26,CABL,East African Cables Plc,1,2.44,1,1,1,1,-,-,-,-
7-May-26,PORT,East African Portland Cement Ltd,28,101,75.5,79,77.5,77.5,-,-,96,-
7-May-26,KEGN,Kenya Electricity Generating Company Plc,4.7,10.75,9.02,9.3,9.24,9.2,0.04,0.43%,1407757,-
7-May-26,KPC,Kenya Pipeline Company Plc,9,9.94,9.1,9.16,9.1,9.14,-0.04,-0.44%,132712,-
7-May-26,KPLC-P4,KPLC-P4,4,5,5,5,5,5,-,-,-,-
7-May-26,KPLC-P7,KPLC-P7,6,6,6,6,6,6,-,-,-,-
7-May-26,KPLC,Kenya Power and Lighting Company Plc,6.2,19,16.05,16.25,16.2,16.1,0.1,0.62%,878172,-
7-May-26,TOTL,TotalEnergies Marketing Kenya Plc,21,48.1,45,46.5,45.9,46.6,-0.7,-1.50%,10376,-
7-May-26,UMME,Umeme Ltd,5.8,24.75,8,8.1,8,7.86,0.14,1.78%,105995,-
7-May-26,BRIT,Britam Holdings Plc,5.92,13.4,12.2,12.6,12.25,12.4,-0.15,-1.21%,63118,-
7-May-26,CIC,CIC Insurance Group Ltd,2.55,6.62,4.3,4.6,4.42,4.35,0.07,1.61%,131426,-
7-May-26,JUB,Jubilee Holdings Ltd,204,437.75,367,390,383.25,382.25,1,0.26%,406,-
7-May-26,KNRE,Kenya Re-Insurance Corporation Ltd,1.64,4.02,3.16,3.25,3.2,3.18,0.02,0.63%,1767909,-
7-May-26,LBTY,Liberty Kenya Holdings Ltd,9,12.1,9.2,9.98,9.82,9.58,0.24,2.51%,2188,-
7-May-26,SLAM,Sanlam Allianz Holdings (Kenya) Plc,5.5,11,8.26,9.18,8.32,8.8,-0.48,-5.45%,72222,-
7-May-26,CTUM,Centum Investment Company Plc,10.9,16.75,13.5,14.25,13.6,14.1,-0.5,-3.55%,59435,-
7-May-26,HAFR,Home Afrika Ltd,0.48,1.93,1.31,1.38,1.35,1.36,-0.01,-0.74%,478092,-
7-May-26,KURV,Kurwitu Ventures Ltd,1400,1500,1500,1500,1500,1500,-,-,-,-
7-May-26,OCH,Olympia Capital Holdings Ltd,3.16,9,6.4,7.5,6.7,7.02,-0.32,-4.56%,11915,-
7-May-26,TCL,Trans-Century Plc,0.71,1.37,0.71,0.71,0.71,0.71,-,-,-,-
7-May-26,NSE,Nairobi Securities Exchange Plc,6.5,25.9,19.9,20.95,20.25,20.3,-0.05,-0.25%,25834,-
7-May-26,AMAC,Africa Mega Agricorp Plc,51,125,107,110,109.5,109.25,0.25,0.23%,532,-
7-May-26,BOC,BOC Kenya Plc,76,155,149.5,151.5,150.25,150.5,-0.25,-0.17%,2042,-
7-May-26,BAT,British American Tobacco Kenya Plc,345,629,560,570,570,571,-1,-0.18%,82930,-
7-May-26,CARB,Carbacid Investments Plc,19,33,28.7,29.5,29.2,29.15,0.05,0.17%,23853,-
7-May-26,EABL,East African Breweries Ltd,168,351,235,245,239.25,238.75,0.5,0.21%,25153,-
7-May-26,FTGH,Flame Tree Group Holdings Ltd,0.9,3.11,1.65,1.8,1.75,1.8,-0.05,-2.78%,95060,-
7-May-26,MSC,Mumias Sugar Company Ltd,0.27,0.27,0.27,0.27,0.27,0.27,-,-,-,-
7-May-26,SKL,Shri Krishana Overseas Plc,5.8,12,9.58,10,9.86,9.8,0.06,0.61%,1876,-
7-May-26,UNGA,Unga Group Ltd,18.05,34,26.15,27,26.35,26.6,-0.25,-0.94%,13556,-
7-May-26,SCOM,Safaricom Plc,18,34.2,31.5,32.7,32.1,30.05,2.05,6.82%,22919949,-
7-May-26,ALP,Africa Logistics Properties Industria...,1,1,1,1,1,1,-,-,-,-
7-May-26,LAPR,LAPTrust Imara Income-REIT,20,20,20,20,20,20,-,-,-,-
7-May-26,GLD,ABSA NewGold ETF,881,9800,5600,5800,5580,5580,-,-,83,-
7-May-26,SMWF,Satrix MSCI World Feeder ETF,755,1050,897,910,902,900,2,0.22%,305,-
7-May-26,^N10I,NSE 10-Share Index,1279.65,2271.75,2141.03,2141.03,2141.03,2109.54,31.49,1.49%,-,-
7-May-26,^N20I,NSE 20-Share Index,2092.84,3758.73,3525.55,3525.55,3525.55,3511.35,14.2,0.40%,-,-
7-May-26,^N25I,NSE 25-Share Index,3382.67,5948.29,5685.48,5685.48,5685.48,5608.71,76.77,1.37%,-,-
7-May-26,^NASI,NSE All-Share Index,126.13,216.69,209.21,209.21,209.21,204.18,5.03,2.46%,-,-
7-May-26,^NBSI,NSE Banking Sector Index,149.92,245.9,232.24,232.24,232.24,231.78,0.46,0.20%,-,-
7-May-26,^NBDI,NSE Bonds Index,1141.08,1210.41,1167.38,1167.38,1167.38,1170.3,-2.92,-0.25%,-,-
7-May-26,^ZKEQTK,Zamara Kenya Equity Index (KES),2547.85,4790.09,4591.02,4591.02,4591.02,4527.3,63.72,1.41%,-,-
7-May-26,^ZKEQTU,Zamara Kenya Equity Index (USD),1697.25,3197.11,3060.68,3060.68,3060.68,3018.2,42.48,1.41%,-,-
8-May-26,EGAD,Eaagads Ltd,11,37,32,34.2,33.55,33.35,0.2,0.60%,145,-
8-May-26,KUKZ,Kakuzi Plc,365,440,401,420,409.25,400.5,8.75,2.18%,217,-
8-May-26,KAPC,Kapchorua Tea Kenya Plc,198,424.25,250,257,252,250,2,0.80%,7082,-
8-May-26,LIMT,Limuru Tea Plc,295,555,480,509,507,510,-3,-0.59%,105,-
8-May-26,SASN,Sasini Plc,13.3,33.9,27,29.5,28.5,28.25,0.25,0.88%,9591,-
8-May-26,WTK,Williamson Tea Kenya Plc,129.75,350,130,138,130.5,131,-0.5,-0.38%,4974,-
8-May-26,CGEN,Car and General (K) Ltd,19.95,85.5,79,82.5,80.25,82.25,-2,-2.43%,5752,-
8-May-26,ABSA,ABSA Bank Kenya Plc,16.45,33,28,28.95,28.1,28.6,-0.5,-1.75%,213743,-
8-May-26,BKG,BK Group Plc,28.75,58,53,55,53.5,54.5,-1,-1.83%,42832,-
8-May-26,COOP,Co-operative Bank of Kenya Ltd,14,34.3,29.2,29.5,29.4,29.3,0.1,0.34%,116400,-
8-May-26,DTK,Diamond Trust Bank Kenya Ltd,66,170,148,150,149,147,2,1.36%,11839,-
8-May-26,EQTY,Equity Group Holdings Plc,41.2,80,74.5,76,74.75,74.5,0.25,0.34%,1379156,-
8-May-26,HFCK,HF Group Ltd,5.3,11.5,9,9.4,9.08,9.02,0.06,0.67%,169006,-
8-May-26,IMH,I & M Holdings Plc,29.7,52,49.9,50,49.95,49.7,0.25,0.50%,39165,-
8-May-26,KCB,KCB Group Plc,38.35,80.5,66.5,67,66.75,67,-0.25,-0.37%,3332140,-
8-May-26,NCBA,NCBA Group Plc,48.5,100,87,89.75,88.25,88.5,-0.25,-0.28%,149684,-
8-May-26,SBIC,Stanbic Holdings Plc,147,300,288.75,292.5,290,288,2,0.69%,695603,-
8-May-26,SCBK,Standard Chartered Bank Kenya Ltd,260,370,330,337.5,334.75,336.75,-2,-0.59%,44894,-
8-May-26,DCON,Deacons (East Africa) Plc,0.45,0.45,0.45,0.45,0.45,0.45,-,-,-,-
8-May-26,EVRD,Eveready East Africa Ltd,0.8,1.78,1.1,1.13,1.13,1.11,0.02,1.80%,236622,-
8-May-26,XPRS,Express Kenya Plc,2.8,10,7.06,7.24,7.22,7.08,0.14,1.98%,1700,-
8-May-26,HBE,Homeboyz Entertainment Plc,4.66,4.66,4.66,4.66,4.66,4.66,-,-,-,-
8-May-26,KQ,Kenya Airways Plc,1.56,8.92,6.04,6.36,6.1,6.16,-0.06,-0.97%,318420,-
8-May-26,LKL,Longhorn Publishers Plc,2.38,3.5,2.85,3.12,2.87,2.9,-0.03,-1.03%,10160,-
8-May-26,NBV,Nairobi Business Ventures Ltd,1.3,2.16,1.32,1.4,1.38,1.39,-0.01,-0.72%,95980,-
8-May-26,NMG,Nation Media Group Plc,10.3,20,13.05,13.85,13.15,13.1,0.05,0.38%,28757,-
8-May-26,SMER,Sameer Africa Plc,2.7,21.5,16.2,16.45,16.3,16.7,-0.4,-2.40%,4872,-
8-May-26,SGL,Standard Group Plc,5.2,7.14,5.6,6.48,5.9,6.04,-0.14,-2.32%,4713,-
8-May-26,TPSE,TPS Eastern Africa (Serena) Ltd,13.05,18.2,15.55,16.5,16.45,15.55,0.9,5.79%,206,-
8-May-26,UCHM,Uchumi Supermarket Plc,0.23,2.93,1.72,1.85,1.79,1.82,-0.03,-1.65%,233925,-
8-May-26,SCAN,WPP ScanGroup Plc,2,3.14,2.03,2.31,2.12,2.1,0.02,0.95%,250362,-
8-May-26,ARM,ARM Cement Plc,5.55,5.55,5.55,5.55,5.55,5.55,-,-,-,-
8-May-26,BAMB,Bamburi Cement Ltd,47.2,56.5,47.2,47.2,47.2,47.2,-,-,-,-
8-May-26,CRWN,Crown Paints Kenya Plc,34.5,70.75,61,64,63.25,62.25,1,1.61%,1763,-
8-May-26,CABL,East African Cables Plc,1,2.44,1,1,1,1,-,-,-,-
8-May-26,PORT,East African Portland Cement Ltd,28,101,77.5,78.5,78.25,77.5,0.75,0.97%,174,-
8-May-26,KEGN,Kenya Electricity Generating Company Plc,4.83,10.75,9.18,9.26,9.24,9.24,-,-,2650088,-
8-May-26,KPC,Kenya Pipeline Company Plc,9,9.94,9.1,9.14,9.1,9.1,-,-,175641,-
8-May-26,KPLC-P4,KPLC-P4,4,5,5,5,5,5,-,-,-,-
8-May-26,KPLC-P7,KPLC-P7,6,6,6,6,6,6,-,-,-,-
8-May-26,KPLC,Kenya Power and Lighting Company Plc,6.5,19,15.95,16.3,16.15,16.2,-0.05,-0.31%,799164,-
8-May-26,TOTL,TotalEnergies Marketing Kenya Plc,21,48.1,41.8,46.5,44.95,45.9,-0.95,-2.07%,18051,-
8-May-26,UMME,Umeme Ltd,5.8,24.75,7.92,8.2,8.04,8,0.04,0.50%,57370,-
8-May-26,BRIT,Britam Holdings Plc,6.04,13.4,12,12.4,12.25,12.25,-,-,37257,-
8-May-26,CIC,CIC Insurance Group Ltd,2.55,6.62,4.2,4.5,4.33,4.42,-0.09,-2.04%,67361,-
8-May-26,JUB,Jubilee Holdings Ltd,205,437.75,382.25,387.75,385.75,383.25,2.5,0.65%,120,-
8-May-26,KNRE,Kenya Re-Insurance Corporation Ltd,1.66,4.02,3.24,3.4,3.32,3.2,0.12,3.75%,783243,-
8-May-26,LBTY,Liberty Kenya Holdings Ltd,9,12.1,9.2,10.1,9.78,9.82,-0.04,-0.41%,11551,-
8-May-26,SLAM,Sanlam Allianz Holdings (Kenya) Plc,5.5,11,8.26,8.98,8.92,8.32,0.6,7.21%,2167,-
8-May-26,CTUM,Centum Investment Company Plc,10.95,16.75,13.65,14.25,13.75,13.6,0.15,1.10%,4337,-
8-May-26,HAFR,Home Afrika Ltd,0.48,1.93,1.31,1.37,1.34,1.35,-0.01,-0.74%,248450,-
8-May-26,KURV,Kurwitu Ventures Ltd,1400,1500,1500,1500,1500,1500,-,-,-,-
8-May-26,OCH,Olympia Capital Holdings Ltd,3.16,9,6.98,7.36,6.98,6.7,0.28,4.18%,599,-
8-May-26,TCL,Trans-Century Plc,0.71,1.3,0.71,0.71,0.71,0.71,-,-,-,-
8-May-26,NSE,Nairobi Securities Exchange Plc,6.5,25.9,19.9,20.75,20.1,20.25,-0.15,-0.74%,76286,-
8-May-26,AMAC,Africa Mega Agricorp Plc,51,125,107,110,109.25,109.5,-0.25,-0.23%,581,-
8-May-26,BOC,BOC Kenya Plc,76,160,150,155,151,150.25,0.75,0.50%,1366,-
8-May-26,BAT,British American Tobacco Kenya Plc,345,629,560,570,569,570,-1,-0.18%,139157,-
8-May-26,CARB,Carbacid Investments Plc,19,33,28,28.9,28.9,29.2,-0.3,-1.03%,6021,-
8-May-26,EABL,East African Breweries Ltd,173,351,239,250,245.25,239.25,6,2.51%,6423,-
8-May-26,FTGH,Flame Tree Group Holdings Ltd,0.9,3.11,1.71,1.92,1.88,1.75,0.13,7.43%,57942,-
8-May-26,MSC,Mumias Sugar Company Ltd,0.27,0.27,0.27,0.27,0.27,0.27,-,-,-,-
8-May-26,SKL,Shri Krishana Overseas Plc,5.8,12,8.88,10.8,10.2,9.86,0.34,3.45%,13625,-
8-May-26,UNGA,Unga Group Ltd,18.05,34,26.2,27,26.5,26.35,0.15,0.57%,1062,-
8-May-26,SCOM,Safaricom Plc,18,34.2,31.55,32.7,32.2,32.1,0.1,0.31%,652264,-
8-May-26,ALP,Africa Logistics Properties Industria...,1,1,1,1,1,1,-,-,-,-
8-May-26,LAPR,LAPTrust Imara Income-REIT,20,20,20,20,20,20,-,-,-,-
8-May-26,GLD,ABSA NewGold ETF,881,9800,5600,5900,5580,5580,-,-,35,-
8-May-26,SMWF,Satrix MSCI World Feeder ETF,755,1050,900,910,902,902,-,-,36,-
8-May-26,^N10I,NSE 10-Share Index,1291.17,2271.75,2148.33,2148.33,2148.33,2141.03,7.3,0.34%,-,-
8-May-26,^N20I,NSE 20-Share Index,2121.98,3758.73,3532.68,3532.68,3532.68,3525.55,7.13,0.20%,-,-
8-May-26,^N25I,NSE 25-Share Index,3407.98,5948.29,5700.71,5700.71,5700.71,5685.48,15.23,0.27%,-,-
8-May-26,^NASI,NSE All-Share Index,127.22,216.69,209.65,209.65,209.65,209.21,0.44,0.21%,-,-
8-May-26,^NBSI,NSE Banking Sector Index,149.92,245.9,232.02,232.02,232.02,232.24,-0.22,-0.09%,-,-
8-May-26,^NBDI,NSE Bonds Index,1142.77,1210.41,1174.19,1174.19,1174.19,1167.38,6.81,0.58%,-,-
8-May-26,^ZKEQTK,Zamara Kenya Equity Index (KES),2560.38,4790.09,4600.3,4600.3,4600.3,4591.02,9.28,0.20%,-,-
8-May-26,^ZKEQTU,Zamara Kenya Equity Index (USD),1705.6,3197.11,3066.87,3066.87,3066.87,3060.68,6.19,0.20%,-,-
11-May-26,EGAD,Eaagads Ltd,11,37,31,32.9,32.15,33.55,-1.4,-4.17%,522,-
11-May-26,KUKZ,Kakuzi Plc,365,440,400,419,414.75,409.25,5.5,1.34%,221,-
11-May-26,KAPC,Kapchorua Tea Kenya Plc,198,424.25,250,255,251.5,252,-0.5,-0.20%,1319,-
11-May-26,LIMT,Limuru Tea Plc,295,555,480,480,480,507,-27,-5.33%,132,-
11-May-26,SASN,Sasini Plc,13.3,33.9,27,29,28.05,28.5,-0.45,-1.58%,17126,-
11-May-26,WTK,Williamson Tea Kenya Plc,129.75,350,130.25,137,132.5,130.5,2,1.53%,2439,-
11-May-26,CGEN,Car and General (K) Ltd,19.95,85.5,77.5,79.25,78,80.25,-2.25,-2.80%,5484,-
11-May-26,ABSA,ABSA Bank Kenya Plc,16.75,33,28.2,28.6,28.45,28.1,0.35,1.25%,216159,-
11-May-26,BKG,BK Group Plc,28.75,58,53,56,55.25,53.5,1.75,3.27%,66451,-
11-May-26,COOP,Co-operative Bank of Kenya Ltd,14.5,34.3,29,31.5,30,29.4,0.6,2.04%,358996,-
11-May-26,DTK,Diamond Trust Bank Kenya Ltd,66,170,146,150,148,149,-1,-0.67%,15093,-
11-May-26,EQTY,Equity Group Holdings Plc,41.2,80,74.5,75.25,74.75,74.75,-,-,1416764,-
11-May-26,HFCK,HF Group Ltd,5.8,11.5,9,9.5,9.2,9.08,0.12,1.32%,116483,-
11-May-26,IMH,I & M Holdings Plc,30.6,52,49.65,50,49.9,49.95,-0.05,-0.10%,89262,-
11-May-26,KCB,KCB Group Plc,40,80.5,66.75,67,66.75,66.75,-,-,832126,-
11-May-26,NCBA,NCBA Group Plc,49,100,87,88.75,87.5,88.25,-0.75,-0.85%,60321,-
11-May-26,SBIC,Stanbic Holdings Plc,147,300,285,292.5,291.5,290,1.5,0.52%,12152,-
11-May-26,SCBK,Standard Chartered Bank Kenya Ltd,260,370,301.5,336,329,334.75,-5.75,-1.72%,5098,-
11-May-26,DCON,Deacons (East Africa) Plc,0.45,0.45,0.45,0.45,0.45,0.45,-,-,-,-
11-May-26,EVRD,Eveready East Africa Ltd,0.8,1.78,1.1,1.14,1.13,1.13,-,-,169659,-
11-May-26,XPRS,Express Kenya Plc,2.8,10,7.06,7.08,7.06,7.22,-0.16,-2.22%,1555,-
11-May-26,HBE,Homeboyz Entertainment Plc,4.66,4.66,4.66,4.66,4.66,4.66,-,-,-,-
11-May-26,KQ,Kenya Airways Plc,1.56,8.92,6.02,6.48,6.1,6.1,-,-,177288,-
11-May-26,LKL,Longhorn Publishers Plc,2.38,3.5,2.85,2.9,2.88,2.87,0.01,0.35%,1167,-
11-May-26,NBV,Nairobi Business Ventures Ltd,1.28,2.16,1.3,1.39,1.34,1.38,-0.04,-2.90%,107772,-
11-May-26,NMG,Nation Media Group Plc,10.8,20,13.1,13.8,13.25,13.15,0.1,0.76%,16862,-
11-May-26,SMER,Sameer Africa Plc,2.7,21.5,16.2,16.45,16.3,16.3,-,-,9626,-
11-May-26,SGL,Standard Group Plc,5.4,7.14,6,6.42,6.04,5.9,0.14,2.37%,891,-
11-May-26,TPSE,TPS Eastern Africa (Serena) Ltd,13.05,18.2,15.6,16.4,16,16.45,-0.45,-2.74%,742,-
11-May-26,UCHM,Uchumi Supermarket Plc,0.23,2.93,1.65,1.89,1.81,1.79,0.02,1.12%,288520,-
11-May-26,SCAN,WPP ScanGroup Plc,2,3.14,2.06,2.31,2.19,2.12,0.07,3.30%,141329,-
11-May-26,ARM,ARM Cement Plc,5.55,5.55,5.55,5.55,5.55,5.55,-,-,-,-
11-May-26,BAMB,Bamburi Cement Ltd,47.2,54,47.2,47.2,47.2,47.2,-,-,-,-
11-May-26,CRWN,Crown Paints Kenya Plc,35.25,70.75,60.25,62.5,61.75,63.25,-1.5,-2.37%,2560,-
11-May-26,CABL,East African Cables Plc,1,2.44,1,1,1,1,-,-,-,-
11-May-26,PORT,East African Portland Cement Ltd,28,101,77,79.75,78.25,78.25,-,-,54,-
11-May-26,KEGN,Kenya Electricity Generating Company Plc,4.85,10.75,9.18,9.28,9.24,9.24,-,-,860013,-
11-May-26,KPC,Kenya Pipeline Company Plc,9,9.94,9,9.12,9.1,9.1,-,-,1088616,-
11-May-26,KPLC-P4,KPLC-P4,4,5,5,5,5,5,-,-,-,-
11-May-26,KPLC-P7,KPLC-P7,6,6,6,6,6,6,-,-,-,-
11-May-26,KPLC,Kenya Power and Lighting Company Plc,6.6,19,15.95,16.85,16,16.15,-0.15,-0.93%,865654,-
11-May-26,TOTL,TotalEnergies Marketing Kenya Plc,21,48.1,42.1,46.5,45.9,44.95,0.95,2.11%,13817,-
11-May-26,UMME,Umeme Ltd,5.8,24.75,7.5,8.1,7.8,8.04,-0.24,-2.99%,32903,-
11-May-26,BRIT,Britam Holdings Plc,6.04,13.4,12,12.4,12.4,12.25,0.15,1.22%,85734,-
11-May-26,CIC,CIC Insurance Group Ltd,2.55,6.62,4.2,4.48,4.34,4.33,0.01,0.23%,98172,-
11-May-26,JUB,Jubilee Holdings Ltd,205,437.75,367,385,379,385.75,-6.75,-1.75%,41806,-
11-May-26,KNRE,Kenya Re-Insurance Corporation Ltd,1.66,4.02,3.28,3.37,3.33,3.32,0.01,0.30%,557621,-
11-May-26,LBTY,Liberty Kenya Holdings Ltd,9,12.1,9.5,10.05,9.84,9.78,0.06,0.61%,2458,-
11-May-26,SLAM,Sanlam Allianz Holdings (Kenya) Plc,5.96,11,8.1,8.9,8.46,8.92,-0.46,-5.16%,6188,-
11-May-26,CTUM,Centum Investment Company Plc,10.95,16.75,13.7,14,13.8,13.75,0.05,0.36%,5590,-
11-May-26,HAFR,Home Afrika Ltd,0.48,1.93,1.32,1.37,1.34,1.34,-,-,100662,-
11-May-26,KURV,Kurwitu Ventures Ltd,1400,1500,1500,1500,1500,1500,-,-,-,-
11-May-26,OCH,Olympia Capital Holdings Ltd,3.16,9,6.7,7,6.96,6.98,-0.02,-0.29%,270,-
11-May-26,TCL,Trans-Century Plc,0.71,1.3,0.71,0.71,0.71,0.71,-,-,-,-
11-May-26,NSE,Nairobi Securities Exchange Plc,6.5,25.9,19.9,20.4,20,20.1,-0.1,-0.50%,16137,-
11-May-26,AMAC,Africa Mega Agricorp Plc,51,125,107,110,109.75,109.25,0.5,0.46%,580,-
11-May-26,BOC,BOC Kenya Plc,80,160,151,160,157.5,151,6.5,4.30%,7786,-
11-May-26,BAT,British American Tobacco Kenya Plc,345,629,505,539,511,569,-58,-10.19%,22255,-
11-May-26,CARB,Carbacid Investments Plc,19,33,28.8,29.45,28.95,28.9,0.05,0.17%,14658,-
11-May-26,EABL,East African Breweries Ltd,173,351,240,245.25,241.25,245.25,-4,-1.63%,6309,-
11-May-26,FTGH,Flame Tree Group Holdings Ltd,0.9,3.11,1.82,2.5,1.94,1.88,0.06,3.19%,193089,-
11-May-26,MSC,Mumias Sugar Company Ltd,0.27,0.27,0.27,0.27,0.27,0.27,-,-,-,-
11-May-26,SKL,Shri Krishana Overseas Plc,5.8,12,9.18,10,9.76,10.2,-0.44,-4.31%,407,-
11-May-26,UNGA,Unga Group Ltd,18.05,34,26.3,27,26.85,26.5,0.35,1.32%,266,-
11-May-26,SCOM,Safaricom Plc,19.1,34.2,31.6,32,31.75,32.2,-0.45,-1.40%,2103543,-
11-May-26,ALP,Africa Logistics Properties Industria...,1,1.02,1,1,1,1,-,-,-,-
11-May-26,LAPR,LAPTrust Imara Income-REIT,20,20,20,20,20,20,-,-,-,-
11-May-26,GLD,ABSA NewGold ETF,881,9800,5640,5850,5745,5580,165,2.96%,100,-
11-May-26,SMWF,Satrix MSCI World Feeder ETF,755,1050,910,911,902,902,-,-,72,-
11-May-26,^N10I,NSE 10-Share Index,1340.72,2271.75,2144.75,2144.75,2144.75,2148.33,-3.58,-0.17%,-,-
11-May-26,^N20I,NSE 20-Share Index,2154.27,3758.73,3519.14,3519.14,3519.14,3532.68,-13.54,-0.38%,-,-
11-May-26,^N25I,NSE 25-Share Index,3513.32,5948.29,5680.5,5680.5,5680.5,5700.71,-20.21,-0.35%,-,-
11-May-26,^NASI,NSE All-Share Index,131.35,216.69,208.2,208.2,208.2,209.65,-1.45,-0.69%,-,-
11-May-26,^NBSI,NSE Banking Sector Index,149.92,245.9,232.52,232.52,232.52,232.02,0.5,0.22%,-,-
11-May-26,^NBDI,NSE Bonds Index,1144.05,1210.41,1168.46,1168.46,1168.46,1174.19,-5.73,-0.49%,-,-
11-May-26,^ZKEQTK,Zamara Kenya Equity Index (KES),2659.4,4790.09,4584.45,4584.45,4584.45,4600.3,-15.85,-0.34%,-,-
11-May-26,^ZKEQTU,Zamara Kenya Equity Index (USD),1771.56,3197.11,3056.3,3056.3,3056.3,3066.87,-10.57,-0.34%,-,-
12-May-26,EGAD,Eaagads Ltd,11,37,31.1,34,33.3,32.15,1.15,3.58%,290,-
12-May-26,KUKZ,Kakuzi Plc,365,440,400,417,416.75,414.75,2,0.48%,279,-
12-May-26,KAPC,Kapchorua Tea Kenya Plc,198,424.25,250,255,251.25,251.5,-0.25,-0.10%,2585,-
12-May-26,LIMT,Limuru Tea Plc,295,555,480,490,480,480,-,-,304,-
12-May-26,SASN,Sasini Plc,13.3,33.9,28,29,28.75,28.05,0.7,2.50%,20751,-
12-May-26,WTK,Williamson Tea Kenya Plc,129.75,350,133,137.75,134,132.5,1.5,1.13%,12945,-
12-May-26,CGEN,Car and General (K) Ltd,19.95,85.5,78,79.25,79,78,1,1.28%,6614,-
12-May-26,ABSA,ABSA Bank Kenya Plc,16.45,33,28.5,29.2,28.75,28.45,0.3,1.05%,3069692,-
12-May-26,BKG,BK Group Plc,28.75,58,53.25,56,54.25,55.25,-1,-1.81%,31521,-
12-May-26,COOP,Co-operative Bank of Kenya Ltd,14.2,34.3,31,31.6,31.4,30,1.4,4.67%,349729,-
12-May-26,DTK,Diamond Trust Bank Kenya Ltd,66,170,149,160,152.75,148,4.75,3.21%,18737,-
12-May-26,EQTY,Equity Group Holdings Plc,41.2,80,74.5,75.25,74.75,74.75,-,-,3155348,-
12-May-26,HFCK,HF Group Ltd,5.6,11.5,9.2,9.4,9.34,9.2,0.14,1.52%,72812,-
12-May-26,IMH,I & M Holdings Plc,30,52,49.5,49.9,49.7,49.9,-0.2,-0.40%,85406,-
12-May-26,KCB,KCB Group Plc,38.45,80.5,66.5,67,66.75,66.75,-,-,416509,-
12-May-26,NCBA,NCBA Group Plc,48.5,100,87,88,87.5,87.5,-,-,105968,-
12-May-26,SBIC,Stanbic Holdings Plc,147,300,292,299.75,295,291.5,3.5,1.20%,95369,-
12-May-26,SCBK,Standard Chartered Bank Kenya Ltd,260,370,327,336.75,335.5,329,6.5,1.98%,75942,-
12-May-26,DCON,Deacons (East Africa) Plc,0.45,0.45,0.45,0.45,0.45,0.45,-,-,-,-
12-May-26,EVRD,Eveready East Africa Ltd,0.8,1.78,1.1,1.15,1.12,1.13,-0.01,-0.88%,156125,-
12-May-26,XPRS,Express Kenya Plc,2.8,10,7,7.04,7.02,7.06,-0.04,-0.57%,704,-
12-May-26,HBE,Homeboyz Entertainment Plc,4.66,4.66,4.66,4.66,4.66,4.66,-,-,-,-
12-May-26,KQ,Kenya Airways Plc,1.56,8.92,6.02,6.14,6.12,6.1,0.02,0.33%,188178,-
12-May-26,LKL,Longhorn Publishers Plc,2.38,3.5,2.71,3.1,2.93,2.88,0.05,1.74%,8842,-
12-May-26,NBV,Nairobi Business Ventures Ltd,1.28,2.16,1.3,1.39,1.32,1.34,-0.02,-1.49%,45066,-
12-May-26,NMG,Nation Media Group Plc,10.65,20,13.05,13.8,13.1,13.25,-0.15,-1.13%,28583,-
12-May-26,SMER,Sameer Africa Plc,2.7,21.5,15,16.3,15.95,16.3,-0.35,-2.15%,54593,-
12-May-26,SGL,Standard Group Plc,5.4,7.14,5.8,6.04,6,6.04,-0.04,-0.66%,1264,-
12-May-26,TPSE,TPS Eastern Africa (Serena) Ltd,13.05,18.2,15.05,16.35,15.85,16,-0.15,-0.94%,251,-
12-May-26,UCHM,Uchumi Supermarket Plc,0.23,2.93,1.75,1.96,1.8,1.81,-0.01,-0.55%,53250,-
12-May-26,SCAN,WPP ScanGroup Plc,2,3.14,2.01,2.2,2.1,2.19,-0.09,-4.11%,37331,-
12-May-26,ARM,ARM Cement Plc,5.55,5.55,5.55,5.55,5.55,5.55,-,-,-,-
12-May-26,BAMB,Bamburi Cement Ltd,47.2,56.5,47.2,47.2,47.2,47.2,-,-,-,-
12-May-26,CRWN,Crown Paints Kenya Plc,35,70.75,60.75,63,62.75,61.75,1,1.62%,6231,-
12-May-26,CABL,East African Cables Plc,1,2.44,1,1,1,1,-,-,-,-
12-May-26,PORT,East African Portland Cement Ltd,28,101,76,82,78.25,78.25,-,-,294,-
12-May-26,KEGN,Kenya Electricity Generating Company Plc,4.85,10.75,9.2,9.3,9.24,9.24,-,-,702408,-
12-May-26,KPC,Kenya Pipeline Company Plc,9,9.94,9,9.2,9.1,9.1,-,-,469035,-
12-May-26,KPLC-P4,KPLC-P4,4,5,5,5,5,5,-,-,-,-
12-May-26,KPLC-P7,KPLC-P7,6,6,6,6,6,6,-,-,-,-
12-May-26,KPLC,Kenya Power and Lighting Company Plc,6.6,19,15.95,16.15,16.05,16,0.05,0.31%,438529,-
12-May-26,TOTL,TotalEnergies Marketing Kenya Plc,21,48.1,44.95,46.6,45.95,45.9,0.05,0.11%,16677,-
12-May-26,UMME,Umeme Ltd,5.8,24.75,7.5,7.9,7.84,7.8,0.04,0.51%,18603,-
12-May-26,BRIT,Britam Holdings Plc,6.04,13.4,12.3,12.6,12.55,12.4,0.15,1.21%,100205,-
12-May-26,CIC,CIC Insurance Group Ltd,2.55,6.62,4.28,4.48,4.35,4.34,0.01,0.23%,128607,-
12-May-26,JUB,Jubilee Holdings Ltd,205,437.75,379,380,380,379,1,0.26%,463,-
12-May-26,KNRE,Kenya Re-Insurance Corporation Ltd,1.66,4.02,3.34,3.6,3.51,3.33,0.18,5.41%,1966337,-
12-May-26,LBTY,Liberty Kenya Holdings Ltd,9,12.1,9.5,10.1,10,9.84,0.16,1.63%,11012,-
12-May-26,SLAM,Sanlam Allianz Holdings (Kenya) Plc,5.96,11,8.26,8.92,8.84,8.46,0.38,4.49%,20223,-
12-May-26,CTUM,Centum Investment Company Plc,10.95,16.75,13.7,14,13.75,13.8,-0.05,-0.36%,25014,-
12-May-26,HAFR,Home Afrika Ltd,0.48,1.93,1.31,1.36,1.35,1.34,0.01,0.75%,227279,-
12-May-26,KURV,Kurwitu Ventures Ltd,1400,1500,1500,1500,1500,1500,-,-,-,-
12-May-26,OCH,Olympia Capital Holdings Ltd,3.16,9,6.96,7,6.96,6.96,-,-,1355,-
12-May-26,TCL,Trans-Century Plc,0.71,1.3,0.71,0.71,0.71,0.71,-,-,-,-
12-May-26,NSE,Nairobi Securities Exchange Plc,6.5,25.9,19.85,20.5,20,20,-,-,111865,-
12-May-26,AMAC,Africa Mega Agricorp Plc,51,125,100,110,109.75,109.75,-,-,73,-
12-May-26,BOC,BOC Kenya Plc,80,160,152,160,157.25,157.5,-0.25,-0.16%,2571,-
12-May-26,BAT,British American Tobacco Kenya Plc,345,629,505,510,508,511,-3,-0.59%,117232,-
12-May-26,CARB,Carbacid Investments Plc,19,33,28.95,29.5,29.05,28.95,0.1,0.35%,25158,-
12-May-26,EABL,East African Breweries Ltd,173,351,240,250,245.5,241.25,4.25,1.76%,7443,-
12-May-26,FTGH,Flame Tree Group Holdings Ltd,0.9,3.11,1.9,2.13,1.96,1.94,0.02,1.03%,20204,-
12-May-26,MSC,Mumias Sugar Company Ltd,0.27,0.27,0.27,0.27,0.27,0.27,-,-,-,-
12-May-26,SKL,Shri Krishana Overseas Plc,5.8,12,9,10.7,10.3,9.76,0.54,5.53%,13398,-
12-May-26,UNGA,Unga Group Ltd,18.05,34,26.55,27,26.9,26.85,0.05,0.19%,582,-
12-May-26,SCOM,Safaricom Plc,18.6,34.2,31,31.95,31.75,31.75,-,-,8576625,-
12-May-26,ALP,Africa Logistics Properties Industria...,1,1,1,1,1,1,-,-,-,-
12-May-26,LAPR,LAPTrust Imara Income-REIT,20,20,20,20,20,20,-,-,-,-
12-May-26,GLD,ABSA NewGold ETF,881,9800,5745,5800,5745,5745,-,-,17,-
12-May-26,SMWF,Satrix MSCI World Feeder ETF,755,1050,916,992,921,902,19,2.11%,1119,-
12-May-26,^N10I,NSE 10-Share Index,1304.84,2271.75,2164.6,2164.6,2164.6,2144.75,19.85,0.93%,-,-
12-May-26,^N20I,NSE 20-Share Index,2126.84,3758.73,3552.74,3552.74,3552.74,3519.14,33.6,0.95%,-,-
12-May-26,^N25I,NSE 25-Share Index,3436.76,5948.29,5726.97,5726.97,5726.97,5680.5,46.47,0.82%,-,-
12-May-26,^NASI,NSE All-Share Index,128.82,216.69,209.37,209.37,209.37,208.2,1.17,0.56%,-,-
12-May-26,^NBSI,NSE Banking Sector Index,149.92,245.9,235,235,235,232.52,2.48,1.07%,-,-
12-May-26,^NBDI,NSE Bonds Index,1142.77,1210.41,1163.44,1163.44,1163.44,1168.46,-5.02,-0.43%,-,-
12-May-26,^ZKEQTK,Zamara Kenya Equity Index (KES),2597.06,4790.09,4609.37,4609.37,4609.37,4584.45,24.92,0.54%,-,-
12-May-26,^ZKEQTU,Zamara Kenya Equity Index (USD),1730.03,3197.11,3072.91,3072.91,3072.91,3056.3,16.61,0.54%,-,-
13-May-26,EGAD,Eaagads Ltd,11,37,31.05,33.7,31.6,33.3,-1.7,-5.11%,280,-
13-May-26,KUKZ,Kakuzi Plc,365,440,417,418,416.75,416.75,-,-,74,-
13-May-26,KAPC,Kapchorua Tea Kenya Plc,198,424.25,253,254,253.5,251.25,2.25,0.90%,397,-
13-May-26,LIMT,Limuru Tea Plc,295,555,480,490,480,480,-,-,6,-
13-May-26,SASN,Sasini Plc,13.3,33.9,28.15,29.05,28.65,28.75,-0.1,-0.35%,20465,-
13-May-26,WTK,Williamson Tea Kenya Plc,129.75,350,132,137,133.25,134,-0.75,-0.56%,10955,-
13-May-26,CGEN,Car and General (K) Ltd,19.95,85.5,79,79.25,79.25,79,0.25,0.32%,2196,-
13-May-26,ABSA,ABSA Bank Kenya Plc,16.75,33,28.55,29.9,29.4,28.75,0.65,2.26%,79900,-
13-May-26,BKG,BK Group Plc,28.75,58,50.25,55,52.5,54.25,-1.75,-3.23%,36140,-
13-May-26,COOP,Co-operative Bank of Kenya Ltd,14.5,34.3,30,32.15,31.6,31.4,0.2,0.64%,1329662,-
13-May-26,DTK,Diamond Trust Bank Kenya Ltd,66,170,149,155,149.5,152.75,-3.25,-2.13%,34625,-
13-May-26,EQTY,Equity Group Holdings Plc,41.2,80,74.25,75.25,74.5,74.75,-0.25,-0.33%,1964084,-
13-May-26,HFCK,HF Group Ltd,5.8,11.5,9.22,9.4,9.3,9.34,-0.04,-0.43%,141065,-
13-May-26,IMH,I & M Holdings Plc,30.6,52,49.25,50.25,49.95,49.7,0.25,0.50%,835163,-
13-May-26,KCB,KCB Group Plc,40,80.5,66.5,67,67,66.75,0.25,0.37%,321288,-
13-May-26,NCBA,NCBA Group Plc,49,100,87,89.75,88,87.5,0.5,0.57%,91832,-
13-May-26,SBIC,Stanbic Holdings Plc,147,300,292,299,296,295,1,0.34%,10969,-
13-May-26,SCBK,Standard Chartered Bank Kenya Ltd,260,370,333,348,338.75,335.5,3.25,0.97%,56477,-
13-May-26,DCON,Deacons (East Africa) Plc,0.45,0.45,0.45,0.45,0.45,0.45,-,-,-,-
13-May-26,EVRD,Eveready East Africa Ltd,0.8,1.78,1.11,1.15,1.13,1.12,0.01,0.89%,103731,-
13-May-26,XPRS,Express Kenya Plc,2.8,10,7,7.24,7,7.02,-0.02,-0.28%,7485,-
13-May-26,HBE,Homeboyz Entertainment Plc,4.66,4.66,4.66,4.66,4.66,4.66,-,-,-,-
13-May-26,KQ,Kenya Airways Plc,1.56,8.92,6.02,6.48,6.14,6.12,0.02,0.33%,132181,-
13-May-26,LKL,Longhorn Publishers Plc,2.38,3.5,2.76,3.13,3.07,2.93,0.14,4.78%,1625,-
13-May-26,NBV,Nairobi Business Ventures Ltd,1.28,2.16,1.28,1.39,1.34,1.32,0.02,1.52%,48102,-
13-May-26,NMG,Nation Media Group Plc,10.8,20,13.1,13.8,13.2,13.1,0.1,0.76%,13186,-
13-May-26,SMER,Sameer Africa Plc,2.7,21.5,15.5,16.4,16,15.95,0.05,0.31%,22797,-
13-May-26,SGL,Standard Group Plc,5.4,7.14,6,6.46,6.04,6,0.04,0.67%,604,-
13-May-26,TPSE,TPS Eastern Africa (Serena) Ltd,13.05,18.2,15.65,16.25,15.8,15.85,-0.05,-0.32%,9562,-
13-May-26,UCHM,Uchumi Supermarket Plc,0.23,2.93,1.66,1.84,1.77,1.8,-0.03,-1.67%,126922,-
13-May-26,SCAN,WPP ScanGroup Plc,2,3.14,2.1,2.22,2.15,2.1,0.05,2.38%,56898,-
13-May-26,ARM,ARM Cement Plc,5.55,5.55,5.55,5.55,5.55,5.55,-,-,-,-
13-May-26,BAMB,Bamburi Cement Ltd,47.2,54,47.2,47.2,47.2,47.2,-,-,-,-
13-May-26,CRWN,Crown Paints Kenya Plc,35.25,70.75,60.75,63,61.75,62.75,-1,-1.59%,611,-
13-May-26,CABL,East African Cables Plc,1,2.44,1,1,1,1,-,-,-,-
13-May-26,PORT,East African Portland Cement Ltd,28,101,76.25,81.75,77.5,78.25,-0.75,-0.96%,208,-
13-May-26,KEGN,Kenya Electricity Generating Company Plc,4.85,10.75,9.16,9.24,9.2,9.24,-0.04,-0.43%,457389,-
13-May-26,KPC,Kenya Pipeline Company Plc,9,9.94,9,9.2,9.12,9.1,0.02,0.22%,188124,-
13-May-26,KPLC-P4,KPLC-P4,4,5,5,5,5,5,-,-,-,-
13-May-26,KPLC-P7,KPLC-P7,6,6,6,6,6,6,-,-,-,-
13-May-26,KPLC,Kenya Power and Lighting Company Plc,6.6,19,15.5,16,15.7,16.05,-0.35,-2.18%,576762,-
13-May-26,TOTL,TotalEnergies Marketing Kenya Plc,21,48.1,45,46.4,45.65,45.95,-0.3,-0.65%,12985,-
13-May-26,UMME,Umeme Ltd,5.8,24.75,7.5,7.8,7.72,7.84,-0.12,-1.53%,72624,-
13-May-26,BRIT,Britam Holdings Plc,6.04,13.4,12.5,12.9,12.55,12.55,-,-,35738,-
13-May-26,CIC,CIC Insurance Group Ltd,2.55,6.62,4.2,4.36,4.31,4.35,-0.04,-0.92%,65395,-
13-May-26,JUB,Jubilee Holdings Ltd,205,437.75,379,385,380,380,-,-,5393,-
13-May-26,KNRE,Kenya Re-Insurance Corporation Ltd,1.66,4.02,3.35,3.51,3.41,3.51,-0.1,-2.85%,3117565,-
13-May-26,LBTY,Liberty Kenya Holdings Ltd,9,12.1,9.54,9.9,9.84,10,-0.16,-1.60%,2536,-
13-May-26,SLAM,Sanlam Allianz Holdings (Kenya) Plc,5.96,11,8.46,8.9,8.82,8.84,-0.02,-0.23%,3881,-
13-May-26,CTUM,Centum Investment Company Plc,10.95,16.75,13.5,14.3,13.65,13.75,-0.1,-0.73%,26883,-
13-May-26,HAFR,Home Afrika Ltd,0.48,1.93,1.32,1.37,1.33,1.35,-0.02,-1.48%,363460,-
13-May-26,KURV,Kurwitu Ventures Ltd,1400,1500,1500,1500,1500,1500,-,-,-,-
13-May-26,OCH,Olympia Capital Holdings Ltd,3.16,9,6.4,7.1,6.84,6.96,-0.12,-1.72%,830,-
13-May-26,TCL,Trans-Century Plc,0.71,1.3,0.71,0.71,0.71,0.71,-,-,-,-
13-May-26,NSE,Nairobi Securities Exchange Plc,6.5,25.9,19.55,20.9,19.9,20,-0.1,-0.50%,67084,-
13-May-26,AMAC,Africa Mega Agricorp Plc,51,125,100,110,109,109.75,-0.75,-0.68%,238,-
13-May-26,BOC,BOC Kenya Plc,80,160,154,159.75,156.25,157.25,-1,-0.64%,2180,-
13-May-26,BAT,British American Tobacco Kenya Plc,345,629,508,525,511,508,3,0.59%,14449,-
13-May-26,CARB,Carbacid Investments Plc,19,33,29,29.95,29.4,29.05,0.35,1.20%,10642,-
13-May-26,EABL,East African Breweries Ltd,173,351,241,248,241,245.5,-4.5,-1.83%,1002649,-
13-May-26,FTGH,Flame Tree Group Holdings Ltd,0.9,3.11,2.1,2.15,2.15,1.96,0.19,9.69%,29468,-
13-May-26,MSC,Mumias Sugar Company Ltd,0.27,0.27,0.27,0.27,0.27,0.27,-,-,-,-
13-May-26,SKL,Shri Krishana Overseas Plc,5.8,12,9.42,9.7,10.3,10.3,-,-,89,-
13-May-26,UNGA,Unga Group Ltd,18.05,34,26.85,27,26.9,26.9,-,-,304,-
13-May-26,SCOM,Safaricom Plc,19.1,34.2,30.85,31.65,31.05,31.75,-0.7,-2.20%,1985736,-
13-May-26,ALP,Africa Logistics Properties Industria...,1,1.02,1,1,1,1,-,-,-,-
13-May-26,LAPR,LAPTrust Imara Income-REIT,20,20,20,20,20,20,-,-,-,-
13-May-26,GLD,ABSA NewGold ETF,881,9800,5595,5800,5745,5745,-,-,34,-
13-May-26,SMWF,Satrix MSCI World Feeder ETF,755,1050,914,921,916,921,-5,-0.54%,578,-
13-May-26,^N10I,NSE 10-Share Index,1340.72,2271.75,2154.8,2154.8,2154.8,2164.6,-9.8,-0.45%,-,-
13-May-26,^N20I,NSE 20-Share Index,2154.27,3758.73,3532.82,3532.82,3532.82,3552.74,-19.92,-0.56%,-,-
13-May-26,^N25I,NSE 25-Share Index,3513.32,5948.29,5707.3,5707.3,5707.3,5726.97,-19.67,-0.34%,-,-
13-May-26,^NASI,NSE All-Share Index,131.35,216.69,207.68,207.68,207.68,209.37,-1.69,-0.81%,-,-
13-May-26,^NBSI,NSE Banking Sector Index,149.92,245.9,236.01,236.01,236.01,235,1.01,0.43%,-,-
13-May-26,^NBDI,NSE Bonds Index,1144.05,1210.41,1159.13,1159.13,1159.13,1163.44,-4.31,-0.37%,-,-
13-May-26,^ZKEQTK,Zamara Kenya Equity Index (KES),2659.4,4790.09,4588.3,4588.3,4588.3,4609.37,-21.07,-0.46%,-,-
13-May-26,^ZKEQTU,Zamara Kenya Equity Index (USD),1771.56,3197.11,3058.86,3058.86,3058.86,3072.91,-14.05,-0.46%,-,-
14-May-26,EGAD,Eaagads Ltd,11,37,31.5,34.5,34.25,31.6,2.65,8.39%,5296,-
14-May-26,KUKZ,Kakuzi Plc,365,440,417,418,417.5,416.75,0.75,0.18%,438,-
14-May-26,KAPC,Kapchorua Tea Kenya Plc,198,424.25,254,257,256,253.5,2.5,0.99%,5087,-
14-May-26,LIMT,Limuru Tea Plc,295,555,480,480,480,480,-,-,4,-
14-May-26,SASN,Sasini Plc,13.3,33.9,28.05,29,28.5,28.65,-0.15,-0.52%,4372,-
14-May-26,WTK,Williamson Tea Kenya Plc,129.75,350,134,135,135,133.25,1.75,1.31%,2507,-
14-May-26,CGEN,Car and General (K) Ltd,19.95,85.5,79,79.25,79.25,79.25,-,-,7718,-
14-May-26,ABSA,ABSA Bank Kenya Plc,16.95,33,28.5,29.5,29.1,29.4,-0.3,-1.02%,141302,-
14-May-26,BKG,BK Group Plc,28.75,58,50,52.75,51.5,52.5,-1,-1.90%,47732,-
14-May-26,COOP,Co-operative Bank of Kenya Ltd,14.95,34.3,31.6,34,32.65,31.6,1.05,3.32%,928927,-
14-May-26,DTK,Diamond Trust Bank Kenya Ltd,66,170,148.5,149.75,149.25,149.5,-0.25,-0.17%,8310,-
14-May-26,EQTY,Equity Group Holdings Plc,41.2,80,74.5,75,75,74.5,0.5,0.67%,2775516,-
14-May-26,HFCK,HF Group Ltd,6,11.5,9.24,9.4,9.32,9.3,0.02,0.22%,261869,-
14-May-26,IMH,I & M Holdings Plc,31,52,49.25,51,50.25,49.95,0.3,0.60%,46809,-
14-May-26,KCB,KCB Group Plc,40.2,80.5,66.5,67,66.75,67,-0.25,-0.37%,527393,-
14-May-26,NCBA,NCBA Group Plc,50,100,87,90,88.5,88,0.5,0.57%,413938,-
14-May-26,SBIC,Stanbic Holdings Plc,147,300,292.25,296.75,295.25,296,-0.75,-0.25%,61208,-
14-May-26,SCBK,Standard Chartered Bank Kenya Ltd,261,370,338,350,341.25,338.75,2.5,0.74%,14213,-
14-May-26,DCON,Deacons (East Africa) Plc,0.45,0.45,0.45,0.45,0.45,0.45,-,-,-,-
14-May-26,EVRD,Eveready East Africa Ltd,0.8,1.78,1.12,1.16,1.14,1.13,0.01,0.88%,95741,-
14-May-26,XPRS,Express Kenya Plc,2.8,10,7.04,7.2,7.06,7,0.06,0.86%,5440,-
14-May-26,HBE,Homeboyz Entertainment Plc,4.66,4.66,4.66,4.66,4.66,4.66,-,-,-,-
14-May-26,KQ,Kenya Airways Plc,1.56,8.92,6.2,6.48,6.3,6.14,0.16,2.61%,210462,-
14-May-26,LKL,Longhorn Publishers Plc,2.38,3.5,2.77,3.16,2.83,3.07,-0.24,-7.82%,37208,-
14-May-26,NBV,Nairobi Business Ventures Ltd,1.28,2.16,1.32,1.4,1.35,1.34,0.01,0.75%,22090,-
14-May-26,NMG,Nation Media Group Plc,10.8,20,13.1,13.6,13.15,13.2,-0.05,-0.38%,31792,-
14-May-26,SMER,Sameer Africa Plc,2.7,21.5,15.5,17,15.6,16,-0.4,-2.50%,70614,-
14-May-26,SGL,Standard Group Plc,5.4,7.14,6,6.48,6.42,6.04,0.38,6.29%,10660,-
14-May-26,TPSE,TPS Eastern Africa (Serena) Ltd,13.05,18.2,15.55,16.2,15.6,15.8,-0.2,-1.27%,7655,-
14-May-26,UCHM,Uchumi Supermarket Plc,0.23,2.93,1.75,1.9,1.79,1.77,0.02,1.13%,172138,-
14-May-26,SCAN,WPP ScanGroup Plc,2,3.14,2.1,2.34,2.15,2.15,-,-,55084,-
14-May-26,ARM,ARM Cement Plc,5.55,5.55,5.55,5.55,5.55,5.55,-,-,-,-
14-May-26,BAMB,Bamburi Cement Ltd,47.2,54,47.2,47.2,47.2,47.2,-,-,-,-
14-May-26,CRWN,Crown Paints Kenya Plc,35.25,70.75,60.75,62.75,62.25,61.75,0.5,0.81%,1316,-
14-May-26,CABL,East African Cables Plc,1,2.44,1,1,1,1,-,-,-,-
14-May-26,PORT,East African Portland Cement Ltd,28,101,77.5,78.25,78,77.5,0.5,0.65%,260,-
14-May-26,KEGN,Kenya Electricity Generating Company Plc,4.85,10.75,9.16,9.24,9.18,9.2,-0.02,-0.22%,1450494,-
14-May-26,KPC,Kenya Pipeline Company Plc,9,9.94,9.04,9.26,9.2,9.12,0.08,0.88%,22990551,-
14-May-26,KPLC-P4,KPLC-P4,4,5,5,5,5,5,-,-,-,-
14-May-26,KPLC-P7,KPLC-P7,6,6,6,6,6,6,-,-,-,-
14-May-26,KPLC,Kenya Power and Lighting Company Plc,6.8,19,15.3,15.8,15.7,15.7,-,-,1624196,-
14-May-26,TOTL,TotalEnergies Marketing Kenya Plc,21,48.1,45.5,46,45.7,45.65,0.05,0.11%,6908,-
14-May-26,UMME,Umeme Ltd,5.8,24.75,6.96,7.8,7.32,7.72,-0.4,-5.18%,106159,-
14-May-26,BRIT,Britam Holdings Plc,6.5,13.4,12.4,13,12.55,12.55,-,-,60825,-
14-May-26,CIC,CIC Insurance Group Ltd,2.55,6.62,4.25,4.36,4.31,4.31,-,-,289503,-
14-May-26,JUB,Jubilee Holdings Ltd,205,437.75,370,380,372.25,380,-7.75,-2.04%,664,-
14-May-26,KNRE,Kenya Re-Insurance Corporation Ltd,1.66,4.02,3.35,3.4,3.36,3.41,-0.05,-1.47%,588778,-
14-May-26,LBTY,Liberty Kenya Holdings Ltd,9,12.1,9.6,9.9,9.8,9.84,-0.04,-0.41%,4792,-
14-May-26,SLAM,Sanlam Allianz Holdings (Kenya) Plc,5.96,11,8.46,8.88,8.6,8.82,-0.22,-2.49%,7311,-
14-May-26,CTUM,Centum Investment Company Plc,10.95,16.75,13.65,14.3,13.85,13.65,0.2,1.47%,8602,-
14-May-26,HAFR,Home Afrika Ltd,0.48,1.93,1.32,1.37,1.34,1.33,0.01,0.75%,90914,-
14-May-26,KURV,Kurwitu Ventures Ltd,1400,1500,1500,1500,1500,1500,-,-,-,-
14-May-26,OCH,Olympia Capital Holdings Ltd,3.16,9,6.74,7.2,6.94,6.84,0.1,1.46%,874,-
14-May-26,TCL,Trans-Century Plc,0.71,1.3,0.71,0.71,0.71,0.71,-,-,-,-
14-May-26,NSE,Nairobi Securities Exchange Plc,6.5,25.9,19.8,20.95,19.85,19.9,-0.05,-0.25%,54602,-
14-May-26,AMAC,Africa Mega Agricorp Plc,51,125,100,110,104,109,-5,-4.59%,197,-
14-May-26,BOC,BOC Kenya Plc,80,160,155,159.25,158,156.25,1.75,1.12%,1943,-
14-May-26,BAT,British American Tobacco Kenya Plc,345,629,511,520,516,511,5,0.98%,5126,-
14-May-26,CARB,Carbacid Investments Plc,19,33,29.05,29.95,29.55,29.4,0.15,0.51%,6522,-
14-May-26,EABL,East African Breweries Ltd,173,351,237,245,237,241,-4,-1.66%,1007491,-
14-May-26,FTGH,Flame Tree Group Holdings Ltd,0.9,3.11,1.96,2.34,2.13,2.15,-0.02,-0.93%,131967,-
14-May-26,MSC,Mumias Sugar Company Ltd,0.27,0.27,0.27,0.27,0.27,0.27,-,-,-,-
14-May-26,SKL,Shri Krishana Overseas Plc,5.8,12,9.42,10.25,9.9,10.3,-0.4,-3.88%,1249,-
14-May-26,UNGA,Unga Group Ltd,18.05,34,26.85,27,27,26.9,0.1,0.37%,1904,-
14-May-26,SCOM,Safaricom Plc,19.5,34.2,30.25,31.45,30.5,31.05,-0.55,-1.77%,1190999,-
14-May-26,ALP,Africa Logistics Properties Industria...,1,1.02,1.02,1.02,1.02,1,0.02,2.00%,200000,-
14-May-26,LAPR,LAPTrust Imara Income-REIT,20,20,20,20,20,20,-,-,-,-
14-May-26,GLD,ABSA NewGold ETF,881,9800,5600,5900,5745,5745,-,-,93,-
14-May-26,SMWF,Satrix MSCI World Feeder ETF,755,1050,915,920,916,916,-,-,1055,-
14-May-26,^N10I,NSE 10-Share Index,1340.72,2271.75,2150.78,2150.78,2150.78,2154.8,-4.02,-0.19%,-,-
14-May-26,^N20I,NSE 20-Share Index,2161.38,3758.73,3532.08,3532.08,3532.08,3532.82,-0.74,-0.02%,-,-
14-May-26,^N25I,NSE 25-Share Index,3515.61,5948.29,5696.95,5696.95,5696.95,5707.3,-10.35,-0.18%,-,-
14-May-26,^NASI,NSE All-Share Index,132.37,216.69,206.64,206.64,206.64,207.68,-1.04,-0.50%,-,-
14-May-26,^NBSI,NSE Banking Sector Index,149.92,245.9,237.26,237.26,237.26,236.01,1.25,0.53%,-,-
14-May-26,^NBDI,NSE Bonds Index,1146.75,1210.41,1160.45,1160.45,1160.45,1159.13,1.32,0.11%,-,-
14-May-26,^ZKEQTK,Zamara Kenya Equity Index (KES),2690.79,4790.09,4582.99,4582.99,4582.99,4588.3,-5.31,-0.12%,-,-
14-May-26,^ZKEQTU,Zamara Kenya Equity Index (USD),1793.17,3197.11,3055.32,3055.32,3055.32,3058.86,-3.54,-0.12%,-,-
15-May-26,EGAD,Eaagads Ltd,11,37,31.5,34,32.15,34.25,-2.1,-6.13%,398,-
15-May-26,KUKZ,Kakuzi Plc,365,440,405,420,419.5,417.5,2,0.48%,318,-
15-May-26,KAPC,Kapchorua Tea Kenya Plc,198,424.25,257,259.75,259.25,256,3.25,1.27%,1806,-
15-May-26,LIMT,Limuru Tea Plc,295,555,480,485,480,480,-,-,74,-
15-May-26,SASN,Sasini Plc,13.3,33.9,28.1,30.4,29.65,28.5,1.15,4.04%,74210,-
15-May-26,WTK,Williamson Tea Kenya Plc,129.75,350,132,136,133.25,135,-1.75,-1.30%,6446,-
15-May-26,CGEN,Car and General (K) Ltd,19.95,85.5,78.5,79.25,79,79.25,-0.25,-0.32%,4455,-
15-May-26,ABSA,ABSA Bank Kenya Plc,16.95,33,28.5,29,28.75,29.1,-0.35,-1.20%,54311,-
15-May-26,BKG,BK Group Plc,28.75,58,51.25,54.25,54,51.5,2.5,4.85%,64186,-
15-May-26,COOP,Co-operative Bank of Kenya Ltd,14.95,34.3,30,33,32.5,32.65,-0.15,-0.46%,1943944,-
15-May-26,DTK,Diamond Trust Bank Kenya Ltd,66,170,148.75,150,149.25,149.25,-,-,60891,-
15-May-26,EQTY,Equity Group Holdings Plc,41.2,80,74.75,76,75,75,-,-,1689879,-
15-May-26,HFCK,HF Group Ltd,6,11.5,9.12,9.38,9.24,9.32,-0.08,-0.86%,135431,-
15-May-26,IMH,I & M Holdings Plc,31,52,49.5,50.75,49.7,50.25,-0.55,-1.09%,55140,-
15-May-26,KCB,KCB Group Plc,40.2,80.5,66.5,67,66.75,66.75,-,-,146305,-
15-May-26,NCBA,NCBA Group Plc,50,100,87.5,90,88.5,88.5,-,-,161408,-
15-May-26,SBIC,Stanbic Holdings Plc,147,300,291,296,294.5,295.25,-0.75,-0.25%,72062,-
15-May-26,SCBK,Standard Chartered Bank Kenya Ltd,261,370,342,347,344.5,341.25,3.25,0.95%,7505,-
15-May-26,DCON,Deacons (East Africa) Plc,0.45,0.45,0.45,0.45,0.45,0.45,-,-,-,-
15-May-26,EVRD,Eveready East Africa Ltd,0.8,1.78,1.12,1.15,1.13,1.14,-0.01,-0.88%,211963,-
15-May-26,XPRS,Express Kenya Plc,2.8,10,6.6,7.2,7.08,7.06,0.02,0.28%,4490,-
15-May-26,HBE,Homeboyz Entertainment Plc,4.66,4.66,4.66,4.66,4.66,4.66,-,-,-,-
15-May-26,KQ,Kenya Airways Plc,1.56,8.92,6.12,6.46,6.22,6.3,-0.08,-1.27%,185338,-
15-May-26,LKL,Longhorn Publishers Plc,2.38,3.5,2.99,3,3,2.83,0.17,6.01%,805,-
15-May-26,NBV,Nairobi Business Ventures Ltd,1.28,2.16,1.35,1.4,1.36,1.35,0.01,0.74%,92946,-
15-May-26,NMG,Nation Media Group Plc,10.8,20,13.1,13.3,13.1,13.15,-0.05,-0.38%,11350,-
15-May-26,SMER,Sameer Africa Plc,2.7,21.5,15.5,16.5,15.65,15.6,0.05,0.32%,8176,-
15-May-26,SGL,Standard Group Plc,5.4,7.14,6.1,6.48,6.24,6.42,-0.18,-2.80%,703,-
15-May-26,TPSE,TPS Eastern Africa (Serena) Ltd,13.05,18.2,15.05,16.25,15.1,15.6,-0.5,-3.21%,26055,-
15-May-26,UCHM,Uchumi Supermarket Plc,0.23,2.93,1.62,1.8,1.73,1.79,-0.06,-3.35%,189414,-
15-May-26,SCAN,WPP ScanGroup Plc,2,3.14,2.16,2.3,2.2,2.15,0.05,2.33%,64617,-
15-May-26,ARM,ARM Cement Plc,5.55,5.55,5.55,5.55,5.55,5.55,-,-,-,-
15-May-26,BAMB,Bamburi Cement Ltd,47.2,54,47.2,47.2,47.2,47.2,-,-,-,-
15-May-26,CRWN,Crown Paints Kenya Plc,35.25,70.75,58,63,60.5,62.25,-1.75,-2.81%,2036,-
15-May-26,CABL,East African Cables Plc,1,2.44,1,1,1,1,-,-,-,-
15-May-26,PORT,East African Portland Cement Ltd,28,101,76,77.5,76.5,78,-1.5,-1.92%,512,-
15-May-26,KEGN,Kenya Electricity Generating Company Plc,4.85,10.75,9.14,9.2,9.18,9.18,-,-,305839,-
15-May-26,KPC,Kenya Pipeline Company Plc,9,9.94,9.1,9.26,9.1,9.2,-0.1,-1.09%,247523,-
15-May-26,KPLC-P4,KPLC-P4,4,5,5,5,5,5,-,-,-,-
15-May-26,KPLC-P7,KPLC-P7,6,6,6,6,6,6,-,-,-,-
15-May-26,KPLC,Kenya Power and Lighting Company Plc,6.8,19,15.3,15.75,15.35,15.7,-0.35,-2.23%,1321922,-
15-May-26,TOTL,TotalEnergies Marketing Kenya Plc,21,48.1,45,46,45.45,45.7,-0.25,-0.55%,22828,-
15-May-26,UMME,Umeme Ltd,5.8,24.75,7.4,8,7.88,7.32,0.56,7.65%,122658,-
15-May-26,BRIT,Britam Holdings Plc,6.5,13.4,12.1,12.75,12.5,12.55,-0.05,-0.40%,76332,-
15-May-26,CIC,CIC Insurance Group Ltd,2.55,6.62,4.2,4.3,4.22,4.31,-0.09,-2.09%,91818,-
15-May-26,JUB,Jubilee Holdings Ltd,205,437.75,366,380,369.75,372.25,-2.5,-0.67%,714,-
15-May-26,KNRE,Kenya Re-Insurance Corporation Ltd,1.66,4.02,3.31,3.39,3.35,3.36,-0.01,-0.30%,2824016,-
15-May-26,LBTY,Liberty Kenya Holdings Ltd,9,12.1,9.7,10.1,9.78,9.8,-0.02,-0.20%,14347,-
15-May-26,SLAM,Sanlam Allianz Holdings (Kenya) Plc,5.96,11,8.14,8.88,8.5,8.6,-0.1,-1.16%,8191,-
15-May-26,CTUM,Centum Investment Company Plc,10.95,16.75,13.5,14.4,13.65,13.85,-0.2,-1.44%,31350,-
15-May-26,HAFR,Home Afrika Ltd,0.48,1.93,1.32,1.38,1.34,1.34,-,-,72405,-
15-May-26,KURV,Kurwitu Ventures Ltd,1400,1500,1500,1500,1500,1500,-,-,-,-
15-May-26,OCH,Olympia Capital Holdings Ltd,3.16,9,6.84,7.2,7,6.94,0.06,0.86%,1603,-
15-May-26,TCL,Trans-Century Plc,0.71,1.3,0.71,0.71,0.71,0.71,-,-,-,-
15-May-26,NSE,Nairobi Securities Exchange Plc,6.5,25.9,19.8,20,19.85,19.85,-,-,63478,-
15-May-26,AMAC,Africa Mega Agricorp Plc,51,125,102,110,104,104,-,-,72,-
15-May-26,BOC,BOC Kenya Plc,80,160,155,158,156.25,158,-1.75,-1.11%,1185,-
15-May-26,BAT,British American Tobacco Kenya Plc,345,629,510,515,513,516,-3,-0.58%,12045,-
15-May-26,CARB,Carbacid Investments Plc,19,33,29.25,29.5,29.45,29.55,-0.1,-0.34%,31023,-
15-May-26,EABL,East African Breweries Ltd,173,351,242,245.5,243.25,237,6.25,2.64%,10294,-
15-May-26,FTGH,Flame Tree Group Holdings Ltd,0.9,3.11,2.09,2.25,2.14,2.13,0.01,0.47%,113551,-
15-May-26,MSC,Mumias Sugar Company Ltd,0.27,0.27,0.27,0.27,0.27,0.27,-,-,-,-
15-May-26,SKL,Shri Krishana Overseas Plc,5.8,12,9.5,9.9,9.8,9.9,-0.1,-1.01%,1911,-
15-May-26,UNGA,Unga Group Ltd,18.05,34,26.9,27,27,27,-,-,131,-
15-May-26,SCOM,Safaricom Plc,19.5,34.2,29.75,30.9,30.05,30.5,-0.45,-1.48%,2556379,-
15-May-26,ALP,Africa Logistics Properties Industria...,1,1.02,1.02,1.02,1.02,1.02,-,-,-,-
15-May-26,LAPR,LAPTrust Imara Income-REIT,20,20,20,20,20,20,-,-,-,-
15-May-26,GLD,ABSA NewGold ETF,881,9800,5605,5780,5745,5745,-,-,34,-
15-May-26,SMWF,Satrix MSCI World Feeder ETF,755,1050,910,1005,934,916,18,1.97%,581,-
15-May-26,^N10I,NSE 10-Share Index,1340.72,2271.75,2145.27,2145.27,2145.27,2150.78,-5.51,-0.26%,-,-
15-May-26,^N20I,NSE 20-Share Index,2161.38,3758.73,3524.7,3524.7,3524.7,3532.08,-7.38,-0.21%,-,-
15-May-26,^N25I,NSE 25-Share Index,3515.61,5948.29,5684.09,5684.09,5684.09,5696.95,-12.86,-0.23%,-,-
15-May-26,^NASI,NSE All-Share Index,132.37,216.69,205.6,205.6,205.6,206.64,-1.04,-0.50%,-,-
15-May-26,^NBSI,NSE Banking Sector Index,149.92,245.9,236.85,236.85,236.85,237.26,-0.41,-0.17%,-,-
15-May-26,^NBDI,NSE Bonds Index,1146.75,1210.41,1163,1163,1163,1160.45,2.55,0.22%,-,-
15-May-26,^ZKEQTK,Zamara Kenya Equity Index (KES),2690.79,4790.09,4565.45,4565.45,4565.45,4582.99,-17.54,-0.38%,-,-
15-May-26,^ZKEQTU,Zamara Kenya Equity Index (USD),1793.17,3197.11,3037.75,3037.75,3037.75,3055.32,-17.57,-0.58%,-,-
18-May-26,EGAD,Eaagads Ltd,11,37,31.5,33.85,31.85,32.15,-0.3,-0.93%,995,-
18-May-26,KUKZ,Kakuzi Plc,365,440,420,424,420,419.5,0.5,0.12%,1660,-
18-May-26,KAPC,Kapchorua Tea Kenya Plc,198,424.25,260,263,261.5,259.25,2.25,0.87%,2739,-
18-May-26,LIMT,Limuru Tea Plc,295,555,480,485,482.5,480,2.5,0.52%,204,-
18-May-26,SASN,Sasini Plc,13.3,33.9,28.05,30.4,30,29.65,0.35,1.18%,5400,-
18-May-26,WTK,Williamson Tea Kenya Plc,129.75,350,130,137.75,131.25,133.25,-2,-1.50%,21708,-
18-May-26,CGEN,Car and General (K) Ltd,19.95,85.5,78.25,79.25,79,79,-,-,1595,-
18-May-26,ABSA,ABSA Bank Kenya Plc,17.1,33,28.05,28.75,28.1,28.75,-0.65,-2.26%,1345062,-
18-May-26,BKG,BK Group Plc,28.75,58,48.7,54,49.25,54,-4.75,-8.80%,24431,-
18-May-26,COOP,Co-operative Bank of Kenya Ltd,15,34.3,31,32,31.95,32.5,-0.55,-1.69%,578404,-
18-May-26,DTK,Diamond Trust Bank Kenya Ltd,66,170,149.25,150,149.75,149.25,0.5,0.34%,26070,-
18-May-26,EQTY,Equity Group Holdings Plc,41.2,80,75,75.5,75.5,75,0.5,0.67%,113762,-
18-May-26,HFCK,HF Group Ltd,6,11.5,9.1,9.24,9.16,9.24,-0.08,-0.87%,36196,-
18-May-26,IMH,I & M Holdings Plc,31.9,52,49,50.5,49.3,49.7,-0.4,-0.80%,55197,-
18-May-26,KCB,KCB Group Plc,40.2,80.5,66.25,67,66.5,66.75,-0.25,-0.37%,262277,-
18-May-26,NCBA,NCBA Group Plc,50,100,87.25,89.5,88,88.5,-0.5,-0.56%,102795,-
18-May-26,SBIC,Stanbic Holdings Plc,147,300,274,289.75,276.75,294.5,-17.75,-6.03%,7230,-
18-May-26,SCBK,Standard Chartered Bank Kenya Ltd,262,370,340,342.75,341.75,344.5,-2.75,-0.80%,5251,-
18-May-26,DCON,Deacons (East Africa) Plc,0.45,0.45,0.45,0.45,0.45,0.45,-,-,-,-
18-May-26,EVRD,Eveready East Africa Ltd,0.8,1.78,1.11,1.13,1.12,1.13,-0.01,-0.88%,103419,-
18-May-26,XPRS,Express Kenya Plc,2.8,10,6.8,7.04,6.82,7.08,-0.26,-3.67%,26120,-
18-May-26,HBE,Homeboyz Entertainment Plc,4.66,4.66,4.66,4.66,4.66,4.66,-,-,-,-
18-May-26,KQ,Kenya Airways Plc,1.56,8.92,6,6.4,6.14,6.22,-0.08,-1.29%,384007,-
18-May-26,LKL,Longhorn Publishers Plc,2.38,3.5,2.77,3.12,2.8,3,-0.2,-6.67%,34113,-
18-May-26,NBV,Nairobi Business Ventures Ltd,1.28,2,1.28,1.38,1.31,1.36,-0.05,-3.68%,49991,-
18-May-26,NMG,Nation Media Group Plc,10.8,20,13.05,13.95,13.15,13.1,0.05,0.38%,17588,-
18-May-26,SMER,Sameer Africa Plc,2.7,21.5,15.3,15.7,15.5,15.65,-0.15,-0.96%,10583,-
18-May-26,SGL,Standard Group Plc,5.4,7.14,5.82,6.1,6,6.24,-0.24,-3.85%,452,-
18-May-26,TPSE,TPS Eastern Africa (Serena) Ltd,13.05,18.2,15.1,16.2,15.1,15.1,-,-,49,-
18-May-26,UCHM,Uchumi Supermarket Plc,0.23,2.93,1.6,1.83,1.64,1.73,-0.09,-5.20%,421879,-
18-May-26,SCAN,WPP ScanGroup Plc,2,3.14,2.1,2.3,2.15,2.2,-0.05,-2.27%,87189,-
18-May-26,ARM,ARM Cement Plc,5.55,5.55,5.55,5.55,5.55,5.55,-,-,-,-
18-May-26,BAMB,Bamburi Cement Ltd,47.2,54,47.2,47.2,47.2,47.2,-,-,-,-
18-May-26,CRWN,Crown Paints Kenya Plc,36.5,70.75,58.25,60,59.25,60.5,-1.25,-2.07%,179,-
18-May-26,CABL,East African Cables Plc,1,2.44,1,1,1,1,-,-,-,-
18-May-26,PORT,East African Portland Cement Ltd,28,101,73.5,76,76,76.5,-0.5,-0.65%,264,-
18-May-26,KEGN,Kenya Electricity Generating Company Plc,4.85,10.75,9.1,9.22,9.14,9.18,-0.04,-0.44%,655427,-
18-May-26,KPC,Kenya Pipeline Company Plc,9,9.94,9.04,9.14,9.12,9.1,0.02,0.22%,276692,-
18-May-26,KPLC-P4,KPLC-P4,4,5,5,5,5,5,-,-,-,-
18-May-26,KPLC-P7,KPLC-P7,6,6,6,6,6,6,-,-,-,-
18-May-26,KPLC,Kenya Power and Lighting Company Plc,6.88,19,15.35,15.5,15.4,15.35,0.05,0.33%,1326507,-
18-May-26,TOTL,TotalEnergies Marketing Kenya Plc,21,48.1,45,46,45.3,45.45,-0.15,-0.33%,56717,-
18-May-26,UMME,Umeme Ltd,5.8,24.75,7.54,8,7.9,7.88,0.02,0.25%,28550,-
18-May-26,BRIT,Britam Holdings Plc,6.5,13.4,12.1,12.7,12.4,12.5,-0.1,-0.80%,22841,-
18-May-26,CIC,CIC Insurance Group Ltd,2.55,6.62,4.15,4.3,4.22,4.22,-,-,47515,-
18-May-26,JUB,Jubilee Holdings Ltd,205,437.75,366,375,374.5,369.75,4.75,1.28%,363,-
18-May-26,KNRE,Kenya Re-Insurance Corporation Ltd,1.66,4.02,3.31,3.4,3.33,3.35,-0.02,-0.60%,4865524,-
18-May-26,LBTY,Liberty Kenya Holdings Ltd,9,12.1,9.5,10,9.64,9.78,-0.14,-1.43%,8403,-
18-May-26,SLAM,Sanlam Allianz Holdings (Kenya) Plc,5.96,11,8,8.88,8.64,8.5,0.14,1.65%,3296,-
18-May-26,CTUM,Centum Investment Company Plc,10.95,16.75,13.65,14.2,13.75,13.65,0.1,0.73%,15303,-
18-May-26,HAFR,Home Afrika Ltd,0.48,1.93,1.27,1.34,1.32,1.34,-0.02,-1.49%,181959,-
18-May-26,KURV,Kurwitu Ventures Ltd,1400,1500,1500,1500,1500,1500,-,-,-,-
18-May-26,OCH,Olympia Capital Holdings Ltd,3.16,9,6.34,7.54,6.96,7,-0.04,-0.57%,4236,-
18-May-26,TCL,Trans-Century Plc,0.71,1.3,0.71,0.71,0.71,0.71,-,-,-,-
18-May-26,NSE,Nairobi Securities Exchange Plc,6.5,25.9,19.85,20,19.95,19.85,0.1,0.50%,47062,-
18-May-26,AMAC,Africa Mega Agricorp Plc,56,125,100,110,104,104,-,-,82,-
18-May-26,BOC,BOC Kenya Plc,80,160,155,159.5,159.25,156.25,3,1.92%,1683,-
18-May-26,BAT,British American Tobacco Kenya Plc,345,629,508,515,510,513,-3,-0.58%,23342,-
18-May-26,CARB,Carbacid Investments Plc,19,33,29.4,29.9,29.6,29.45,0.15,0.51%,17549,-
18-May-26,EABL,East African Breweries Ltd,173,351,243,248,244.75,243.25,1.5,0.62%,5010,-
18-May-26,FTGH,Flame Tree Group Holdings Ltd,0.9,3.11,2,2.13,2.07,2.14,-0.07,-3.27%,99575,-
18-May-26,MSC,Mumias Sugar Company Ltd,0.27,0.27,0.27,0.27,0.27,0.27,-,-,-,-
18-May-26,SKL,Shri Krishana Overseas Plc,5.8,12,9.42,9.9,9.52,9.8,-0.28,-2.86%,420,-
18-May-26,UNGA,Unga Group Ltd,18.05,34,26,27,26.7,27,-0.3,-1.11%,922,-
18-May-26,SCOM,Safaricom Plc,19.5,34.2,30.4,31,30.6,30.05,0.55,1.83%,614701,-
18-May-26,ALP,Africa Logistics Properties Industria...,1,1.02,1.02,1.02,1.02,1.02,-,-,-,-
18-May-26,LAPR,LAPTrust Imara Income-REIT,20,20,20,20,20,20,-,-,-,-
18-May-26,GLD,ABSA NewGold ETF,881,9800,5500,5900,5625,5745,-120,-2.09%,193,-
18-May-26,SMWF,Satrix MSCI World Feeder ETF,755,1050,910,916,916,934,-18,-1.93%,113,-
18-May-26,^N10I,NSE 10-Share Index,1340.72,2271.75,2146.29,2146.29,2146.29,2145.27,1.02,0.05%,-,-
18-May-26,^N20I,NSE 20-Share Index,2161.38,3758.73,3488.27,3488.27,3488.27,3524.7,-36.43,-1.03%,-,-
18-May-26,^N25I,NSE 25-Share Index,3515.61,5948.29,5659.67,5659.67,5659.67,5684.09,-24.42,-0.43%,-,-
18-May-26,^NASI,NSE All-Share Index,132.37,216.69,205.77,205.77,205.77,205.6,0.17,0.08%,-,-
18-May-26,^NBSI,NSE Banking Sector Index,149.92,245.9,234.05,234.05,234.05,236.85,-2.8,-1.18%,-,-
18-May-26,^NBDI,NSE Bonds Index,1147.5,1210.41,1156.24,1156.24,1156.24,1163,-6.76,-0.58%,-,-
18-May-26,^ZKEQTK,Zamara Kenya Equity Index (KES),2690.79,4790.09,4577,4577,4577,4565.45,11.55,0.25%,-,-
18-May-26,^ZKEQTU,Zamara Kenya Equity Index (USD),1793.17,3197.11,3039.56,3039.56,3039.56,3037.75,1.81,0.06%,-,-
19-May-26,EGAD,Eaagads Ltd,11,37,32,33.85,33.5,31.85,1.65,5.18%,188,-
19-May-26,KUKZ,Kakuzi Plc,365,440,420,424,422,420,2,0.48%,384,-
19-May-26,KAPC,Kapchorua Tea Kenya Plc,198,424.25,263,283,271.75,261.5,10.25,3.92%,10202,-
19-May-26,LIMT,Limuru Tea Plc,295,555,465.75,484.75,482.5,482.5,-,-,10,-
19-May-26,SASN,Sasini Plc,13.3,33.9,29,30.25,29.7,30,-0.3,-1.00%,5684,-
19-May-26,WTK,Williamson Tea Kenya Plc,129.75,350,133.25,137.75,137.25,131.25,6,4.57%,3672,-
19-May-26,CGEN,Car and General (K) Ltd,19.95,85.5,78.5,79.25,79,79,-,-,7113,-
19-May-26,ABSA,ABSA Bank Kenya Plc,17.1,33,28.1,29,28.6,28.1,0.5,1.78%,110356,-
19-May-26,BKG,BK Group Plc,28.75,58,48.7,53,48.85,49.25,-0.4,-0.81%,8615,-
19-May-26,COOP,Co-operative Bank of Kenya Ltd,15,34.3,31.55,32.75,32.45,31.95,0.5,1.56%,840083,-
19-May-26,DTK,Diamond Trust Bank Kenya Ltd,66,170,149.25,160,150.25,149.75,0.5,0.33%,33016,-
19-May-26,EQTY,Equity Group Holdings Plc,41.2,80,75,75.5,75.25,75.5,-0.25,-0.33%,2300189,-
19-May-26,HFCK,HF Group Ltd,6,11.5,9.1,9.18,9.16,9.16,-,-,62570,-
19-May-26,IMH,I & M Holdings Plc,31.9,52,49.3,50.25,50,49.3,0.7,1.42%,818759,-
19-May-26,KCB,KCB Group Plc,40.2,80.5,66.25,67,66.75,66.5,0.25,0.38%,827649,-
19-May-26,NCBA,NCBA Group Plc,50,100,85,88.75,85.25,88,-2.75,-3.13%,1750342,-
19-May-26,SBIC,Stanbic Holdings Plc,147,300,273,287,277.5,276.75,0.75,0.27%,8055,-
19-May-26,SCBK,Standard Chartered Bank Kenya Ltd,262,370,338.5,344.75,341,341.75,-0.75,-0.22%,2634,-
19-May-26,DCON,Deacons (East Africa) Plc,0.45,0.45,0.45,0.45,0.45,0.45,-,-,-,-
19-May-26,EVRD,Eveready East Africa Ltd,0.8,1.78,1.1,1.15,1.11,1.12,-0.01,-0.89%,87297,-
19-May-26,XPRS,Express Kenya Plc,2.8,10,6.7,7.18,7.1,6.82,0.28,4.11%,2654,-
19-May-26,HBE,Homeboyz Entertainment Plc,4.66,4.66,4.66,4.66,4.66,4.66,-,-,-,-
19-May-26,KQ,Kenya Airways Plc,1.56,8.92,5.94,6.18,6,6.14,-0.14,-2.28%,102726,-
19-May-26,LKL,Longhorn Publishers Plc,2.38,3.5,2.9,3,2.96,2.8,0.16,5.71%,2975,-
19-May-26,NBV,Nairobi Business Ventures Ltd,1.26,2,1.26,1.3,1.28,1.31,-0.03,-2.29%,81902,-
19-May-26,NMG,Nation Media Group Plc,10.8,20,13.05,14.15,13.8,13.15,0.65,4.94%,10568,-
19-May-26,SMER,Sameer Africa Plc,2.7,21.5,15.2,15.5,15.45,15.5,-0.05,-0.32%,9580,-
19-May-26,SGL,Standard Group Plc,5.4,7.14,5.86,6.4,6.06,6,0.06,1.00%,1455,-
19-May-26,TPSE,TPS Eastern Africa (Serena) Ltd,13.05,18.2,16.15,16.25,16.15,15.1,1.05,6.95%,738,-
19-May-26,UCHM,Uchumi Supermarket Plc,0.23,2.93,1.6,1.75,1.7,1.64,0.06,3.66%,252259,-
19-May-26,SCAN,WPP ScanGroup Plc,2,3.14,2.09,2.2,2.11,2.15,-0.04,-1.86%,16245,-
19-May-26,ARM,ARM Cement Plc,5.55,5.55,5.55,5.55,5.55,5.55,-,-,-,-
19-May-26,BAMB,Bamburi Cement Ltd,47.2,54,47.2,47.2,47.2,47.2,-,-,-,-
19-May-26,CRWN,Crown Paints Kenya Plc,36.5,70.75,59,60,60,59.25,0.75,1.27%,2932,-
19-May-26,CABL,East African Cables Plc,1,2.44,1,1,1,1,-,-,-,-
19-May-26,PORT,East African Portland Cement Ltd,28,101,73.25,77,76,76,-,-,738,-
19-May-26,KEGN,Kenya Electricity Generating Company Plc,4.85,10.75,9.16,9.24,9.2,9.14,0.06,0.66%,412995,-
19-May-26,KPC,Kenya Pipeline Company Plc,9,9.94,9.04,9.14,9.1,9.12,-0.02,-0.22%,274592,-
19-May-26,KPLC-P4,KPLC-P4,4,5,5,5,5,5,-,-,-,-
19-May-26,KPLC-P7,KPLC-P7,6,6,6,6,6,6,-,-,-,-
19-May-26,KPLC,Kenya Power and Lighting Company Plc,6.88,19,15.3,15.5,15.45,15.4,0.05,0.32%,881613,-
19-May-26,TOTL,TotalEnergies Marketing Kenya Plc,21,48.1,45,46,45.55,45.3,0.25,0.55%,13486,-
19-May-26,UMME,Umeme Ltd,5.8,24.75,7.6,8,7.84,7.9,-0.06,-0.76%,9214,-
19-May-26,BRIT,Britam Holdings Plc,6.5,13.4,12.05,12.6,12.45,12.4,0.05,0.40%,50675,-
19-May-26,CIC,CIC Insurance Group Ltd,2.55,6.62,4.2,4.3,4.29,4.22,0.07,1.66%,398720,-
19-May-26,JUB,Jubilee Holdings Ltd,205,437.75,360,374.5,361.25,374.5,-13.25,-3.54%,11239,-
19-May-26,KNRE,Kenya Re-Insurance Corporation Ltd,1.66,4.02,3.3,3.4,3.32,3.33,-0.01,-0.30%,568744,-
19-May-26,LBTY,Liberty Kenya Holdings Ltd,9,12.1,9.6,10.1,9.92,9.64,0.28,2.90%,9140,-
19-May-26,SLAM,Sanlam Allianz Holdings (Kenya) Plc,5.96,11,8.22,8.88,8.36,8.64,-0.28,-3.24%,8046,-
19-May-26,CTUM,Centum Investment Company Plc,10.95,16.75,13.65,14.5,14.15,13.75,0.4,2.91%,10620,-
19-May-26,HAFR,Home Afrika Ltd,0.48,1.93,1.26,1.34,1.3,1.32,-0.02,-1.52%,72874,-
19-May-26,KURV,Kurwitu Ventures Ltd,1400,1500,1500,1500,1500,1500,-,-,-,-
19-May-26,OCH,Olympia Capital Holdings Ltd,3.16,9,6.34,7.4,6.88,6.96,-0.08,-1.15%,2095,-
19-May-26,TCL,Trans-Century Plc,0.71,1.3,0.71,0.71,0.71,0.71,-,-,-,-
19-May-26,NSE,Nairobi Securities Exchange Plc,6.5,25.9,19.35,20,19.55,19.95,-0.4,-2.01%,154276,-
19-May-26,AMAC,Africa Mega Agricorp Plc,56,125,100,110,104.75,104,0.75,0.72%,177,-
19-May-26,BOC,BOC Kenya Plc,80,160,156,159.5,158.5,159.25,-0.75,-0.47%,2876,-
19-May-26,BAT,British American Tobacco Kenya Plc,345,629,507,512,509,510,-1,-0.20%,9098,-
19-May-26,CARB,Carbacid Investments Plc,19,33,29.5,29.9,29.5,29.6,-0.1,-0.34%,25612,-
19-May-26,EABL,East African Breweries Ltd,173,351,242,250,245.25,244.75,0.5,0.20%,4373,-
19-May-26,FTGH,Flame Tree Group Holdings Ltd,0.9,3.11,2,2.12,2.02,2.07,-0.05,-2.42%,40428,-
19-May-26,MSC,Mumias Sugar Company Ltd,0.27,0.27,0.27,0.27,0.27,0.27,-,-,-,-
19-May-26,SKL,Shri Krishana Overseas Plc,5.8,12,9.42,9.88,9.48,9.52,-0.04,-0.42%,319,-
19-May-26,UNGA,Unga Group Ltd,18.05,34,24.5,27,26.7,26.7,-,-,1640,-
19-May-26,SCOM,Safaricom Plc,19.5,34.2,30.4,30.95,30.55,30.6,-0.05,-0.16%,1133247,-
19-May-26,ALP,Africa Logistics Properties Industria...,1,1.02,1.02,1.02,1.02,1.02,-,-,-,-
19-May-26,LAPR,LAPTrust Imara Income-REIT,20,20,20,20,20,20,-,-,-,-
19-May-26,GLD,ABSA NewGold ETF,881,9800,5600,5800,5625,5625,-,-,63,-
19-May-26,SMWF,Satrix MSCI World Feeder ETF,755,1050,910,916,915,916,-1,-0.11%,201,-
19-May-26,^N10I,NSE 10-Share Index,1340.72,2271.75,2155.85,2155.85,2155.85,2146.29,9.56,0.45%,-,-
19-May-26,^N20I,NSE 20-Share Index,2161.38,3758.73,3499.8,3499.8,3499.8,3488.27,11.53,0.33%,-,-
19-May-26,^N25I,NSE 25-Share Index,3515.61,5948.29,5662.72,5662.72,5662.72,5659.67,3.05,0.05%,-,-
19-May-26,^NASI,NSE All-Share Index,132.37,216.69,205.76,205.76,205.76,205.77,-0.01,#VALUE!,-,-
19-May-26,^NBSI,NSE Banking Sector Index,149.92,245.9,234.5,234.5,234.5,234.05,0.45,0.19%,-,-
19-May-26,^NBDI,NSE Bonds Index,1147.5,1210.41,1154.49,1154.49,1154.49,1156.24,-1.75,-0.15%,-,-
20-May-26,EGAD,Eaagads Ltd,11,37,31.5,33.85,33.5,33.5,-,-,58,-
20-May-26,KUKZ,Kakuzi Plc,365,460,415,424,420.75,422,-1.25,-0.30%,1108,-
20-May-26,KAPC,Kapchorua Tea Kenya Plc,198,424.25,260,285,275,271.75,3.25,1.20%,816,-
20-May-26,LIMT,Limuru Tea Plc,295,555,484.75,484.75,482.5,482.5,-,-,26,-
20-May-26,SASN,Sasini Plc,13.3,33.9,28.5,30.25,29.75,29.7,0.05,0.17%,14727,-
20-May-26,WTK,Williamson Tea Kenya Plc,129.75,350,134,137,134.25,137.25,-3,-2.19%,27955,-
20-May-26,CGEN,Car and General (K) Ltd,19.95,85.5,78.25,79.25,78.75,79,-0.25,-0.32%,4646,-
20-May-26,ABSA,ABSA Bank Kenya Plc,17.5,33,28.25,28.75,28.6,28.6,-,-,2075191,-
20-May-26,BKG,BK Group Plc,28.75,58,46.95,48.65,47.1,48.85,-1.75,-3.58%,72644,-
20-May-26,COOP,Co-operative Bank of Kenya Ltd,15,34.3,30,32.9,32.55,32.45,0.1,0.31%,692639,-
20-May-26,DTK,Diamond Trust Bank Kenya Ltd,66,170,149,159,149.5,150.25,-0.75,-0.50%,29863,-
20-May-26,EQTY,Equity Group Holdings Plc,41.2,80,75,75.5,75.25,75.25,-,-,1250752,-
20-May-26,HFCK,HFCB Group Plc,6.1,11.5,9.16,9.38,9.32,9.16,0.16,1.75%,110075,-
20-May-26,IMH,I & M Holdings Plc,33.2,52,49.6,50.25,50,50,-,-,29349,-
20-May-26,KCB,KCB Group Plc,40.2,80.5,66.25,67,66.75,66.75,-,-,2742962,-
20-May-26,NCBA,NCBA Group Plc,50,100,87.75,89,88.5,85.25,3.25,3.81%,41551,-
20-May-26,SBIC,Stanbic Holdings Plc,147,300,275,279,276.5,277.5,-1,-0.36%,4164,-
20-May-26,SCBK,Standard Chartered Bank Kenya Ltd,262,370,320,344,336.5,341,-4.5,-1.32%,9704,-
20-May-26,DCON,Deacons (East Africa) Plc,0.45,0.45,0.45,0.45,0.45,0.45,-,-,-,-
20-May-26,EVRD,Eveready East Africa Ltd,0.8,1.78,1.1,1.14,1.12,1.11,0.01,0.90%,135376,-
20-May-26,XPRS,Express Kenya Plc,2.8,10,6.7,7.18,6.8,7.1,-0.3,-4.23%,4298,-
20-May-26,HBE,Homeboyz Entertainment Plc,4.66,4.66,4.66,4.66,4.66,4.66,-,-,-,-
20-May-26,KQ,Kenya Airways Plc,1.56,8.92,5.92,6.18,6.02,6,0.02,0.33%,1384531,-
20-May-26,LKL,Longhorn Publishers Plc,2.38,3.5,2.77,3.12,2.84,2.96,-0.12,-4.05%,4314,-
20-May-26,NBV,Nairobi Business Ventures Ltd,1.23,2,1.23,1.3,1.27,1.28,-0.01,-0.78%,34876,-
20-May-26,NMG,Nation Media Group Plc,10.8,20,12.7,13.95,13.15,13.8,-0.65,-4.71%,39585,-
20-May-26,SMER,Sameer Africa Plc,2.7,21.5,15.05,15.6,15.2,15.45,-0.25,-1.62%,14733,-
20-May-26,SGL,Standard Group Plc,5.4,7.14,6.18,6.46,6.28,6.06,0.22,3.63%,399,-
20-May-26,TPSE,TPS Eastern Africa (Serena) Ltd,13.05,18.2,15.2,16.25,15.3,16.15,-0.85,-5.26%,5640,-
20-May-26,UCHM,Uchumi Supermarket Plc,0.23,2.93,1.68,1.72,1.7,1.7,-,-,86370,-
20-May-26,SCAN,WPP ScanGroup Plc,2,3.14,2.01,2.2,2.15,2.11,0.04,1.90%,27496,-
20-May-26,ARM,ARM Cement Plc,5.55,5.55,5.55,5.55,5.55,5.55,-,-,-,-
20-May-26,BAMB,Bamburi Cement Ltd,47.2,54,47.2,47.2,47.2,47.2,-,-,-,-
20-May-26,CRWN,Crown Paints Kenya Plc,36.5,70.75,60,63,60.75,60,0.75,1.25%,1561,-
20-May-26,CABL,East African Cables Plc,1,2.23,1,1,1,1,-,-,-,-
20-May-26,PORT,East African Portland Cement Ltd,28,101,74,75,75,76,-1,-1.32%,464,-
20-May-26,KEGN,Kenya Electricity Generating Company Plc,4.85,10.75,9.16,9.2,9.18,9.2,-0.02,-0.22%,852918,-
20-May-26,KPC,Kenya Pipeline Company Plc,9,9.94,9,9.14,9.12,9.1,0.02,0.22%,170162,-
20-May-26,KPLC-P4,KPLC-P4,4,5,5,5,5,5,-,-,-,-
20-May-26,KPLC-P7,KPLC-P7,6,6,6,6,6,6,-,-,-,-
20-May-26,KPLC,Kenya Power and Lighting Company Plc,7.1,19,15.3,15.5,15.4,15.45,-0.05,-0.32%,478979,-
20-May-26,TOTL,TotalEnergies Marketing Kenya Plc,21,48.1,41.4,46.4,45.25,45.55,-0.3,-0.66%,9561,-
20-May-26,UMME,Umeme Ltd,5.8,24.75,7.6,7.98,7.9,7.84,0.06,0.77%,52496,-
20-May-26,BRIT,Britam Holdings Plc,6.5,13.4,12.4,12.6,12.5,12.45,0.05,0.40%,21341,-
20-May-26,CIC,CIC Insurance Group Ltd,2.55,6.62,4.15,4.28,4.22,4.29,-0.07,-1.63%,126429,-
20-May-26,JUB,Jubilee Holdings Ltd,205,437.75,360,374.5,371.5,361.25,10.25,2.84%,510,-
20-May-26,KNRE,Kenya Re-Insurance Corporation Ltd,1.66,4.02,3.32,3.41,3.36,3.32,0.04,1.20%,619086,-
20-May-26,LBTY,Liberty Kenya Holdings Ltd,9,12.1,9.8,10,9.86,9.92,-0.06,-0.60%,3010,-
20-May-26,SLAM,Sanlam Allianz Holdings (Kenya) Plc,5.96,11,8.1,8.5,8.22,8.36,-0.14,-1.67%,16589,-
20-May-26,CTUM,Centum Investment Company Plc,10.95,16.75,13.65,14.5,13.7,14.15,-0.45,-3.18%,24960,-
20-May-26,HAFR,Home Afrika Ltd,0.48,1.93,1.28,1.32,1.3,1.3,-,-,174243,-
20-May-26,KURV,Kurwitu Ventures Ltd,1400,1500,1500,1500,1500,1500,-,-,-,-
20-May-26,OCH,Olympia Capital Holdings Ltd,3.16,9,6.3,7.4,6.34,6.88,-0.54,-7.85%,46287,-
20-May-26,TCL,Trans-Century Plc,0.71,1.3,0.71,0.71,0.71,0.71,-,-,-,-
20-May-26,NSE,Nairobi Securities Exchange Plc,6.5,25.9,19,20,19.55,19.55,-,-,66389,-
20-May-26,AMAC,Africa Mega Agricorp Plc,56,125,106,109,108,104.75,3.25,3.10%,189,-
20-May-26,BOC,BOC Kenya Plc,80,165,159.25,165,160.5,158.5,2,1.26%,5095,-
20-May-26,BAT,British American Tobacco Kenya Plc,345,629,503,507,506,509,-3,-0.59%,213120,-
20-May-26,CARB,Carbacid Investments Plc,19,33,29,29.9,29.4,29.5,-0.1,-0.34%,15999,-
20-May-26,EABL,East African Breweries Ltd,173,351,242,244,243.5,245.25,-1.75,-0.71%,7087,-
20-May-26,FTGH,Flame Tree Group Holdings Ltd,0.9,3.11,1.9,2.12,1.97,2.02,-0.05,-2.48%,44800,-
20-May-26,MSC,Mumias Sugar Company Ltd,0.27,0.27,0.27,0.27,0.27,0.27,-,-,-,-
20-May-26,SKL,Shri Krishana Overseas Plc,5.8,12,9.4,9.9,9.68,9.48,0.2,2.11%,2156,-
20-May-26,UNGA,Unga Group Ltd,18.05,34,25.1,27,26.85,26.7,0.15,0.56%,3454,-
20-May-26,SCOM,Safaricom Plc,19.75,34.2,30.5,30.85,30.55,30.55,-,-,5044178,-
20-May-26,ALP,Africa Logistics Properties Industria...,1,1.02,1.02,1.02,1.02,1.02,-,-,-,-
20-May-26,LAPR,LAPTrust Imara Income-REIT,20,20,20,20,20,20,-,-,-,-
20-May-26,GLD,ABSA NewGold ETF,881,9800,5450,5795,5465,5625,-160,-2.84%,643,-
20-May-26,SMWF,Satrix MSCI World Feeder ETF,755,1050,902,916,915,915,-,-,47,-
20-May-26,^N10I,NSE 10-Share Index,1340.72,2271.75,2155.15,2155.15,2155.15,2155.85,-0.7,-0.03%,-,-
20-May-26,^N20I,NSE 20-Share Index,2161.38,3758.73,3490.74,3490.74,3490.74,3499.8,-9.06,-0.26%,-,-
20-May-26,^N25I,NSE 25-Share Index,3515.61,5948.29,5674.12,5674.12,5674.12,5662.72,11.4,0.20%,-,-
20-May-26,^NASI,NSE All-Share Index,132.37,216.69,205.82,205.82,205.82,205.76,0.06,0.03%,-,-
20-May-26,^NBSI,NSE Banking Sector Index,149.92,245.9,235.02,235.02,235.02,234.5,0.52,0.22%,-,-
20-May-26,^NBDI,NSE Bonds Index,1144.48,1210.41,1153.27,1153.27,1153.27,1154.49,-1.22,-0.11%,-,-
20-May-26,^ZKEQTK,Zamara Kenya Equity Index (KES),2690.79,4790.09,4581.78,4581.78,4581.78,4576.42,5.36,0.12%,-,-
20-May-26,^ZKEQTU,Zamara Kenya Equity Index (USD),1793.17,3197.11,3046.26,3046.26,3046.26,3047.4,-1.14,-0.04%,-,-
21-May-26,EGAD,Eaagads Ltd,11,37,31.5,32.2,31.85,33.5,-1.65,-4.93%,650,-
21-May-26,KUKZ,Kakuzi Plc,365,460,420,460,446.75,420.75,26,6.18%,156,-
21-May-26,KAPC,Kapchorua Tea Kenya Plc,198,424.25,255.75,275,275,275,-,-,77,-
21-May-26,LIMT,Limuru Tea Plc,295,555,480,480,482.5,482.5,-,-,2,-
21-May-26,SASN,Sasini Plc,13.3,33.9,26.8,30.2,27.15,29.75,-2.6,-8.74%,69009,-
21-May-26,WTK,Williamson Tea Kenya Plc,129.75,350,134,136.75,134.25,134.25,-,-,12715,-
21-May-26,CGEN,Car and General (K) Ltd,19.95,85.5,78.5,79,78.5,78.75,-0.25,-0.32%,3511,-
21-May-26,ABSA,ABSA Bank Kenya Plc,17.5,33,28.5,28.75,28.75,28.6,0.15,0.52%,2930608,-
21-May-26,BKG,BK Group Plc,28.75,58,45.5,46.95,46.2,47.1,-0.9,-1.91%,20990,-
21-May-26,COOP,Co-operative Bank of Kenya Ltd,15,34.3,31.6,32.7,32.35,32.55,-0.2,-0.61%,708231,-
21-May-26,DTK,Diamond Trust Bank Kenya Ltd,66,170,148.25,155,149.25,149.5,-0.25,-0.17%,52758,-
21-May-26,EQTY,Equity Group Holdings Plc,41.2,80,74.75,75.25,75.25,75.25,-,-,3532462,-
21-May-26,HFCK,HFCB Group Plc,6.1,11.5,9.2,9.4,9.24,9.32,-0.08,-0.86%,99878,-
21-May-26,IMH,I & M Holdings Plc,33.5,52,49.8,50.5,50,50,-,-,94204,-
21-May-26,KCB,KCB Group Plc,40.2,80.5,66.5,67,66.75,66.75,-,-,581635,-
21-May-26,NCBA,NCBA Group Plc,50,100,87,90,88.25,88.5,-0.25,-0.28%,1387153,-
21-May-26,SBIC,Stanbic Holdings Plc,147,300,273,277,274.75,276.5,-1.75,-0.63%,10348,-
21-May-26,SCBK,Standard Chartered Bank Kenya Ltd,264,370,334,340,337,336.5,0.5,0.15%,93541,-
21-May-26,DCON,Deacons (East Africa) Plc,0.45,0.45,0.45,0.45,0.45,0.45,-,-,-,-
21-May-26,EVRD,Eveready East Africa Ltd,0.8,1.78,1.09,1.13,1.1,1.12,-0.02,-1.79%,204123,-
21-May-26,XPRS,Express Kenya Plc,2.8,10,6.7,7,6.82,6.8,0.02,0.29%,3982,-
21-May-26,HBE,Homeboyz Entertainment Plc,4.66,4.66,4.66,4.66,4.66,4.66,-,-,-,-
21-May-26,KQ,Kenya Airways Plc,1.56,8.92,5.94,6,5.98,6.02,-0.04,-0.66%,108060,-
21-May-26,LKL,Longhorn Publishers Plc,2.38,3.5,2.77,2.99,2.95,2.84,0.11,3.87%,3064,-
21-May-26,NBV,Nairobi Business Ventures Ltd,1.23,2,1.27,1.3,1.3,1.27,0.03,2.36%,42259,-
21-May-26,NMG,Nation Media Group Plc,10.8,20,13,13.95,13.85,13.15,0.7,5.32%,1135,-
21-May-26,SMER,Sameer Africa Plc,2.7,21.5,15.2,15.5,15.35,15.2,0.15,0.99%,48514,-
21-May-26,SGL,Standard Group Plc,5.4,7.14,5.82,6.4,6.3,6.28,0.02,0.32%,828,-
21-May-26,TPSE,TPS Eastern Africa (Serena) Ltd,13.05,18.2,15.1,16.2,15.75,15.3,0.45,2.94%,183,-
21-May-26,UCHM,Uchumi Supermarket Plc,0.23,2.93,1.55,1.69,1.61,1.7,-0.09,-5.29%,304137,-
21-May-26,SCAN,WPP ScanGroup Plc,2,3.14,2.2,2.3,2.24,2.15,0.09,4.19%,43631,-
21-May-26,ARM,ARM Cement Plc,5.55,5.55,5.55,5.55,5.55,5.55,-,-,-,-
21-May-26,BAMB,Bamburi Cement Ltd,47.2,47.2,47.2,47.2,47.2,47.2,-,-,-,-
21-May-26,CRWN,Crown Paints Kenya Plc,36.5,70.75,59.5,61,59.75,60.75,-1,-1.65%,940,-
21-May-26,CABL,East African Cables Plc,1,2.23,1,1,1,1,-,-,-,-
21-May-26,PORT,East African Portland Cement Ltd,28,101,73.25,75,74.5,75,-0.5,-0.67%,408,-
21-May-26,KEGN,Kenya Electricity Generating Company Plc,4.88,10.75,9.14,9.2,9.18,9.18,-,-,742491,-
21-May-26,KPC,Kenya Pipeline Company Plc,9,9.94,9.1,9.14,9.1,9.12,-0.02,-0.22%,275407,-
21-May-26,KPLC-P4,KPLC-P4,4,5,5,5,5,5,-,-,-,-
21-May-26,KPLC-P7,KPLC-P7,6,6,6,6,6,6,-,-,-,-
21-May-26,KPLC,Kenya Power and Lighting Company Plc,7.1,19,15.3,15.5,15.4,15.4,-,-,1838045,-
21-May-26,TOTL,TotalEnergies Marketing Kenya Plc,21,48.1,44.75,46,45.15,45.25,-0.1,-0.22%,22711,-
21-May-26,UMME,Umeme Ltd,5.8,24.75,7.8,8,7.9,7.9,-,-,74131,-
21-May-26,BRIT,Britam Holdings Plc,6.64,13.4,12.5,13,12.85,12.5,0.35,2.80%,157932,-
21-May-26,CIC,CIC Insurance Group Ltd,2.55,6.62,4.16,4.25,4.21,4.22,-0.01,-0.24%,101079,-
21-May-26,JUB,Jubilee Holdings Ltd,205,437.75,360,370,360.75,371.5,-10.75,-2.89%,294,-
21-May-26,KNRE,Kenya Re-Insurance Corporation Ltd,1.69,4.02,3.24,3.4,3.32,3.36,-0.04,-1.19%,1131999,-
21-May-26,LBTY,Liberty Kenya Holdings Ltd,9,12.1,9.8,10.1,10.05,9.86,0.19,1.93%,8146,-
21-May-26,SLAM,Sanlam Allianz Holdings (Kenya) Plc,5.96,11,8.2,8.5,8.22,8.22,-,-,5208,-
21-May-26,CTUM,Centum Investment Company Plc,10.95,16.75,13.55,14,13.6,13.7,-0.1,-0.73%,29364,-
21-May-26,HAFR,Home Afrika Ltd,0.48,1.93,1.3,1.33,1.31,1.3,0.01,0.77%,151485,-
21-May-26,KURV,Kurwitu Ventures Ltd,1400,1500,1500,1500,1500,1500,-,-,-,-
21-May-26,OCH,Olympia Capital Holdings Ltd,3.16,9,6.42,6.8,6.64,6.34,0.3,4.73%,2408,-
21-May-26,TCL,Trans-Century Plc,0.71,1.3,0.71,0.71,0.71,0.71,-,-,-,-
21-May-26,NSE,Nairobi Securities Exchange Plc,6.5,25.9,19,19.95,19.5,19.55,-0.05,-0.26%,668031,-
21-May-26,AMAC,Africa Mega Agricorp Plc,56,125,100,110,108,108,-,-,26,-
21-May-26,BOC,BOC Kenya Plc,80,169.5,160,164.5,162.75,160.5,2.25,1.40%,1733,-
21-May-26,BAT,British American Tobacco Kenya Plc,345,629,504,510,505,506,-1,-0.20%,9203,-
21-May-26,CARB,Carbacid Investments Plc,19,33,29,29.9,29.25,29.4,-0.15,-0.51%,43164,-
21-May-26,EABL,East African Breweries Ltd,173,351,242.25,245,243.75,243.5,0.25,0.10%,18816,-
21-May-26,FTGH,Flame Tree Group Holdings Ltd,0.9,3.11,1.8,2.11,2.03,1.97,0.06,3.05%,28316,-
21-May-26,MSC,Mumias Sugar Company Ltd,0.27,0.27,0.27,0.27,0.27,0.27,-,-,-,-
21-May-26,SKL,Shri Krishana Overseas Plc,5.8,12,8.74,9.48,9.42,9.68,-0.26,-2.69%,286,-
21-May-26,UNGA,Unga Group Ltd,18.05,34,25.05,26.55,26.05,26.85,-0.8,-2.98%,1229,-
21-May-26,SCOM,Safaricom Plc,19.75,34.2,30.4,30.85,30.6,30.55,0.05,0.16%,3221260,-
21-May-26,ALP,Africa Logistics Properties Industria...,1,1.02,1.02,1.02,1.02,1.02,-,-,-,-
21-May-26,LAPR,LAPTrust Imara Income-REIT,20,20,20,20,20,20,-,-,-,-
21-May-26,GLD,ABSA NewGold ETF,881,9800,5500,5750,5465,5465,-,-,22,-
21-May-26,SMWF,Satrix MSCI World Feeder ETF,755,1050,905,934,916,915,1,0.11%,580,-
21-May-26,^N10I,NSE 10-Share Index,1340.72,2271.75,2155.36,2155.36,2155.36,2155.15,0.21,0.01%,-,-
21-May-26,^N20I,NSE 20-Share Index,2161.38,3758.73,3485.23,3485.23,3485.23,3490.74,-5.51,-0.16%,-,-
21-May-26,^N25I,NSE 25-Share Index,3515.61,5948.29,5667.82,5667.82,5667.82,5674.12,-6.3,-0.11%,-,-
21-May-26,^NASI,NSE All-Share Index,132.37,216.69,205.76,205.76,205.76,205.82,-0.06,-0.03%,-,-
21-May-26,^NBSI,NSE Banking Sector Index,149.92,245.9,234.73,234.73,234.73,235.02,-0.29,-0.12%,-,-
21-May-26,^NBDI,NSE Bonds Index,1144.48,1210.41,1144.48,1144.48,1144.48,1153.27,-8.79,-0.76%,-,-
21-May-26,^ZKEQTK,Zamara Kenya Equity Index (KES),2690.79,4790.09,4580.33,4580.33,4580.33,4581.78,-1.45,-0.03%,-,-
21-May-26,^ZKEQTU,Zamara Kenya Equity Index (USD),1793.17,3197.11,3042.95,3042.95,3042.95,3046.26,-3.31,-0.11%,-,-
22-May-26,EGAD,Eaagads Ltd,11,37,31,32,31.1,31.85,-0.75,-2.35%,913,-
22-May-26,KUKZ,Kakuzi Plc,365,460,425,459.5,445.25,446.75,-1.5,-0.34%,461,-
22-May-26,KAPC,Kapchorua Tea Kenya Plc,198,424.25,268.5,275,274.25,275,-0.75,-0.27%,2978,-
22-May-26,LIMT,Limuru Tea Plc,295,555,480,480,482.5,482.5,-,-,8,-
22-May-26,SASN,Sasini Plc,13.3,33.9,26.8,28.5,27.1,27.15,-0.05,-0.18%,5955,-
22-May-26,WTK,Williamson Tea Kenya Plc,129.75,350,130,135,132.25,134.25,-2,-1.49%,14450,-
22-May-26,CGEN,Car and General (K) Ltd,19.95,85.5,78.5,79,79,78.5,0.5,0.64%,1411,-
22-May-26,ABSA,ABSA Bank Kenya Plc,17.7,33,28.2,29.5,28.75,28.75,-,-,1276634,-
22-May-26,BKG,BK Group Plc,28.75,58,45.5,46,46,46.2,-0.2,-0.43%,9802,-
22-May-26,COOP,Co-operative Bank of Kenya Ltd,15,34.3,31.7,32.45,32.25,32.35,-0.1,-0.31%,493233,-
22-May-26,DTK,Diamond Trust Bank Kenya Ltd,66,170,148.5,151,149.5,149.25,0.25,0.17%,17120,-
22-May-26,EQTY,Equity Group Holdings Plc,41.2,80,75.25,76,76,75.25,0.75,1.00%,4707390,-
22-May-26,HFCK,HFCB Group Plc,6.1,11.5,9.38,9.5,9.4,9.24,0.16,1.73%,50573,-
22-May-26,IMH,I & M Holdings Plc,33.5,52,49.8,50.5,50,50,-,-,74402,-
22-May-26,KCB,KCB Group Plc,40.55,80.5,66.5,67,66.75,66.75,-,-,449819,-
22-May-26,NCBA,NCBA Group Plc,52,100,87.5,89,88.25,88.25,-,-,71428,-
22-May-26,SBIC,Stanbic Holdings Plc,150,300,272,279,274.5,274.75,-0.25,-0.09%,7026,-
22-May-26,SCBK,Standard Chartered Bank Kenya Ltd,266,370,334,337,335,337,-2,-0.59%,8646,-
22-May-26,DCON,Deacons (East Africa) Plc,0.45,0.45,0.45,0.45,0.45,0.45,-,-,-,-
22-May-26,EVRD,Eveready East Africa Ltd,0.8,1.78,1.11,1.15,1.12,1.1,0.02,1.82%,82361,-
22-May-26,XPRS,Express Kenya Plc,2.8,10,6.7,7.18,6.7,6.82,-0.12,-1.76%,13606,-
22-May-26,HBE,Homeboyz Entertainment Plc,4.66,4.66,4.66,4.66,4.66,4.66,-,-,-,-
22-May-26,KQ,Kenya Airways Plc,1.56,8.92,5.9,5.96,5.9,5.98,-0.08,-1.34%,315578,-
22-May-26,LKL,Longhorn Publishers Plc,2.38,3.5,2.9,3,2.98,2.95,0.03,1.02%,3936,-
22-May-26,NBV,Nairobi Business Ventures Ltd,1.23,2,1.27,1.3,1.29,1.3,-0.01,-0.77%,20832,-
22-May-26,NMG,Nation Media Group Plc,10.8,20,12.85,14,13.25,13.85,-0.6,-4.33%,6780,-
22-May-26,SMER,Sameer Africa Plc,3,21.5,15.2,15.5,15.35,15.35,-,-,4357,-
22-May-26,SGL,Standard Group Plc,5.4,7.14,5.82,6.28,5.96,6.3,-0.34,-5.40%,223,-
22-May-26,TPSE,TPS Eastern Africa (Serena) Ltd,13.05,18.2,16,16,16,15.75,0.25,1.59%,269,-
22-May-26,UCHM,Uchumi Supermarket Plc,0.23,2.93,1.46,1.77,1.58,1.61,-0.03,-1.86%,606958,-
22-May-26,SCAN,WPP ScanGroup Plc,2,3.14,2.05,2.3,2.18,2.24,-0.06,-2.68%,182903,-
22-May-26,ARM,ARM Cement Plc,5.55,5.55,5.55,5.55,5.55,5.55,-,-,-,-
22-May-26,BAMB,Bamburi Cement Ltd,47.2,47.2,47.2,47.2,47.2,47.2,-,-,-,-
22-May-26,CRWN,Crown Paints Kenya Plc,36.9,70.75,57,60,58.5,59.75,-1.25,-2.09%,678,-
22-May-26,CABL,East African Cables Plc,1,2.19,1,1,1,1,-,-,-,-
22-May-26,PORT,East African Portland Cement Ltd,28,101,70.5,75,73,74.5,-1.5,-2.01%,292,-
22-May-26,KEGN,Kenya Electricity Generating Company Plc,4.88,10.75,9.1,9.2,9.18,9.18,-,-,1274204,-
22-May-26,KPC,Kenya Pipeline Company Plc,9,9.94,9.1,9.16,9.12,9.1,0.02,0.22%,219781,-
22-May-26,KPLC-P4,KPLC-P4,4,5,5,5,5,5,-,-,-,-
22-May-26,KPLC-P7,KPLC-P7,6,6,6,6,6,6,-,-,-,-
22-May-26,KPLC,Kenya Power and Lighting Company Plc,7.1,19,15.3,15.5,15.4,15.4,-,-,2547015,-
22-May-26,TOTL,TotalEnergies Marketing Kenya Plc,22.05,48.1,44.5,46.25,45,45.15,-0.15,-0.33%,17880,-
22-May-26,UMME,Umeme Ltd,5.8,24.75,7.4,8,7.62,7.9,-0.28,-3.54%,42488,-
22-May-26,BRIT,Britam Holdings Plc,6.64,13.4,12.75,13,12.85,12.85,-,-,37852,-
22-May-26,CIC,CIC Insurance Group Ltd,2.55,6.62,4.12,4.2,4.16,4.21,-0.05,-1.19%,191546,-
22-May-26,JUB,Jubilee Holdings Ltd,205,437.75,363,370,365.25,360.75,4.5,1.25%,3909,-
22-May-26,KNRE,Kenya Re-Insurance Corporation Ltd,1.7,4.02,3.27,3.4,3.32,3.32,-,-,450179,-
22-May-26,LBTY,Liberty Kenya Holdings Ltd,9,12.1,9.82,10.5,10.1,10.05,0.05,0.50%,30158,-
22-May-26,SLAM,Sanlam Allianz Holdings (Kenya) Plc,5.96,11,8.2,8.36,8.28,8.22,0.06,0.73%,2314,-
22-May-26,CTUM,Centum Investment Company Plc,11,16.75,13.55,14,13.75,13.6,0.15,1.10%,10883,-
22-May-26,HAFR,Home Afrika Ltd,0.48,1.93,1.26,1.38,1.3,1.31,-0.01,-0.76%,149826,-
22-May-26,KURV,Kurwitu Ventures Ltd,1400,1500,1500,1500,1500,1500,-,-,-,-
22-May-26,OCH,Olympia Capital Holdings Ltd,3.16,9,6.42,7,6.94,6.64,0.3,4.52%,34043,-
22-May-26,TCL,Trans-Century Plc,0.71,1.3,0.71,0.71,0.71,0.71,-,-,-,-
22-May-26,NSE,Nairobi Securities Exchange Plc,6.5,25.9,18.15,19.65,18.65,19.5,-0.85,-4.36%,90549,-
22-May-26,AMAC,Africa Mega Agricorp Plc,56,125,106,109.75,108,108,-,-,56,-
22-May-26,BOC,BOC Kenya Plc,80,184,161,169.5,168,162.75,5.25,3.23%,3513,-
22-May-26,BAT,British American Tobacco Kenya Plc,345,629,502,505,503,505,-2,-0.40%,11839,-
22-May-26,CARB,Carbacid Investments Plc,19,33,29.05,30,29.55,29.25,0.3,1.03%,35102,-
22-May-26,EABL,East African Breweries Ltd,173,351,243.25,249.5,244.75,243.75,1,0.41%,21950,-
22-May-26,FTGH,Flame Tree Group Holdings Ltd,0.9,3.11,2,2.12,2.06,2.03,0.03,1.48%,7511,-
22-May-26,MSC,Mumias Sugar Company Ltd,0.27,0.27,0.27,0.27,0.27,0.27,-,-,-,-
22-May-26,SKL,Shri Krishana Overseas Plc,5.8,12,8.74,9.48,9.32,9.42,-0.1,-1.06%,6620,-
22-May-26,UNGA,Unga Group Ltd,18.05,34,26.85,26.95,26.85,26.05,0.8,3.07%,2055,-
22-May-26,SCOM,Safaricom Plc,19.8,34.2,30.6,30.9,30.75,30.6,0.15,0.49%,562531,-
22-May-26,ALP,Africa Logistics Properties Industria...,1,1.02,1.02,1.02,1.02,1.02,-,-,-,-
22-May-26,LAPR,LAPTrust Imara Income-REIT,20,20,20,20,20,20,-,-,-,-
22-May-26,GLD,ABSA NewGold ETF,881,9800,5490,5700,5550,5465,85,1.56%,172,-
22-May-26,SMWF,Satrix MSCI World Feeder ETF,755,1050,916,942,937,916,21,2.29%,107,-
22-May-26,^N10I,NSE 10-Share Index,1340.72,2271.75,2162.86,2162.86,2162.86,2155.36,7.5,0.35%,-,-
22-May-26,^N20I,NSE 20-Share Index,2161.38,3758.73,3488.45,3488.45,3488.45,3485.23,3.22,0.09%,-,-
22-May-26,^N25I,NSE 25-Share Index,3515.61,5948.29,5682.85,5682.85,5682.85,5667.82,15.03,0.27%,-,-
22-May-26,^NASI,NSE All-Share Index,132.37,216.69,206.21,206.21,206.21,205.76,0.45,0.22%,-,-
22-May-26,^NBSI,NSE Banking Sector Index,149.92,245.9,235.05,235.05,235.05,234.73,0.32,0.14%,-,-
22-May-26,^NBDI,NSE Bonds Index,1144.48,1210.41,1158.24,1158.24,1158.24,1144.48,13.76,1.20%,-,-
22-May-26,^ZKEQTK,Zamara Kenya Equity Index (KES),2690.79,4790.09,4594.53,4594.53,4594.53,4580.33,14.2,0.31%,-,-
22-May-26,^ZKEQTU,Zamara Kenya Equity Index (USD),1793.17,3197.11,3050.03,3050.03,3050.03,3042.95,7.08,0.23%,-,-
25-May-26,EGAD,Eaagads Ltd,11,37,31.9,33.85,32.8,31.1,1.7,5.47%,421,-
25-May-26,KUKZ,Kakuzi Plc,365,460,425,460,448,445.25,2.75,0.62%,2110,-
25-May-26,KAPC,Kapchorua Tea Kenya Plc,198,424.25,265,275,274.25,274.25,-,-,72,-
25-May-26,LIMT,Limuru Tea Plc,295,555,480,484.75,482.5,482.5,-,-,43,-
25-May-26,SASN,Sasini Plc,13.3,33.9,26.8,29.8,28.45,27.1,1.35,4.98%,3028,-
25-May-26,WTK,Williamson Tea Kenya Plc,129.75,350,130,138.75,134.75,132.25,2.5,1.89%,2695,-
25-May-26,CGEN,Car and General (K) Ltd,19.95,85.5,78.5,79.25,79,79,-,-,3292,-
25-May-26,ABSA,ABSA Bank Kenya Plc,17.7,33,28.7,30,29.5,28.75,0.75,2.61%,71923,-
25-May-26,BKG,BK Group Plc,28.75,58,45.55,46,45.95,46,-0.05,-0.11%,615504,-
25-May-26,COOP,Co-operative Bank of Kenya Ltd,15,34.3,31.5,32.35,32.25,32.25,-,-,1032194,-
25-May-26,DTK,Diamond Trust Bank Kenya Ltd,66,170,139.5,148.75,140.25,149.5,-9.25,-6.19%,104405,-
25-May-26,EQTY,Equity Group Holdings Plc,41.2,80,69.75,72.75,71,76,-5,-6.58%,1848148,-
25-May-26,HFCK,HFCB Group Plc,6.1,11.5,9.4,9.8,9.46,9.4,0.06,0.64%,371738,-
25-May-26,IMH,I & M Holdings Plc,33.5,52,49.8,50.5,50.25,50,0.25,0.50%,53826,-
25-May-26,KCB,KCB Group Plc,40.55,80.5,66.25,67,66.5,66.75,-0.25,-0.37%,951387,-
25-May-26,NCBA,NCBA Group Plc,52,100,85.5,89.75,88.25,88.25,-,-,149106,-
25-May-26,SBIC,Stanbic Holdings Plc,150,300,269,285,270.75,274.5,-3.75,-1.37%,12021,-
25-May-26,SCBK,Standard Chartered Bank Kenya Ltd,266,370,334,338,335.5,335,0.5,0.15%,24080,-
25-May-26,DCON,Deacons (East Africa) Plc,0.45,0.45,0.45,0.45,0.45,0.45,-,-,-,-
25-May-26,EVRD,Eveready East Africa Ltd,0.8,1.78,1.08,1.13,1.1,1.12,-0.02,-1.79%,105352,-
25-May-26,XPRS,Express Kenya Plc,2.8,10,6.7,6.96,6.8,6.7,0.1,1.49%,2431,-
25-May-26,HBE,Homeboyz Entertainment Plc,4.66,4.66,4.66,4.66,4.66,4.66,-,-,-,-
25-May-26,KQ,Kenya Airways Plc,1.56,8.92,5.8,5.96,5.9,5.9,-,-,126354,-
25-May-26,LKL,Longhorn Publishers Plc,2.38,3.5,2.71,2.9,2.8,2.98,-0.18,-6.04%,10050,-
25-May-26,NBV,Nairobi Business Ventures Ltd,1.23,2,1.27,1.35,1.31,1.29,0.02,1.55%,121801,-
25-May-26,NMG,Nation Media Group Plc,10.8,20,12.75,14.1,13.15,13.25,-0.1,-0.75%,2623,-
25-May-26,SMER,Sameer Africa Plc,3,21.5,15.2,15.6,15.35,15.35,-,-,4575,-
25-May-26,SGL,Standard Group Plc,5.4,7.14,5.6,6.3,5.76,5.96,-0.2,-3.36%,4257,-
25-May-26,TPSE,TPS Eastern Africa (Serena) Ltd,13.05,18.2,15.8,16,15.85,16,-0.15,-0.94%,1727,-
25-May-26,UCHM,Uchumi Supermarket Plc,0.23,2.93,1.46,1.62,1.54,1.58,-0.04,-2.53%,271321,-
25-May-26,SCAN,WPP ScanGroup Plc,2,3.14,2.1,2.2,2.15,2.18,-0.03,-1.38%,6677,-
25-May-26,ARM,ARM Cement Plc,5.55,5.55,5.55,5.55,5.55,5.55,-,-,-,-
25-May-26,BAMB,Bamburi Cement Ltd,47.2,47.2,47.2,47.2,47.2,47.2,-,-,-,-
25-May-26,CRWN,Crown Paints Kenya Plc,36.9,70.75,58.25,63.75,60.5,58.5,2,3.42%,2798,-
25-May-26,CABL,East African Cables Plc,1,2.19,1,1,1,1,-,-,-,-
25-May-26,PORT,East African Portland Cement Ltd,28,101,73.25,75,74.5,73,1.5,2.05%,105,-
25-May-26,KEGN,Kenya Electricity Generating Company Plc,4.88,10.75,9.1,9.28,9.14,9.18,-0.04,-0.44%,2549505,-
25-May-26,KPC,Kenya Pipeline Company Plc,9,9.94,9,9.2,9.12,9.12,-,-,234968,-
25-May-26,KPLC-P4,KPLC-P4,4,5,5,5,5,5,-,-,-,-
25-May-26,KPLC-P7,KPLC-P7,6,6,6,6,6,6,-,-,-,-
25-May-26,KPLC,Kenya Power and Lighting Company Plc,7.1,19,15.2,15.5,15.4,15.4,-,-,2369281,-
25-May-26,TOTL,TotalEnergies Marketing Kenya Plc,22.05,48.1,45,47,45.85,45,0.85,1.89%,32746,-
25-May-26,UMME,Umeme Ltd,5.8,24.75,7.5,8.1,7.64,7.62,0.02,0.26%,48332,-
25-May-26,BRIT,Britam Holdings Plc,6.64,13.4,12.4,12.95,12.75,12.85,-0.1,-0.78%,69873,-
25-May-26,CIC,CIC Insurance Group Ltd,2.55,6.62,4.1,4.23,4.13,4.16,-0.03,-0.72%,221413,-
25-May-26,JUB,Jubilee Holdings Ltd,205,437.75,363,366,366,365.25,0.75,0.21%,3254,-
25-May-26,KNRE,Kenya Re-Insurance Corporation Ltd,1.7,4.02,3.1,3.35,3.27,3.32,-0.05,-1.51%,854916,-
25-May-26,LBTY,Liberty Kenya Holdings Ltd,9,12.1,9.8,10.1,10,10.1,-0.1,-0.99%,42753,-
25-May-26,SLAM,Sanlam Allianz Holdings (Kenya) Plc,5.96,11,8.22,8.88,8.34,8.28,0.06,0.72%,14027,-
25-May-26,CTUM,Centum Investment Company Plc,11,16.75,13.7,14.6,13.8,13.75,0.05,0.36%,33382,-
25-May-26,HAFR,Home Afrika Ltd,0.48,1.93,1.2,1.32,1.27,1.3,-0.03,-2.31%,178609,-
25-May-26,KURV,Kurwitu Ventures Ltd,1400,1500,1495,1495,1500,1500,-,-,1,-
25-May-26,OCH,Olympia Capital Holdings Ltd,3.16,9,6.5,7.4,6.66,6.94,-0.28,-4.03%,3037,-
25-May-26,TCL,Trans-Century Plc,0.71,1.3,0.71,0.71,0.71,0.71,-,-,-,-
25-May-26,NSE,Nairobi Securities Exchange Plc,6.5,25.9,18.2,19.85,18.65,18.65,-,-,222624,-
25-May-26,AMAC,Africa Mega Agricorp Plc,56,125,98,110,109.5,108,1.5,1.39%,1206,-
25-May-26,BOC,BOC Kenya Plc,80,184,169.25,184,176.5,168,8.5,5.06%,12712,-
25-May-26,BAT,British American Tobacco Kenya Plc,345,629,505,512,508,503,5,0.99%,53282,-
25-May-26,CARB,Carbacid Investments Plc,19,33,29.2,29.95,29.6,29.55,0.05,0.17%,36117,-
25-May-26,EABL,East African Breweries Ltd,173,351,245.75,250,248.25,244.75,3.5,1.43%,6417,-
25-May-26,FTGH,Flame Tree Group Holdings Ltd,0.9,3.11,1.91,2.12,2,2.06,-0.06,-2.91%,12421,-
25-May-26,MSC,Mumias Sugar Company Ltd,0.27,0.27,0.27,0.27,0.27,0.27,-,-,-,-
25-May-26,SKL,Shri Krishana Overseas Plc,5.8,12,9.6,9.8,9.78,9.32,0.46,4.94%,193,-
25-May-26,UNGA,Unga Group Ltd,18.05,34,26,26.95,26.55,26.85,-0.3,-1.12%,264,-
25-May-26,SCOM,Safaricom Plc,19.8,34.2,30.6,31,30.75,30.75,-,-,1791315,-
25-May-26,ALP,Africa Logistics Properties Industria...,1,1.02,1.02,1.02,1.02,1.02,-,-,-,-
25-May-26,LAPR,LAPTrust Imara Income-REIT,20,20,20,20,20,20,-,-,-,-
25-May-26,GLD,ABSA NewGold ETF,881,9800,5500,5700,5550,5550,-,-,28,-
25-May-26,SMWF,Satrix MSCI World Feeder ETF,755,1050,940,952,937,937,-,-,58,-
25-May-26,^N10I,NSE 10-Share Index,1340.72,2271.75,2143.14,2143.14,2143.14,2162.86,-19.72,-0.91%,-,-
25-May-26,^N20I,NSE 20-Share Index,2161.38,3758.73,3467.79,3467.79,3467.79,3488.45,-20.66,-0.59%,-,-
25-May-26,^N25I,NSE 25-Share Index,3515.61,5948.29,5632.62,5632.62,5632.62,5682.85,-50.23,-0.88%,-,-
25-May-26,^NASI,NSE All-Share Index,132.37,216.69,205.28,205.28,205.28,206.21,-0.93,-0.45%,-,-
25-May-26,^NBSI,NSE Banking Sector Index,149.92,245.9,231.69,231.69,231.69,235.05,-3.36,-1.43%,-,-
25-May-26,^NBDI,NSE Bonds Index,1144.48,1210.41,1155.38,1155.38,1155.38,1158.24,-2.86,-0.25%,-,-
25-May-26,^ZKEQTK,Zamara Kenya Equity Index (KES),2690.79,4790.09,4609.07,4609.07,4609.07,4594.53,14.54,0.32%,-,-
25-May-26,^ZKEQTU,Zamara Kenya Equity Index (USD),1793.17,3197.11,3062.04,3062.04,3062.04,3050.03,12.01,0.39%,-,-
26-May-26,EGAD,Eaagads Ltd,11,37,31.85,33.85,32.3,32.8,-0.5,-1.52%,2357,-
26-May-26,KUKZ,Kakuzi Plc,365,460,450,460,458.75,448,10.75,2.40%,442,-
26-May-26,KAPC,Kapchorua Tea Kenya Plc,198,424.25,271,275,273.5,274.25,-0.75,-0.27%,1492,-
26-May-26,LIMT,Limuru Tea Plc,295,555,460,463,482.5,482.5,-,-,5,-
26-May-26,SASN,Sasini Plc,13.3,33.9,28,29.5,28.6,28.45,0.15,0.53%,1134,-
26-May-26,WTK,Williamson Tea Kenya Plc,129.75,350,130,136,132.5,134.75,-2.25,-1.67%,25509,-
26-May-26,CGEN,Car and General (K) Ltd,19.95,85.5,79,79.25,79,79,-,-,2147,-
26-May-26,ABSA,ABSA Bank Kenya Plc,17.9,33,29,29.65,29.5,29.5,-,-,1614389,-
26-May-26,BKG,BK Group Plc,28.75,58,46,50.5,48.55,45.95,2.6,5.66%,29848,-
26-May-26,COOP,Co-operative Bank of Kenya Ltd,15.2,34.3,31,32.25,31.8,32.25,-0.45,-1.40%,153982,-
26-May-26,DTK,Diamond Trust Bank Kenya Ltd,67,170,138,140,139.5,140.25,-0.75,-0.53%,71215,-
26-May-26,EQTY,Equity Group Holdings Plc,41.2,80,71,72,71.25,71,0.25,0.35%,817490,-
26-May-26,HFCK,HFCB Group Plc,6.3,11.5,9.62,9.84,9.72,9.46,0.26,2.75%,160230,-
26-May-26,IMH,I & M Holdings Plc,33.5,52,50,51,50.5,50.25,0.25,0.50%,100268,-
26-May-26,KCB,KCB Group Plc,41,80.5,66.25,69,66.5,66.5,-,-,1030806,-
26-May-26,NCBA,NCBA Group Plc,52.5,100,88,89,88.75,88.25,0.5,0.57%,40756,-
26-May-26,SBIC,Stanbic Holdings Plc,151,300,269,270,269.5,270.75,-1.25,-0.46%,11618,-
26-May-26,SCBK,Standard Chartered Bank Kenya Ltd,266,370,335,344,340,335.5,4.5,1.34%,35726,-
26-May-26,DCON,Deacons (East Africa) Plc,0.45,0.45,0.45,0.45,0.45,0.45,-,-,-,-
26-May-26,EVRD,Eveready East Africa Ltd,0.8,1.78,1.06,1.1,1.08,1.1,-0.02,-1.82%,127706,-
26-May-26,XPRS,Express Kenya Plc,2.8,10,6.7,7.18,6.92,6.8,0.12,1.76%,1087,-
26-May-26,HBE,Homeboyz Entertainment Plc,4.66,4.66,4.66,4.66,4.66,4.66,-,-,-,-
26-May-26,KQ,Kenya Airways Plc,1.56,8.92,5.8,6.02,5.94,5.9,0.04,0.68%,178092,-
26-May-26,LKL,Longhorn Publishers Plc,2.38,3.5,2.72,2.8,2.76,2.8,-0.04,-1.43%,14165,-
26-May-26,NBV,Nairobi Business Ventures Ltd,1.23,2,1.23,1.32,1.27,1.31,-0.04,-3.05%,16164,-
26-May-26,NMG,Nation Media Group Plc,10.8,20,13,13.95,13.25,13.15,0.1,0.76%,3749,-
26-May-26,SMER,Sameer Africa Plc,3,21.5,15.1,15.7,15.55,15.35,0.2,1.30%,96054,-
26-May-26,SGL,Standard Group Plc,5.4,7.14,6.1,6.3,6.26,5.76,0.5,8.68%,2495,-
26-May-26,TPSE,TPS Eastern Africa (Serena) Ltd,13.05,18.2,15.75,16,15.85,15.85,-,-,838,-
26-May-26,UCHM,Uchumi Supermarket Plc,0.23,2.93,1.43,1.55,1.47,1.54,-0.07,-4.55%,212928,-
26-May-26,SCAN,WPP ScanGroup Plc,2,3.14,2,2.3,2.06,2.15,-0.09,-4.19%,195538,-
26-May-26,ARM,ARM Cement Plc,5.55,5.55,5.55,5.55,5.55,5.55,-,-,-,-
26-May-26,BAMB,Bamburi Cement Ltd,47.2,47.2,47.2,47.2,47.2,47.2,-,-,-,-
26-May-26,CRWN,Crown Paints Kenya Plc,36.9,70.75,59.25,62.5,60.5,60.5,-,-,1555,-
26-May-26,CABL,East African Cables Plc,1,1.99,1,1,1,1,-,-,-,-
26-May-26,PORT,East African Portland Cement Ltd,28,101,72.25,81.25,79,74.5,4.5,6.04%,1881,-
26-May-26,KEGN,Kenya Electricity Generating Company Plc,4.89,10.75,9,9.18,9.1,9.14,-0.04,-0.44%,2471095,-
26-May-26,KPC,Kenya Pipeline Company Plc,9,9.94,9,9.16,9.1,9.12,-0.02,-0.22%,761014,-
26-May-26,KPLC-P4,KPLC-P4,4,5,5,5,5,5,-,-,-,-
26-May-26,KPLC-P7,KPLC-P7,6,6,6,6,6,6,-,-,-,-
26-May-26,KPLC,Kenya Power and Lighting Company Plc,7.3,19,15.35,15.6,15.45,15.4,0.05,0.32%,538386,-
26-May-26,TOTL,TotalEnergies Marketing Kenya Plc,22.05,48.1,45,45.95,45.45,45.85,-0.4,-0.87%,23235,-
26-May-26,UMME,Umeme Ltd,5.8,24.75,7.6,8.1,7.9,7.64,0.26,3.40%,47800,-
26-May-26,BRIT,Britam Holdings Plc,6.64,13.4,12,12.9,12.55,12.75,-0.2,-1.57%,51146,-
26-May-26,CIC,CIC Insurance Group Ltd,2.55,6.62,4,4.16,4.13,4.13,-,-,285064,-
26-May-26,JUB,Jubilee Holdings Ltd,205,437.75,360,366,362.5,366,-3.5,-0.96%,5929,-
26-May-26,KNRE,Kenya Re-Insurance Corporation Ltd,1.7,4.02,3.27,3.4,3.31,3.27,0.04,1.22%,732779,-
26-May-26,LBTY,Liberty Kenya Holdings Ltd,9,12.1,9.54,10,9.7,10,-0.3,-3.00%,5427,-
26-May-26,SLAM,Sanlam Allianz Holdings (Kenya) Plc,5.96,11,8,8.86,8.2,8.34,-0.14,-1.68%,41586,-
26-May-26,CTUM,Centum Investment Company Plc,11.1,16.75,13.75,14.5,13.85,13.8,0.05,0.36%,20196,-
26-May-26,HAFR,Home Afrika Ltd,0.53,1.93,1.16,1.32,1.24,1.27,-0.03,-2.36%,499131,-
26-May-26,KURV,Kurwitu Ventures Ltd,1400,1500,1500,1500,1500,1500,-,-,-,-
26-May-26,OCH,Olympia Capital Holdings Ltd,3.16,9,6.64,7,6.68,6.66,0.02,0.30%,317,-
26-May-26,TCL,Trans-Century Plc,0.71,1.3,0.71,0.71,0.71,0.71,-,-,-,-
26-May-26,NSE,Nairobi Securities Exchange Plc,6.5,25.9,18,18.65,18.2,18.65,-0.45,-2.41%,269563,-
26-May-26,AMAC,Africa Mega Agricorp Plc,56,125,105.5,109,109.5,109.5,-,-,45,-
26-May-26,BOC,BOC Kenya Plc,80,184,170,178,176.25,176.5,-0.25,-0.14%,19976,-
26-May-26,BAT,British American Tobacco Kenya Plc,345,629,511,525,515,508,7,1.38%,210189,-
26-May-26,CARB,Carbacid Investments Plc,19,33,29.55,30,29.9,29.6,0.3,1.01%,15757,-
26-May-26,EABL,East African Breweries Ltd,173,351,246.5,249.75,248,248.25,-0.25,-0.10%,8655,-
26-May-26,FTGH,Flame Tree Group Holdings Ltd,0.9,3.11,1.95,2.12,1.99,2,-0.01,-0.50%,10963,-
26-May-26,MSC,Mumias Sugar Company Ltd,0.27,0.27,0.27,0.27,0.27,0.27,-,-,-,-
26-May-26,SKL,Shri Krishana Overseas Plc,5.8,12,9.2,9.8,9.74,9.78,-0.04,-0.41%,470,-
26-May-26,UNGA,Unga Group Ltd,18.05,34,26,27,26.85,26.55,0.3,1.13%,484,-
26-May-26,SCOM,Safaricom Plc,20,34.2,30.7,31,30.9,30.75,0.15,0.49%,871451,-
26-May-26,ALP,Africa Logistics Properties Industria...,1,1.02,1.02,1.02,1.02,1.02,-,-,-,-
26-May-26,LAPR,LAPTrust Imara Income-REIT,20,20,20,20,20,20,-,-,-,-
26-May-26,GLD,ABSA NewGold ETF,881,9800,5500,5700,5575,5550,25,0.45%,171,-
26-May-26,SMWF,Satrix MSCI World Feeder ETF,755,1050,950,951,950,937,13,1.39%,938,-
26-May-26,^N10I,NSE 10-Share Index,1340.72,2271.75,2144.19,2144.19,2144.19,2143.14,1.05,0.05%,-,-
26-May-26,^N20I,NSE 20-Share Index,2174.41,3758.73,3485.51,3485.51,3485.51,3467.79,17.72,0.51%,-,-
26-May-26,^N25I,NSE 25-Share Index,3518.92,5948.29,5638.81,5638.81,5638.81,5632.62,6.19,0.11%,-,-
26-May-26,^NASI,NSE All-Share Index,133.71,216.69,205.87,205.87,205.87,205.28,0.59,0.29%,-,-
26-May-26,^NBSI,NSE Banking Sector Index,149.92,245.9,231.97,231.97,231.97,231.69,0.28,0.12%,-,-
26-May-26,^ZKEQTK,Zamara Kenya Equity Index (KES),2704.33,4790.09,4616.26,4616.26,4616.26,4609.07,7.19,0.16%,-,-
26-May-26,^ZKEQTU,Zamara Kenya Equity Index (USD),1801.49,3197.11,3066.82,3066.82,3066.82,3062.04,4.78,0.16%,-,-
28-May-26,EGAD,Eaagads Ltd,11,37,32.9,33.85,33.2,32.3,0.9,2.79%,737,-
28-May-26,KUKZ,Kakuzi Plc,365,460,451,458,454.25,458.75,-4.5,-0.98%,217,-
28-May-26,KAPC,Kapchorua Tea Kenya Plc,198,424.25,273,285,279.75,273.5,6.25,2.29%,273,-
28-May-26,LIMT,Limuru Tea Plc,295,555,484.75,484.75,482.5,482.5,-,-,2,-
28-May-26,SASN,Sasini Plc,13.3,33.9,27.2,29.5,28.55,28.6,-0.05,-0.17%,9074,-
28-May-26,WTK,Williamson Tea Kenya Plc,129.75,350,130.5,135,133.5,132.5,1,0.75%,9613,-
28-May-26,CGEN,Car and General (K) Ltd,19.95,85.5,78.5,79.25,78.75,79,-0.25,-0.32%,3465,-
28-May-26,ABSA,ABSA Bank Kenya Plc,17.9,33,29,29.5,29.3,29.5,-0.2,-0.68%,135155,-
28-May-26,BKG,BK Group Plc,28.75,58,50.5,53,51.25,48.55,2.7,5.56%,49904,-
28-May-26,COOP,Co-operative Bank of Kenya Ltd,15.3,34.3,31,32.3,31.75,31.8,-0.05,-0.16%,316072,-
28-May-26,DTK,Diamond Trust Bank Kenya Ltd,70,170,139.5,142,140,139.5,0.5,0.36%,59492,-
28-May-26,EQTY,Equity Group Holdings Plc,41.2,80,71,74,72.5,71.25,1.25,1.75%,3724669,-
28-May-26,HFCK,HFCB Group Plc,6.3,11.5,9.6,10,9.8,9.72,0.08,0.82%,210318,-
28-May-26,IMH,I & M Holdings Plc,33.5,52,50.5,51.5,51,50.5,0.5,0.99%,77913,-
28-May-26,KCB,KCB Group Plc,41.75,80.5,66.25,70,66.5,66.5,-,-,1404589,-
28-May-26,NCBA,NCBA Group Plc,53,100,88,89,88.5,88.75,-0.25,-0.28%,67278,-
28-May-26,SBIC,Stanbic Holdings Plc,151,300,269,270,269.5,269.5,-,-,8995,-
28-May-26,SCBK,Standard Chartered Bank Kenya Ltd,266,370,333,342,333.5,340,-6.5,-1.91%,383003,-
28-May-26,DCON,Deacons (East Africa) Plc,0.45,0.45,0.45,0.45,0.45,0.45,-,-,-,-
28-May-26,EVRD,Eveready East Africa Ltd,0.8,1.78,1.05,1.1,1.08,1.08,-,-,143431,-
28-May-26,XPRS,Express Kenya Plc,2.8,10,6.7,7.18,6.8,6.92,-0.12,-1.73%,2440,-
28-May-26,HBE,Homeboyz Entertainment Plc,4.66,4.66,4.66,4.66,4.66,4.66,-,-,-,-
28-May-26,KQ,Kenya Airways Plc,1.56,8.92,5.7,6,5.9,5.94,-0.04,-0.67%,157866,-
28-May-26,LKL,Longhorn Publishers Plc,2.38,3.5,2.53,2.77,2.65,2.76,-0.11,-3.99%,59614,-
28-May-26,NBV,Nairobi Business Ventures Ltd,1.23,2,1.25,1.32,1.28,1.27,0.01,0.79%,10319,-
28-May-26,NMG,Nation Media Group Plc,10.8,20,12.7,13.9,12.95,13.25,-0.3,-2.26%,44012,-
28-May-26,SMER,Sameer Africa Plc,3,21.5,14.4,15.65,14.55,15.55,-1,-6.43%,72694,-
28-May-26,SGL,Standard Group Plc,5.4,7.14,6.1,6.3,6.24,6.26,-0.02,-0.32%,1838,-
28-May-26,TPSE,TPS Eastern Africa (Serena) Ltd,13.05,18.2,15.5,15.95,15.8,15.85,-0.05,-0.32%,2517,-
28-May-26,UCHM,Uchumi Supermarket Plc,0.23,2.93,1.4,1.61,1.52,1.47,0.05,3.40%,138147,-
28-May-26,SCAN,WPP ScanGroup Plc,2,3.14,2,2.15,2.14,2.06,0.08,3.88%,14424,-
28-May-26,ARM,ARM Cement Plc,5.55,5.55,5.55,5.55,5.55,5.55,-,-,-,-
28-May-26,BAMB,Bamburi Cement Ltd,47.2,47.2,47.2,47.2,47.2,47.2,-,-,-,-
28-May-26,CRWN,Crown Paints Kenya Plc,36.9,70.75,60,61,60.5,60.5,-,-,2645,-
28-May-26,CABL,East African Cables Plc,1,1.99,1,1,1,1,-,-,-,-
28-May-26,PORT,East African Portland Cement Ltd,28,101,71.25,81.25,72.5,79,-6.5,-8.23%,2975,-
28-May-26,KEGN,Kenya Electricity Generating Company Plc,4.89,10.75,9.1,9.24,9.14,9.1,0.04,0.44%,1471520,-
28-May-26,KPC,Kenya Pipeline Company Plc,9,9.94,9.08,9.12,9.1,9.1,-,-,6830350,-
28-May-26,KPLC-P4,KPLC-P4,4,5,5,5,5,5,-,-,-,-
28-May-26,KPLC-P7,KPLC-P7,6,6,6,6,6,6,-,-,-,-
28-May-26,KPLC,Kenya Power and Lighting Company Plc,7.6,19,15.3,16,15.5,15.45,0.05,0.32%,683477,-
28-May-26,TOTL,TotalEnergies Marketing Kenya Plc,22.05,48.1,45.5,47.45,46.1,45.45,0.65,1.43%,76110,-
28-May-26,UMME,Umeme Ltd,5.8,24.75,7.6,8,7.66,7.9,-0.24,-3.04%,38773,-
28-May-26,BRIT,Britam Holdings Plc,6.64,13.4,12,12.6,12.15,12.55,-0.4,-3.19%,43184,-
28-May-26,CIC,CIC Insurance Group Ltd,2.55,6.62,4,4.21,4.12,4.13,-0.01,-0.24%,293287,-
28-May-26,JUB,Jubilee Holdings Ltd,205,437.75,359,365,360,362.5,-2.5,-0.69%,5359,-
28-May-26,KNRE,Kenya Re-Insurance Corporation Ltd,1.7,4.02,3.28,3.39,3.31,3.31,-,-,1828860,-
28-May-26,LBTY,Liberty Kenya Holdings Ltd,9,12.1,9.5,10.1,9.68,9.7,-0.02,-0.21%,22972,-
28-May-26,SLAM,Sanlam Allianz Holdings (Kenya) Plc,5.96,11,8.5,8.76,8.56,8.2,0.36,4.39%,8394,-
28-May-26,CTUM,Centum Investment Company Plc,11.1,16.75,13.7,14,13.8,13.85,-0.05,-0.36%,18316,-
28-May-26,HAFR,Home Afrika Ltd,0.56,1.93,1.27,1.32,1.3,1.24,0.06,4.84%,101143,-
28-May-26,KURV,Kurwitu Ventures Ltd,1400,1500,1500,1500,1500,1500,-,-,-,-
28-May-26,OCH,Olympia Capital Holdings Ltd,3.16,9,6.52,7,6.96,6.68,0.28,4.19%,11442,-
28-May-26,TCL,Trans-Century Plc,0.71,1.3,0.71,0.71,0.71,0.71,-,-,-,-
28-May-26,NSE,Nairobi Securities Exchange Plc,6.5,25.9,18,18.9,18.3,18.2,0.1,0.55%,65785,-
28-May-26,AMAC,Africa Mega Agricorp Plc,56,125,100,110,107,109.5,-2.5,-2.28%,360,-
28-May-26,BOC,BOC Kenya Plc,80.5,184,169,180,173.25,176.25,-3,-1.70%,20389,-
28-May-26,BAT,British American Tobacco Kenya Plc,345,629,513,539,518,515,3,0.58%,11863,-
28-May-26,CARB,Carbacid Investments Plc,19,33,29.5,29.95,29.7,29.9,-0.2,-0.67%,20565,-
28-May-26,EABL,East African Breweries Ltd,173,351,245,250,247.5,248,-0.5,-0.20%,22137,-
28-May-26,FTGH,Flame Tree Group Holdings Ltd,0.9,3.11,1.9,2.15,2.01,1.99,0.02,1.01%,36928,-
28-May-26,MSC,Mumias Sugar Company Ltd,0.27,0.27,0.27,0.27,0.27,0.27,-,-,-,-
28-May-26,SKL,Shri Krishana Overseas Plc,5.8,12,9.24,9.8,9.7,9.74,-0.04,-0.41%,6425,-
28-May-26,UNGA,Unga Group Ltd,18.05,34,26,27,26.4,26.85,-0.45,-1.68%,844,-
28-May-26,SCOM,Safaricom Plc,20.2,34.2,30.7,31,30.8,30.9,-0.1,-0.32%,7688868,-
28-May-26,ALP,Africa Logistics Properties Industria...,1,1.02,1.02,1.02,1.02,1.02,-,-,-,-
28-May-26,LAPR,LAPTrust Imara Income-REIT,20,20,20,20,20,20,-,-,-,-
28-May-26,GLD,ABSA NewGold ETF,881,9800,5330,5695,5470,5575,-105,-1.88%,590,-
28-May-26,SMWF,Satrix MSCI World Feeder ETF,755,1050,937,951,945,950,-5,-0.53%,158,-
28-May-26,^N10I,NSE 10-Share Index,1340.72,2271.75,2149.05,2149.05,2149.05,2144.19,4.86,0.23%,-,-
28-May-26,^N20I,NSE 20-Share Index,2180.26,3758.73,3491.16,3491.16,3491.16,3485.51,5.65,0.16%,-,-
28-May-26,^N25I,NSE 25-Share Index,3518.92,5948.29,5645.63,5645.63,5645.63,5638.81,6.82,0.12%,-,-
28-May-26,^NASI,NSE All-Share Index,133.71,216.69,205.73,205.73,205.73,205.87,-0.14,-0.07%,-,-
28-May-26,^NBSI,NSE Banking Sector Index,149.92,245.9,232.4,232.4,232.4,231.97,0.43,0.19%,-,-
28-May-26,^ZKEQTK,Zamara Kenya Equity Index (KES),2704.33,4790.09,4625.75,4625.75,4625.75,4616.26,9.49,0.21%,-,-
28-May-26,^ZKEQTU,Zamara Kenya Equity Index (USD),1801.49,3197.11,3075.5,3075.5,3075.5,3066.82,8.68,0.28%,-,-
29-May-26,EGAD,Eaagads Ltd,11,37,32.9,33.8,33.2,33.2,-,-,40,-
29-May-26,KUKZ,Kakuzi Plc,365,460,449,457,453,454.25,-1.25,-0.28%,1208,-
29-May-26,KAPC,Kapchorua Tea Kenya Plc,198,424.25,265,285,272.5,279.75,-7.25,-2.59%,3963,-
29-May-26,LIMT,Limuru Tea Plc,295,555,484.75,484.75,484.75,482.5,2.25,0.47%,101,-
29-May-26,SASN,Sasini Plc,13.3,33.9,26.8,28.85,27.05,28.55,-1.5,-5.25%,22251,-
29-May-26,WTK,Williamson Tea Kenya Plc,129.75,350,133,135,133.75,133.5,0.25,0.19%,3388,-
29-May-26,CGEN,Car and General (K) Ltd,19.95,85.5,78.5,79.25,79.25,78.75,0.5,0.63%,1103,-
29-May-26,ABSA,ABSA Bank Kenya Plc,17.9,33,28.1,29.9,28.75,29.3,-0.55,-1.88%,272842,-
29-May-26,BKG,BK Group Plc,28.75,58,51,53,52.5,51.25,1.25,2.44%,6689,-
29-May-26,COOP,Co-operative Bank of Kenya Ltd,15.3,34.3,31.5,32.3,32.1,31.75,0.35,1.10%,570048,-
29-May-26,DTK,Diamond Trust Bank Kenya Ltd,70,170,142,152,147.25,140,7.25,5.18%,23657,-
29-May-26,EQTY,Equity Group Holdings Plc,41.2,80,66.75,76,74.25,72.5,1.75,2.41%,9797175,-
29-May-26,HFCK,HFCB Group Plc,6.3,11.5,9.64,9.84,9.72,9.8,-0.08,-0.82%,133506,-
29-May-26,IMH,I & M Holdings Plc,33.5,52,50.5,51.75,50.75,51,-0.25,-0.49%,1814138,-
29-May-26,KCB,KCB Group Plc,41.75,80.5,66.5,68.75,66.75,66.5,0.25,0.38%,27877685,-
29-May-26,NCBA,NCBA Group Plc,53,100,85.5,88.75,87.25,88.5,-1.25,-1.41%,571384,-
29-May-26,SBIC,Stanbic Holdings Plc,151,300,265,270,269.5,269.5,-,-,149858,-
29-May-26,SCBK,Standard Chartered Bank Kenya Ltd,266,370,333,338,333.25,333.5,-0.25,-0.07%,41409,-
29-May-26,DCON,Deacons (East Africa) Plc,0.45,0.45,0.45,0.45,0.45,0.45,-,-,-,-
29-May-26,EVRD,Eveready East Africa Ltd,0.8,1.78,1.06,1.1,1.07,1.08,-0.01,-0.93%,93542,-
29-May-26,XPRS,Express Kenya Plc,2.8,10,6.8,7.36,7.18,6.8,0.38,5.59%,4482,-
29-May-26,HBE,Homeboyz Entertainment Plc,4.66,4.66,4.66,4.66,4.66,4.66,-,-,-,-
29-May-26,KQ,Kenya Airways Plc,1.56,8.92,5.6,5.9,5.78,5.9,-0.12,-2.03%,133962,-
29-May-26,LKL,Longhorn Publishers Plc,2.38,3.5,2.64,2.8,2.66,2.65,0.01,0.38%,11427,-
29-May-26,NBV,Nairobi Business Ventures Ltd,1.23,2,1.25,1.31,1.29,1.28,0.01,0.78%,21347,-
29-May-26,NMG,Nation Media Group Plc,10.8,20,12.95,13.25,13.1,12.95,0.15,1.16%,4101,-
29-May-26,SMER,Sameer Africa Plc,3,21.5,14.6,15.35,15.05,14.55,0.5,3.44%,8866,-
29-May-26,SGL,Standard Group Plc,5.4,7.14,5.7,6.3,6.24,6.24,-,-,2236,-
29-May-26,TPSE,TPS Eastern Africa (Serena) Ltd,13.05,18.2,14.75,15.8,15.35,15.8,-0.45,-2.85%,3025,-
29-May-26,UCHM,Uchumi Supermarket Plc,0.23,2.93,1.5,1.55,1.53,1.52,0.01,0.66%,68061,-
29-May-26,SCAN,WPP ScanGroup Plc,2,3.14,2.1,2.25,2.2,2.14,0.06,2.80%,124133,-
29-May-26,ARM,ARM Cement Plc,5.55,5.55,5.55,5.55,5.55,5.55,-,-,-,-
29-May-26,BAMB,Bamburi Cement Ltd,47.2,47.2,47.2,47.2,47.2,47.2,-,-,-,-
29-May-26,CRWN,Crown Paints Kenya Plc,36.9,70.75,54.5,60,57,60.5,-3.5,-5.79%,2191,-
29-May-26,CABL,East African Cables Plc,1,1.99,1,1,1,1,-,-,-,-
29-May-26,PORT,East African Portland Cement Ltd,28,101,72,79.75,74.5,72.5,2,2.76%,774,-
29-May-26,KEGN,Kenya Electricity Generating Company Plc,4.89,10.75,9.08,9.2,9.12,9.14,-0.02,-0.22%,1103456,-
29-May-26,KPC,Kenya Pipeline Company Plc,9,9.94,9.1,9.24,9.14,9.1,0.04,0.44%,3063307,-
29-May-26,KPLC-P4,KPLC-P4,4,5,5,5,5,5,-,-,-,-
29-May-26,KPLC-P7,KPLC-P7,6,6,6,6,6,6,-,-,-,-
29-May-26,KPLC,Kenya Power and Lighting Company Plc,7.6,19,15.7,16.1,15.95,15.5,0.45,2.90%,246111,-
29-May-26,TOTL,TotalEnergies Marketing Kenya Plc,22.05,48.1,45.8,46.5,46,46.1,-0.1,-0.22%,50405,-
29-May-26,UMME,Umeme Ltd,5.8,24.75,7.7,8,7.82,7.66,0.16,2.09%,35976,-
29-May-26,BRIT,Britam Holdings Plc,6.64,13.4,12.1,12.6,12.3,12.15,0.15,1.23%,24732,-
29-May-26,CIC,CIC Insurance Group Ltd,2.55,6.62,4.15,4.2,4.19,4.12,0.07,1.70%,110657,-
29-May-26,JUB,Jubilee Holdings Ltd,205,437.75,360,370,367.25,360,7.25,2.01%,1454,-
29-May-26,KNRE,Kenya Re-Insurance Corporation Ltd,1.7,4.02,3.31,3.35,3.33,3.31,0.02,0.60%,1576132,-
29-May-26,LBTY,Liberty Kenya Holdings Ltd,9,12.1,9.5,10.1,9.9,9.68,0.22,2.27%,6495,-
29-May-26,SLAM,Sanlam Allianz Holdings (Kenya) Plc,5.96,11,8,8.86,8.4,8.56,-0.16,-1.87%,18094,-
29-May-26,CTUM,Centum Investment Company Plc,11.1,16.75,13.6,14,13.8,13.8,-,-,21176,-
29-May-26,HAFR,Home Afrika Ltd,0.56,1.93,1.25,1.32,1.27,1.3,-0.03,-2.31%,122607,-
29-May-26,KURV,Kurwitu Ventures Ltd,1400,1500,1500,1500,1500,1500,-,-,-,-
29-May-26,OCH,Olympia Capital Holdings Ltd,3.16,9,6.52,7,6.92,6.96,-0.04,-0.57%,240,-
29-May-26,TCL,Trans-Century Plc,0.71,1.3,0.71,0.71,0.71,0.71,-,-,-,-
29-May-26,NSE,Nairobi Securities Exchange Plc,6.5,25.9,18.5,18.8,18.75,18.3,0.45,2.46%,25713,-
29-May-26,AMAC,Africa Mega Agricorp Plc,56,125,101.25,110,107,107,-,-,27,-
29-May-26,BOC,BOC Kenya Plc,80.5,184,167.5,178.25,174.25,173.25,1,0.58%,9624,-
29-May-26,BAT,British American Tobacco Kenya Plc,345,629,518,532,520,518,2,0.39%,4926,-
29-May-26,CARB,Carbacid Investments Plc,19,33,29.5,30,29.65,29.7,-0.05,-0.17%,63563,-
29-May-26,EABL,East African Breweries Ltd,173,351,247.5,250,248,247.5,0.5,0.20%,82878,-
29-May-26,FTGH,Flame Tree Group Holdings Ltd,0.9,3.11,1.96,2.01,2,2.01,-0.01,-0.50%,48600,-
29-May-26,MSC,Mumias Sugar Company Ltd,0.27,0.27,0.27,0.27,0.27,0.27,-,-,-,-
29-May-26,SKL,Shri Krishana Overseas Plc,5.8,12,9.2,9.8,9.7,9.7,-,-,1515,-
29-May-26,UNGA,Unga Group Ltd,18.05,34,24.5,27,26.35,26.4,-0.05,-0.19%,3341,-
29-May-26,SCOM,Safaricom Plc,20.2,34.2,30,30.9,30.55,30.8,-0.25,-0.81%,4654735,-
29-May-26,ALP,Africa Logistics Properties Industria...,1,1.02,1.02,1.02,1.02,1.02,-,-,-,-
29-May-26,LAPR,LAPTrust Imara Income-REIT,20,20,20,20,20,20,-,-,-,-
29-May-26,GLD,ABSA NewGold ETF,881,9800,5335,5690,5470,5470,-,-,28,-
29-May-26,SMWF,Satrix MSCI World Feeder ETF,755,1050,940,950,941,945,-4,-0.42%,215,-
29-May-26,^N10I,NSE 10-Share Index,1340.72,2271.75,2154.68,2154.68,2154.68,2149.05,5.63,0.26%,-,-
29-May-26,^N20I,NSE 20-Share Index,2180.26,3758.73,3513.12,3513.12,3513.12,3491.16,21.96,0.63%,-,-
29-May-26,^N25I,NSE 25-Share Index,3518.92,5948.29,5659.05,5659.05,5659.05,5645.63,13.42,0.24%,-,-
29-May-26,^NASI,NSE All-Share Index,133.71,216.69,205.69,205.69,205.69,205.73,-0.04,-0.02%,-,-
29-May-26,^NBSI,NSE Banking Sector Index,149.92,245.9,233.48,233.48,233.48,232.4,1.08,0.46%,-,-
29-May-26,^ZKEQTK,Zamara Kenya Equity Index (KES),2704.33,4790.09,4646.94,4646.94,4646.94,4625.75,21.19,0.46%,-,-
29-May-26,^ZKEQTU,Zamara Kenya Equity Index (USD),1801.49,3197.11,3090.78,3090.78,3090.78,3075.5,15.28,0.50%,-,-
2-Jun-26,EGAD,Eaagads Ltd,11,37,32.9,33.8,33,33.2,-0.2,-0.60%,1429,-
2-Jun-26,KUKZ,Kakuzi Plc,365,460,425,455,443.75,453,-9.25,-2.04%,935,-
2-Jun-26,KAPC,Kapchorua Tea Kenya Plc,198,424.25,265,280,278,272.5,5.5,2.02%,323,-
2-Jun-26,LIMT,Limuru Tea Plc,295,555,440,440,484.75,484.75,-,-,1,-
2-Jun-26,SASN,Sasini Plc,14,33.9,24.35,24.35,24.35,27.05,-2.7,-9.98%,143094,-
2-Jun-26,WTK,Williamson Tea Kenya Plc,129.75,350,133.25,134.25,133.75,133.75,-,-,34096,-
2-Jun-26,CGEN,Car and General (K) Ltd,19.95,85.5,79,79.25,79.25,79.25,-,-,3519,-
2-Jun-26,ABSA,ABSA Bank Kenya Plc,17.95,33,28.1,29.05,28.75,28.75,-,-,331866,-
2-Jun-26,BKG,BK Group Plc,28.75,58,52,53,52.75,52.5,0.25,0.48%,4194,-
2-Jun-26,COOP,Co-operative Bank of Kenya Ltd,15.3,34.3,31.5,32.05,32,32.1,-0.1,-0.31%,548474,-
2-Jun-26,DTK,Diamond Trust Bank Kenya Ltd,70,170,142,151,142.75,147.25,-4.5,-3.06%,297306,-
2-Jun-26,EQTY,Equity Group Holdings Plc,41.2,80,74.75,76,75.25,74.25,1,1.35%,1220515,-
2-Jun-26,HFCK,HFCB Group Plc,6.3,11.5,9.66,10,9.74,9.72,0.02,0.21%,128050,-
2-Jun-26,IMH,I & M Holdings Plc,33.5,52,50.5,51.5,51,50.75,0.25,0.49%,315192,-
2-Jun-26,KCB,KCB Group Plc,42.2,80.5,67,68.5,67.5,66.75,0.75,1.12%,586413,-
2-Jun-26,NCBA,NCBA Group Plc,53,100,86.5,88,88,87.25,0.75,0.86%,64445,-
2-Jun-26,SBIC,Stanbic Holdings Plc,152,300,267,271,269.5,269.5,-,-,6351,-
2-Jun-26,SCBK,Standard Chartered Bank Kenya Ltd,266,370,332,336,334.75,333.25,1.5,0.45%,15189,-
2-Jun-26,DCON,Deacons (East Africa) Plc,0.45,0.45,0.45,0.45,0.45,0.45,-,-,-,-
2-Jun-26,EVRD,Eveready East Africa Ltd,0.8,1.78,1.01,1.1,1.05,1.07,-0.02,-1.87%,497628,-
2-Jun-26,XPRS,Express Kenya Plc,2.8,10,6.7,7.1,6.84,7.18,-0.34,-4.74%,2431,-
2-Jun-26,HBE,Homeboyz Entertainment Plc,4.66,4.66,4.66,4.66,4.66,4.66,-,-,-,-
2-Jun-26,KQ,Kenya Airways Plc,1.56,8.92,5.72,5.92,5.76,5.78,-0.02,-0.35%,199089,-
2-Jun-26,LKL,Longhorn Publishers Plc,2.38,3.5,2.65,2.8,2.77,2.66,0.11,4.14%,9352,-
2-Jun-26,NBV,Nairobi Business Ventures Ltd,1.23,2,1.3,1.35,1.31,1.29,0.02,1.55%,51168,-
2-Jun-26,NMG,Nation Media Group Plc,10.8,20,12.5,13.5,12.85,13.1,-0.25,-1.91%,20336,-
2-Jun-26,SMER,Sameer Africa Plc,3.01,21.5,14.75,15.35,14.9,15.05,-0.15,-1.00%,6829,-
2-Jun-26,SGL,Standard Group Plc,5.4,7.14,5.82,6.26,6.1,6.24,-0.14,-2.24%,452,-
2-Jun-26,TPSE,TPS Eastern Africa (Serena) Ltd,13.05,18.2,15,15.9,15.9,15.35,0.55,3.58%,1115,-
2-Jun-26,UCHM,Uchumi Supermarket Plc,0.23,2.93,1.5,1.54,1.53,1.53,-,-,143720,-
2-Jun-26,SCAN,WPP ScanGroup Plc,2,3.14,2.12,2.25,2.18,2.2,-0.02,-0.91%,125886,-
2-Jun-26,ARM,ARM Cement Plc,5.55,5.55,5.55,5.55,5.55,5.55,-,-,-,-
2-Jun-26,BAMB,Bamburi Cement Ltd,47.2,47.2,47.2,47.2,47.2,47.2,-,-,-,-
2-Jun-26,CRWN,Crown Paints Kenya Plc,36.9,70.75,57,59.75,58.5,57,1.5,2.63%,1353,-
2-Jun-26,CABL,East African Cables Plc,1,1.99,1,1,1,1,-,-,-,-
2-Jun-26,PORT,East African Portland Cement Ltd,28,101,72,78.5,73.25,74.5,-1.25,-1.68%,1090,-
2-Jun-26,KEGN,Kenya Electricity Generating Company Plc,4.93,10.75,9.06,9.12,9.1,9.12,-0.02,-0.22%,1474840,-
2-Jun-26,KPC,Kenya Pipeline Company Plc,9,9.94,9.1,9.2,9.1,9.14,-0.04,-0.44%,207474,-
2-Jun-26,KPLC-P4,KPLC-P4,4,5,5,5,5,5,-,-,-,-
2-Jun-26,KPLC-P7,KPLC-P7,6,6,6,6,6,6,-,-,-,-
2-Jun-26,KPLC,Kenya Power and Lighting Company Plc,7.74,19,15.9,16.75,16.05,15.95,0.1,0.63%,448345,-
2-Jun-26,TOTL,TotalEnergies Marketing Kenya Plc,22.05,48.5,45.6,47.75,47.05,46,1.05,2.28%,61539,-
2-Jun-26,UMME,Umeme Ltd,5.8,24.75,7.66,8.08,7.96,7.82,0.14,1.79%,11181,-
2-Jun-26,BRIT,Britam Holdings Plc,6.7,13.4,12.15,12.6,12.5,12.3,0.2,1.63%,302087,-
2-Jun-26,CIC,CIC Insurance Group Ltd,2.55,6.62,4.15,4.2,4.19,4.19,-,-,109541,-
2-Jun-26,JUB,Jubilee Holdings Ltd,205,437.75,360,400,387.25,367.25,20,5.45%,3088,-
2-Jun-26,KNRE,Kenya Re-Insurance Corporation Ltd,1.7,4.02,3.33,3.41,3.36,3.33,0.03,0.90%,12245677,-
2-Jun-26,LBTY,Liberty Kenya Holdings Ltd,9,12.1,9,10,9.7,9.9,-0.2,-2.02%,6339,-
2-Jun-26,SLAM,Sanlam Allianz Holdings (Kenya) Plc,5.96,11,8.5,8.7,8.66,8.4,0.26,3.10%,8774,-
2-Jun-26,CTUM,Centum Investment Company Plc,11.1,16.75,13.3,13.9,13.6,13.8,-0.2,-1.45%,23405,-
2-Jun-26,HAFR,Home Afrika Ltd,0.56,1.93,1.2,1.29,1.2,1.27,-0.07,-5.51%,3148687,-
2-Jun-26,KURV,Kurwitu Ventures Ltd,1400,1500,1500,1500,1500,1500,-,-,-,-
2-Jun-26,OCH,Olympia Capital Holdings Ltd,3.16,9,6.5,7,6.74,6.92,-0.18,-2.60%,377,-
2-Jun-26,TCL,Trans-Century Plc,0.71,1.25,0.71,0.71,0.71,0.71,-,-,-,-
2-Jun-26,NSE,Nairobi Securities Exchange Plc,6.5,25.9,18.6,19.75,19.15,18.75,0.4,2.13%,30846,-
2-Jun-26,AMAC,Africa Mega Agricorp Plc,56,125,96.5,115,103,107,-4,-3.74%,1239,-
2-Jun-26,BOC,BOC Kenya Plc,80.5,184,164,175,166.75,174.25,-7.5,-4.30%,17940,-
2-Jun-26,BAT,British American Tobacco Kenya Plc,345,629,515,520,519,520,-1,-0.19%,7410,-
2-Jun-26,CARB,Carbacid Investments Plc,19,33,29.55,29.95,29.7,29.65,0.05,0.17%,17958,-
2-Jun-26,EABL,East African Breweries Ltd,173,351,240,249.75,245.5,248,-2.5,-1.01%,3876,-
2-Jun-26,FTGH,Flame Tree Group Holdings Ltd,0.9,3.11,1.8,2,1.9,2,-0.1,-5.00%,49262,-
2-Jun-26,MSC,Mumias Sugar Company Ltd,0.27,0.27,0.27,0.27,0.27,0.27,-,-,-,-
2-Jun-26,SKL,Shri Krishana Overseas Plc,5.8,12,8.8,9.9,9.24,9.7,-0.46,-4.74%,1924,-
2-Jun-26,UNGA,Unga Group Ltd,18.05,34,26,26.3,26.15,26.35,-0.2,-0.76%,930,-
2-Jun-26,SCOM,Safaricom Plc,20.4,34.2,30.1,31.5,31,30.55,0.45,1.47%,13150039,-
2-Jun-26,ALP,Africa Logistics Properties Industria...,1,1.02,1.02,1.02,1.02,1.02,-,-,-,-
2-Jun-26,LAPR,LAPTrust Imara Income-REIT,20,20,20,20,20,20,-,-,-,-
2-Jun-26,GLD,ABSA NewGold ETF,881,9800,5340,5685,5500,5470,30,0.55%,165,-
2-Jun-26,SMWF,Satrix MSCI World Feeder ETF,755,1050,940,945,941,941,-,-,120,-
2-Jun-26,^N10I,NSE 10-Share Index,1340.72,2271.75,2167.3,2167.3,2167.3,2154.68,12.62,0.59%,-,-
2-Jun-26,^N20I,NSE 20-Share Index,2180.68,3758.73,3518.79,3518.79,3518.79,3513.12,5.67,0.16%,-,-
2-Jun-26,^N25I,NSE 25-Share Index,3518.92,5948.29,5691.5,5691.5,5691.5,5659.05,32.45,0.57%,-,-
2-Jun-26,^NASI,NSE All-Share Index,133.71,216.69,207.12,207.12,207.12,205.69,1.43,0.70%,-,-
2-Jun-26,^NBSI,NSE Banking Sector Index,149.92,245.9,234.64,234.64,234.64,233.48,1.16,0.50%,-,-
2-Jun-26,^ZKEQTK,Zamara Kenya Equity Index (KES),2704.33,4790.09,4676.59,4676.59,4676.59,4646.94,29.65,0.64%,-,-
2-Jun-26,^ZKEQTU,Zamara Kenya Equity Index (USD),1801.49,3197.11,3111.7,3111.7,3111.7,3090.78,20.92,0.68%,-,-
3-Jun-26,EGAD,Eaagads Ltd,11,37,30,33,32.7,33,-0.3,-0.91%,401,-
3-Jun-26,KUKZ,Kakuzi Plc,365,460,445,446,443.75,443.75,-,-,44,-
3-Jun-26,KAPC,Kapchorua Tea Kenya Plc,198,424.25,275,276,275,278,-3,-1.08%,2001,-
3-Jun-26,LIMT,Limuru Tea Plc,295,555,442,484.75,446.75,484.75,-38,-7.84%,229,-
3-Jun-26,SASN,Sasini Plc,14,33.9,21.95,21.95,21.95,24.35,-2.4,-9.86%,155667,-
3-Jun-26,WTK,Williamson Tea Kenya Plc,129.75,350,133,134,133.25,133.75,-0.5,-0.37%,10087,-
3-Jun-26,CGEN,Car and General (K) Ltd,19.95,85.5,78.75,80,79.75,79.25,0.5,0.63%,14975,-
3-Jun-26,ABSA,ABSA Bank Kenya Plc,17.95,33,28.5,29.95,29,28.75,0.25,0.87%,712690,-
3-Jun-26,BKG,BK Group Plc,28.75,58,52.75,55,53,52.75,0.25,0.47%,3548,-
3-Jun-26,COOP,Co-operative Bank of Kenya Ltd,15.3,34.3,31.55,32.05,31.9,32,-0.1,-0.31%,1001694,-
3-Jun-26,DTK,Diamond Trust Bank Kenya Ltd,70,170,141,149,143,142.75,0.25,0.18%,134215,-
3-Jun-26,EQTY,Equity Group Holdings Plc,41.2,80,75,77.25,76.25,75.25,1,1.33%,1278761,-
3-Jun-26,HFCK,HFCB Group Plc,6.3,11.5,9.64,9.8,9.7,9.74,-0.04,-0.41%,1669856,-
3-Jun-26,IMH,I & M Holdings Plc,33.5,52,50.5,52,51.5,51,0.5,0.98%,225783,-
3-Jun-26,KCB,KCB Group Plc,42.2,80.5,67.5,68.5,68,67.5,0.5,0.74%,1457954,-
3-Jun-26,NCBA,NCBA Group Plc,53,100,87,89,88,88,-,-,101100,-
3-Jun-26,SBIC,Stanbic Holdings Plc,152,300,269,275,270.5,269.5,1,0.37%,54456,-
3-Jun-26,SCBK,Standard Chartered Bank Kenya Ltd,266,370,330.25,336,331.75,334.75,-3,-0.90%,19739,-
3-Jun-26,DCON,Deacons (East Africa) Plc,0.45,0.45,0.45,0.45,0.45,0.45,-,-,-,-
3-Jun-26,EVRD,Eveready East Africa Ltd,0.8,1.78,1.04,1.1,1.07,1.05,0.02,1.90%,74092,-
3-Jun-26,XPRS,Express Kenya Plc,2.8,10,6.7,6.88,6.82,6.84,-0.02,-0.29%,3319,-
3-Jun-26,HBE,Homeboyz Entertainment Plc,4.66,4.66,4.66,4.66,4.66,4.66,-,-,-,-
3-Jun-26,KQ,Kenya Airways Plc,1.56,8.92,5.7,5.76,5.72,5.76,-0.04,-0.69%,179027,-
3-Jun-26,LKL,Longhorn Publishers Plc,2.38,3.5,2.65,2.8,2.78,2.77,0.01,0.36%,39506,-
3-Jun-26,NBV,Nairobi Business Ventures Ltd,1.23,2,1.28,1.35,1.3,1.31,-0.01,-0.76%,12992,-
3-Jun-26,NMG,Nation Media Group Plc,10.8,20,12.5,12.95,12.8,12.85,-0.05,-0.39%,21747,-
3-Jun-26,SMER,Sameer Africa Plc,3.01,21.5,14.6,15.35,14.75,14.9,-0.15,-1.01%,15081,-
3-Jun-26,SGL,Standard Group Plc,5.4,7.14,5.86,6,5.86,6.1,-0.24,-3.93%,1177,-
3-Jun-26,TPSE,TPS Eastern Africa (Serena) Ltd,13.05,18.2,15.35,15.9,15.75,15.9,-0.15,-0.94%,2193,-
3-Jun-26,UCHM,Uchumi Supermarket Plc,0.23,2.93,1.5,1.55,1.53,1.53,-,-,191646,-
3-Jun-26,SCAN,WPP ScanGroup Plc,2,3.14,2.12,2.25,2.13,2.18,-0.05,-2.29%,38292,-
3-Jun-26,ARM,ARM Cement Plc,5.55,5.55,5.55,5.55,5.55,5.55,-,-,-,-
3-Jun-26,BAMB,Bamburi Cement Ltd,47.2,47.2,47.2,47.2,47.2,47.2,-,-,-,-
3-Jun-26,CRWN,Crown Paints Kenya Plc,36.9,70.75,58.25,59.75,59.75,58.5,1.25,2.14%,4009,-
3-Jun-26,CABL,East African Cables Plc,1,1.99,1,1,1,1,-,-,-,-
3-Jun-26,PORT,East African Portland Cement Ltd,28,101,75,77.25,75.5,73.25,2.25,3.07%,758,-
3-Jun-26,KEGN,Kenya Electricity Generating Company Plc,4.93,10.75,9.06,9.12,9.08,9.1,-0.02,-0.22%,947146,-
3-Jun-26,KPC,Kenya Pipeline Company Plc,9,9.94,9.1,9.26,9.1,9.1,-,-,1750377,-
3-Jun-26,KPLC-P4,KPLC-P4,4,5,5,5,5,5,-,-,-,-
3-Jun-26,KPLC-P7,KPLC-P7,6,6,6,6,6,6,-,-,-,-
3-Jun-26,KPLC,Kenya Power and Lighting Company Plc,7.74,19,15.8,16,15.95,16.05,-0.1,-0.62%,307651,-
3-Jun-26,TOTL,TotalEnergies Marketing Kenya Plc,22.05,48.5,46.95,48.5,48.05,47.05,1,2.13%,62319,-
3-Jun-26,UMME,Umeme Ltd,5.8,24.75,7.5,8,7.92,7.96,-0.04,-0.50%,14226,-
3-Jun-26,BRIT,Britam Holdings Plc,6.7,13.4,12.15,13,12.45,12.5,-0.05,-0.40%,60292,-
3-Jun-26,CIC,CIC Insurance Group Ltd,2.55,6.62,4.16,4.2,4.18,4.19,-0.01,-0.24%,155607,-
3-Jun-26,JUB,Jubilee Holdings Ltd,205,437.75,360,400,371.5,387.25,-15.75,-4.07%,2555,-
3-Jun-26,KNRE,Kenya Re-Insurance Corporation Ltd,1.7,4.02,3.36,3.45,3.39,3.36,0.03,0.89%,2014649,-
3-Jun-26,LBTY,Liberty Kenya Holdings Ltd,9,12.1,9.5,10.1,9.98,9.7,0.28,2.89%,11442,-
3-Jun-26,SLAM,Sanlam Allianz Holdings (Kenya) Plc,5.96,11,8.4,8.6,8.5,8.66,-0.16,-1.85%,2859,-
3-Jun-26,CTUM,Centum Investment Company Plc,11.1,16.75,13.75,13.9,13.8,13.6,0.2,1.47%,7729,-
3-Jun-26,HAFR,Home Afrika Ltd,0.56,1.93,1.2,1.3,1.22,1.2,0.02,1.67%,297107,-
3-Jun-26,KURV,Kurwitu Ventures Ltd,1400,1500,1500,1500,1500,1500,-,-,-,-
3-Jun-26,OCH,Olympia Capital Holdings Ltd,3.16,9,6.5,7,6.6,6.74,-0.14,-2.08%,1111,-
3-Jun-26,TCL,Trans-Century Plc,0.71,1.25,0.71,0.71,0.71,0.71,-,-,-,-
3-Jun-26,NSE,Nairobi Securities Exchange Plc,6.5,25.9,18.75,19.85,19.15,19.15,-,-,48299,-
3-Jun-26,AMAC,Africa Mega Agricorp Plc,56,125,104,112.75,111,103,8,7.77%,360,-
3-Jun-26,BOC,BOC Kenya Plc,80.5,184,160,175,165.5,166.75,-1.25,-0.75%,2535,-
3-Jun-26,BAT,British American Tobacco Kenya Plc,345,629,508,530,518,519,-1,-0.19%,7682,-
3-Jun-26,CARB,Carbacid Investments Plc,19,33,29.5,29.9,29.65,29.7,-0.05,-0.17%,50480,-
3-Jun-26,EABL,East African Breweries Ltd,173,351,246,248,247.75,245.5,2.25,0.92%,8761,-
3-Jun-26,FTGH,Flame Tree Group Holdings Ltd,0.9,3.11,1.88,2,1.93,1.9,0.03,1.58%,127182,-
3-Jun-26,MSC,Mumias Sugar Company Ltd,0.27,0.27,0.27,0.27,0.27,0.27,-,-,-,-
3-Jun-26,SKL,Shri Krishana Overseas Plc,5.8,12,8.7,9.8,8.78,9.24,-0.46,-4.98%,17952,-
3-Jun-26,UNGA,Unga Group Ltd,18.05,34,24.5,26.8,26.3,26.15,0.15,0.57%,1301,-
3-Jun-26,SCOM,Safaricom Plc,20.4,34.2,30.85,31.7,31.25,31,0.25,0.81%,2294501,-
3-Jun-26,ALP,Africa Logistics Properties Industria...,1,1.02,1.02,1.02,1.02,1.02,-,-,-,-
3-Jun-26,LAPR,LAPTrust Imara Income-REIT,20,20,20,20,20,20,-,-,-,-
3-Jun-26,GLD,ABSA NewGold ETF,881,9800,5255,5685,5315,5500,-185,-3.36%,2075,-
3-Jun-26,SMWF,Satrix MSCI World Feeder ETF,755,1050,945,950,948,941,7,0.74%,135,-
3-Jun-26,^N10I,NSE 10-Share Index,1340.72,2271.75,2183.98,2183.98,2183.98,2167.3,16.68,0.77%,-,-
3-Jun-26,^N20I,NSE 20-Share Index,2180.68,3758.73,3528.8,3528.8,3528.8,3518.79,10.01,0.28%,-,-
3-Jun-26,^N25I,NSE 25-Share Index,3518.92,5948.29,5721.03,5721.03,5721.03,5691.5,29.53,0.52%,-,-
3-Jun-26,^NASI,NSE All-Share Index,133.71,216.69,208.11,208.11,208.11,207.12,0.99,0.48%,-,-
3-Jun-26,^NBSI,NSE Banking Sector Index,149.92,245.9,235.75,235.75,235.75,234.64,1.11,0.47%,-,-
4-Jun-26,EGAD,Eaagads Ltd,11,37,31.5,33.8,33.4,32.7,0.7,2.14%,270,-
4-Jun-26,KUKZ,Kakuzi Plc,365,460,425,445.5,439.25,443.75,-4.5,-1.01%,645,-
4-Jun-26,KAPC,Kapchorua Tea Kenya Plc,198,424.25,274,279.75,275.5,275,0.5,0.18%,360,-
4-Jun-26,LIMT,Limuru Tea Plc,295,555,484.5,484.5,446.75,446.75,-,-,35,-
4-Jun-26,SASN,Sasini Plc,14,33.9,19.85,23.95,21.95,21.95,-,-,59081,-
4-Jun-26,WTK,Williamson Tea Kenya Plc,129.75,350,131.25,134,133.5,133.25,0.25,0.19%,7158,-
4-Jun-26,CGEN,Car and General (K) Ltd,19.95,85.5,78.75,81,80,79.75,0.25,0.31%,2778,-
4-Jun-26,ABSA,ABSA Bank Kenya Plc,17.95,33,28.95,29.45,29.05,29,0.05,0.17%,433117,-
4-Jun-26,BKG,BK Group Plc,28.75,58,52,58,53.5,53,0.5,0.94%,5896,-
4-Jun-26,COOP,Co-operative Bank of Kenya Ltd,15.35,34.3,31.45,32,31.8,31.9,-0.1,-0.31%,540768,-
4-Jun-26,DTK,Diamond Trust Bank Kenya Ltd,70,170,142,148.75,143,143,-,-,94160,-
4-Jun-26,EQTY,Equity Group Holdings Plc,42.85,80,76.25,78.5,77.5,76.25,1.25,1.64%,1102037,-
4-Jun-26,HFCK,HFCB Group Plc,6.3,11.5,9.5,9.8,9.62,9.7,-0.08,-0.82%,106846,-
4-Jun-26,IMH,I & M Holdings Plc,33.5,53,51.25,52,51.5,51.5,-,-,201575,-
4-Jun-26,KCB,KCB Group Plc,42.7,80.5,68,71,69.5,68,1.5,2.21%,2866004,-
4-Jun-26,NCBA,NCBA Group Plc,53,100,88.25,90,88.75,88,0.75,0.85%,3407923,-
4-Jun-26,SBIC,Stanbic Holdings Plc,152,300,270,284.5,276.75,270.5,6.25,2.31%,2601,-
4-Jun-26,SCBK,Standard Chartered Bank Kenya Ltd,267.5,370,330.5,333,331,331.75,-0.75,-0.23%,83620,-
4-Jun-26,DCON,Deacons (East Africa) Plc,0.45,0.45,0.45,0.45,0.45,0.45,-,-,-,-
4-Jun-26,EVRD,Eveready East Africa Ltd,0.8,1.78,1.02,1.1,1.05,1.07,-0.02,-1.87%,69510,-
4-Jun-26,XPRS,Express Kenya Plc,2.85,10,6.7,7,6.8,6.82,-0.02,-0.29%,1148,-
4-Jun-26,HBE,Homeboyz Entertainment Plc,4.66,4.66,4.66,4.66,4.66,4.66,-,-,-,-
4-Jun-26,KQ,Kenya Airways Plc,1.56,8.92,5.6,5.74,5.66,5.72,-0.06,-1.05%,418875,-
4-Jun-26,LKL,Longhorn Publishers Plc,2.38,3.5,2.8,3.05,2.91,2.78,0.13,4.68%,20853,-
4-Jun-26,NBV,Nairobi Business Ventures Ltd,1.2,2,1.25,1.33,1.29,1.3,-0.01,-0.77%,14794,-
4-Jun-26,NMG,Nation Media Group Plc,10.8,20,12.5,12.9,12.85,12.8,0.05,0.39%,7308,-
4-Jun-26,SMER,Sameer Africa Plc,3.01,21.5,14.5,15.5,14.65,14.75,-0.1,-0.68%,19209,-
4-Jun-26,SGL,Standard Group Plc,5.4,7.14,5.84,6,5.9,5.86,0.04,0.68%,1143,-
4-Jun-26,TPSE,TPS Eastern Africa (Serena) Ltd,13.05,18.2,15,15.9,15.3,15.75,-0.45,-2.86%,1047,-
4-Jun-26,UCHM,Uchumi Supermarket Plc,0.23,2.93,1.45,1.53,1.47,1.53,-0.06,-3.92%,98488,-
4-Jun-26,SCAN,WPP ScanGroup Plc,2,3.14,2.1,2.16,2.12,2.13,-0.01,-0.47%,90146,-
4-Jun-26,ARM,ARM Cement Plc,5.55,5.55,5.55,5.55,5.55,5.55,-,-,-,-
4-Jun-26,BAMB,Bamburi Cement Ltd,47.2,47.2,47.2,47.2,47.2,47.2,-,-,-,-
4-Jun-26,CRWN,Crown Paints Kenya Plc,36.9,70.75,58,59.75,58.5,59.75,-1.25,-2.09%,376,-
4-Jun-26,CABL,East African Cables Plc,1,1.99,1,1,1,1,-,-,-,-
4-Jun-26,PORT,East African Portland Cement Ltd,30,101,73.25,78.5,74.5,75.5,-1,-1.32%,1393,-
4-Jun-26,KEGN,Kenya Electricity Generating Company Plc,4.98,10.75,9.02,9.12,9.1,9.08,0.02,0.22%,2611567,-
4-Jun-26,KPC,Kenya Pipeline Company Plc,9,9.94,9.04,9.12,9.1,9.1,-,-,776865,-
4-Jun-26,KPLC-P4,KPLC-P4,4,5,5,5,5,5,-,-,-,-
4-Jun-26,KPLC-P7,KPLC-P7,6,6,6,6,6,6,-,-,-,-
4-Jun-26,KPLC,Kenya Power and Lighting Company Plc,8.02,19,15.5,15.95,15.7,15.95,-0.25,-1.57%,1651133,-
4-Jun-26,TOTL,TotalEnergies Marketing Kenya Plc,22.5,48.75,47.4,48.75,48.1,48.05,0.05,0.10%,70234,-
4-Jun-26,UMME,Umeme Ltd,5.8,24.75,7.5,8,7.84,7.92,-0.08,-1.01%,41230,-
4-Jun-26,BRIT,Britam Holdings Plc,6.7,13.4,12.25,13,12.45,12.45,-,-,170019,-
4-Jun-26,CIC,CIC Insurance Group Ltd,2.55,6.62,4.16,4.2,4.19,4.18,0.01,0.24%,143815,-
4-Jun-26,JUB,Jubilee Holdings Ltd,205,437.75,365,405,397,371.5,25.5,6.86%,3785,-
4-Jun-26,KNRE,Kenya Re-Insurance Corporation Ltd,1.71,4.02,3.36,3.5,3.44,3.39,0.05,1.47%,3719677,-
4-Jun-26,LBTY,Liberty Kenya Holdings Ltd,9,12.1,9.84,10.1,10,9.98,0.02,0.20%,60749,-
4-Jun-26,SLAM,Sanlam Allianz Holdings (Kenya) Plc,5.96,11,8.2,8.5,8.48,8.5,-0.02,-0.24%,4394,-
4-Jun-26,CTUM,Centum Investment Company Plc,11.1,16.75,13.75,13.9,13.85,13.8,0.05,0.36%,11139,-
4-Jun-26,HAFR,Home Afrika Ltd,0.59,1.93,1.2,1.24,1.21,1.22,-0.01,-0.82%,398129,-
4-Jun-26,KURV,Kurwitu Ventures Ltd,1400,1500,1500,1500,1500,1500,-,-,-,-
4-Jun-26,OCH,Olympia Capital Holdings Ltd,3.16,9,6.5,7.1,6.62,6.6,0.02,0.30%,4615,-
4-Jun-26,TCL,Trans-Century Plc,0.71,1.25,0.71,0.71,0.71,0.71,-,-,-,-
4-Jun-26,NSE,Nairobi Securities Exchange Plc,7.3,25.9,18.6,19.1,18.75,19.15,-0.4,-2.09%,19604,-
4-Jun-26,AMAC,Africa Mega Agricorp Plc,56,125,100,111,111,111,-,-,66,-
4-Jun-26,BOC,BOC Kenya Plc,83.5,184,160,163,161.75,165.5,-3.75,-2.27%,7093,-
4-Jun-26,BAT,British American Tobacco Kenya Plc,345,629,518,525,520,518,2,0.39%,21239,-
4-Jun-26,CARB,Carbacid Investments Plc,19.1,33,29.25,29.9,29.6,29.65,-0.05,-0.17%,49434,-
4-Jun-26,EABL,East African Breweries Ltd,179,351,246.75,248,247.25,247.75,-0.5,-0.20%,66553,-
4-Jun-26,FTGH,Flame Tree Group Holdings Ltd,0.9,3.11,1.88,2,1.92,1.93,-0.01,-0.52%,53199,-
4-Jun-26,MSC,Mumias Sugar Company Ltd,0.27,0.27,0.27,0.27,0.27,0.27,-,-,-,-
4-Jun-26,SKL,Shri Krishana Overseas Plc,5.8,12,8.7,9.5,9.46,8.78,0.68,7.74%,5347,-
4-Jun-26,UNGA,Unga Group Ltd,18.05,34,24.5,26.95,25.2,26.3,-1.1,-4.18%,614,-
4-Jun-26,SCOM,Safaricom Plc,20.9,34.2,31,31.7,31.45,31.25,0.2,0.64%,12683578,-
4-Jun-26,ALP,Africa Logistics Properties Industria...,1,1.02,1.02,1.02,1.02,1.02,-,-,-,-
4-Jun-26,LAPR,LAPTrust Imara Income-REIT,20,20,20,20,20,20,-,-,-,-
4-Jun-26,GLD,ABSA NewGold ETF,881,9800,5350,5690,5315,5315,-,-,34,-
4-Jun-26,SMWF,Satrix MSCI World Feeder ETF,755,1050,943,950,948,948,-,-,95,-
4-Jun-26,^N10I,NSE 10-Share Index,1371.39,2271.75,2198.88,2198.88,2198.88,2183.98,14.9,0.68%,-,-
4-Jun-26,^N20I,NSE 20-Share Index,2203.31,3758.73,3543.32,3543.32,3543.32,3528.8,14.52,0.41%,-,-
4-Jun-26,^N25I,NSE 25-Share Index,3583.34,5948.29,5769.68,5769.68,5769.68,5721.03,48.65,0.85%,-,-
4-Jun-26,^NASI,NSE All-Share Index,135.43,216.69,209.4,209.4,209.4,208.11,1.29,0.62%,-,-
4-Jun-26,^NBSI,NSE Banking Sector Index,149.92,245.9,237.91,237.91,237.91,235.75,2.16,0.92%,-,-
4-Jun-26,^ZKEQTK,Zamara Kenya Equity Index (KES),2760.24,4790.09,4746.25,4746.25,4746.25,4705.56,40.69,0.86%,-,-
4-Jun-26,^ZKEQTU,Zamara Kenya Equity Index (USD),1838.74,3197.11,3159.27,3159.27,3159.27,3130.98,28.29,0.90%,-,-
5-Jun-26,EGAD,Eaagads Ltd,11,37,31.5,33,32.15,33.4,-1.25,-3.74%,386,-
5-Jun-26,KUKZ,Kakuzi Plc,365,460,420.5,440,427.75,439.25,-11.5,-2.62%,609,-
5-Jun-26,KAPC,Kapchorua Tea Kenya Plc,198,424.25,275,277,275.25,275.5,-0.25,-0.09%,1176,-
5-Jun-26,LIMT,Limuru Tea Plc,295,555,484.5,484.5,446.75,446.75,-,-,11,-
5-Jun-26,SASN,Sasini Plc,14,33.9,21.6,23.45,23,21.95,1.05,4.78%,30803,-
5-Jun-26,WTK,Williamson Tea Kenya Plc,129.75,350,130,134,132.25,133.5,-1.25,-0.94%,15585,-
5-Jun-26,CGEN,Car and General (K) Ltd,19.95,85.5,80,85,84.75,80,4.75,5.94%,5807,-
5-Jun-26,ABSA,ABSA Bank Kenya Plc,17.95,33,28.85,29.45,29.05,29.05,-,-,828311,-
5-Jun-26,BKG,BK Group Plc,28.75,58,53,54,53.5,53.5,-,-,8688,-
5-Jun-26,COOP,Co-operative Bank of Kenya Ltd,15.35,34.3,31.75,32.2,31.95,31.8,0.15,0.47%,387226,-
5-Jun-26,DTK,Diamond Trust Bank Kenya Ltd,70,170,141.5,146,143,143,-,-,29418,-
5-Jun-26,EQTY,Equity Group Holdings Plc,42.85,80,77,78.5,77.25,77.5,-0.25,-0.32%,3162767,-
5-Jun-26,HFCK,HFCB Group Plc,6.3,11.5,9.58,9.72,9.64,9.62,0.02,0.21%,160976,-
5-Jun-26,IMH,I & M Holdings Plc,33.5,53,51.25,53,52.5,51.5,1,1.94%,39604,-
5-Jun-26,KCB,KCB Group Plc,42.7,80.5,70,71,70.75,69.5,1.25,1.80%,1629749,-
5-Jun-26,NCBA,NCBA Group Plc,53,100,87.75,91.75,88.25,88.75,-0.5,-0.56%,421495,-
5-Jun-26,SBIC,Stanbic Holdings Plc,152,300,280,295,285,276.75,8.25,2.98%,148576,-
5-Jun-26,SCBK,Standard Chartered Bank Kenya Ltd,267.5,370,330,336,331.75,331,0.75,0.23%,15604,-
5-Jun-26,DCON,Deacons (East Africa) Plc,0.45,0.45,0.45,0.45,0.45,0.45,-,-,-,-
5-Jun-26,EVRD,Eveready East Africa Ltd,0.8,1.78,1.02,1.1,1.05,1.05,-,-,79310,-
5-Jun-26,XPRS,Express Kenya Plc,2.85,10,6.8,7.1,6.9,6.8,0.1,1.47%,874,-
5-Jun-26,HBE,Homeboyz Entertainment Plc,4.66,4.66,4.66,4.66,4.66,4.66,-,-,-,-
5-Jun-26,KQ,Kenya Airways Plc,1.56,8.92,5.58,5.7,5.64,5.66,-0.02,-0.35%,233004,-
5-Jun-26,LKL,Longhorn Publishers Plc,2.38,3.5,2.78,3,2.88,2.91,-0.03,-1.03%,2328,-
5-Jun-26,NBV,Nairobi Business Ventures Ltd,1.2,2,1.2,1.28,1.23,1.29,-0.06,-4.65%,91142,-
5-Jun-26,NMG,Nation Media Group Plc,10.8,20,12.5,12.85,12.65,12.85,-0.2,-1.56%,16214,-
5-Jun-26,SMER,Sameer Africa Plc,3.01,21.5,14,16,15.2,14.65,0.55,3.75%,10753,-
5-Jun-26,SGL,Standard Group Plc,5.4,7.14,5.82,6,5.9,5.9,-,-,359,-
5-Jun-26,TPSE,TPS Eastern Africa (Serena) Ltd,13.05,18.2,15.05,15.9,15.35,15.3,0.05,0.33%,2473,-
5-Jun-26,UCHM,Uchumi Supermarket Plc,0.23,2.93,1.38,1.5,1.45,1.47,-0.02,-1.36%,345302,-
5-Jun-26,SCAN,WPP ScanGroup Plc,2,3.14,2,2.14,2.06,2.12,-0.06,-2.83%,139901,-
5-Jun-26,ARM,ARM Cement Plc,5.55,5.55,5.55,5.55,5.55,5.55,-,-,-,-
5-Jun-26,BAMB,Bamburi Cement Ltd,47.2,47.2,47.2,47.2,47.2,47.2,-,-,-,-
5-Jun-26,CRWN,Crown Paints Kenya Plc,36.9,70.75,59,59.75,59.75,58.5,1.25,2.14%,3370,-
5-Jun-26,CABL,East African Cables Plc,1,1.99,1,1,1,1,-,-,-,-
5-Jun-26,PORT,East African Portland Cement Ltd,30,101,72.25,73.5,73,74.5,-1.5,-2.01%,846,-
5-Jun-26,KEGN,Kenya Electricity Generating Company Plc,4.98,10.75,9.08,9.18,9.1,9.1,-,-,894500,-
5-Jun-26,KPC,Kenya Pipeline Company Plc,9,9.94,9.1,9.12,9.1,9.1,-,-,354881,-
5-Jun-26,KPLC-P4,KPLC-P4,4,5,5,5,5,5,-,-,-,-
5-Jun-26,KPLC-P7,KPLC-P7,6,6,6,6,6,6,-,-,-,-
5-Jun-26,KPLC,Kenya Power and Lighting Company Plc,8.02,19,15.55,15.95,15.7,15.7,-,-,657427,-
5-Jun-26,TOTL,TotalEnergies Marketing Kenya Plc,22.5,48.75,47,48.5,47.7,48.1,-0.4,-0.83%,70820,-
5-Jun-26,UMME,Umeme Ltd,5.8,24.75,7.16,8,7.76,7.84,-0.08,-1.02%,17490,-
5-Jun-26,BRIT,Britam Holdings Plc,6.7,13.4,12.2,12.9,12.65,12.45,0.2,1.61%,8611,-
5-Jun-26,CIC,CIC Insurance Group Ltd,2.55,6.62,4.18,4.49,4.2,4.19,0.01,0.24%,286667,-
5-Jun-26,JUB,Jubilee Holdings Ltd,205,437.75,383.5,400,394,397,-3,-0.76%,6175,-
5-Jun-26,KNRE,Kenya Re-Insurance Corporation Ltd,1.71,4.02,3.46,3.5,3.49,3.44,0.05,1.45%,1403696,-
5-Jun-26,LBTY,Liberty Kenya Holdings Ltd,9,12.1,9.8,10.1,10,10,-,-,18375,-
5-Jun-26,SLAM,Sanlam Allianz Holdings (Kenya) Plc,5.96,11,8.4,8.6,8.52,8.48,0.04,0.47%,5257,-
5-Jun-26,CTUM,Centum Investment Company Plc,11.1,16.75,13.5,13.95,13.85,13.85,-,-,30218,-
5-Jun-26,HAFR,Home Afrika Ltd,0.59,1.93,1.19,1.3,1.25,1.21,0.04,3.31%,226084,-
5-Jun-26,KURV,Kurwitu Ventures Ltd,1400,1500,1500,1500,1500,1500,-,-,-,-
5-Jun-26,OCH,Olympia Capital Holdings Ltd,3.16,9,6.66,7.28,7.18,6.62,0.56,8.46%,679,-
5-Jun-26,TCL,Trans-Century Plc,0.71,1.25,0.71,0.71,0.71,0.71,-,-,-,-
5-Jun-26,NSE,Nairobi Securities Exchange Plc,7.3,25.9,18.75,19.2,19.05,18.75,0.3,1.60%,67533,-
5-Jun-26,AMAC,Africa Mega Agricorp Plc,56,125,110,111,111,111,-,-,81,-
5-Jun-26,BOC,BOC Kenya Plc,83.5,184,157,166,161.5,161.75,-0.25,-0.15%,2826,-
5-Jun-26,BAT,British American Tobacco Kenya Plc,345,629,518,530,520,520,-,-,13216,-
5-Jun-26,CARB,Carbacid Investments Plc,19.1,33,29.5,29.9,29.65,29.6,0.05,0.17%,22024,-
5-Jun-26,EABL,East African Breweries Ltd,179,351,240,247.75,240.5,247.25,-6.75,-2.73%,123849,-
5-Jun-26,FTGH,Flame Tree Group Holdings Ltd,0.9,3.11,1.82,1.96,1.92,1.92,-,-,90161,-
5-Jun-26,MSC,Mumias Sugar Company Ltd,0.27,0.27,0.27,0.27,0.27,0.27,-,-,-,-
5-Jun-26,SKL,Shri Krishana Overseas Plc,5.8,12,9.2,9.5,9.4,9.46,-0.06,-0.63%,7514,-
5-Jun-26,UNGA,Unga Group Ltd,18.05,34,25,26.8,25.9,25.2,0.7,2.78%,4361,-
5-Jun-26,SCOM,Safaricom Plc,20.9,34.2,31.5,32,31.75,31.45,0.3,0.95%,13812903,-
5-Jun-26,ALP,Africa Logistics Properties Industria...,1,1.02,1.02,1.02,1.02,1.02,-,-,-,-
5-Jun-26,LAPR,LAPTrust Imara Income-REIT,20,20,20,20,20,20,-,-,-,-
5-Jun-26,GLD,ABSA NewGold ETF,881,9800,5400,5690,5315,5315,-,-,86,-
5-Jun-26,SMWF,Satrix MSCI World Feeder ETF,755,1050,920,950,947,948,-1,-0.11%,232,-
5-Jun-26,^N10I,NSE 10-Share Index,1371.39,2271.75,2202.91,2202.91,2202.91,2198.88,4.03,0.18%,-,-
5-Jun-26,^N20I,NSE 20-Share Index,2203.31,3758.73,3557.72,3557.72,3557.72,3543.32,14.4,0.41%,-,-
5-Jun-26,^N25I,NSE 25-Share Index,3583.34,5948.29,5789.22,5789.22,5789.22,5769.68,19.54,0.34%,-,-
5-Jun-26,^NASI,NSE All-Share Index,135.43,216.69,210.37,210.37,210.37,209.4,0.97,0.46%,-,-
5-Jun-26,^NBSI,NSE Banking Sector Index,149.92,245.9,239.37,239.37,239.37,237.91,1.46,0.61%,-,-
8-Jun-26,EGAD,Eaagads Ltd,11,37,30.5,33.8,30.8,32.15,-1.35,-4.20%,30047,-
8-Jun-26,KUKZ,Kakuzi Plc,365,460,420,445,434.5,427.75,6.75,1.58%,430,-
8-Jun-26,KAPC,Kapchorua Tea Kenya Plc,198,424.25,270,279.75,277.25,275.25,2,0.73%,2320,-
8-Jun-26,LIMT,Limuru Tea Plc,295,555,484,484.5,446.75,446.75,-,-,24,-
8-Jun-26,SASN,Sasini Plc,14,33.9,22.9,24,23.15,23,0.15,0.65%,20396,-
8-Jun-26,WTK,Williamson Tea Kenya Plc,129.75,350,130,133.75,131.5,132.25,-0.75,-0.57%,12145,-
8-Jun-26,CGEN,Car and General (K) Ltd,19.95,100,83.5,93,91.5,84.75,6.75,7.96%,8293,-
8-Jun-26,ABSA,ABSA Bank Kenya Plc,17.95,33,28.75,29.2,29,29.05,-0.05,-0.17%,294990,-
8-Jun-26,BKG,BK Group Plc,28.75,58,53,54,53.75,53.5,0.25,0.47%,4412,-
8-Jun-26,COOP,Co-operative Bank of Kenya Ltd,15.95,34.3,31,32,31.45,31.95,-0.5,-1.56%,790255,-
8-Jun-26,DTK,Diamond Trust Bank Kenya Ltd,70,170,141.75,145,142.75,143,-0.25,-0.17%,137731,-
8-Jun-26,EQTY,Equity Group Holdings Plc,45.1,80,76.5,77.5,77,77.25,-0.25,-0.32%,1421229,-
8-Jun-26,HFCK,HFCB Group Plc,6.3,11.5,9.64,9.8,9.72,9.64,0.08,0.83%,93821,-
8-Jun-26,IMH,I & M Holdings Plc,33.75,55.75,52.5,54,53.25,52.5,0.75,1.43%,114748,-
8-Jun-26,KCB,KCB Group Plc,43.1,80.5,69.5,70.5,70,70.75,-0.75,-1.06%,748289,-
8-Jun-26,NCBA,NCBA Group Plc,54,100,87.75,91,88.25,88.25,-,-,247405,-
8-Jun-26,SBIC,Stanbic Holdings Plc,159,300,283.25,294,285.75,285,0.75,0.26%,8680,-
8-Jun-26,SCBK,Standard Chartered Bank Kenya Ltd,269,370,331,335,332.25,331.75,0.5,0.15%,15357,-
8-Jun-26,DCON,Deacons (East Africa) Plc,0.45,0.45,0.45,0.45,0.45,0.45,-,-,-,-
8-Jun-26,EVRD,Eveready East Africa Ltd,0.8,1.78,1.05,1.1,1.06,1.05,0.01,0.95%,170934,-
8-Jun-26,XPRS,Express Kenya Plc,2.85,10,6.7,7,6.82,6.9,-0.08,-1.16%,1604,-
8-Jun-26,HBE,Homeboyz Entertainment Plc,4.66,4.66,4.66,4.66,4.66,4.66,-,-,-,-
8-Jun-26,KQ,Kenya Airways Plc,1.56,8.92,5.58,5.98,5.74,5.64,0.1,1.77%,250361,-
8-Jun-26,LKL,Longhorn Publishers Plc,2.46,3.5,2.9,3.05,2.97,2.88,0.09,3.13%,4243,-
8-Jun-26,NBV,Nairobi Business Ventures Ltd,1.19,1.99,1.19,1.28,1.2,1.23,-0.03,-2.44%,76703,-
8-Jun-26,NMG,Nation Media Group Plc,11,20,12.4,13.75,12.55,12.65,-0.1,-0.79%,9929,-
8-Jun-26,SMER,Sameer Africa Plc,3.3,21.5,15,15.95,15.15,15.2,-0.05,-0.33%,8123,-
8-Jun-26,SGL,Standard Group Plc,5.32,7.14,5.32,6,5.58,5.9,-0.32,-5.42%,20780,-
8-Jun-26,TPSE,TPS Eastern Africa (Serena) Ltd,13.05,18.2,15.05,15.9,15.15,15.35,-0.2,-1.30%,1386,-
8-Jun-26,UCHM,Uchumi Supermarket Plc,0.25,2.93,1.39,1.47,1.41,1.45,-0.04,-2.76%,186682,-
8-Jun-26,SCAN,WPP ScanGroup Plc,2,3.14,2.1,2.2,2.13,2.06,0.07,3.40%,38868,-
8-Jun-26,ARM,ARM Cement Plc,5.55,5.55,5.55,5.55,5.55,5.55,-,-,-,-
8-Jun-26,BAMB,Bamburi Cement Ltd,47.2,47.2,47.2,47.2,47.2,47.2,-,-,-,-
8-Jun-26,CRWN,Crown Paints Kenya Plc,36.9,70.75,56.5,60.75,57.5,59.75,-2.25,-3.77%,17968,-
8-Jun-26,CABL,East African Cables Plc,1,1.98,1,1,1,1,-,-,-,-
8-Jun-26,PORT,East African Portland Cement Ltd,33,101,72.5,80,78.75,73,5.75,7.88%,1979,-
8-Jun-26,KEGN,Kenya Electricity Generating Company Plc,5.16,10.75,9.08,9.12,9.1,9.1,-,-,845610,-
8-Jun-26,KPC,Kenya Pipeline Company Plc,9,9.94,9.08,9.14,9.1,9.1,-,-,562144,-
8-Jun-26,KPLC-P4,KPLC-P4,4.1,5,5,5,5,5,-,-,-,-
8-Jun-26,KPLC-P7,KPLC-P7,6,6,6,6,6,6,-,-,-,-
8-Jun-26,KPLC,Kenya Power and Lighting Company Plc,8.12,19,15.5,15.8,15.55,15.7,-0.15,-0.96%,1039734,-
8-Jun-26,TOTL,TotalEnergies Marketing Kenya Plc,22.5,48.75,47,48.5,47.45,47.7,-0.25,-0.52%,33361,-
8-Jun-26,UMME,Umeme Ltd,5.8,24.75,7.36,8,7.7,7.76,-0.06,-0.77%,31795,-
8-Jun-26,BRIT,Britam Holdings Plc,6.88,13.4,12.2,12.65,12.25,12.65,-0.4,-3.16%,67587,-
8-Jun-26,CIC,CIC Insurance Group Ltd,2.65,6.62,4.25,4.32,4.28,4.2,0.08,1.90%,82403,-
8-Jun-26,JUB,Jubilee Holdings Ltd,210,437.75,375,399,393.5,394,-0.5,-0.13%,1011,-
8-Jun-26,KNRE,Kenya Re-Insurance Corporation Ltd,1.71,4.02,3.44,3.5,3.47,3.49,-0.02,-0.57%,611857,-
8-Jun-26,LBTY,Liberty Kenya Holdings Ltd,9,12.1,9.9,10.1,9.9,10,-0.1,-1.00%,154464,-
8-Jun-26,SLAM,Sanlam Allianz Holdings (Kenya) Plc,6.2,11,7.72,8.68,8.06,8.52,-0.46,-5.40%,35360,-
8-Jun-26,CTUM,Centum Investment Company Plc,11.1,16.75,13.55,13.85,13.75,13.85,-0.1,-0.72%,22090,-
8-Jun-26,HAFR,Home Afrika Ltd,0.59,1.93,1.23,1.3,1.26,1.25,0.01,0.80%,76310,-
8-Jun-26,KURV,Kurwitu Ventures Ltd,1400,1500,1500,1500,1500,1500,-,-,-,-
8-Jun-26,OCH,Olympia Capital Holdings Ltd,3.4,9,6.48,7.6,6.82,7.18,-0.36,-5.01%,1216,-
8-Jun-26,TCL,Trans-Century Plc,0.71,1.24,0.71,0.71,0.71,0.71,-,-,-,-
8-Jun-26,NSE,Nairobi Securities Exchange Plc,7.3,25.9,19,20.95,19.45,19.05,0.4,2.10%,170296,-
8-Jun-26,AMAC,Africa Mega Agricorp Plc,56,125,100,111,101,111,-10,-9.01%,162,-
8-Jun-26,BOC,BOC Kenya Plc,85,184,160,162,161.25,161.5,-0.25,-0.15%,1160,-
8-Jun-26,BAT,British American Tobacco Kenya Plc,347.5,629,515,525,518,520,-2,-0.38%,69703,-
8-Jun-26,CARB,Carbacid Investments Plc,19.3,33,29.5,30,29.95,29.65,0.3,1.01%,18837,-
8-Jun-26,EABL,East African Breweries Ltd,181,351,240.25,247,243.5,240.5,3,1.25%,1336867,-
8-Jun-26,FTGH,Flame Tree Group Holdings Ltd,0.9,3.11,1.89,1.92,1.91,1.92,-0.01,-0.52%,88405,-
8-Jun-26,MSC,Mumias Sugar Company Ltd,0.27,0.27,0.27,0.27,0.27,0.27,-,-,-,-
8-Jun-26,SKL,Shri Krishana Overseas Plc,5.8,12,8.6,9.5,8.92,9.4,-0.48,-5.11%,14502,-
8-Jun-26,UNGA,Unga Group Ltd,18.05,34,24.5,26,25.4,25.9,-0.5,-1.93%,660,-
8-Jun-26,SCOM,Safaricom Plc,22.5,34.2,31.5,31.8,31.6,31.75,-0.15,-0.47%,6190057,-
8-Jun-26,ALP,Africa Logistics Properties Industria...,1,1.02,1.02,1.02,1.02,1.02,-,-,-,-
8-Jun-26,LAPR,LAPTrust Imara Income-REIT,20,20,20,20,20,20,-,-,-,-
8-Jun-26,GLD,ABSA NewGold ETF,881,9800,5200,5595,5275,5315,-40,-0.75%,489,-
8-Jun-26,SMWF,Satrix MSCI World Feeder ETF,755,1895,932,1895,1015,947,68,7.18%,704,-
8-Jun-26,^N10I,NSE 10-Share Index,1435.87,2271.75,2197.38,2197.38,2197.38,2202.91,-5.53,-0.25%,-,-
8-Jun-26,^N20I,NSE 20-Share Index,2249.94,3758.73,3551.69,3551.69,3551.69,3557.72,-6.03,-0.17%,-,-
8-Jun-26,^N25I,NSE 25-Share Index,3730.54,5948.29,5777.3,5777.3,5777.3,5789.22,-11.92,-0.21%,-,-
8-Jun-26,^NASI,NSE All-Share Index,143.1,216.69,209.84,209.84,209.84,210.37,-0.53,-0.25%,-,-
8-Jun-26,^NBSI,NSE Banking Sector Index,149.92,245.9,238.61,238.61,238.61,239.37,-0.76,-0.32%,-,-
8-Jun-26,^ZKEQTK,Zamara Kenya Equity Index (KES),2888.55,4790.09,4748.24,4748.24,4748.24,4764.05,-15.81,-0.33%,-,-
8-Jun-26,^ZKEQTU,Zamara Kenya Equity Index (USD),1924.95,3197.11,3158.16,3158.16,3158.16,3171.12,-12.96,-0.41%,-,-
9-Jun-26,EGAD,Eaagads Ltd,11,37,30.5,33.8,30.55,30.8,-0.25,-0.81%,69274,-
9-Jun-26,KUKZ,Kakuzi Plc,365,460,439,444,434.5,434.5,-,-,90,-
9-Jun-26,KAPC,Kapchorua Tea Kenya Plc,198,424.25,275.5,279.75,276.5,277.25,-0.75,-0.27%,274,-
9-Jun-26,LIMT,Limuru Tea Plc,295,555,447,484,446.75,446.75,-,-,67,-
9-Jun-26,SASN,Sasini Plc,14,33.9,23.2,24,23.5,23.15,0.35,1.51%,31587,-
9-Jun-26,WTK,Williamson Tea Kenya Plc,129.75,350,133,134,133.5,131.5,2,1.52%,3137,-
9-Jun-26,CGEN,Car and General (K) Ltd,19.95,93,86,93,93,91.5,1.5,1.64%,10585,-
9-Jun-26,ABSA,ABSA Bank Kenya Plc,17.95,33,28.05,29.2,28.2,29,-0.8,-2.76%,1536217,-
9-Jun-26,BKG,BK Group Plc,28.75,58,52.25,55,54.25,53.75,0.5,0.93%,4308,-
9-Jun-26,COOP,Co-operative Bank of Kenya Ltd,15.65,34.3,30.75,32,31.25,31.45,-0.2,-0.64%,252458,-
9-Jun-26,DTK,Diamond Trust Bank Kenya Ltd,70,170,141.5,145,143,142.75,0.25,0.18%,40563,-
9-Jun-26,EQTY,Equity Group Holdings Plc,44.9,80,75,77,75.5,77,-1.5,-1.95%,1705015,-
9-Jun-26,HFCK,HFCB Group Plc,6.3,11.5,9.64,9.8,9.7,9.72,-0.02,-0.21%,62821,-
9-Jun-26,IMH,I & M Holdings Plc,33.5,54,53,53.5,53,53.25,-0.25,-0.47%,141066,-
9-Jun-26,KCB,KCB Group Plc,43.1,80.5,69,70,69.5,70,-0.5,-0.71%,470692,-
9-Jun-26,NCBA,NCBA Group Plc,53,100,87,91,88.75,88.25,0.5,0.57%,173387,-
9-Jun-26,SBIC,Stanbic Holdings Plc,159,300,285,294,286.25,285.75,0.5,0.17%,103459,-
9-Jun-26,SCBK,Standard Chartered Bank Kenya Ltd,268.5,370,331,335,334.5,332.25,2.25,0.68%,37554,-
9-Jun-26,DCON,Deacons (East Africa) Plc,0.45,0.45,0.45,0.45,0.45,0.45,-,-,-,-
9-Jun-26,EVRD,Eveready East Africa Ltd,0.8,1.78,1.04,1.08,1.06,1.06,-,-,108943,-
9-Jun-26,XPRS,Express Kenya Plc,2.85,10,6.6,7.1,6.78,6.82,-0.04,-0.59%,4494,-
9-Jun-26,HBE,Homeboyz Entertainment Plc,4.66,4.66,4.66,4.66,4.66,4.66,-,-,-,-
9-Jun-26,KQ,Kenya Airways Plc,1.56,8.92,5.8,6.2,6,5.74,0.26,4.53%,417341,-
9-Jun-26,LKL,Longhorn Publishers Plc,2.46,3.5,2.71,3.05,2.98,2.97,0.01,0.34%,34964,-
9-Jun-26,NBV,Nairobi Business Ventures Ltd,1.19,2,1.2,1.3,1.25,1.2,0.05,4.17%,27792,-
9-Jun-26,NMG,Nation Media Group Plc,11,20,12.2,13.5,13.35,12.55,0.8,6.37%,5287,-
9-Jun-26,SMER,Sameer Africa Plc,3.3,21.5,14.8,15.3,15,15.15,-0.15,-0.99%,36176,-
9-Jun-26,SGL,Standard Group Plc,5.32,7.14,5.54,5.98,5.6,5.58,0.02,0.36%,2637,-
9-Jun-26,TPSE,TPS Eastern Africa (Serena) Ltd,13.05,18.2,15.8,15.85,15.85,15.15,0.7,4.62%,582,-
9-Jun-26,UCHM,Uchumi Supermarket Plc,0.23,2.93,1.39,1.5,1.41,1.41,-,-,226196,-
9-Jun-26,SCAN,WPP ScanGroup Plc,2,3.14,2.06,2.2,2.09,2.13,-0.04,-1.88%,37235,-
9-Jun-26,ARM,ARM Cement Plc,5.55,5.55,5.55,5.55,5.55,5.55,-,-,-,-
9-Jun-26,BAMB,Bamburi Cement Ltd,47.2,47.2,47.2,47.2,47.2,47.2,-,-,-,-
9-Jun-26,CRWN,Crown Paints Kenya Plc,36.9,70.75,57,60.75,57.5,57.5,-,-,12402,-
9-Jun-26,CABL,East African Cables Plc,1,1.98,1,1,1,1,-,-,-,-
9-Jun-26,PORT,East African Portland Cement Ltd,33,101,72,81.25,76,78.75,-2.75,-3.49%,2873,-
9-Jun-26,KEGN,Kenya Electricity Generating Company Plc,5.06,10.75,9.08,9.12,9.1,9.1,-,-,1732629,-
9-Jun-26,KPC,Kenya Pipeline Company Plc,9,9.94,9.06,9.14,9.1,9.1,-,-,245919,-
9-Jun-26,KPLC-P4,KPLC-P4,4,5,5,5,5,5,-,-,-,-
9-Jun-26,KPLC-P7,KPLC-P7,6,6,6,6,6,6,-,-,-,-
9-Jun-26,KPLC,Kenya Power and Lighting Company Plc,8.02,19,15.3,15.6,15.4,15.55,-0.15,-0.96%,990262,-
9-Jun-26,TOTL,TotalEnergies Marketing Kenya Plc,22.5,48.75,47.1,47.5,47.35,47.45,-0.1,-0.21%,41704,-
9-Jun-26,UMME,Umeme Ltd,5.8,24.75,7.4,7.9,7.6,7.7,-0.1,-1.30%,11626,-
9-Jun-26,BRIT,Britam Holdings Plc,6.88,13.4,12.2,12.6,12.45,12.25,0.2,1.63%,24408,-
9-Jun-26,CIC,CIC Insurance Group Ltd,2.65,6.62,4.01,4.5,4.2,4.28,-0.08,-1.87%,423253,-
9-Jun-26,JUB,Jubilee Holdings Ltd,210,437.75,380,393,386,393.5,-7.5,-1.91%,3131,-
9-Jun-26,KNRE,Kenya Re-Insurance Corporation Ltd,1.71,4.02,3.44,3.5,3.49,3.47,0.02,0.58%,1389654,-
9-Jun-26,LBTY,Liberty Kenya Holdings Ltd,9,12.1,9.8,10,9.96,9.9,0.06,0.61%,33440,-
9-Jun-26,SLAM,Sanlam Allianz Holdings (Kenya) Plc,6.2,11,7.82,8.5,7.88,8.06,-0.18,-2.23%,98671,-
9-Jun-26,CTUM,Centum Investment Company Plc,11.1,16.75,13.4,13.8,13.55,13.75,-0.2,-1.45%,24734,-
9-Jun-26,HAFR,Home Afrika Ltd,0.59,1.93,1.27,1.32,1.31,1.26,0.05,3.97%,589424,-
9-Jun-26,KURV,Kurwitu Ventures Ltd,1400,1500,1500,1500,1500,1500,-,-,-,-
9-Jun-26,OCH,Olympia Capital Holdings Ltd,3.4,9,6.5,7.5,6.54,6.82,-0.28,-4.11%,3718,-
9-Jun-26,TCL,Trans-Century Plc,0.71,1.24,0.71,0.71,0.71,0.71,-,-,-,-
9-Jun-26,NSE,Nairobi Securities Exchange Plc,7.3,25.9,19,19.95,19.05,19.45,-0.4,-2.06%,99897,-
9-Jun-26,AMAC,Africa Mega Agricorp Plc,56,125,100,111,109.25,101,8.25,8.17%,367,-
9-Jun-26,BOC,BOC Kenya Plc,85,184,160,175,161.75,161.25,0.5,0.31%,2795,-
9-Jun-26,BAT,British American Tobacco Kenya Plc,347.5,629,517,520,518,518,-,-,13860,-
9-Jun-26,CARB,Carbacid Investments Plc,19.3,33,29.1,30,29.75,29.95,-0.2,-0.67%,37978,-
9-Jun-26,EABL,East African Breweries Ltd,180,351,243.75,245,244.25,243.5,0.75,0.31%,13562,-
9-Jun-26,FTGH,Flame Tree Group Holdings Ltd,0.9,3.11,1.8,2,1.91,1.91,-,-,67148,-
9-Jun-26,MSC,Mumias Sugar Company Ltd,0.27,0.27,0.27,0.27,0.27,0.27,-,-,-,-
9-Jun-26,SKL,Shri Krishana Overseas Plc,5.8,12,8.66,9.44,9.42,8.92,0.5,5.61%,909,-
9-Jun-26,UNGA,Unga Group Ltd,18.05,34,25,26.95,26.05,25.4,0.65,2.56%,1537,-
9-Jun-26,SCOM,Safaricom Plc,22.5,34.2,31.3,31.7,31.5,31.6,-0.1,-0.32%,344356,-
9-Jun-26,ALP,Africa Logistics Properties Industria...,1,1.02,1.02,1.02,1.02,1.02,-,-,-,-
9-Jun-26,LAPR,LAPTrust Imara Income-REIT,20,20,20,20,20,20,-,-,-,-
9-Jun-26,GLD,ABSA NewGold ETF,881,9800,5250,5590,5350,5275,75,1.42%,111,-
9-Jun-26,SMWF,Satrix MSCI World Feeder ETF,755,1895,932,1040,939,1015,-76,-7.49%,1075,-
9-Jun-26,^N10I,NSE 10-Share Index,1426.01,2271.75,2177.3,2177.3,2177.3,2197.38,-20.08,-0.91%,-,-
9-Jun-26,^N20I,NSE 20-Share Index,2235.97,3758.73,3540.31,3540.31,3540.31,3551.69,-11.38,-0.32%,-,-
9-Jun-26,^N25I,NSE 25-Share Index,3708.45,5948.29,5738.36,5738.36,5738.36,5777.3,-38.94,-0.67%,-,-
9-Jun-26,^NASI,NSE All-Share Index,143.1,216.69,209.04,209.04,209.04,209.84,-0.8,-0.38%,-,-
9-Jun-26,^NBSI,NSE Banking Sector Index,149.92,245.9,236.65,236.65,236.65,238.61,-1.96,-0.82%,-,-
9-Jun-26,^ZKEQTK,Zamara Kenya Equity Index (KES),2868.59,4790.09,4716.56,4716.56,4716.56,4748.24,-31.68,-0.67%,-,-
9-Jun-26,^ZKEQTU,Zamara Kenya Equity Index (USD),1911.65,3197.11,3138.3,3138.3,3138.3,3158.16,-19.86,-0.63%,-,-
10-Jun-26,EGAD,Eaagads Ltd,11,37,30.8,33.5,32.25,30.55,1.7,5.56%,587,-
10-Jun-26,KUKZ,Kakuzi Plc,365,460,431.75,439,434.5,434.5,-,-,80,-
10-Jun-26,KAPC,Kapchorua Tea Kenya Plc,198,424.25,277,279,277.5,276.5,1,0.36%,2183,-
10-Jun-26,LIMT,Limuru Tea Plc,295,555,454.5,484,446.75,446.75,-,-,24,-
10-Jun-26,SASN,Sasini Plc,14,33.9,23,23.4,23.15,23.5,-0.35,-1.49%,4409,-
10-Jun-26,WTK,Williamson Tea Kenya Plc,129.75,350,130,134,132,133.5,-1.5,-1.12%,9631,-
10-Jun-26,CGEN,Car and General (K) Ltd,19.95,93,91.75,93,92.5,93,-0.5,-0.54%,1979,-
10-Jun-26,ABSA,ABSA Bank Kenya Plc,17.95,33,28.1,28.85,28.6,28.2,0.4,1.42%,181961,-
10-Jun-26,BKG,BK Group Plc,28.75,58,53.5,54,53.75,54.25,-0.5,-0.92%,16820,-
10-Jun-26,COOP,Co-operative Bank of Kenya Ltd,15.65,34.3,30.8,31.25,31.05,31.25,-0.2,-0.64%,214702,-
10-Jun-26,DTK,Diamond Trust Bank Kenya Ltd,70,170,141.75,145,142.25,143,-0.75,-0.52%,40097,-
10-Jun-26,EQTY,Equity Group Holdings Plc,44.9,80,75,76.75,75.75,75.5,0.25,0.33%,657905,-
10-Jun-26,HFCK,HFCB Group Plc,6.3,11.5,9.58,9.7,9.64,9.7,-0.06,-0.62%,78866,-
10-Jun-26,IMH,I & M Holdings Plc,33.5,55,53,53.5,53.25,53,0.25,0.47%,62284,-
10-Jun-26,KCB,KCB Group Plc,43.1,80.5,68.75,69.5,69.25,69.5,-0.25,-0.36%,476532,-
10-Jun-26,NCBA,NCBA Group Plc,53,100,87.5,91,88.5,88.75,-0.25,-0.28%,51977,-
10-Jun-26,SBIC,Stanbic Holdings Plc,159,300,283.5,294,287,286.25,0.75,0.26%,14097,-
10-Jun-26,SCBK,Standard Chartered Bank Kenya Ltd,268.5,370,332,344,336.5,334.5,2,0.60%,12848,-
10-Jun-26,DCON,Deacons (East Africa) Plc,0.45,0.45,0.45,0.45,0.45,0.45,-,-,-,-
10-Jun-26,EVRD,Eveready East Africa Ltd,0.8,1.78,1.02,1.12,1.03,1.06,-0.03,-2.83%,202656,-
10-Jun-26,XPRS,Express Kenya Plc,2.85,10,6.5,7,6.74,6.78,-0.04,-0.59%,3027,-
10-Jun-26,HBE,Homeboyz Entertainment Plc,4.66,4.66,4.66,4.66,4.66,4.66,-,-,-,-
10-Jun-26,KQ,Kenya Airways Plc,1.56,8.92,5.9,6.18,5.96,6,-0.04,-0.67%,145659,-
10-Jun-26,LKL,Longhorn Publishers Plc,2.46,3.5,2.8,3.05,2.99,2.98,0.01,0.34%,26544,-
10-Jun-26,NBV,Nairobi Business Ventures Ltd,1.19,2,1.2,1.25,1.22,1.25,-0.03,-2.40%,34438,-
10-Jun-26,NMG,Nation Media Group Plc,11,20,12.5,13.5,12.75,13.35,-0.6,-4.49%,8255,-
10-Jun-26,SMER,Sameer Africa Plc,3.3,21.5,14.55,14.9,14.85,15,-0.15,-1.00%,5192,-
10-Jun-26,SGL,Standard Group Plc,5.32,7.14,5.5,5.98,5.62,5.6,0.02,0.36%,1594,-
10-Jun-26,TPSE,TPS Eastern Africa (Serena) Ltd,13.05,18.2,15,15.85,15,15.85,-0.85,-5.36%,18660,-
10-Jun-26,UCHM,Uchumi Supermarket Plc,0.23,2.93,1.4,1.45,1.43,1.41,0.02,1.42%,98385,-
10-Jun-26,SCAN,WPP ScanGroup Plc,2,3.14,2,2.1,2.04,2.09,-0.05,-2.39%,101464,-
10-Jun-26,ARM,ARM Cement Plc,5.55,5.55,5.55,5.55,5.55,5.55,-,-,-,-
10-Jun-26,BAMB,Bamburi Cement Ltd,47.2,47.2,47.2,47.2,47.2,47.2,-,-,-,-
10-Jun-26,CRWN,Crown Paints Kenya Plc,36.9,70.75,57,60.75,58.25,57.5,0.75,1.30%,10940,-
10-Jun-26,CABL,East African Cables Plc,1,1.98,1,1,1,1,-,-,-,-
10-Jun-26,PORT,East African Portland Cement Ltd,33,101,76,78,76,76,-,-,11,-
10-Jun-26,KEGN,Kenya Electricity Generating Company Plc,5.06,10.75,9.08,9.1,9.1,9.1,-,-,511181,-
10-Jun-26,KPC,Kenya Pipeline Company Plc,9,9.94,9.1,9.14,9.14,9.1,0.04,0.44%,10997821,-
10-Jun-26,KPLC-P4,KPLC-P4,4,5,5,5,5,5,-,-,-,-
10-Jun-26,KPLC-P7,KPLC-P7,6,6,6,6,6,6,-,-,-,-
10-Jun-26,KPLC,Kenya Power and Lighting Company Plc,8.02,19,15.25,15.6,15.4,15.4,-,-,668028,-
10-Jun-26,TOTL,TotalEnergies Marketing Kenya Plc,22.5,48.75,47.2,47.7,47.5,47.35,0.15,0.32%,93605,-
10-Jun-26,UMME,Umeme Ltd,5.8,24.75,7.5,8,7.76,7.6,0.16,2.11%,11534,-
10-Jun-26,BRIT,Britam Holdings Plc,6.88,13.4,12.1,12.45,12.2,12.45,-0.25,-2.01%,114653,-
10-Jun-26,CIC,CIC Insurance Group Ltd,2.65,6.62,4.08,4.5,4.17,4.2,-0.03,-0.71%,147496,-
10-Jun-26,JUB,Jubilee Holdings Ltd,210,437.75,380,390,383,386,-3,-0.78%,1058,-
10-Jun-26,KNRE,Kenya Re-Insurance Corporation Ltd,1.71,4.02,3.4,3.5,3.47,3.49,-0.02,-0.57%,2346607,-
10-Jun-26,LBTY,Liberty Kenya Holdings Ltd,9,12.1,9.5,10,9.88,9.96,-0.08,-0.80%,3615,-
10-Jun-26,SLAM,Sanlam Allianz Holdings (Kenya) Plc,6.2,11,7.6,8.6,7.62,7.88,-0.26,-3.30%,171409,-
10-Jun-26,CTUM,Centum Investment Company Plc,11.1,16.75,13.5,13.8,13.6,13.55,0.05,0.37%,42913,-
10-Jun-26,HAFR,Home Afrika Ltd,0.59,1.93,1.27,1.32,1.3,1.31,-0.01,-0.76%,105936,-
10-Jun-26,KURV,Kurwitu Ventures Ltd,1400,1500,1500,1500,1500,1500,-,-,-,-
10-Jun-26,OCH,Olympia Capital Holdings Ltd,3.4,9,6.5,7.18,6.78,6.54,0.24,3.67%,2658,-
10-Jun-26,TCL,Trans-Century Plc,0.71,1.24,0.71,0.71,0.71,0.71,-,-,-,-
10-Jun-26,NSE,Nairobi Securities Exchange Plc,7.3,25.9,19.05,19.7,19.1,19.05,0.05,0.26%,182649,-
10-Jun-26,AMAC,Africa Mega Agricorp Plc,56,125,98.5,115,109.25,109.25,-,-,167,-
10-Jun-26,BOC,BOC Kenya Plc,85,184,160,175,171.75,161.75,10,6.18%,2342,-
10-Jun-26,BAT,British American Tobacco Kenya Plc,347.5,629,516,520,518,518,-,-,6706,-
10-Jun-26,CARB,Carbacid Investments Plc,19.3,33,29.6,30,29.95,29.75,0.2,0.67%,8692,-
10-Jun-26,EABL,East African Breweries Ltd,180,351,244,250,249.25,244.25,5,2.05%,1489815,-
10-Jun-26,FTGH,Flame Tree Group Holdings Ltd,0.9,3.11,1.9,2.05,1.97,1.91,0.06,3.14%,44637,-
10-Jun-26,MSC,Mumias Sugar Company Ltd,0.27,0.27,0.27,0.27,0.27,0.27,-,-,-,-
10-Jun-26,SKL,Shri Krishana Overseas Plc,5.8,12,8.92,9.44,9.38,9.42,-0.04,-0.42%,177,-
10-Jun-26,UNGA,Unga Group Ltd,18.05,34,25,26.95,26.55,26.05,0.5,1.92%,1124,-
10-Jun-26,SCOM,Safaricom Plc,22.5,34.2,31.2,31.75,31.4,31.5,-0.1,-0.32%,249108,-
10-Jun-26,ALP,Africa Logistics Properties Industria...,1,1.02,1.02,1.02,1.02,1.02,-,-,-,-
10-Jun-26,LAPR,LAPTrust Imara Income-REIT,20,20,20,20,20,20,-,-,-,-
10-Jun-26,GLD,ABSA NewGold ETF,881,9800,5100,5590,5220,5350,-130,-2.43%,362,-
10-Jun-26,SMWF,Satrix MSCI World Feeder ETF,755,1895,924,1015,929,939,-10,-1.06%,662,-
10-Jun-26,^N10I,NSE 10-Share Index,1426.01,2271.75,2184.1,2184.1,2184.1,2177.3,6.8,0.31%,-,-
10-Jun-26,^N20I,NSE 20-Share Index,2235.97,3758.73,3537.6,3537.6,3537.6,3540.31,-2.71,-0.08%,-,-
10-Jun-26,^N25I,NSE 25-Share Index,3708.45,5948.29,5749.28,5749.28,5749.28,5738.36,10.92,0.19%,-,-
10-Jun-26,^NASI,NSE All-Share Index,143.1,216.69,209.1,209.1,209.1,209.04,0.06,0.03%,-,-
10-Jun-26,^NBSI,NSE Banking Sector Index,149.92,245.9,236.98,236.98,236.98,236.65,0.33,0.14%,-,-
10-Jun-26,^ZKEQTK,Zamara Kenya Equity Index (KES),2888.55,4790.09,4722.57,4722.57,4722.57,4716.56,6.01,0.13%,-,-
10-Jun-26,^ZKEQTU,Zamara Kenya Equity Index (USD),1924.95,3197.11,3142.3,3142.3,3142.3,3138.3,4,0.13%,-,-
11-Jun-26,EGAD,Eaagads Ltd,11,37,30.8,31,30.9,32.25,-1.35,-4.19%,1138,-
11-Jun-26,KUKZ,Kakuzi Plc,365,460,435,439,438.75,434.5,4.25,0.98%,604,-
11-Jun-26,KAPC,Kapchorua Tea Kenya Plc,198,424.25,277,279,277.5,277.5,-,-,157,-
11-Jun-26,LIMT,Limuru Tea Plc,295,555,446.75,446.75,446.75,446.75,-,-,-,-
11-Jun-26,SASN,Sasini Plc,14,33.9,23.05,23.5,23.3,23.15,0.15,0.65%,3611,-
11-Jun-26,WTK,Williamson Tea Kenya Plc,129.75,350,132.75,134,133.5,132,1.5,1.14%,2785,-
11-Jun-26,CGEN,Car and General (K) Ltd,19.95,100,91.75,93,92.75,92.5,0.25,0.27%,11408,-
11-Jun-26,ABSA,ABSA Bank Kenya Plc,17.95,33,28.4,28.9,28.55,28.6,-0.05,-0.17%,267325,-
11-Jun-26,BKG,BK Group Plc,28.75,58,53.5,54,54,53.75,0.25,0.47%,16542,-
11-Jun-26,COOP,Co-operative Bank of Kenya Ltd,15.95,34.3,30.5,31.5,31.3,31.05,0.25,0.81%,1398586,-
11-Jun-26,DTK,Diamond Trust Bank Kenya Ltd,70,170,142,144.75,142.75,142.25,0.5,0.35%,35502,-
11-Jun-26,EQTY,Equity Group Holdings Plc,45.1,80,74.75,76,75.25,75.75,-0.5,-0.66%,1315537,-
11-Jun-26,HFCK,HFCB Group Plc,6.3,11.5,9.5,9.98,9.6,9.64,-0.04,-0.41%,92468,-
11-Jun-26,IMH,I & M Holdings Plc,33.75,55.75,53,55,53.25,53.25,-,-,160039,-
11-Jun-26,KCB,KCB Group Plc,43.1,80.5,69,69.25,69.25,69.25,-,-,189153,-
11-Jun-26,NCBA,NCBA Group Plc,54,100,88,91,89,88.5,0.5,0.56%,70007,-
11-Jun-26,SBIC,Stanbic Holdings Plc,159,300,284,294,286.5,287,-0.5,-0.17%,593740,-
11-Jun-26,SCBK,Standard Chartered Bank Kenya Ltd,269,370,335,340,338.75,336.5,2.25,0.67%,6946,-
11-Jun-26,DCON,Deacons (East Africa) Plc,0.45,0.45,0.45,0.45,0.45,0.45,-,-,-,-
11-Jun-26,EVRD,Eveready East Africa Ltd,0.8,1.78,1.02,1.1,1.04,1.03,0.01,0.97%,343959,-
11-Jun-26,XPRS,Express Kenya Plc,2.85,10,6.5,7,6.56,6.74,-0.18,-2.67%,1666,-
11-Jun-26,HBE,Homeboyz Entertainment Plc,4.66,4.66,4.66,4.66,4.66,4.66,-,-,-,-
11-Jun-26,KQ,Kenya Airways Plc,1.56,8.92,5.82,6,5.94,5.96,-0.02,-0.34%,318767,-
11-Jun-26,LKL,Longhorn Publishers Plc,2.46,3.5,2.7,3.07,2.93,2.99,-0.06,-2.01%,3059,-
11-Jun-26,NBV,Nairobi Business Ventures Ltd,1.19,1.99,1.2,1.3,1.26,1.22,0.04,3.28%,57441,-
11-Jun-26,NMG,Nation Media Group Plc,11,20,13,13.45,13.35,12.75,0.6,4.71%,3554,-
11-Jun-26,SMER,Sameer Africa Plc,3.3,21.5,14.75,15,14.8,14.85,-0.05,-0.34%,8203,-
11-Jun-26,SGL,Standard Group Plc,5.32,7.14,5.52,6.16,5.76,5.62,0.14,2.49%,2457,-
11-Jun-26,TPSE,TPS Eastern Africa (Serena) Ltd,13.05,18.2,15,15.85,15.75,15,0.75,5.00%,4646,-
11-Jun-26,UCHM,Uchumi Supermarket Plc,0.25,2.93,1.4,1.57,1.53,1.43,0.1,6.99%,310733,-
11-Jun-26,SCAN,WPP ScanGroup Plc,2,3.14,2,2.18,2.17,2.04,0.13,6.37%,90877,-
11-Jun-26,ARM,ARM Cement Plc,5.55,5.55,5.55,5.55,5.55,5.55,-,-,-,-
11-Jun-26,BAMB,Bamburi Cement Ltd,47.2,47.2,47.2,47.2,47.2,47.2,-,-,-,-
11-Jun-26,CRWN,Crown Paints Kenya Plc,36.9,70.75,58.5,63.75,61,58.25,2.75,4.72%,7071,-
11-Jun-26,CABL,East African Cables Plc,1,1.98,1,1,1,1,-,-,-,-
11-Jun-26,PORT,East African Portland Cement Ltd,33,101,76,78,78,76,2,2.63%,317,-
11-Jun-26,KEGN,Kenya Electricity Generating Company Plc,5.16,10.75,9.06,9.1,9.1,9.1,-,-,454574,-
11-Jun-26,KPC,Kenya Pipeline Company Plc,9,9.94,9.04,9.14,9.1,9.14,-0.04,-0.44%,151852,-
11-Jun-26,KPLC-P4,KPLC-P4,4.1,5,5,5,5,5,-,-,-,-
11-Jun-26,KPLC-P7,KPLC-P7,6,6,6,6,6,6,-,-,-,-
11-Jun-26,KPLC,Kenya Power and Lighting Company Plc,8.12,19,15.25,15.65,15.45,15.4,0.05,0.32%,170999,-
11-Jun-26,TOTL,TotalEnergies Marketing Kenya Plc,22.5,48.75,47.5,48,47.7,47.5,0.2,0.42%,19136,-
11-Jun-26,UMME,Umeme Ltd,5.8,24.75,7.68,8,7.72,7.76,-0.04,-0.52%,6417,-
11-Jun-26,BRIT,Britam Holdings Plc,6.88,13.4,12,12.45,12.35,12.2,0.15,1.23%,126277,-
11-Jun-26,CIC,CIC Insurance Group Ltd,2.65,6.62,4.1,4.32,4.19,4.17,0.02,0.48%,110319,-
11-Jun-26,JUB,Jubilee Holdings Ltd,210,437.75,370,382,381.5,383,-1.5,-0.39%,2168,-
11-Jun-26,KNRE,Kenya Re-Insurance Corporation Ltd,1.71,4.02,3.4,3.49,3.44,3.47,-0.03,-0.86%,3228376,-
11-Jun-26,LBTY,Liberty Kenya Holdings Ltd,9,12.1,9.5,10,9.94,9.88,0.06,0.61%,20750,-
11-Jun-26,SLAM,Sanlam Allianz Holdings (Kenya) Plc,6.2,11,8,8.38,8.02,7.62,0.4,5.25%,80527,-
11-Jun-26,CTUM,Centum Investment Company Plc,11.1,16.75,13.4,13.8,13.6,13.6,-,-,53579,-
11-Jun-26,HAFR,Home Afrika Ltd,0.59,1.93,1.28,1.38,1.34,1.3,0.04,3.08%,501299,-
11-Jun-26,KURV,Kurwitu Ventures Ltd,1400,1500,1500,1500,1500,1500,-,-,-,-
11-Jun-26,OCH,Olympia Capital Holdings Ltd,3.4,9,6.14,6.94,6.64,6.78,-0.14,-2.06%,173,-
11-Jun-26,TCL,Trans-Century Plc,0.71,1.24,0.71,0.71,0.71,0.71,-,-,-,-
11-Jun-26,NSE,Nairobi Securities Exchange Plc,7.3,25.9,19.1,19.85,19.3,19.1,0.2,1.05%,82638,-
11-Jun-26,AMAC,Africa Mega Agricorp Plc,56,125,102.5,112.75,106.75,109.25,-2.5,-2.29%,404,-
11-Jun-26,BOC,BOC Kenya Plc,85,184,160,173,164.75,171.75,-7,-4.08%,1274,-
11-Jun-26,BAT,British American Tobacco Kenya Plc,347.5,629,517,520,518,518,-,-,14866,-
11-Jun-26,CARB,Carbacid Investments Plc,19.3,33,29.65,29.95,29.85,29.95,-0.1,-0.33%,13780,-
11-Jun-26,EABL,East African Breweries Ltd,181,351,248,249,248.5,249.25,-0.75,-0.30%,191833,-
11-Jun-26,FTGH,Flame Tree Group Holdings Ltd,0.9,3.11,1.92,2.04,1.95,1.97,-0.02,-1.02%,21998,-
11-Jun-26,MSC,Mumias Sugar Company Ltd,0.27,0.27,0.27,0.27,0.27,0.27,-,-,-,-
11-Jun-26,SKL,Shri Krishana Overseas Plc,5.8,12,9.38,10,9.62,9.38,0.24,2.56%,7146,-
11-Jun-26,UNGA,Unga Group Ltd,18.05,34,25.6,26.95,26.8,26.55,0.25,0.94%,670,-
11-Jun-26,SCOM,Safaricom Plc,22.5,34.2,31,31.75,31.35,31.4,-0.05,-0.16%,20810471,-
11-Jun-26,ALP,Africa Logistics Properties Industria...,1,1.02,1.02,1.02,1.02,1.02,-,-,-,-
11-Jun-26,LAPR,LAPTrust Imara Income-REIT,20,20,20,20,20,20,-,-,-,-
11-Jun-26,GLD,ABSA NewGold ETF,881,9800,4945,5595,5015,5220,-205,-3.93%,1078,-
11-Jun-26,SMWF,Satrix MSCI World Feeder ETF,755,1895,920,925,922,929,-7,-0.75%,305,-
11-Jun-26,^N10I,NSE 10-Share Index,1435.87,2271.75,2181.03,2181.03,2181.03,2184.1,-3.07,-0.14%,-,-
11-Jun-26,^N20I,NSE 20-Share Index,2249.94,3758.73,3541.34,3541.34,3541.34,3537.6,3.74,0.11%,-,-
11-Jun-26,^N25I,NSE 25-Share Index,3730.54,5948.29,5746.21,5746.21,5746.21,5749.28,-3.07,-0.05%,-,-
11-Jun-26,^NASI,NSE All-Share Index,143.1,216.69,209.04,209.04,209.04,209.1,-0.06,-0.03%,-,-
11-Jun-26,^NBSI,NSE Banking Sector Index,149.92,245.9,237.1,237.1,237.1,236.98,0.12,0.05%,-,-
11-Jun-26,^ZKEQTK,Zamara Kenya Equity Index (KES),2888.55,4790.09,4715.88,4715.88,4715.88,4722.57,-6.69,-0.14%,-,-
11-Jun-26,^ZKEQTU,Zamara Kenya Equity Index (USD),1924.95,3197.11,3131.8,3131.8,3131.8,3142.3,-10.5,-0.33%,-,-
12-Jun-26,EGAD,Eaagads Ltd,11,37,31,33.25,33.2,30.9,2.3,7.44%,15829,-
12-Jun-26,KUKZ,Kakuzi Plc,365,460,428,439,436.25,438.75,-2.5,-0.57%,196,-
12-Jun-26,KAPC,Kapchorua Tea Kenya Plc,198,424.25,275,278,276.75,277.5,-0.75,-0.27%,880,-
12-Jun-26,LIMT,Limuru Tea Plc,295,555,470,470,446.75,446.75,-,-,8,-
12-Jun-26,SASN,Sasini Plc,14,33.9,22.5,23.3,23.05,23.3,-0.25,-1.07%,4660,-
12-Jun-26,WTK,Williamson Tea Kenya Plc,129.75,350,132,134,133,133.5,-0.5,-0.37%,6606,-
12-Jun-26,CGEN,Car and General (K) Ltd,19.95,100,91.5,100,93.75,92.75,1,1.08%,14059,-
12-Jun-26,ABSA,ABSA Bank Kenya Plc,17.95,33,28.05,28.9,28.2,28.55,-0.35,-1.23%,853065,-
12-Jun-26,BKG,BK Group Plc,28.75,58,53.5,54,53.75,54,-0.25,-0.46%,1713490,-
12-Jun-26,COOP,Co-operative Bank of Kenya Ltd,16,34.3,31.05,31.8,31.7,31.3,0.4,1.28%,981116,-
12-Jun-26,DTK,Diamond Trust Bank Kenya Ltd,70,170,142,144.75,142.5,142.75,-0.25,-0.18%,31977,-
12-Jun-26,EQTY,Equity Group Holdings Plc,45.2,80,75,76,75.5,75.25,0.25,0.33%,136221,-
12-Jun-26,HFCK,HFCB Group Plc,6.5,11.5,9.56,9.68,9.62,9.6,0.02,0.21%,44548,-
12-Jun-26,IMH,I & M Holdings Plc,33.95,56,54.5,55.75,55,53.25,1.75,3.29%,89367,-
12-Jun-26,KCB,KCB Group Plc,43.1,80.5,69,70,69.25,69.25,-,-,470851,-
12-Jun-26,NCBA,NCBA Group Plc,54,100,87.5,90,88.25,89,-0.75,-0.84%,116359,-
12-Jun-26,SBIC,Stanbic Holdings Plc,159,300,290,294,292.5,286.5,6,2.09%,2110,-
12-Jun-26,SCBK,Standard Chartered Bank Kenya Ltd,279.5,370,335,340,337,338.75,-1.75,-0.52%,12309,-
12-Jun-26,DCON,Deacons (East Africa) Plc,0.45,0.45,0.45,0.45,0.45,0.45,-,-,-,-
12-Jun-26,EVRD,Eveready East Africa Ltd,0.8,1.78,1.01,1.1,1.04,1.04,-,-,441144,-
12-Jun-26,XPRS,Express Kenya Plc,2.86,10,6.4,6.8,6.58,6.56,0.02,0.30%,1362,-
12-Jun-26,HBE,Homeboyz Entertainment Plc,4.66,4.66,4.66,4.66,4.66,4.66,-,-,-,-
12-Jun-26,KQ,Kenya Airways Plc,1.56,8.92,5.74,5.98,5.9,5.94,-0.04,-0.67%,201754,-
12-Jun-26,LKL,Longhorn Publishers Plc,2.46,3.5,2.81,3,2.84,2.93,-0.09,-3.07%,1230,-
12-Jun-26,NBV,Nairobi Business Ventures Ltd,1.19,1.99,1.22,1.34,1.29,1.26,0.03,2.38%,8045,-
12-Jun-26,NMG,Nation Media Group Plc,11,20,12.5,13.4,13.1,13.35,-0.25,-1.87%,14004,-
12-Jun-26,SMER,Sameer Africa Plc,3.3,21.5,13.75,15,14.55,14.8,-0.25,-1.69%,8183,-
12-Jun-26,SGL,Standard Group Plc,5.32,7.14,5.98,6.1,6,5.76,0.24,4.17%,2225,-
12-Jun-26,TPSE,TPS Eastern Africa (Serena) Ltd,13.05,18.2,15.75,15.85,15.85,15.75,0.1,0.63%,1165,-
12-Jun-26,UCHM,Uchumi Supermarket Plc,0.26,2.93,1.57,1.68,1.65,1.53,0.12,7.84%,584408,-
12-Jun-26,SCAN,WPP ScanGroup Plc,1.98,3.14,2.06,2.18,2.1,2.17,-0.07,-3.23%,54188,-
12-Jun-26,ARM,ARM Cement Plc,5.55,5.55,5.55,5.55,5.55,5.55,-,-,-,-
12-Jun-26,BAMB,Bamburi Cement Ltd,47.2,47.2,47.2,47.2,47.2,47.2,-,-,-,-
12-Jun-26,CRWN,Crown Paints Kenya Plc,36.9,70.75,60,61.75,61.25,61,0.25,0.41%,1413,-
12-Jun-26,CABL,East African Cables Plc,1,1.98,1,1,1,1,-,-,-,-
12-Jun-26,PORT,East African Portland Cement Ltd,33,101,76,80,78.25,78,0.25,0.32%,647,-
12-Jun-26,KEGN,Kenya Electricity Generating Company Plc,5.3,10.75,9.08,9.12,9.1,9.1,-,-,1735181,-
12-Jun-26,KPC,Kenya Pipeline Company Plc,9,9.94,9.1,9.16,9.1,9.1,-,-,174162,-
12-Jun-26,KPLC-P4,KPLC-P4,4.1,5,5,5,5,5,-,-,-,-
12-Jun-26,KPLC-P7,KPLC-P7,6,6,6,6,6,6,-,-,-,-
12-Jun-26,KPLC,Kenya Power and Lighting Company Plc,8.12,19,15.3,15.45,15.35,15.45,-0.1,-0.65%,432497,-
12-Jun-26,TOTL,TotalEnergies Marketing Kenya Plc,22.5,49,47.4,47.75,47.6,47.7,-0.1,-0.21%,26494,-
12-Jun-26,UMME,Umeme Ltd,5.8,24.75,7.36,7.88,7.5,7.72,-0.22,-2.85%,22601,-
12-Jun-26,BRIT,Britam Holdings Plc,6.88,13.4,12.3,12.6,12.35,12.35,-,-,104237,-
12-Jun-26,CIC,CIC Insurance Group Ltd,2.65,6.62,4.09,4.3,4.2,4.19,0.01,0.24%,321014,-
12-Jun-26,JUB,Jubilee Holdings Ltd,210,437.75,360,382,368,381.5,-13.5,-3.54%,1146,-
12-Jun-26,KNRE,Kenya Re-Insurance Corporation Ltd,1.71,4.02,3.35,3.49,3.42,3.44,-0.02,-0.58%,3284865,-
12-Jun-26,LBTY,Liberty Kenya Holdings Ltd,8.98,12.1,9.7,10,9.88,9.94,-0.06,-0.60%,7696,-
12-Jun-26,SLAM,Sanlam Allianz Holdings (Kenya) Plc,6.5,11,7.8,8.36,8.02,8.02,-,-,19177,-
12-Jun-26,CTUM,Centum Investment Company Plc,11.3,16.75,13.3,13.5,13.4,13.6,-0.2,-1.47%,162090,-
12-Jun-26,HAFR,Home Afrika Ltd,0.59,1.93,1.3,1.34,1.32,1.34,-0.02,-1.49%,256238,-
12-Jun-26,KURV,Kurwitu Ventures Ltd,1400,1500,1500,1500,1500,1500,-,-,-,-
12-Jun-26,OCH,Olympia Capital Holdings Ltd,3.4,9,6.5,7.06,6.52,6.64,-0.12,-1.81%,6195,-
12-Jun-26,TCL,Trans-Century Plc,0.71,1.23,0.71,0.71,0.71,0.71,-,-,-,-
12-Jun-26,NSE,Nairobi Securities Exchange Plc,7.3,25.9,19,19.85,19.3,19.3,-,-,21991,-
12-Jun-26,AMAC,Africa Mega Agricorp Plc,56,125,102,112.75,111,106.75,4.25,3.98%,319,-
12-Jun-26,BOC,BOC Kenya Plc,85,184,164,170,166.25,164.75,1.5,0.91%,385,-
12-Jun-26,BAT,British American Tobacco Kenya Plc,348,629,516,519,517,518,-1,-0.19%,18265,-
12-Jun-26,CARB,Carbacid Investments Plc,19.3,33,29.8,30,29.9,29.85,0.05,0.17%,15150,-
12-Jun-26,EABL,East African Breweries Ltd,181,351,250,253.75,250,248.5,1.5,0.60%,518028,-
12-Jun-26,FTGH,Flame Tree Group Holdings Ltd,0.9,3.11,1.9,2.04,1.96,1.95,0.01,0.51%,16142,-
12-Jun-26,MSC,Mumias Sugar Company Ltd,0.27,0.27,0.27,0.27,0.27,0.27,-,-,-,-
12-Jun-26,SKL,Shri Krishana Overseas Plc,5.8,12,8.68,9.8,9.78,9.62,0.16,1.66%,15727,-
12-Jun-26,UNGA,Unga Group Ltd,18.05,34,25,26.55,25.95,26.8,-0.85,-3.17%,417,-
12-Jun-26,SCOM,Safaricom Plc,22.5,34.2,31.05,31.7,31.15,31.35,-0.2,-0.64%,2074748,-
12-Jun-26,ALP,Africa Logistics Properties Industria...,1,1.02,1.02,1.02,1.02,1.02,-,-,-,-
12-Jun-26,LAPR,LAPTrust Imara Income-REIT,20,20,20,20,20,20,-,-,-,-
12-Jun-26,GLD,ABSA NewGold ETF,881,9800,5100,5550,5015,5015,-,-,84,-
12-Jun-26,SMWF,Satrix MSCI World Feeder ETF,755,1895,935,950,936,922,14,1.52%,106,-
12-Jun-26,^N10I,NSE 10-Share Index,1435.87,2271.75,2186.48,2186.48,2186.48,2181.03,5.45,0.25%,-,-
12-Jun-26,^N20I,NSE 20-Share Index,2249.94,3758.73,3543.42,3543.42,3543.42,3541.34,2.08,0.06%,-,-
12-Jun-26,^N25I,NSE 25-Share Index,3730.54,5948.29,5755.01,5755.01,5755.01,5746.21,8.8,0.15%,-,-
12-Jun-26,^NASI,NSE All-Share Index,143.1,216.69,208.79,208.79,208.79,209.04,-0.25,-0.12%,-,-
12-Jun-26,^NBSI,NSE Banking Sector Index,149.92,245.9,237.99,237.99,237.99,237.1,0.89,0.38%,-,-
12-Jun-26,^NBDI,NSE Bonds Index,1122.66,1210.41,1122.66,1122.66,1122.66,1138.16,-15.5,-1.36%,-,-
12-Jun-26,^ZKEQTK,Zamara Kenya Equity Index (KES),2888.55,4790.09,4717.39,4717.39,4717.39,4715.88,1.51,0.03%,-,-
12-Jun-26,^ZKEQTU,Zamara Kenya Equity Index (USD),1924.95,3197.11,3137.64,3137.64,3137.64,3131.8,5.84,0.19%,-,-
15-Jun-26,EGAD,Eaagads Ltd,11,37,31,33.25,31.1,33.2,-2.1,-6.33%,422,-
15-Jun-26,KUKZ,Kakuzi Plc,365,460,435,445,435.75,436.25,-0.5,-0.11%,402,-
15-Jun-26,KAPC,Kapchorua Tea Kenya Plc,198,424.25,265,275.25,276.75,276.75,-,-,54,-
15-Jun-26,LIMT,Limuru Tea Plc,295,555,445,484,449,446.75,2.25,0.50%,195,-
15-Jun-26,SASN,Sasini Plc,14,33.9,22.6,23.3,23.05,23.05,-,-,11297,-
15-Jun-26,WTK,Williamson Tea Kenya Plc,129,350,132,134,133.5,133,0.5,0.38%,8481,-
15-Jun-26,CGEN,Car and General (K) Ltd,19.95,111.75,92.5,99.75,98.5,93.75,4.75,5.07%,8997,-
15-Jun-26,ABSA,ABSA Bank Kenya Plc,17.95,33,28.1,29,28.8,28.2,0.6,2.13%,188428,-
15-Jun-26,BKG,BK Group Plc,30.55,58,53.5,54,53.75,53.75,-,-,15443,-
15-Jun-26,COOP,Co-operative Bank of Kenya Ltd,16,34.3,31.55,32,31.9,31.7,0.2,0.63%,1034455,-
15-Jun-26,DTK,Diamond Trust Bank Kenya Ltd,73,170,141.5,144.75,142,142.5,-0.5,-0.35%,56158,-
15-Jun-26,EQTY,Equity Group Holdings Plc,45.95,80,75.5,77.75,76.5,75.5,1,1.32%,2678280,-
15-Jun-26,HFCK,HFCB Group Plc,6.7,11.5,9.5,9.66,9.58,9.62,-0.04,-0.42%,110898,-
15-Jun-26,IMH,I & M Holdings Plc,34.05,61.5,54.75,56,55,55,-,-,999274,-
15-Jun-26,KCB,KCB Group Plc,43.1,80.5,69.75,71.75,71,69.25,1.75,2.53%,2657968,-
15-Jun-26,NCBA,NCBA Group Plc,55.5,100,88,89,88.25,88.25,-,-,494933,-
15-Jun-26,SBIC,Stanbic Holdings Plc,160,300,288,293,289.75,292.5,-2.75,-0.94%,503429,-
15-Jun-26,SCBK,Standard Chartered Bank Kenya Ltd,279.5,370,334.25,339.5,336,337,-1,-0.30%,20341,-
15-Jun-26,DCON,Deacons (East Africa) Plc,0.45,0.45,0.45,0.45,0.45,0.45,-,-,-,-
15-Jun-26,EVRD,Eveready East Africa Ltd,0.8,1.78,1.01,1.07,1.03,1.04,-0.01,-0.96%,171584,-
15-Jun-26,XPRS,Express Kenya Plc,2.86,10,6.4,7,6.68,6.58,0.1,1.52%,526,-
15-Jun-26,HBE,Homeboyz Entertainment Plc,4.66,4.66,4.66,4.66,4.66,4.66,-,-,-,-
15-Jun-26,KQ,Kenya Airways Plc,1.56,8.92,5.74,5.94,5.82,5.9,-0.08,-1.36%,260539,-
15-Jun-26,LKL,Longhorn Publishers Plc,2.46,3.5,2.7,2.98,2.86,2.84,0.02,0.70%,32615,-
15-Jun-26,NBV,Nairobi Business Ventures Ltd,1.19,1.99,1.2,1.34,1.26,1.29,-0.03,-2.33%,81005,-
15-Jun-26,NMG,Nation Media Group Plc,11.15,20,12.75,13.45,13.4,13.1,0.3,2.29%,2588,-
15-Jun-26,SMER,Sameer Africa Plc,3.3,21.5,13.55,15.4,14.7,14.55,0.15,1.03%,6495,-
15-Jun-26,SGL,Standard Group Plc,5.32,7.14,5.98,6,5.98,6,-0.02,-0.33%,7747,-
15-Jun-26,TPSE,TPS Eastern Africa (Serena) Ltd,13.05,18.2,15,15.85,15.1,15.85,-0.75,-4.73%,7799,-
15-Jun-26,UCHM,Uchumi Supermarket Plc,0.26,2.93,1.68,1.81,1.77,1.65,0.12,7.27%,381322,-
15-Jun-26,SCAN,WPP ScanGroup Plc,1.98,3.14,1.98,2.3,2.02,2.1,-0.08,-3.81%,157686,-
15-Jun-26,ARM,ARM Cement Plc,5.55,5.55,5.55,5.55,5.55,5.55,-,-,-,-
15-Jun-26,BAMB,Bamburi Cement Ltd,47.2,47.2,47.2,47.2,47.2,47.2,-,-,-,-
15-Jun-26,CRWN,Crown Paints Kenya Plc,36.9,70.75,60,62.75,60.5,61.25,-0.75,-1.22%,6139,-
15-Jun-26,CABL,East African Cables Plc,1,1.86,1,1,1,1,-,-,-,-
15-Jun-26,PORT,East African Portland Cement Ltd,33,101,76,80,77.75,78.25,-0.5,-0.64%,253,-
15-Jun-26,KEGN,Kenya Electricity Generating Company Plc,5.4,10.75,9.06,9.2,9.1,9.1,-,-,1015989,-
15-Jun-26,KPC,Kenya Pipeline Company Plc,9,9.94,9,9.14,9.1,9.1,-,-,576360,-
15-Jun-26,KPLC-P4,KPLC-P4,4.1,5,5,5,5,5,-,-,-,-
15-Jun-26,KPLC-P7,KPLC-P7,6,6,6,6,6,6,-,-,-,-
15-Jun-26,KPLC,Kenya Power and Lighting Company Plc,8.44,19,15.35,15.95,15.5,15.35,0.15,0.98%,627927,-
15-Jun-26,TOTL,TotalEnergies Marketing Kenya Plc,22.5,50,47.5,49,48.35,47.6,0.75,1.58%,106580,-
15-Jun-26,UMME,Umeme Ltd,5.8,24.75,7.5,8,7.78,7.5,0.28,3.73%,5782,-
15-Jun-26,BRIT,Britam Holdings Plc,6.88,13.4,12.35,12.6,12.45,12.35,0.1,0.81%,32810,-
15-Jun-26,CIC,CIC Insurance Group Ltd,2.65,6.62,4.1,4.31,4.22,4.2,0.02,0.48%,114751,-
15-Jun-26,JUB,Jubilee Holdings Ltd,213,437.75,350,365,360.25,368,-7.75,-2.11%,3422,-
15-Jun-26,KNRE,Kenya Re-Insurance Corporation Ltd,1.71,4.02,3.4,3.45,3.43,3.42,0.01,0.29%,3669778,-
15-Jun-26,LBTY,Liberty Kenya Holdings Ltd,8.98,12.1,8.98,10,9.74,9.88,-0.14,-1.42%,43004,-
15-Jun-26,SLAM,Sanlam Allianz Holdings (Kenya) Plc,6.5,11,8,8.82,8.38,8.02,0.36,4.49%,30072,-
15-Jun-26,CTUM,Centum Investment Company Plc,11.3,16.75,13.3,13.5,13.45,13.4,0.05,0.37%,9645,-
15-Jun-26,HAFR,Home Afrika Ltd,0.59,1.93,1.32,1.42,1.37,1.32,0.05,3.79%,398202,-
15-Jun-26,KURV,Kurwitu Ventures Ltd,1400,1500,1500,1500,1500,1500,-,-,-,-
15-Jun-26,OCH,Olympia Capital Holdings Ltd,3.4,9,6.5,7.12,7.04,6.52,0.52,7.98%,3432,-
15-Jun-26,TCL,Trans-Century Plc,0.71,1.23,0.71,0.71,0.71,0.71,-,-,-,-
15-Jun-26,NSE,Nairobi Securities Exchange Plc,7.3,25.9,19,19.8,19.15,19.3,-0.15,-0.78%,370725,-
15-Jun-26,AMAC,Africa Mega Agricorp Plc,56,125,100,122,111,111,-,-,87,-
15-Jun-26,BOC,BOC Kenya Plc,85,184,164,173,166.5,166.25,0.25,0.15%,584,-
15-Jun-26,BAT,British American Tobacco Kenya Plc,349,629,515,517,517,517,-,-,9503,-
15-Jun-26,CARB,Carbacid Investments Plc,19.3,33,29.5,30,29.9,29.9,-,-,16231,-
15-Jun-26,EABL,East African Breweries Ltd,181,351,250,255,252.5,250,2.5,1.00%,34999,-
15-Jun-26,FTGH,Flame Tree Group Holdings Ltd,0.9,3.11,1.95,2,1.99,1.96,0.03,1.53%,17102,-
15-Jun-26,MSC,Mumias Sugar Company Ltd,0.27,0.27,0.27,0.27,0.27,0.27,-,-,-,-
15-Jun-26,SKL,Shri Krishana Overseas Plc,5.8,12,9,9.4,9.1,9.78,-0.68,-6.95%,572,-
15-Jun-26,UNGA,Unga Group Ltd,18.05,34,25,26.95,25.1,25.95,-0.85,-3.28%,11414,-
15-Jun-26,SCOM,Safaricom Plc,23.1,34.2,31.4,31.9,31.75,31.15,0.6,1.93%,5975724,-
15-Jun-26,ALP,Africa Logistics Properties Industria...,1,1.02,1.02,1.02,1.02,1.02,-,-,-,-
15-Jun-26,LAPR,LAPTrust Imara Income-REIT,20,20,20,20,20,20,-,-,-,-
15-Jun-26,GLD,ABSA NewGold ETF,881,9800,5200,5500,5015,5015,-,-,52,-
15-Jun-26,SMWF,Satrix MSCI World Feeder ETF,755,1895,925,952,935,936,-1,-0.11%,173,-
15-Jun-26,^N10I,NSE 10-Share Index,1436.96,2287.19,2217.47,2217.47,2217.47,2186.48,30.99,1.42%,-,-
15-Jun-26,^N20I,NSE 20-Share Index,2265.89,3758.73,3561.82,3561.82,3561.82,3543.42,18.4,0.52%,-,-
15-Jun-26,^N25I,NSE 25-Share Index,3736.84,5957.72,5813.59,5813.59,5813.59,5755.01,58.58,1.02%,-,-
15-Jun-26,^NASI,NSE All-Share Index,144.37,219.91,211.11,211.11,211.11,208.79,2.32,1.11%,-,-
15-Jun-26,^NBSI,NSE Banking Sector Index,149.92,245.9,240.04,240.04,240.04,237.99,2.05,0.86%,-,-
15-Jun-26,^NBDI,NSE Bonds Index,1122.24,1210.41,1126.52,1126.52,1126.52,1122.66,3.86,0.34%,-,-
15-Jun-26,^ZKEQTK,Zamara Kenya Equity Index (KES),2891.67,4834.13,4774.07,4774.07,4774.07,4717.39,56.68,1.20%,-,-
15-Jun-26,^ZKEQTU,Zamara Kenya Equity Index (USD),1927.03,3215.28,3176.56,3176.56,3176.56,3137.64,38.92,1.24%,-,-
16-Jun-26,EGAD,Eaagads Ltd,11,37,31.5,32.85,32.8,31.1,1.7,5.47%,561,-
16-Jun-26,KUKZ,Kakuzi Plc,365,460,435,444.5,443.5,435.75,7.75,1.78%,119,-
16-Jun-26,KAPC,Kapchorua Tea Kenya Plc,198,424.25,270,275.25,275.25,276.75,-1.5,-0.54%,2018,-
16-Jun-26,LIMT,Limuru Tea Plc,295,555,445,445,449,449,-,-,9,-
16-Jun-26,SASN,Sasini Plc,14,33.9,22.6,23.4,22.9,23.05,-0.15,-0.65%,9676,-
16-Jun-26,WTK,Williamson Tea Kenya Plc,129,350,131,133.5,132.75,133.5,-0.75,-0.56%,8601,-
16-Jun-26,CGEN,Car and General (K) Ltd,19.95,111.75,99,102,100.25,98.5,1.75,1.78%,16245,-
16-Jun-26,ABSA,ABSA Bank Kenya Plc,17.95,33,28.5,29.6,29.3,28.8,0.5,1.74%,475135,-
16-Jun-26,BKG,BK Group Plc,30.55,58,53.25,53.75,53.5,53.75,-0.25,-0.47%,8112,-
16-Jun-26,COOP,Co-operative Bank of Kenya Ltd,16,34.3,31,32,31.35,31.9,-0.55,-1.72%,2346287,-
16-Jun-26,DTK,Diamond Trust Bank Kenya Ltd,73,170,141.5,144.5,142,142,-,-,89802,-
16-Jun-26,EQTY,Equity Group Holdings Plc,45.95,80,77,78.5,77.25,76.5,0.75,0.98%,3826724,-
16-Jun-26,HFCK,HFCB Group Plc,6.7,11.5,9.5,9.66,9.54,9.58,-0.04,-0.42%,54551,-
16-Jun-26,IMH,I & M Holdings Plc,34.05,61.5,55.25,57.75,56,55,1,1.82%,379010,-
16-Jun-26,KCB,KCB Group Plc,43.1,80.5,70.5,71.5,70.75,71,-0.25,-0.35%,1859550,-
16-Jun-26,NCBA,NCBA Group Plc,55.5,100,86.5,89,88,88.25,-0.25,-0.28%,2514085,-
16-Jun-26,SBIC,Stanbic Holdings Plc,160,300,288,293,290,289.75,0.25,0.09%,166483,-
16-Jun-26,SCBK,Standard Chartered Bank Kenya Ltd,279.5,370,335,340,337.25,336,1.25,0.37%,13468,-
16-Jun-26,DCON,Deacons (East Africa) Plc,0.45,0.45,0.45,0.45,0.45,0.45,-,-,-,-
16-Jun-26,EVRD,Eveready East Africa Ltd,0.8,1.78,1,1.09,1.02,1.03,-0.01,-0.97%,514952,-
16-Jun-26,XPRS,Express Kenya Plc,2.86,10,6.5,6.78,6.58,6.68,-0.1,-1.50%,3523,-
16-Jun-26,HBE,Homeboyz Entertainment Plc,4.66,4.66,4.66,4.66,4.66,4.66,-,-,-,-
16-Jun-26,KQ,Kenya Airways Plc,1.56,8.92,5.6,5.9,5.82,5.82,-,-,132921,-
16-Jun-26,LKL,Longhorn Publishers Plc,2.46,3.5,2.8,3,2.84,2.86,-0.02,-0.70%,11713,-
16-Jun-26,NBV,Nairobi Business Ventures Ltd,1.19,1.99,1.2,1.31,1.26,1.26,-,-,13004,-
16-Jun-26,NMG,Nation Media Group Plc,11.15,20,12.75,13.35,12.75,13.4,-0.65,-4.85%,14357,-
16-Jun-26,SMER,Sameer Africa Plc,3.3,21.5,14.5,15.1,14.75,14.7,0.05,0.34%,13644,-
16-Jun-26,SGL,Standard Group Plc,5.32,7.14,5.98,6.1,6,5.98,0.02,0.33%,2067,-
16-Jun-26,TPSE,TPS Eastern Africa (Serena) Ltd,13.05,18.2,15.2,15.8,15.75,15.1,0.65,4.30%,634,-
16-Jun-26,UCHM,Uchumi Supermarket Plc,0.26,2.93,1.78,1.94,1.9,1.77,0.13,7.34%,785700,-
16-Jun-26,SCAN,WPP ScanGroup Plc,1.98,3.14,2.1,2.2,2.15,2.02,0.13,6.44%,12390,-
16-Jun-26,ARM,ARM Cement Plc,5.55,5.55,5.55,5.55,5.55,5.55,-,-,-,-
16-Jun-26,BAMB,Bamburi Cement Ltd,47.2,47.2,47.2,47.2,47.2,47.2,-,-,-,-
16-Jun-26,CRWN,Crown Paints Kenya Plc,36.9,70.75,60.25,61.5,61.25,60.5,0.75,1.24%,1422,-
16-Jun-26,CABL,East African Cables Plc,1,1.86,1,1,1,1,-,-,-,-
16-Jun-26,PORT,East African Portland Cement Ltd,33,101,76,82,80.5,77.75,2.75,3.54%,282,-
16-Jun-26,KEGN,Kenya Electricity Generating Company Plc,5.4,10.75,9.1,9.2,9.12,9.1,0.02,0.22%,677418,-
16-Jun-26,KPC,Kenya Pipeline Company Plc,9,9.94,9.08,9.14,9.1,9.1,-,-,439462,-
16-Jun-26,KPLC-P4,KPLC-P4,4.1,5,5,5,5,5,-,-,-,-
16-Jun-26,KPLC-P7,KPLC-P7,6,6,6,6,6,6,-,-,-,-
16-Jun-26,KPLC,Kenya Power and Lighting Company Plc,8.44,19,15.3,15.5,15.45,15.5,-0.05,-0.32%,1352988,-
16-Jun-26,TOTL,TotalEnergies Marketing Kenya Plc,22.5,50,48,49,48.65,48.35,0.3,0.62%,43806,-
16-Jun-26,UMME,Umeme Ltd,5.8,24.75,7.22,8,7.56,7.78,-0.22,-2.83%,86657,-
16-Jun-26,BRIT,Britam Holdings Plc,6.88,13.4,12.35,12.65,12.5,12.45,0.05,0.40%,210204,-
16-Jun-26,CIC,CIC Insurance Group Ltd,2.65,6.62,4.15,4.3,4.2,4.22,-0.02,-0.47%,68947,-
16-Jun-26,JUB,Jubilee Holdings Ltd,213,437.75,356,364.75,360,360.25,-0.25,-0.07%,1906,-
16-Jun-26,KNRE,Kenya Re-Insurance Corporation Ltd,1.71,4.02,3.4,3.48,3.42,3.43,-0.01,-0.29%,7042765,-
16-Jun-26,LBTY,Liberty Kenya Holdings Ltd,8.98,12.1,9.02,9.9,9.38,9.74,-0.36,-3.70%,11411,-
16-Jun-26,SLAM,Sanlam Allianz Holdings (Kenya) Plc,6.5,11,7.56,8.2,7.66,8.38,-0.72,-8.59%,242597,-
16-Jun-26,CTUM,Centum Investment Company Plc,11.3,16.75,13.25,13.8,13.5,13.45,0.05,0.37%,130098,-
16-Jun-26,HAFR,Home Afrika Ltd,0.59,1.93,1.33,1.39,1.37,1.37,-,-,433642,-
16-Jun-26,KURV,Kurwitu Ventures Ltd,1400,1500,1500,1500,1500,1500,-,-,-,-
16-Jun-26,OCH,Olympia Capital Holdings Ltd,3.4,9,6.5,7.12,6.58,7.04,-0.46,-6.53%,4715,-
16-Jun-26,TCL,Trans-Century Plc,0.71,1.23,0.71,0.71,0.71,0.71,-,-,-,-
16-Jun-26,NSE,Nairobi Securities Exchange Plc,7.3,25.9,19.3,19.85,19.4,19.15,0.25,1.31%,29051,-
16-Jun-26,AMAC,Africa Mega Agricorp Plc,56,125,106,108,111,111,-,-,84,-
16-Jun-26,BOC,BOC Kenya Plc,85,184,165.5,169,166.5,166.5,-,-,481,-
16-Jun-26,BAT,British American Tobacco Kenya Plc,349,629,514,520,516,517,-1,-0.19%,17027,-
16-Jun-26,CARB,Carbacid Investments Plc,19.3,33,29.8,29.95,29.9,29.9,-,-,10993,-
16-Jun-26,EABL,East African Breweries Ltd,181,351,250.75,260,258.25,252.5,5.75,2.28%,23789,-
16-Jun-26,FTGH,Flame Tree Group Holdings Ltd,0.9,3.11,1.9,1.97,1.91,1.99,-0.08,-4.02%,32185,-
16-Jun-26,MSC,Mumias Sugar Company Ltd,0.27,0.27,0.27,0.27,0.27,0.27,-,-,-,-
16-Jun-26,SKL,Shri Krishana Overseas Plc,5.8,12,8.84,9.7,8.96,9.1,-0.14,-1.54%,674,-
16-Jun-26,UNGA,Unga Group Ltd,18.05,34,25.4,27,25.95,25.1,0.85,3.39%,1256,-
16-Jun-26,SCOM,Safaricom Plc,23.1,34.2,31.6,31.9,31.75,31.75,-,-,8442353,-
16-Jun-26,ALP,Africa Logistics Properties Industria...,1,1.02,1.02,1.02,1.02,1.02,-,-,-,-
16-Jun-26,LAPR,LAPTrust Imara Income-REIT,20,20,20,20,20,20,-,-,-,-
16-Jun-26,GLD,ABSA NewGold ETF,881,9800,5255,5485,5015,5015,-,-,21,-
16-Jun-26,SMWF,Satrix MSCI World Feeder ETF,755,1895,930,977,935,935,-,-,48,-
16-Jun-26,^N10I,NSE 10-Share Index,1436.96,2287.19,2229.62,2229.62,2229.62,2217.47,12.15,0.55%,-,-
16-Jun-26,^N20I,NSE 20-Share Index,2265.89,3758.73,3568.33,3568.33,3568.33,3561.82,6.51,0.18%,-,-
16-Jun-26,^N25I,NSE 25-Share Index,3736.84,5957.72,5838.13,5838.13,5838.13,5813.59,24.54,0.42%,-,-
16-Jun-26,^NASI,NSE All-Share Index,144.37,219.91,211.57,211.57,211.57,211.11,0.46,0.22%,-,-
16-Jun-26,^NBSI,NSE Banking Sector Index,149.92,245.9,240.65,240.65,240.65,240.04,0.61,0.25%,-,-
16-Jun-26,^NBDI,NSE Bonds Index,1122.24,1210.41,1122.24,1122.24,1122.24,1126.52,-4.28,-0.38%,-,-
16-Jun-26,^ZKEQTK,Zamara Kenya Equity Index (KES),2891.67,4834.13,4787.9,4787.9,4787.9,4774.07,13.83,0.29%,-,-
16-Jun-26,^ZKEQTU,Zamara Kenya Equity Index (USD),1927.03,3215.28,3184.54,3184.54,3184.54,3176.56,7.98,0.25%,-,-
17-Jun-26,EGAD,Eaagads Ltd,11,37,31,32.85,32.8,32.8,-,-,79,-
17-Jun-26,KUKZ,Kakuzi Plc,365,460,435,444.5,443.5,443.5,-,-,98,-
17-Jun-26,KAPC,Kapchorua Tea Kenya Plc,198,424.25,274,279.5,279,275.25,3.75,1.36%,970,-
17-Jun-26,LIMT,Limuru Tea Plc,295,555,490,490,449,449,-,-,9,-
17-Jun-26,SASN,Sasini Plc,14,33.9,22.6,23.3,22.8,22.9,-0.1,-0.44%,7087,-
17-Jun-26,WTK,Williamson Tea Kenya Plc,129,350,129,133.5,131,132.75,-1.75,-1.32%,25186,-
17-Jun-26,CGEN,Car and General (K) Ltd,19.95,111.75,100.5,102,101.75,100.25,1.5,1.50%,5734,-
17-Jun-26,ABSA,ABSA Bank Kenya Plc,17.95,33,28.8,29.4,29.2,29.3,-0.1,-0.34%,1929619,-
17-Jun-26,BKG,BK Group Plc,30.55,58,53.25,54,53.75,53.5,0.25,0.47%,7347,-
17-Jun-26,COOP,Co-operative Bank of Kenya Ltd,16,34.3,31,32.1,31.55,31.35,0.2,0.64%,2385239,-
17-Jun-26,DTK,Diamond Trust Bank Kenya Ltd,73,170,141.75,143,142,142,-,-,102471,-
17-Jun-26,EQTY,Equity Group Holdings Plc,45.95,80,78,79.75,79,77.25,1.75,2.27%,184655,-
17-Jun-26,HFCK,HFCB Group Plc,6.7,11.5,9.4,9.66,9.5,9.54,-0.04,-0.42%,196529,-
17-Jun-26,IMH,I & M Holdings Plc,34.05,61.5,56.25,60,58.5,56,2.5,4.46%,226659,-
17-Jun-26,KCB,KCB Group Plc,43.1,80.5,70.75,73.25,71.75,70.75,1,1.41%,1068084,-
17-Jun-26,NCBA,NCBA Group Plc,55.5,100,87.75,89,88.25,88,0.25,0.28%,6554687,-
17-Jun-26,SBIC,Stanbic Holdings Plc,160,300,285,293,290.75,290,0.75,0.26%,3102,-
17-Jun-26,SCBK,Standard Chartered Bank Kenya Ltd,279.5,370,335,340,337.25,337.25,-,-,58860,-
17-Jun-26,DCON,Deacons (East Africa) Plc,0.45,0.45,0.45,0.45,0.45,0.45,-,-,-,-
17-Jun-26,EVRD,Eveready East Africa Ltd,0.8,1.78,1.03,1.11,1.08,1.02,0.06,5.88%,269573,-
17-Jun-26,XPRS,Express Kenya Plc,2.86,10,6.78,7.12,7.04,6.58,0.46,6.99%,43730,-
17-Jun-26,HBE,Homeboyz Entertainment Plc,4.66,4.66,4.66,4.66,4.66,4.66,-,-,-,-
17-Jun-26,KQ,Kenya Airways Plc,1.56,8.92,5.6,5.9,5.74,5.82,-0.08,-1.37%,93243,-
17-Jun-26,LKL,Longhorn Publishers Plc,2.46,3.5,2.75,2.8,2.8,2.84,-0.04,-1.41%,3588,-
17-Jun-26,NBV,Nairobi Business Ventures Ltd,1.19,1.99,1.2,1.34,1.21,1.26,-0.05,-3.97%,51663,-
17-Jun-26,NMG,Nation Media Group Plc,11.15,20,12.8,13.5,13.1,12.75,0.35,2.75%,17593,-
17-Jun-26,SMER,Sameer Africa Plc,3.3,21.5,14.8,15.2,14.95,14.75,0.2,1.36%,3905,-
17-Jun-26,SGL,Standard Group Plc,5.32,7.14,5.98,6.06,5.98,6,-0.02,-0.33%,862,-
17-Jun-26,TPSE,TPS Eastern Africa (Serena) Ltd,13.05,18.2,15,15.5,15,15.75,-0.75,-4.76%,6183,-
17-Jun-26,UCHM,Uchumi Supermarket Plc,0.26,2.93,1.77,2.09,1.84,1.9,-0.06,-3.16%,358781,-
17-Jun-26,SCAN,WPP ScanGroup Plc,1.98,3.14,2.02,2.17,2.07,2.15,-0.08,-3.72%,3479,-
17-Jun-26,ARM,ARM Cement Plc,5.55,5.55,5.55,5.55,5.55,5.55,-,-,-,-
17-Jun-26,BAMB,Bamburi Cement Ltd,47.2,47.2,47.2,47.2,47.2,47.2,-,-,-,-
17-Jun-26,CRWN,Crown Paints Kenya Plc,36.9,70.75,60,60.75,60.25,61.25,-1,-1.63%,3536,-
17-Jun-26,CABL,East African Cables Plc,1,1.86,1,1,1,1,-,-,-,-
17-Jun-26,PORT,East African Portland Cement Ltd,33,101,76,80,80.5,80.5,-,-,24,-
17-Jun-26,KEGN,Kenya Electricity Generating Company Plc,5.4,10.75,9.1,9.2,9.12,9.12,-,-,1172737,-
17-Jun-26,KPC,Kenya Pipeline Company Plc,9,9.94,9,9.16,9.1,9.1,-,-,708969,-
17-Jun-26,KPLC-P4,KPLC-P4,4.1,5,5,5,5,5,-,-,-,-
17-Jun-26,KPLC-P7,KPLC-P7,6,6,6,6,6,6,-,-,-,-
17-Jun-26,KPLC,Kenya Power and Lighting Company Plc,8.44,19,15.35,15.6,15.5,15.45,0.05,0.32%,1223251,-
17-Jun-26,TOTL,TotalEnergies Marketing Kenya Plc,22.5,50,48.4,50,48.75,48.65,0.1,0.21%,26967,-
17-Jun-26,UMME,Umeme Ltd,5.8,24.75,7.3,7.6,7.46,7.56,-0.1,-1.32%,11649,-
17-Jun-26,BRIT,Britam Holdings Plc,6.88,13.4,12.4,12.75,12.45,12.5,-0.05,-0.40%,61337,-
17-Jun-26,CIC,CIC Insurance Group Ltd,2.65,6.62,4.1,4.24,4.17,4.2,-0.03,-0.71%,88972,-
17-Jun-26,JUB,Jubilee Holdings Ltd,213,437.75,350,365,362.5,360,2.5,0.69%,7300,-
17-Jun-26,KNRE,Kenya Re-Insurance Corporation Ltd,1.71,4.02,3.35,3.44,3.4,3.42,-0.02,-0.58%,667647,-
17-Jun-26,LBTY,Liberty Kenya Holdings Ltd,8.98,12.1,9.1,9.8,9.14,9.38,-0.24,-2.56%,3001,-
17-Jun-26,SLAM,Sanlam Allianz Holdings (Kenya) Plc,6.5,11,7.5,7.7,7.6,7.66,-0.06,-0.78%,50006,-
17-Jun-26,CTUM,Centum Investment Company Plc,11.3,16.75,13.3,14,13.65,13.5,0.15,1.11%,77569,-
17-Jun-26,HAFR,Home Afrika Ltd,0.59,1.93,1.34,1.41,1.35,1.37,-0.02,-1.46%,242991,-
17-Jun-26,KURV,Kurwitu Ventures Ltd,1400,1500,1500,1500,1500,1500,-,-,-,-
17-Jun-26,OCH,Olympia Capital Holdings Ltd,3.4,9,6,7,6.38,6.58,-0.2,-3.04%,6199,-
17-Jun-26,TCL,Trans-Century Plc,0.71,1.23,0.71,0.71,0.71,0.71,-,-,-,-
17-Jun-26,NSE,Nairobi Securities Exchange Plc,7.3,25.9,19,19.5,19.2,19.4,-0.2,-1.03%,69341,-
17-Jun-26,AMAC,Africa Mega Agricorp Plc,56,125,100.25,108,103.5,111,-7.5,-6.76%,235,-
17-Jun-26,BOC,BOC Kenya Plc,85,184,166,174.5,169.75,166.5,3.25,1.95%,1930,-
17-Jun-26,BAT,British American Tobacco Kenya Plc,349,629,510,520,516,516,-,-,18027,-
17-Jun-26,CARB,Carbacid Investments Plc,19.3,33,29.55,29.95,29.85,29.9,-0.05,-0.17%,19027,-
17-Jun-26,EABL,East African Breweries Ltd,181,351,259,269,260.25,258.25,2,0.77%,480920,-
17-Jun-26,FTGH,Flame Tree Group Holdings Ltd,0.9,3.11,1.9,2,1.91,1.91,-,-,85595,-
17-Jun-26,MSC,Mumias Sugar Company Ltd,0.27,0.27,0.27,0.27,0.27,0.27,-,-,-,-
17-Jun-26,SKL,Shri Krishana Overseas Plc,5.8,12,8.82,8.9,8.9,8.96,-0.06,-0.67%,3264,-
17-Jun-26,UNGA,Unga Group Ltd,18.05,34,26,27,26.75,25.95,0.8,3.08%,2070,-
17-Jun-26,SCOM,Safaricom Plc,23.1,34.2,31.65,32.2,31.9,31.75,0.15,0.47%,27036284,-
17-Jun-26,ALP,Africa Logistics Properties Industria...,1,1.02,1.02,1.02,1.02,1.02,-,-,-,-
17-Jun-26,LAPR,LAPTrust Imara Income-REIT,20,20,20,20,20,20,-,-,-,-
17-Jun-26,GLD,ABSA NewGold ETF,881,9800,5350,5480,5015,5015,-,-,36,-
17-Jun-26,SMWF,Satrix MSCI World Feeder ETF,755,1895,925,977,935,935,-,-,83,-
17-Jun-26,^N10I,NSE 10-Share Index,1436.96,2287.19,2255.74,2255.74,2255.74,2229.62,26.12,1.17%,-,-
17-Jun-26,^N20I,NSE 20-Share Index,2265.89,3758.73,3585.97,3585.97,3585.97,3568.33,17.64,0.49%,-,-
17-Jun-26,^N25I,NSE 25-Share Index,3736.84,5957.72,5894.11,5894.11,5894.11,5838.13,55.98,0.96%,-,-
17-Jun-26,^NASI,NSE All-Share Index,144.37,219.91,219.91,219.91,219.91,211.57,8.34,3.94%,-,-
17-Jun-26,^NBSI,NSE Banking Sector Index,149.92,245.9,243.36,243.36,243.36,240.65,2.71,1.13%,-,-
17-Jun-26,^NBDI,NSE Bonds Index,1122.24,1210.41,1126.73,1126.73,1126.73,1122.24,4.49,0.40%,-,-
17-Jun-26,^ZKEQTK,Zamara Kenya Equity Index (KES),2891.67,4834.13,4834.13,4834.13,4834.13,4787.9,46.23,0.97%,-,-
17-Jun-26,^ZKEQTU,Zamara Kenya Equity Index (USD),1927.03,3215.28,3215.28,3215.28,3215.28,3184.54,30.74,0.97%,-,-
18-Jun-26,EGAD,Eaagads Ltd,11,37,30.55,32.15,31.1,32.8,-1.7,-5.18%,1773,-
18-Jun-26,KUKZ,Kakuzi Plc,365,460,438,445,439.5,443.5,-4,-0.90%,140,-
18-Jun-26,KAPC,Kapchorua Tea Kenya Plc,198,424.25,270,279.5,278.25,279,-0.75,-0.27%,748,-
18-Jun-26,LIMT,Limuru Tea Plc,295,555,490,490,449,449,-,-,19,-
18-Jun-26,SASN,Sasini Plc,14,33.9,22.6,23.3,22.8,22.8,-,-,14156,-
18-Jun-26,WTK,Williamson Tea Kenya Plc,129,350,129,133,130.75,131,-0.25,-0.19%,6859,-
18-Jun-26,CGEN,Car and General (K) Ltd,19.95,117.25,102,111.75,106.75,101.75,5,4.91%,10599,-
18-Jun-26,ABSA,ABSA Bank Kenya Plc,17.95,33,29.25,29.95,29.4,29.2,0.2,0.68%,560572,-
18-Jun-26,BKG,BK Group Plc,31.5,58,53.25,53.75,53.5,53.75,-0.25,-0.47%,156126,-
18-Jun-26,COOP,Co-operative Bank of Kenya Ltd,16,35.95,32,33.45,32.7,31.55,1.15,3.65%,670009,-
18-Jun-26,DTK,Diamond Trust Bank Kenya Ltd,73,170,141.5,143.5,141.75,142,-0.25,-0.18%,81306,-
18-Jun-26,EQTY,Equity Group Holdings Plc,46,80.5,78.75,79.75,79,79,-,-,2021423,-
18-Jun-26,HFCK,HFCB Group Plc,6.7,11.5,9.1,9.48,9.2,9.5,-0.3,-3.16%,1140831,-
18-Jun-26,IMH,I & M Holdings Plc,34.05,63.75,59.5,61.5,60.25,58.5,1.75,2.99%,746280,-
18-Jun-26,KCB,KCB Group Plc,43.1,80.5,71.75,74,72,71.75,0.25,0.35%,4037358,-
18-Jun-26,NCBA,NCBA Group Plc,55.5,100,88.25,90,89,88.25,0.75,0.85%,34874,-
18-Jun-26,SBIC,Stanbic Holdings Plc,160,300,286,293,290.75,290.75,-,-,207081,-
18-Jun-26,SCBK,Standard Chartered Bank Kenya Ltd,279.5,370,330,337.25,334.75,337.25,-2.5,-0.74%,32384,-
18-Jun-26,DCON,Deacons (East Africa) Plc,0.45,0.45,0.45,0.45,0.45,0.45,-,-,-,-
18-Jun-26,EVRD,Eveready East Africa Ltd,0.81,1.78,1.08,1.12,1.11,1.08,0.03,2.78%,482699,-
18-Jun-26,XPRS,Express Kenya Plc,3.14,10,6.56,7.1,6.8,7.04,-0.24,-3.41%,181,-
18-Jun-26,HBE,Homeboyz Entertainment Plc,4.66,4.66,4.66,4.66,4.66,4.66,-,-,-,-
18-Jun-26,KQ,Kenya Airways Plc,1.56,8.92,5.58,5.82,5.68,5.74,-0.06,-1.05%,327906,-
18-Jun-26,LKL,Longhorn Publishers Plc,2.46,3.5,2.7,3.04,2.73,2.8,-0.07,-2.50%,15456,-
18-Jun-26,NBV,Nairobi Business Ventures Ltd,1.19,1.99,1.26,1.32,1.3,1.21,0.09,7.44%,18745,-
18-Jun-26,NMG,Nation Media Group Plc,11.15,20,13,13.9,13.75,13.1,0.65,4.96%,27754,-
18-Jun-26,SMER,Sameer Africa Plc,3.3,21.5,14.5,14.95,14.6,14.95,-0.35,-2.34%,6509,-
18-Jun-26,SGL,Standard Group Plc,5.32,7.14,5.98,6.1,6,5.98,0.02,0.33%,4017,-
18-Jun-26,TPSE,TPS Eastern Africa (Serena) Ltd,13.05,18.2,15.85,15.85,15.85,15,0.85,5.67%,172,-
18-Jun-26,UCHM,Uchumi Supermarket Plc,0.26,2.93,1.66,1.84,1.68,1.84,-0.16,-8.70%,253041,-
18-Jun-26,SCAN,WPP ScanGroup Plc,1.98,3.14,2.14,2.2,2.18,2.07,0.11,5.31%,8046,-
18-Jun-26,ARM,ARM Cement Plc,5.55,5.55,5.55,5.55,5.55,5.55,-,-,-,-
18-Jun-26,BAMB,Bamburi Cement Ltd,47.2,47.2,47.2,47.2,47.2,47.2,-,-,-,-
18-Jun-26,CRWN,Crown Paints Kenya Plc,36.9,70.75,59.75,61.5,60,60.25,-0.25,-0.41%,4555,-
18-Jun-26,CABL,East African Cables Plc,1,1.83,1,1,1,1,-,-,-,-
18-Jun-26,PORT,East African Portland Cement Ltd,33,101,72.5,80.5,75.5,80.5,-5,-6.21%,4110,-
18-Jun-26,KEGN,Kenya Electricity Generating Company Plc,5.44,10.75,8.22,9.2,9.06,9.12,-0.06,-0.66%,1789641,-
18-Jun-26,KPC,Kenya Pipeline Company Plc,9,9.94,9.06,9.12,9.08,9.1,-0.02,-0.22%,778252,-
18-Jun-26,KPLC-P4,KPLC-P4,4.1,5,5,5,5,5,-,-,-,-
18-Jun-26,KPLC-P7,KPLC-P7,6,6,6,6,6,6,-,-,-,-
18-Jun-26,KPLC,Kenya Power and Lighting Company Plc,8.46,19,15.4,16.15,15.9,15.5,0.4,2.58%,242622,-
18-Jun-26,TOTL,TotalEnergies Marketing Kenya Plc,22.5,50,48,49.8,48.6,48.75,-0.15,-0.31%,29652,-
18-Jun-26,UMME,Umeme Ltd,5.8,24.75,7.46,7.9,7.6,7.46,0.14,1.88%,67442,-
18-Jun-26,BRIT,Britam Holdings Plc,6.88,13.4,12.3,12.8,12.4,12.45,-0.05,-0.40%,75121,-
18-Jun-26,CIC,CIC Insurance Group Ltd,2.65,6.62,4.1,4.32,4.2,4.17,0.03,0.72%,166139,-
18-Jun-26,JUB,Jubilee Holdings Ltd,213,437.75,360,365,360.5,362.5,-2,-0.55%,991,-
18-Jun-26,KNRE,Kenya Re-Insurance Corporation Ltd,1.71,4.02,3.36,3.43,3.39,3.4,-0.01,-0.29%,1058162,-
18-Jun-26,LBTY,Liberty Kenya Holdings Ltd,8.6,12.1,9.02,9.8,9.12,9.14,-0.02,-0.22%,28126,-
18-Jun-26,SLAM,Sanlam Allianz Holdings (Kenya) Plc,6.5,11,7.6,8.3,8.06,7.6,0.46,6.05%,14791,-
18-Jun-26,CTUM,Centum Investment Company Plc,11.3,16.75,13.3,14,13.9,13.65,0.25,1.83%,1905404,-
18-Jun-26,HAFR,Home Afrika Ltd,0.59,1.93,1.34,1.36,1.35,1.35,-,-,80876,-
18-Jun-26,KURV,Kurwitu Ventures Ltd,1400,1500,1500,1500,1500,1500,-,-,-,-
18-Jun-26,OCH,Olympia Capital Holdings Ltd,3.4,9,6,6.8,6.12,6.38,-0.26,-4.08%,14416,-
18-Jun-26,TCL,Trans-Century Plc,0.71,1.22,0.71,0.71,0.71,0.71,-,-,-,-
18-Jun-26,NSE,Nairobi Securities Exchange Plc,7.3,25.9,19,19.3,19.1,19.2,-0.1,-0.52%,124747,-
18-Jun-26,AMAC,Africa Mega Agricorp Plc,56,125,106.75,112.5,108.75,103.5,5.25,5.07%,325,-
18-Jun-26,BOC,BOC Kenya Plc,85,184,171.5,174.5,173.5,169.75,3.75,2.21%,1615,-
18-Jun-26,BAT,British American Tobacco Kenya Plc,349,629,516,520,518,516,2,0.39%,7026,-
18-Jun-26,CARB,Carbacid Investments Plc,20,33,29.55,30,29.65,29.85,-0.2,-0.67%,62506,-
18-Jun-26,EABL,East African Breweries Ltd,181,351,269,275,272,260.25,11.75,4.51%,17111,-
18-Jun-26,FTGH,Flame Tree Group Holdings Ltd,0.9,3.11,1.85,1.92,1.87,1.91,-0.04,-2.09%,40561,-
18-Jun-26,MSC,Mumias Sugar Company Ltd,0.27,0.27,0.27,0.27,0.27,0.27,-,-,-,-
18-Jun-26,SKL,Shri Krishana Overseas Plc,5.8,12,9,9.5,9.06,8.9,0.16,1.80%,597,-
18-Jun-26,UNGA,Unga Group Ltd,18.05,34,26.2,27,26.95,26.75,0.2,0.75%,2233,-
18-Jun-26,SCOM,Safaricom Plc,23.3,34.2,31.9,32.5,32,31.9,0.1,0.31%,8879487,-
18-Jun-26,ALP,Africa Logistics Properties Industria...,1,1.02,1.02,1.02,1.02,1.02,-,-,-,-
18-Jun-26,LAPR,LAPTrust Imara Income-REIT,20,20,20,20,20,20,-,-,-,-
18-Jun-26,GLD,ABSA NewGold ETF,881,9800,5130,5500,5360,5015,345,6.88%,157,-
18-Jun-26,SMWF,Satrix MSCI World Feeder ETF,755,1895,930,960,935,935,-,-,38,-
18-Jun-26,^N10I,NSE 10-Share Index,1436.96,2330.06,2287.19,2287.19,2287.19,2255.74,31.45,1.39%,-,-
18-Jun-26,^N20I,NSE 20-Share Index,2265.89,3758.73,3608.72,3608.72,3608.72,3585.97,22.75,0.63%,-,-
18-Jun-26,^N25I,NSE 25-Share Index,3736.84,6049.51,5957.72,5957.72,5957.72,5894.11,63.61,1.08%,-,-
18-Jun-26,^NASI,NSE All-Share Index,144.62,219.91,214.41,214.41,214.41,219.91,-5.5,-2.50%,-,-
18-Jun-26,^NBSI,NSE Banking Sector Index,149.92,249.24,245.26,245.26,245.26,243.36,1.9,0.78%,-,-
18-Jun-26,^NBDI,NSE Bonds Index,1122.24,1210.41,1126.13,1126.13,1126.13,1126.73,-0.6,-0.05%,-,-
18-Jun-26,^ZKEQTK,Zamara Kenya Equity Index (KES),2891.67,4867.4,4867.4,4867.4,4867.4,4834.13,33.27,0.69%,-,-
18-Jun-26,^ZKEQTU,Zamara Kenya Equity Index (USD),1927.03,3237.41,3237.41,3237.41,3237.41,3215.28,22.13,0.69%,-,-
19-Jun-26,EGAD,Eaagads Ltd,11,37,30.5,32.95,30.75,31.1,-0.35,-1.13%,5509,-
19-Jun-26,KUKZ,Kakuzi Plc,365,460,435,444,441.75,439.5,2.25,0.51%,322,-
19-Jun-26,KAPC,Kapchorua Tea Kenya Plc,198,424.25,280,284,283,278.25,4.75,1.71%,1488,-
19-Jun-26,LIMT,Limuru Tea Plc,295,555,489.5,489.5,449,449,-,-,1,-
19-Jun-26,SASN,Sasini Plc,14,33.9,21,22.75,22.15,22.8,-0.65,-2.85%,125712,-
19-Jun-26,WTK,Williamson Tea Kenya Plc,129,350,129.5,133,130,130.75,-0.75,-0.57%,22769,-
19-Jun-26,CGEN,Car and General (K) Ltd,19.95,128,110,117.25,116.5,106.75,9.75,9.13%,12944,-
19-Jun-26,ABSA,ABSA Bank Kenya Plc,17.95,33,30.05,33,30.75,29.4,1.35,4.59%,3497249,-
19-Jun-26,BKG,BK Group Plc,32.05,58,53.25,54,54,53.5,0.5,0.93%,6654,-
19-Jun-26,COOP,Co-operative Bank of Kenya Ltd,16,36.6,31.55,35.95,33.3,32.7,0.6,1.83%,1355896,-
19-Jun-26,DTK,Diamond Trust Bank Kenya Ltd,73.25,170,141.5,143.5,141.75,141.75,-,-,646117,-
19-Jun-26,EQTY,Equity Group Holdings Plc,46,80.5,78.75,80.5,80,79,1,1.27%,976260,-
19-Jun-26,HFCK,HFCB Group Plc,6.7,11.5,9.38,9.48,9.44,9.2,0.24,2.61%,52976,-
19-Jun-26,IMH,I & M Holdings Plc,34.1,63.75,60.5,63.75,61.75,60.25,1.5,2.49%,192529,-
19-Jun-26,KCB,KCB Group Plc,43.4,80.5,72.75,74,73.25,72,1.25,1.74%,4230093,-
19-Jun-26,NCBA,NCBA Group Plc,56,100,89,91,90,89,1,1.12%,5638843,-
19-Jun-26,SBIC,Stanbic Holdings Plc,160,300,286.75,294,289,290.75,-1.75,-0.60%,6355,-
19-Jun-26,SCBK,Standard Chartered Bank Kenya Ltd,279.5,370,335,339,336.75,334.75,2,0.60%,16863,-
19-Jun-26,DCON,Deacons (East Africa) Plc,0.45,0.45,0.45,0.45,0.45,0.45,-,-,-,-
19-Jun-26,EVRD,Eveready East Africa Ltd,0.81,1.78,1.05,1.14,1.11,1.11,-,-,442522,-
19-Jun-26,XPRS,Express Kenya Plc,3.44,10,6.56,7.14,7.12,6.8,0.32,4.71%,6670,-
19-Jun-26,HBE,Homeboyz Entertainment Plc,4.66,4.66,4.66,4.66,4.66,4.66,-,-,-,-
19-Jun-26,KQ,Kenya Airways Plc,1.56,8.92,5.58,5.8,5.6,5.68,-0.08,-1.41%,1003475,-
19-Jun-26,LKL,Longhorn Publishers Plc,2.46,3.5,2.71,2.97,2.88,2.73,0.15,5.49%,996,-
19-Jun-26,NBV,Nairobi Business Ventures Ltd,1.19,1.99,1.21,1.35,1.29,1.3,-0.01,-0.77%,36995,-
19-Jun-26,NMG,Nation Media Group Plc,11.3,20,12.9,13.9,13.15,13.75,-0.6,-4.36%,29175,-
19-Jun-26,SMER,Sameer Africa Plc,3.3,21.5,14.6,14.8,14.7,14.6,0.1,0.68%,11039,-
19-Jun-26,SGL,Standard Group Plc,5.32,7.14,5.98,6.1,6,6,-,-,2782,-
19-Jun-26,TPSE,TPS Eastern Africa (Serena) Ltd,13.05,18.2,15,15.85,15.05,15.85,-0.8,-5.05%,4085,-
19-Jun-26,UCHM,Uchumi Supermarket Plc,0.27,2.93,1.57,1.84,1.71,1.68,0.03,1.79%,141304,-
19-Jun-26,SCAN,WPP ScanGroup Plc,1.98,3.14,2.1,2.19,2.17,2.18,-0.01,-0.46%,26307,-
19-Jun-26,ARM,ARM Cement Plc,5.55,5.55,5.55,5.55,5.55,5.55,-,-,-,-
19-Jun-26,BAMB,Bamburi Cement Ltd,47.2,47.2,47.2,47.2,47.2,47.2,-,-,-,-
19-Jun-26,CRWN,Crown Paints Kenya Plc,36.9,70.75,60,61.5,60.5,60,0.5,0.83%,4438,-
19-Jun-26,CABL,East African Cables Plc,1,1,1,1,1,1,-,-,-,-
19-Jun-26,PORT,East African Portland Cement Ltd,33,101,75,80,79.5,75.5,4,5.30%,408,-
19-Jun-26,KEGN,Kenya Electricity Generating Company Plc,5.54,10.75,8.96,9.2,9.12,9.06,0.06,0.66%,1831818,-
19-Jun-26,KPC,Kenya Pipeline Company Plc,9,9.94,9.06,9.12,9.08,9.08,-,-,514743,-
19-Jun-26,KPLC-P4,KPLC-P4,4.1,5,5,5,5,5,-,-,-,-
19-Jun-26,KPLC-P7,KPLC-P7,6,6,6,6,6,6,-,-,-,-
19-Jun-26,KPLC,Kenya Power and Lighting Company Plc,8.56,19,16,17,16.45,15.9,0.55,3.46%,1277457,-
19-Jun-26,TOTL,TotalEnergies Marketing Kenya Plc,22.5,50,47,49,48.1,48.6,-0.5,-1.03%,78448,-
19-Jun-26,UMME,Umeme Ltd,5.8,24.75,7.2,7.96,7.52,7.6,-0.08,-1.05%,18670,-
19-Jun-26,BRIT,Britam Holdings Plc,6.88,13.4,12.4,12.85,12.4,12.4,-,-,1674308,-
19-Jun-26,CIC,CIC Insurance Group Ltd,2.65,6.62,4.1,4.29,4.21,4.2,0.01,0.24%,133528,-
19-Jun-26,JUB,Jubilee Holdings Ltd,213,437.75,358,365,360.25,360.5,-0.25,-0.07%,976,-
19-Jun-26,KNRE,Kenya Re-Insurance Corporation Ltd,1.71,4.02,3.34,3.44,3.4,3.39,0.01,0.29%,1681772,-
19-Jun-26,LBTY,Liberty Kenya Holdings Ltd,8.5,12.1,8.6,9.7,9,9.12,-0.12,-1.32%,22729,-
19-Jun-26,SLAM,Sanlam Allianz Holdings (Kenya) Plc,6.5,11,7.66,8,7.98,8.06,-0.08,-0.99%,8250,-
19-Jun-26,CTUM,Centum Investment Company Plc,11.3,16.75,13.5,14,13.55,13.9,-0.35,-2.52%,19130,-
19-Jun-26,HAFR,Home Afrika Ltd,0.59,1.93,1.34,1.41,1.35,1.35,-,-,389353,-
19-Jun-26,KURV,Kurwitu Ventures Ltd,1400,1500,1500,1500,1500,1500,-,-,-,-
19-Jun-26,OCH,Olympia Capital Holdings Ltd,3.4,9,6.12,6.72,6.64,6.12,0.52,8.50%,5157,-
19-Jun-26,TCL,Trans-Century Plc,0.71,0.71,0.71,0.71,0.71,0.71,-,-,-,-
19-Jun-26,NSE,Nairobi Securities Exchange Plc,7.8,25.9,19.4,19.8,19.6,19.1,0.5,2.62%,104262,-
19-Jun-26,AMAC,Africa Mega Agricorp Plc,56,125,100.25,112,104,108.75,-4.75,-4.37%,302,-
19-Jun-26,BOC,BOC Kenya Plc,85,184,169.75,173.5,172,173.5,-1.5,-0.86%,452,-
19-Jun-26,BAT,British American Tobacco Kenya Plc,350,629,517,525,519,518,1,0.19%,14096,-
19-Jun-26,CARB,Carbacid Investments Plc,20,33,29.5,30,29.85,29.65,0.2,0.67%,21418,-
19-Jun-26,EABL,East African Breweries Ltd,181,351,269.25,277,273.25,272,1.25,0.46%,53190,-
19-Jun-26,FTGH,Flame Tree Group Holdings Ltd,0.9,3.11,1.78,1.9,1.81,1.87,-0.06,-3.21%,120244,-
19-Jun-26,MSC,Mumias Sugar Company Ltd,0.27,0.27,0.27,0.27,0.27,0.27,-,-,-,-
19-Jun-26,SKL,Shri Krishana Overseas Plc,5.8,12,8.84,9.44,9.34,9.06,0.28,3.09%,2238,-
19-Jun-26,UNGA,Unga Group Ltd,18.05,34,26.1,27,26.55,26.95,-0.4,-1.48%,1770,-
19-Jun-26,SCOM,Safaricom Plc,23.75,34.2,32.2,32.8,32.65,32,0.65,2.03%,3924397,-
19-Jun-26,ALP,Africa Logistics Properties Industria...,1,1.02,1.02,1.02,1.02,1.02,-,-,-,-
19-Jun-26,LAPR,LAPTrust Imara Income-REIT,20,20,20,20,20,20,-,-,-,-
19-Jun-26,GLD,ABSA NewGold ETF,881,9800,5140,5490,5465,5360,105,1.96%,255,-
19-Jun-26,SMWF,Satrix MSCI World Feeder ETF,755,1895,932,945,944,935,9,0.96%,167,-
19-Jun-26,^N10I,NSE 10-Share Index,1442.91,2350.15,2330.06,2330.06,2330.06,2287.19,42.87,1.87%,-,-
19-Jun-26,^N20I,NSE 20-Share Index,2280.76,3758.73,3646.93,3646.93,3646.93,3608.72,38.21,1.06%,-,-
19-Jun-26,^N25I,NSE 25-Share Index,3761.26,6097.81,6049.51,6049.51,6049.51,5957.72,91.79,1.54%,-,-
19-Jun-26,^NASI,NSE All-Share Index,145.76,219.91,217.57,217.57,217.57,214.41,3.16,1.47%,-,-
19-Jun-26,^NBSI,NSE Banking Sector Index,149.92,252.65,249.24,249.24,249.24,245.26,3.98,1.62%,-,-
19-Jun-26,^NBDI,NSE Bonds Index,1122.24,1210.41,1129.01,1129.01,1129.01,1126.13,2.88,0.26%,-,-
19-Jun-26,^ZKEQTK,Zamara Kenya Equity Index (KES),2907.99,4962.09,4937.15,4937.15,4937.15,4867.4,69.75,1.43%,-,-
19-Jun-26,^ZKEQTU,Zamara Kenya Equity Index (USD),1937.91,3301.67,3285.08,3285.08,3285.08,3237.41,47.67,1.47%,-,-
22-Jun-26,EGAD,Eaagads Ltd,11,37,30,32.95,32.9,30.75,2.15,6.99%,575,-
22-Jun-26,KUKZ,Kakuzi Plc,365,460,433,442,439.75,441.75,-2,-0.45%,156,-
22-Jun-26,KAPC,Kapchorua Tea Kenya Plc,198,424.25,285,300,296.5,283,13.5,4.77%,2189,-
22-Jun-26,LIMT,Limuru Tea Plc,295,555,449,449,449,449,-,-,-,-
22-Jun-26,SASN,Sasini Plc,14,33.9,21,23,21.65,22.15,-0.5,-2.26%,32974,-
22-Jun-26,WTK,Williamson Tea Kenya Plc,129,350,130,133,130.75,130,0.75,0.58%,15958,-
22-Jun-26,CGEN,Car and General (K) Ltd,19.95,128,111,128,122.5,116.5,6,5.15%,24044,-
22-Jun-26,ABSA,ABSA Bank Kenya Plc,17.95,33,32,32.9,32.55,30.75,1.8,5.85%,1146207,-
22-Jun-26,BKG,BK Group Plc,32.05,58,53.25,54,54,54,-,-,11500,-
22-Jun-26,COOP,Co-operative Bank of Kenya Ltd,16,36.6,34,36.6,34.75,33.3,1.45,4.35%,394701,-
22-Jun-26,DTK,Diamond Trust Bank Kenya Ltd,73.25,170,141.5,142,141.75,141.75,-,-,296842,-
22-Jun-26,EQTY,Equity Group Holdings Plc,46,80.5,77,80,79,80,-1,-1.25%,28921302,-
22-Jun-26,HFCK,HFCB Group Plc,6.7,11.5,9.3,9.5,9.38,9.44,-0.06,-0.64%,252547,-
22-Jun-26,IMH,I & M Holdings Plc,34.25,66.75,61.75,63.5,62.75,61.75,1,1.62%,215606,-
22-Jun-26,KCB,KCB Group Plc,43.5,80.5,73.75,75,74,73.25,0.75,1.02%,1931179,-
22-Jun-26,NCBA,NCBA Group Plc,56,100,90,92.5,91.25,90,1.25,1.39%,97964,-
22-Jun-26,SBIC,Stanbic Holdings Plc,160,300,287,290,288.75,289,-0.25,-0.09%,3807,-
22-Jun-26,SCBK,Standard Chartered Bank Kenya Ltd,279.5,370,334,340,337,336.75,0.25,0.07%,28024,-
22-Jun-26,DCON,Deacons (East Africa) Plc,0.45,0.45,0.45,0.45,0.45,0.45,-,-,-,-
22-Jun-26,EVRD,Eveready East Africa Ltd,0.81,1.78,1.06,1.15,1.08,1.11,-0.03,-2.70%,166082,-
22-Jun-26,XPRS,Express Kenya Plc,3.44,10,6.56,7.16,6.86,7.12,-0.26,-3.65%,5775,-
22-Jun-26,HBE,Homeboyz Entertainment Plc,4.66,4.66,4.66,4.66,4.66,4.66,-,-,-,-
22-Jun-26,KQ,Kenya Airways Plc,1.56,8.92,5.5,5.74,5.56,5.6,-0.04,-0.71%,207890,-
22-Jun-26,LKL,Longhorn Publishers Plc,2.46,3.5,2.73,3,2.93,2.88,0.05,1.74%,2008,-
22-Jun-26,NBV,Nairobi Business Ventures Ltd,1.19,1.99,1.2,1.31,1.28,1.29,-0.01,-0.78%,14184,-
22-Jun-26,NMG,Nation Media Group Plc,11.3,20,13.1,13.5,13.5,13.15,0.35,2.66%,22275,-
22-Jun-26,SMER,Sameer Africa Plc,3.3,21.5,14.55,14.9,14.7,14.7,-,-,29475,-
22-Jun-26,SGL,Standard Group Plc,5.32,7.14,5.98,6.1,6.08,6,0.08,1.33%,13084,-
22-Jun-26,TPSE,TPS Eastern Africa (Serena) Ltd,13.05,18.2,15.6,16,15.75,15.05,0.7,4.65%,978,-
22-Jun-26,UCHM,Uchumi Supermarket Plc,0.27,2.93,1.54,1.78,1.59,1.71,-0.12,-7.02%,369468,-
22-Jun-26,SCAN,WPP ScanGroup Plc,1.98,3.14,2.16,2.18,2.17,2.17,-,-,20416,-
22-Jun-26,ARM,ARM Cement Plc,5.55,5.55,5.55,5.55,5.55,5.55,-,-,-,-
22-Jun-26,BAMB,Bamburi Cement Ltd,47.2,47.2,47.2,47.2,47.2,47.2,-,-,-,-
22-Jun-26,CRWN,Crown Paints Kenya Plc,36.9,70.75,55,61.5,61.25,60.5,0.75,1.24%,7512,-
22-Jun-26,CABL,East African Cables Plc,1,1,1,1,1,1,-,-,-,-
22-Jun-26,PORT,East African Portland Cement Ltd,33,101,80,87.25,84,79.5,4.5,5.66%,6833,-
22-Jun-26,KEGN,Kenya Electricity Generating Company Plc,5.54,10.75,9.12,9.26,9.16,9.12,0.04,0.44%,596800,-
22-Jun-26,KPC,Kenya Pipeline Company Plc,9,9.94,9.08,9.12,9.1,9.08,0.02,0.22%,648410,-
22-Jun-26,KPLC-P4,KPLC-P4,4.1,5,5,5,5,5,-,-,-,-
22-Jun-26,KPLC-P7,KPLC-P7,6,6,6,6,6,6,-,-,-,-
22-Jun-26,KPLC,Kenya Power and Lighting Company Plc,8.7,19,16.05,17.15,16.95,16.45,0.5,3.04%,1809379,-
22-Jun-26,TOTL,TotalEnergies Marketing Kenya Plc,22.5,50,47,49,47.4,48.1,-0.7,-1.46%,114163,-
22-Jun-26,UMME,Umeme Ltd,5.8,24.75,7.2,7.98,7.66,7.52,0.14,1.86%,23402,-
22-Jun-26,BRIT,Britam Holdings Plc,6.88,13.4,12.3,12.85,12.6,12.4,0.2,1.61%,40302,-
22-Jun-26,CIC,CIC Insurance Group Ltd,2.65,6.62,4.05,4.32,4.24,4.21,0.03,0.71%,357896,-
22-Jun-26,JUB,Jubilee Holdings Ltd,213,437.75,350,362,359.25,360.25,-1,-0.28%,1846,-
22-Jun-26,KNRE,Kenya Re-Insurance Corporation Ltd,1.79,4.02,3.25,3.38,3.28,3.4,-0.12,-3.53%,4486623,-
22-Jun-26,LBTY,Liberty Kenya Holdings Ltd,8.5,12.1,8.5,9.2,8.98,9,-0.02,-0.22%,36882,-
22-Jun-26,SLAM,Sanlam Allianz Holdings (Kenya) Plc,6.5,11,7.78,8,7.88,7.98,-0.1,-1.25%,9796,-
22-Jun-26,CTUM,Centum Investment Company Plc,11.3,16.75,13.5,14,13.85,13.55,0.3,2.21%,9516,-
22-Jun-26,HAFR,Home Afrika Ltd,0.59,1.93,1.25,1.45,1.32,1.35,-0.03,-2.22%,346801,-
22-Jun-26,KURV,Kurwitu Ventures Ltd,1400,1500,1500,1500,1500,1500,-,-,-,-
22-Jun-26,OCH,Olympia Capital Holdings Ltd,3.4,9,6.12,7.16,6.9,6.64,0.26,3.92%,906,-
22-Jun-26,TCL,Trans-Century Plc,0.71,0.71,0.71,0.71,0.71,0.71,-,-,-,-
22-Jun-26,NSE,Nairobi Securities Exchange Plc,7.92,25.9,19.4,19.95,19.5,19.6,-0.1,-0.51%,135376,-
22-Jun-26,AMAC,Africa Mega Agricorp Plc,56,125,102,112,104,104,-,-,93,-
22-Jun-26,BOC,BOC Kenya Plc,85.25,184,164,172.5,167,172,-5,-2.91%,1552,-
22-Jun-26,BAT,British American Tobacco Kenya Plc,351,629,520,530,527,519,8,1.54%,6873,-
22-Jun-26,CARB,Carbacid Investments Plc,20,33,29.55,30,29.85,29.85,-,-,25727,-
22-Jun-26,EABL,East African Breweries Ltd,181.25,351,260,275,267,273.25,-6.25,-2.29%,132358,-
22-Jun-26,FTGH,Flame Tree Group Holdings Ltd,0.9,3.11,1.78,1.9,1.82,1.81,0.01,0.55%,56709,-
22-Jun-26,MSC,Mumias Sugar Company Ltd,0.27,0.27,0.27,0.27,0.27,0.27,-,-,-,-
22-Jun-26,SKL,Shri Krishana Overseas Plc,5.8,12,8.84,9.4,9.4,9.34,0.06,0.64%,11018,-
22-Jun-26,UNGA,Unga Group Ltd,18.05,34,25.5,26.75,25.9,26.55,-0.65,-2.45%,1027,-
22-Jun-26,SCOM,Safaricom Plc,23.9,34.2,32.4,33,32.75,32.65,0.1,0.31%,10845650,-
22-Jun-26,ALP,Africa Logistics Properties Industria...,1,1.02,1.02,1.02,1.02,1.02,-,-,-,-
22-Jun-26,LAPR,LAPTrust Imara Income-REIT,20,20,20,20,20,20,-,-,-,-
22-Jun-26,GLD,ABSA NewGold ETF,881,9800,5095,5465,5155,5465,-310,-5.67%,328,-
22-Jun-26,SMWF,Satrix MSCI World Feeder ETF,755,1895,945,997,949,944,5,0.53%,897,-
22-Jun-26,^N10I,NSE 10-Share Index,1461.98,2351.5,2350.15,2350.15,2350.15,2330.06,20.09,0.86%,-,-
22-Jun-26,^N20I,NSE 20-Share Index,2294.05,3758.73,3676.05,3676.05,3676.05,3646.93,29.12,0.80%,-,-
22-Jun-26,^N25I,NSE 25-Share Index,3794.8,6108.45,6097.81,6097.81,6097.81,6049.51,48.3,0.80%,-,-
22-Jun-26,^NASI,NSE All-Share Index,147.49,219.91,218.96,218.96,218.96,217.57,1.39,0.64%,-,-
22-Jun-26,^NBSI,NSE Banking Sector Index,149.92,253.8,252.65,252.65,252.65,249.24,3.41,1.37%,-,-
22-Jun-26,^NBDI,NSE Bonds Index,1116.46,1210.41,1129.08,1129.08,1129.08,1129.01,0.07,0.01%,-,-
22-Jun-26,^ZKEQTK,Zamara Kenya Equity Index (KES),2961.99,4963.35,4962.09,4962.09,4962.09,4937.15,24.94,0.51%,-,-
22-Jun-26,^ZKEQTU,Zamara Kenya Equity Index (USD),1973.13,3302.51,3301.67,3301.67,3301.67,3285.08,16.59,0.51%,-,-
23-Jun-26,EGAD,Eaagads Ltd,11,37,29.65,32.85,29.7,32.9,-3.2,-9.73%,58362,-
23-Jun-26,KUKZ,Kakuzi Plc,365,460,439.5,442,441,439.75,1.25,0.28%,644,-
23-Jun-26,KAPC,Kapchorua Tea Kenya Plc,198,424.25,291,299,296.5,296.5,-,-,98,-
23-Jun-26,LIMT,Limuru Tea Plc,295,555,489.25,493,490,449,41,9.13%,547,-
23-Jun-26,SASN,Sasini Plc,14,33.9,22,23.35,22.85,21.65,1.2,5.54%,19077,-
23-Jun-26,WTK,Williamson Tea Kenya Plc,129,350,129,132.5,130.5,130.75,-0.25,-0.19%,13290,-
23-Jun-26,CGEN,Car and General (K) Ltd,19.95,128,110.25,127,112,122.5,-10.5,-8.57%,14665,-
23-Jun-26,ABSA,ABSA Bank Kenya Plc,17.95,33,32.15,32.9,32.5,32.55,-0.05,-0.15%,3294335,-
23-Jun-26,BKG,BK Group Plc,32.05,58,53,54,53.25,54,-0.75,-1.39%,28210,-
23-Jun-26,COOP,Co-operative Bank of Kenya Ltd,16,36.6,33.95,35.95,35.55,34.75,0.8,2.30%,950484,-
23-Jun-26,DTK,Diamond Trust Bank Kenya Ltd,73.25,170,140.5,142,141.5,141.75,-0.25,-0.18%,388197,-
23-Jun-26,EQTY,Equity Group Holdings Plc,46,80.5,78,79.5,78.75,79,-0.25,-0.32%,4677745,-
23-Jun-26,FMLY,Family Bank Limited,22,50,22,50,26,-,26,-,1865856,-
23-Jun-26,HFCK,HFCB Group Plc,6.7,11.5,9.3,9.5,9.38,9.38,-,-,408294,-
23-Jun-26,IMH,I & M Holdings Plc,34.25,66.75,63.5,64,63.75,62.75,1,1.59%,178875,-
23-Jun-26,KCB,KCB Group Plc,43.5,80.5,73.25,74.25,74,74,-,-,3958185,-
23-Jun-26,NCBA,NCBA Group Plc,56,100,91.5,94.25,92.5,91.25,1.25,1.37%,147611,-
23-Jun-26,SBIC,Stanbic Holdings Plc,160,300,288,293,290.25,288.75,1.5,0.52%,9288,-
23-Jun-26,SCBK,Standard Chartered Bank Kenya Ltd,279.5,370,334,338.5,335.25,337,-1.75,-0.52%,13685,-
23-Jun-26,DCON,Deacons (East Africa) Plc,0.45,0.45,0.45,0.45,0.45,0.45,-,-,-,-
23-Jun-26,EVRD,Eveready East Africa Ltd,0.81,1.78,1.08,1.11,1.1,1.08,0.02,1.85%,421604,-
23-Jun-26,XPRS,Express Kenya Plc,3.44,10,6.66,7.14,7,6.86,0.14,2.04%,1670,-
23-Jun-26,HBE,Homeboyz Entertainment Plc,4.66,4.66,4.66,4.66,4.66,4.66,-,-,-,-
23-Jun-26,KQ,Kenya Airways Plc,1.56,8.92,5.5,5.6,5.58,5.56,0.02,0.36%,683177,-
23-Jun-26,LKL,Longhorn Publishers Plc,2.46,3.5,2.9,2.99,2.96,2.93,0.03,1.02%,1594,-
23-Jun-26,NBV,Nairobi Business Ventures Ltd,1.19,1.99,1.21,1.29,1.25,1.28,-0.03,-2.34%,19664,-
23-Jun-26,NMG,Nation Media Group Plc,11.3,20,13,13.5,13.2,13.5,-0.3,-2.22%,14774,-
23-Jun-26,SMER,Sameer Africa Plc,3.3,21.5,14,16.1,14.65,14.7,-0.05,-0.34%,309007,-
23-Jun-26,SGL,Standard Group Plc,5.32,7.14,5.6,6.2,5.94,6.08,-0.14,-2.30%,2495,-
23-Jun-26,TPSE,TPS Eastern Africa (Serena) Ltd,13.05,18.2,15.6,16,15.6,15.75,-0.15,-0.95%,612,-
23-Jun-26,UCHM,Uchumi Supermarket Plc,0.27,2.93,1.53,1.74,1.69,1.59,0.1,6.29%,551794,-
23-Jun-26,SCAN,WPP ScanGroup Plc,1.98,3.14,2.17,2.23,2.17,2.17,-,-,26377,-
23-Jun-26,ARM,ARM Cement Plc,5.55,5.55,5.55,5.55,5.55,5.55,-,-,-,-
23-Jun-26,BAMB,Bamburi Cement Ltd,47.2,47.2,47.2,47.2,47.2,47.2,-,-,-,-
23-Jun-26,CRWN,Crown Paints Kenya Plc,36.9,70.75,56,62,61.75,61.25,0.5,0.82%,3312,-
23-Jun-26,CABL,East African Cables Plc,1,1,1,1,1,1,-,-,-,-
23-Jun-26,PORT,East African Portland Cement Ltd,33,101,82,92.25,91.5,84,7.5,8.93%,3167,-
23-Jun-26,KEGN,Kenya Electricity Generating Company Plc,5.54,10.75,9.16,9.6,9.48,9.16,0.32,3.49%,2156251,-
23-Jun-26,KPC,Kenya Pipeline Company Plc,9,9.94,9.06,9.12,9.08,9.1,-0.02,-0.22%,364831,-
23-Jun-26,KPLC-P4,KPLC-P4,4.1,5,5,5,5,5,-,-,-,-
23-Jun-26,KPLC-P7,KPLC-P7,6,6,6,6,6,6,-,-,-,-
23-Jun-26,KPLC,Kenya Power and Lighting Company Plc,8.7,19,16.95,17.45,17.1,16.95,0.15,0.88%,789657,-
23-Jun-26,TOTL,TotalEnergies Marketing Kenya Plc,22.5,50,47.05,48,47.65,47.4,0.25,0.53%,151251,-
23-Jun-26,UMME,Umeme Ltd,5.8,24.75,7.2,7.9,7.56,7.66,-0.1,-1.31%,23034,-
23-Jun-26,BRIT,Britam Holdings Plc,6.88,13.4,12.2,13,12.65,12.6,0.05,0.40%,34685,-
23-Jun-26,CIC,CIC Insurance Group Ltd,2.65,6.62,4.1,4.47,4.31,4.24,0.07,1.65%,119716,-
23-Jun-26,JUB,Jubilee Holdings Ltd,213,437.75,360,365,363.5,359.25,4.25,1.18%,842,-
23-Jun-26,KNRE,Kenya Re-Insurance Corporation Ltd,1.79,4.02,3.2,3.39,3.29,3.28,0.01,0.30%,1600386,-
23-Jun-26,LBTY,Liberty Kenya Holdings Ltd,8.5,12.1,8.98,9.86,9.42,8.98,0.44,4.90%,89805,-
23-Jun-26,SLAM,Sanlam Allianz Holdings (Kenya) Plc,6.5,11,7.4,8,7.7,7.88,-0.18,-2.28%,84954,-
23-Jun-26,CTUM,Centum Investment Company Plc,11.3,16.75,13.8,14.25,14,13.85,0.15,1.08%,186814,-
23-Jun-26,HAFR,Home Afrika Ltd,0.59,1.93,1.3,1.35,1.32,1.32,-,-,81562,-
23-Jun-26,KURV,Kurwitu Ventures Ltd,1400,1500,1500,1500,1500,1500,-,-,-,-
23-Jun-26,OCH,Olympia Capital Holdings Ltd,3.4,9,6.22,7.2,7.06,6.9,0.16,2.32%,5494,-
23-Jun-26,TCL,Trans-Century Plc,0.71,0.71,0.71,0.71,0.71,0.71,-,-,-,-
23-Jun-26,NSE,Nairobi Securities Exchange Plc,7.92,25.9,19.4,20,19.6,19.5,0.1,0.51%,787959,-
23-Jun-26,AMAC,Africa Mega Agricorp Plc,56,125,101,112,110.75,104,6.75,6.49%,429,-
23-Jun-26,BOC,BOC Kenya Plc,85.25,184,166,170,167,167,-,-,1619,-
23-Jun-26,BAT,British American Tobacco Kenya Plc,351,629,528,539,530,527,3,0.57%,9878,-
23-Jun-26,CARB,Carbacid Investments Plc,20,33,29.7,30.5,29.95,29.85,0.1,0.34%,37391,-
23-Jun-26,EABL,East African Breweries Ltd,181.25,351,259,274,262.75,267,-4.25,-1.59%,156178,-
23-Jun-26,FTGH,Flame Tree Group Holdings Ltd,0.9,3.11,1.9,1.96,1.92,1.82,0.1,5.49%,12479,-
23-Jun-26,MSC,Mumias Sugar Company Ltd,0.27,0.27,0.27,0.27,0.27,0.27,-,-,-,-
23-Jun-26,SKL,Shri Krishana Overseas Plc,5.8,12,8.8,9.8,9.06,9.4,-0.34,-3.62%,11561,-
23-Jun-26,UNGA,Unga Group Ltd,18.05,34,25.5,26.55,26.2,25.9,0.3,1.16%,1210,-
23-Jun-26,SCOM,Safaricom Plc,23.9,34.2,32.35,32.8,32.6,32.75,-0.15,-0.46%,10160989,-
23-Jun-26,ALP,Africa Logistics Properties Industria...,1,1.02,1.02,1.02,1.02,1.02,-,-,-,-
23-Jun-26,LAPR,LAPTrust Imara Income-REIT,20,20,20,20,20,20,-,-,-,-
23-Jun-26,GLD,ABSA NewGold ETF,881,9800,4975,5465,5055,5155,-100,-1.94%,832,-
23-Jun-26,SMWF,Satrix MSCI World Feeder ETF,755,1895,932,998,936,949,-13,-1.37%,509,-
23-Jun-26,^N10I,NSE 10-Share Index,1461.98,2351.5,2351.5,2351.5,2351.5,2350.15,1.35,0.06%,-,-
23-Jun-26,^N20I,NSE 20-Share Index,2294.05,3758.73,3693.38,3693.38,3693.38,3676.05,17.33,0.47%,-,-
23-Jun-26,^N25I,NSE 25-Share Index,3794.8,6108.45,6108.45,6108.45,6108.45,6097.81,10.64,0.17%,-,-
23-Jun-26,^NASI,NSE All-Share Index,147.49,219.91,219,219,219,218.96,0.04,0.02%,-,-
23-Jun-26,^NBSI,NSE Banking Sector Index,149.92,253.8,253.8,253.8,253.8,252.65,1.15,0.46%,-,-
23-Jun-26,^NBDI,NSE Bonds Index,1116.46,1210.41,1127.97,1127.97,1127.97,1129.08,-1.11,-0.10%,-,-
23-Jun-26,^ZKEQTK,Zamara Kenya Equity Index (KES),2961.99,4963.35,4963.35,4963.35,4963.35,4962.09,1.26,0.03%,-,-
23-Jun-26,^ZKEQTU,Zamara Kenya Equity Index (USD),1973.13,3302.51,3302.51,3302.51,3302.51,3301.67,0.84,0.03%,-,-
24-Jun-26,EGAD,Eaagads Ltd,11,37,29.7,31.75,30.1,29.7,0.4,1.35%,7429,-
24-Jun-26,KUKZ,Kakuzi Plc,365,460,439,441,440.25,441,-0.75,-0.17%,112,-
24-Jun-26,KAPC,Kapchorua Tea Kenya Plc,198,424.25,279.5,299.5,291.25,296.5,-5.25,-1.77%,1844,-
24-Jun-26,LIMT,Limuru Tea Plc,295,555,485.5,493.75,493.75,490,3.75,0.77%,590,-
24-Jun-26,SASN,Sasini Plc,14,33.9,22.4,23,22.95,22.85,0.1,0.44%,8678,-
24-Jun-26,WTK,Williamson Tea Kenya Plc,129,350,130.5,132.75,132.25,130.5,1.75,1.34%,16935,-
24-Jun-26,CGEN,Car and General (K) Ltd,19.95,128,101,110.25,102.75,112,-9.25,-8.26%,11570,-
24-Jun-26,ABSA,ABSA Bank Kenya Plc,17.95,33,32,32.6,32.2,32.5,-0.3,-0.92%,174697,-
24-Jun-26,BKG,BK Group Plc,32.05,58,53.25,54.5,54,53.25,0.75,1.41%,12229,-
24-Jun-26,COOP,Co-operative Bank of Kenya Ltd,16,36.6,33.1,34.5,34.2,35.55,-1.35,-3.80%,574972,-
24-Jun-26,DTK,Diamond Trust Bank Kenya Ltd,74,170,139,142,140.5,141.5,-1,-0.71%,185630,-
24-Jun-26,EQTY,Equity Group Holdings Plc,46.5,80.5,78,79,78.75,78.75,-,-,2663490,-
24-Jun-26,FMLY,Family Bank Limited,22,50,23.4,28.6,24.65,26,-1.35,-5.19%,1746768,-
24-Jun-26,HFCK,HFCB Group Plc,6.7,11.5,9.38,9.5,9.44,9.38,0.06,0.64%,195226,-
24-Jun-26,IMH,I & M Holdings Plc,34.3,68.75,63.75,66.75,64.5,63.75,0.75,1.18%,393232,-
24-Jun-26,KCB,KCB Group Plc,44.05,80.5,74,74.5,74,74,-,-,4367057,-
24-Jun-26,NCBA,NCBA Group Plc,57.5,100,91.5,93,92.25,92.5,-0.25,-0.27%,44163,-
24-Jun-26,SBIC,Stanbic Holdings Plc,160.75,300,288,294,290.25,290.25,-,-,37580,-
24-Jun-26,SCBK,Standard Chartered Bank Kenya Ltd,279.5,370,333,337.5,334.25,335.25,-1,-0.30%,90977,-
24-Jun-26,DCON,Deacons (East Africa) Plc,0.45,0.45,0.45,0.45,0.45,0.45,-,-,-,-
24-Jun-26,EVRD,Eveready East Africa Ltd,0.81,1.78,1.09,1.14,1.12,1.1,0.02,1.82%,278995,-
24-Jun-26,XPRS,Express Kenya Plc,3.65,10,6.74,7.4,7.3,7,0.3,4.29%,1633,-
24-Jun-26,HBE,Homeboyz Entertainment Plc,4.66,4.66,4.66,4.66,4.66,4.66,-,-,-,-
24-Jun-26,KQ,Kenya Airways Plc,1.56,8.92,5.38,5.6,5.46,5.58,-0.12,-2.15%,191376,-
24-Jun-26,LKL,Longhorn Publishers Plc,2.46,3.5,2.9,2.93,2.9,2.96,-0.06,-2.03%,1248,-
24-Jun-26,NBV,Nairobi Business Ventures Ltd,1.19,1.99,1.21,1.3,1.28,1.25,0.03,2.40%,32948,-
24-Jun-26,NMG,Nation Media Group Plc,11.3,20,12,13.5,12.6,13.2,-0.6,-4.55%,38178,-
24-Jun-26,SMER,Sameer Africa Plc,3.3,21.5,13.8,15,14,14.65,-0.65,-4.44%,221790,-
24-Jun-26,SGL,Standard Group Plc,5.32,7.14,5.68,6.2,5.98,5.94,0.04,0.67%,330,-
24-Jun-26,TPSE,TPS Eastern Africa (Serena) Ltd,13.05,18.2,15.1,16,15.2,15.6,-0.4,-2.56%,432,-
24-Jun-26,UCHM,Uchumi Supermarket Plc,0.27,2.93,1.7,1.83,1.78,1.69,0.09,5.33%,97775,-
24-Jun-26,SCAN,WPP ScanGroup Plc,1.98,3.14,2.16,2.19,2.17,2.17,-,-,3824,-
24-Jun-26,ARM,ARM Cement Plc,5.55,5.55,5.55,5.55,5.55,5.55,-,-,-,-
24-Jun-26,BAMB,Bamburi Cement Ltd,47.2,47.2,47.2,47.2,47.2,47.2,-,-,-,-
24-Jun-26,CRWN,Crown Paints Kenya Plc,36.9,70.75,60,62,60.75,61.75,-1,-1.62%,6075,-
24-Jun-26,CABL,East African Cables Plc,1,1,1,1,1,1,-,-,-,-
24-Jun-26,PORT,East African Portland Cement Ltd,33,101,90.75,94,92.5,91.5,1,1.09%,3673,-
24-Jun-26,KEGN,Kenya Electricity Generating Company Plc,5.7,10.75,9.38,9.76,9.62,9.48,0.14,1.48%,915650,-
24-Jun-26,KPC,Kenya Pipeline Company Plc,9,9.94,9.02,9.1,9.08,9.08,-,-,323149,-
24-Jun-26,KPLC-P4,KPLC-P4,4.1,5,5,5,5,5,-,-,-,-
24-Jun-26,KPLC-P7,KPLC-P7,6,6,6,6,6,6,-,-,-,-
24-Jun-26,KPLC,Kenya Power and Lighting Company Plc,9.22,19,16.95,17.45,17,17.1,-0.1,-0.58%,2591543,-
24-Jun-26,TOTL,TotalEnergies Marketing Kenya Plc,22.5,50,47.25,47.7,47.5,47.65,-0.15,-0.31%,99434,-
24-Jun-26,UMME,Umeme Ltd,5.8,24.75,7.46,7.9,7.62,7.56,0.06,0.79%,24753,-
24-Jun-26,BRIT,Britam Holdings Plc,6.88,13.4,12.2,12.9,12.4,12.65,-0.25,-1.98%,44690,-
24-Jun-26,CIC,CIC Insurance Group Ltd,2.7,6.62,4.3,4.49,4.41,4.31,0.1,2.32%,94383,-
24-Jun-26,JUB,Jubilee Holdings Ltd,213,437.75,360,365,364.75,363.5,1.25,0.34%,613,-
24-Jun-26,KNRE,Kenya Re-Insurance Corporation Ltd,1.82,4.02,3.25,3.4,3.3,3.29,0.01,0.30%,583138,-
24-Jun-26,LBTY,Liberty Kenya Holdings Ltd,8.5,12.1,8.96,9.86,9.08,9.42,-0.34,-3.61%,37440,-
24-Jun-26,SLAM,Sanlam Allianz Holdings (Kenya) Plc,6.5,11,7.42,7.88,7.5,7.7,-0.2,-2.60%,22045,-
24-Jun-26,CTUM,Centum Investment Company Plc,11.3,16.75,13.8,14.6,13.8,14,-0.2,-1.43%,1310935,-
24-Jun-26,HAFR,Home Afrika Ltd,0.59,1.93,1.24,1.4,1.33,1.32,0.01,0.76%,161566,-
24-Jun-26,KURV,Kurwitu Ventures Ltd,1400,1500,1500,1500,1500,1500,-,-,-,-
24-Jun-26,OCH,Olympia Capital Holdings Ltd,3.4,9,6.36,7.18,6.44,7.06,-0.62,-8.78%,8764,-
24-Jun-26,TCL,Trans-Century Plc,0.71,0.71,0.71,0.71,0.71,0.71,-,-,-,-
24-Jun-26,NSE,Nairobi Securities Exchange Plc,8,25.9,19.35,20,19.55,19.6,-0.05,-0.26%,57115,-
24-Jun-26,AMAC,Africa Mega Agricorp Plc,56,125,108.25,112,110.75,110.75,-,-,44,-
24-Jun-26,BOC,BOC Kenya Plc,85.25,184,164,167,164.75,167,-2.25,-1.35%,1908,-
24-Jun-26,BAT,British American Tobacco Kenya Plc,351,629,528,535,532,530,2,0.38%,7926,-
24-Jun-26,CARB,Carbacid Investments Plc,20,33,29.6,32.5,30.9,29.95,0.95,3.17%,13524,-
24-Jun-26,EABL,East African Breweries Ltd,182,351,260,264.5,261.5,262.75,-1.25,-0.48%,17479,-
24-Jun-26,FTGH,Flame Tree Group Holdings Ltd,0.9,3.11,1.82,1.95,1.87,1.92,-0.05,-2.60%,30770,-
24-Jun-26,MSC,Mumias Sugar Company Ltd,0.27,0.27,0.27,0.27,0.27,0.27,-,-,-,-
24-Jun-26,SKL,Shri Krishana Overseas Plc,5.8,12,8.86,9.4,9,9.06,-0.06,-0.66%,496,-
24-Jun-26,UNGA,Unga Group Ltd,18.05,34,25.9,27,26.55,26.2,0.35,1.34%,16831,-
24-Jun-26,SCOM,Safaricom Plc,24,34.2,32.4,32.8,32.6,32.6,-,-,2831695,-
24-Jun-26,ALP,Africa Logistics Properties Industria...,1,1.02,1.02,1.02,1.02,1.02,-,-,-,-
24-Jun-26,LAPR,LAPTrust Imara Income-REIT,20,20,20,20,20,20,-,-,-,-
24-Jun-26,GLD,ABSA NewGold ETF,881,9800,4940,5440,5005,5055,-50,-0.99%,613,-
24-Jun-26,SMWF,Satrix MSCI World Feeder ETF,755,1895,934,934,934,936,-2,-0.21%,551,-
24-Jun-26,^N10I,NSE 10-Share Index,1469.98,2351.5,2338.7,2338.7,2338.7,2351.5,-12.8,-0.54%,-,-
24-Jun-26,^N20I,NSE 20-Share Index,2318.17,3758.73,3687.97,3687.97,3687.97,3693.38,-5.41,-0.15%,-,-
24-Jun-26,^N25I,NSE 25-Share Index,3818.82,6108.45,6082.98,6082.98,6082.98,6108.45,-25.47,-0.42%,-,-
24-Jun-26,^NASI,NSE All-Share Index,148.5,219.91,218.23,218.23,218.23,219,-0.77,-0.35%,-,-
24-Jun-26,^NBSI,NSE Banking Sector Index,149.92,253.8,251.96,251.96,251.96,253.8,-1.84,-0.72%,-,-
24-Jun-26,^NBDI,NSE Bonds Index,1116.46,1210.41,1116.46,1116.46,1116.46,1127.97,-11.51,-1.02%,-,-
24-Jun-26,^ZKEQTK,Zamara Kenya Equity Index (KES),2961.99,4963.35,4950.5,4950.5,4950.5,4963.35,-12.85,-0.26%,-,-
24-Jun-26,^ZKEQTU,Zamara Kenya Equity Index (USD),1973.13,3302.51,3291.41,3291.41,3291.41,3302.51,-11.1,-0.34%,-,-
25-Jun-26,EGAD,Eaagads Ltd,11,37,29.7,30.75,30.5,30.1,0.4,1.33%,2211,-
25-Jun-26,KUKZ,Kakuzi Plc,365,460,420,440.5,437.25,440.25,-3,-0.68%,142,-
25-Jun-26,KAPC,Kapchorua Tea Kenya Plc,198,424.25,296,300,298.75,291.25,7.5,2.58%,1478,-
25-Jun-26,LIMT,Limuru Tea Plc,295,555,478.5,539,493.75,493.75,-,-,25,-
25-Jun-26,SASN,Sasini Plc,14,33.9,22.35,23,22.4,22.95,-0.55,-2.40%,4334,-
25-Jun-26,WTK,Williamson Tea Kenya Plc,129,350,131,132.75,132.75,132.25,0.5,0.38%,16949,-
25-Jun-26,CGEN,Car and General (K) Ltd,20.05,128,101,120.5,107.25,102.75,4.5,4.38%,9783,-
25-Jun-26,ABSA,ABSA Bank Kenya Plc,17.95,33,32,32.6,32.3,32.2,0.1,0.31%,142070,-
25-Jun-26,BKG,BK Group Plc,32.65,58,53.25,54,53.75,54,-0.25,-0.46%,4576,-
25-Jun-26,COOP,Co-operative Bank of Kenya Ltd,16,36.6,33.55,35.45,34.8,34.2,0.6,1.75%,1308502,-
25-Jun-26,DTK,Diamond Trust Bank Kenya Ltd,74.75,170,138.75,145,139.25,140.5,-1.25,-0.89%,325403,-
25-Jun-26,EQTY,Equity Group Holdings Plc,46.5,83.5,78.75,79.75,79,78.75,0.25,0.32%,293056,-
25-Jun-26,FMLY,Family Bank Limited,22,50,22.2,24.5,22.4,24.65,-2.25,-9.13%,2153586,-
25-Jun-26,HFCK,HFCB Group Plc,6.7,11.5,9.3,9.5,9.48,9.44,0.04,0.42%,399355,-
25-Jun-26,IMH,I & M Holdings Plc,35,68.75,59.5,68.75,60.5,64.5,-4,-6.20%,1197608,-
25-Jun-26,KCB,KCB Group Plc,44.5,80.5,74,75,74.5,74,0.5,0.68%,1634375,-
25-Jun-26,NCBA,NCBA Group Plc,57.5,100,91.5,92.5,91.75,92.25,-0.5,-0.54%,28838,-
25-Jun-26,SBIC,Stanbic Holdings Plc,161,300,288,293,290,290.25,-0.25,-0.09%,11950,-
25-Jun-26,SCBK,Standard Chartered Bank Kenya Ltd,279.5,370,333,336.25,334.75,334.25,0.5,0.15%,4346,-
25-Jun-26,DCON,Deacons (East Africa) Plc,0.45,0.45,0.45,0.45,0.45,0.45,-,-,-,-
25-Jun-26,EVRD,Eveready East Africa Ltd,0.81,1.78,1.09,1.12,1.09,1.12,-0.03,-2.68%,96588,-
25-Jun-26,XPRS,Express Kenya Plc,3.66,10,7,7.4,7.18,7.3,-0.12,-1.64%,3634,-
25-Jun-26,HBE,Homeboyz Entertainment Plc,4.66,4.66,4.66,4.66,4.66,4.66,-,-,-,-
25-Jun-26,KQ,Kenya Airways Plc,1.56,8.92,5.36,5.7,5.52,5.46,0.06,1.10%,525446,-
25-Jun-26,LKL,Longhorn Publishers Plc,2.46,3.5,2.9,3,2.92,2.9,0.02,0.69%,1673,-
25-Jun-26,NBV,Nairobi Business Ventures Ltd,1.19,1.99,1.26,1.3,1.28,1.28,-,-,10787,-
25-Jun-26,NMG,Nation Media Group Plc,11.3,20,12.2,13.8,12.75,12.6,0.15,1.19%,4385,-
25-Jun-26,SMER,Sameer Africa Plc,3.5,21.5,14.5,15.4,14.75,14,0.75,5.36%,3652,-
25-Jun-26,SGL,Standard Group Plc,5.32,7.14,6,6.2,6.02,5.98,0.04,0.67%,2621,-
25-Jun-26,TPSE,TPS Eastern Africa (Serena) Ltd,13.05,18.2,15.15,15.9,15.6,15.2,0.4,2.63%,432,-
25-Jun-26,UCHM,Uchumi Supermarket Plc,0.27,2.93,1.7,1.9,1.76,1.78,-0.02,-1.12%,413594,-
25-Jun-26,SCAN,WPP ScanGroup Plc,1.98,3.14,2.15,2.2,2.16,2.17,-0.01,-0.46%,5153,-
25-Jun-26,ARM,ARM Cement Plc,5.55,5.55,5.55,5.55,5.55,5.55,-,-,-,-
25-Jun-26,BAMB,Bamburi Cement Ltd,47.2,47.2,47.2,47.2,47.2,47.2,-,-,-,-
25-Jun-26,CRWN,Crown Paints Kenya Plc,36.9,70.75,60,62.5,61.25,60.75,0.5,0.82%,11205,-
25-Jun-26,CABL,East African Cables Plc,1,1,1,1,1,1,-,-,-,-
25-Jun-26,PORT,East African Portland Cement Ltd,33.75,101,88,94,90.25,92.5,-2.25,-2.43%,5211,-
25-Jun-26,KEGN,Kenya Electricity Generating Company Plc,6,10.75,9.6,9.94,9.78,9.62,0.16,1.66%,1025376,-
25-Jun-26,KPC,Kenya Pipeline Company Plc,9,9.94,9,9.14,9.1,9.08,0.02,0.22%,966541,-
25-Jun-26,KPLC-P4,KPLC-P4,4.1,5,5,5,5,5,-,-,-,-
25-Jun-26,KPLC-P7,KPLC-P7,6,6,6,6,6,6,-,-,-,-
25-Jun-26,KPLC,Kenya Power and Lighting Company Plc,9.4,19,17.1,17.5,17.35,17,0.35,2.06%,239992,-
25-Jun-26,TOTL,TotalEnergies Marketing Kenya Plc,22.5,50,42.9,47.1,43.95,47.5,-3.55,-7.47%,39979,-
25-Jun-26,UMME,Umeme Ltd,5.8,24.75,7.2,7.8,7.48,7.62,-0.14,-1.84%,33620,-
25-Jun-26,BRIT,Britam Holdings Plc,6.88,13.4,12.5,13,12.65,12.4,0.25,2.02%,103468,-
25-Jun-26,CIC,CIC Insurance Group Ltd,2.7,6.62,4.4,4.55,4.49,4.41,0.08,1.81%,221546,-
25-Jun-26,JUB,Jubilee Holdings Ltd,215,437.75,358,360,360,364.75,-4.75,-1.30%,2253,-
25-Jun-26,KNRE,Kenya Re-Insurance Corporation Ltd,1.85,4.02,3.25,3.36,3.29,3.3,-0.01,-0.30%,644189,-
25-Jun-26,LBTY,Liberty Kenya Holdings Ltd,8.5,12.1,9,9.5,9.12,9.08,0.04,0.44%,25885,-
25-Jun-26,SLAM,Sanlam Allianz Holdings (Kenya) Plc,6.5,11,7.5,7.88,7.8,7.5,0.3,4.00%,4821,-
25-Jun-26,CTUM,Centum Investment Company Plc,11.3,16.75,14.2,14.85,14.55,13.8,0.75,5.43%,9316,-
25-Jun-26,HAFR,Home Afrika Ltd,0.59,1.93,1.3,1.4,1.32,1.33,-0.01,-0.75%,237621,-
25-Jun-26,KURV,Kurwitu Ventures Ltd,1400,1500,1500,1500,1500,1500,-,-,-,-
25-Jun-26,OCH,Olympia Capital Holdings Ltd,3.4,9,6.38,7.08,7.08,6.44,0.64,9.94%,13254,-
25-Jun-26,TCL,Trans-Century Plc,0.71,0.71,0.71,0.71,0.71,0.71,-,-,-,-
25-Jun-26,NSE,Nairobi Securities Exchange Plc,8,25.9,19.5,19.95,19.65,19.55,0.1,0.51%,105336,-
25-Jun-26,AMAC,Africa Mega Agricorp Plc,56,125,106,109.5,110.75,110.75,-,-,16,-
25-Jun-26,BOC,BOC Kenya Plc,85.25,184,154.5,164,157,164.75,-7.75,-4.70%,6720,-
25-Jun-26,BAT,British American Tobacco Kenya Plc,351,629,532,549,538,532,6,1.13%,9295,-
25-Jun-26,CARB,Carbacid Investments Plc,20,33,30,32.35,30.5,30.9,-0.4,-1.29%,28875,-
25-Jun-26,EABL,East African Breweries Ltd,182,351,260,274,267,261.5,5.5,2.10%,22607,-
25-Jun-26,FTGH,Flame Tree Group Holdings Ltd,0.9,3.11,1.81,1.92,1.85,1.87,-0.02,-1.07%,67031,-
25-Jun-26,MSC,Mumias Sugar Company Ltd,0.27,0.27,0.27,0.27,0.27,0.27,-,-,-,-
25-Jun-26,SKL,Shri Krishana Overseas Plc,5.8,12,8.5,9.7,9.68,9,0.68,7.56%,755,-
25-Jun-26,UNGA,Unga Group Ltd,18.05,34,26,27,26.5,26.55,-0.05,-0.19%,1009,-
25-Jun-26,SCOM,Safaricom Plc,24.2,34.2,32.6,33.7,32.95,32.6,0.35,1.07%,16371492,-
25-Jun-26,ALP,Africa Logistics Properties Industria...,1,1.02,1.02,1.02,1.02,1.02,-,-,-,-
25-Jun-26,LAPR,LAPTrust Imara Income-REIT,20,20,20,20,20,20,-,-,-,-
25-Jun-26,GLD,ABSA NewGold ETF,881,9800,4800,5430,5015,5005,10,0.20%,377,-
25-Jun-26,SMWF,Satrix MSCI World Feeder ETF,755,1895,930,998,934,934,-,-,82,-
25-Jun-26,^N10I,NSE 10-Share Index,1480.14,2387.47,2349.62,2349.62,2349.62,2338.7,10.92,0.47%,-,-
25-Jun-26,^N20I,NSE 20-Share Index,2342.91,3758.73,3710.09,3710.09,3710.09,3687.97,22.12,0.60%,-,-
25-Jun-26,^N25I,NSE 25-Share Index,3841.6,6184.12,6101.67,6101.67,6101.67,6082.98,18.69,0.31%,-,-
25-Jun-26,^NASI,NSE All-Share Index,149.88,222.42,219.22,219.22,219.22,218.23,0.99,0.45%,-,-
25-Jun-26,^NBSI,NSE Banking Sector Index,149.92,254.51,251.03,251.03,251.03,251.96,-0.93,-0.37%,-,-
25-Jun-26,^NBDI,NSE Bonds Index,1116.46,1210.41,1120.99,1120.99,1120.99,1116.46,4.53,0.41%,-,-
25-Jun-26,^ZKEQTK,Zamara Kenya Equity Index (KES),2991.62,4975.18,4975.18,4975.18,4975.18,4950.5,24.68,0.50%,-,-
25-Jun-26,^ZKEQTU,Zamara Kenya Equity Index (USD),1992.87,3306.55,3306.55,3306.55,3306.55,3291.41,15.14,0.46%,-,-
26-Jun-26,EGAD,Eaagads Ltd,11,37,29,31.25,29.2,30.5,-1.3,-4.26%,12480,-
26-Jun-26,KUKZ,Kakuzi Plc,365,460,438,440,437.25,437.25,-,-,97,-
26-Jun-26,KAPC,Kapchorua Tea Kenya Plc,198,424.25,300,400,321.25,298.75,22.5,7.53%,6313,-
26-Jun-26,LIMT,Limuru Tea Plc,310,555,537,539,538,493.75,44.25,8.96%,223,-
26-Jun-26,SASN,Sasini Plc,14.7,33.9,22.1,23.2,22.85,22.4,0.45,2.01%,73731,-
26-Jun-26,WTK,Williamson Tea Kenya Plc,129,350,133.25,170,150.25,132.75,17.5,13.18%,36277,-
26-Jun-26,CGEN,Car and General (K) Ltd,20.05,128,113,117.75,115,107.25,7.75,7.23%,8923,-
26-Jun-26,ABSA,ABSA Bank Kenya Plc,17.95,33,32.2,32.9,32.5,32.3,0.2,0.62%,360313,-
26-Jun-26,BKG,BK Group Plc,33.05,58,53,54,53.5,53.75,-0.25,-0.47%,35228,-
26-Jun-26,COOP,Co-operative Bank of Kenya Ltd,16,36.6,33.9,35.9,34.5,34.8,-0.3,-0.86%,1917529,-
26-Jun-26,DTK,Diamond Trust Bank Kenya Ltd,75,170,139.75,143,141,139.25,1.75,1.26%,276494,-
26-Jun-26,EQTY,Equity Group Holdings Plc,48,84,79,83.5,79.75,79,0.75,0.95%,8802784,-
26-Jun-26,FMLY,Family Bank Limited,18,50,23.75,24.6,24.5,22.4,2.1,9.38%,1032496,-
26-Jun-26,HFCK,HFCB Group Plc,7,11.5,9.46,9.64,9.5,9.48,0.02,0.21%,2497319,-
26-Jun-26,IMH,I & M Holdings Plc,35.2,69.75,61,66.5,65.75,60.5,5.25,8.68%,118286,-
26-Jun-26,KCB,KCB Group Plc,45.55,80.5,74.75,77,76,74.5,1.5,2.01%,472584,-
26-Jun-26,NCBA,NCBA Group Plc,59,100,91,92.75,91.75,91.75,-,-,108626,-
26-Jun-26,SBIC,Stanbic Holdings Plc,162,300,290,293,291,290,1,0.34%,2320,-
26-Jun-26,SCBK,Standard Chartered Bank Kenya Ltd,279.5,370,333,336,334.75,334.75,-,-,30911,-
26-Jun-26,DCON,Deacons (East Africa) Plc,0.45,0.45,0.45,0.45,0.45,0.45,-,-,-,-
26-Jun-26,EVRD,Eveready East Africa Ltd,0.81,1.78,0.99,1.12,1.04,1.09,-0.05,-4.59%,662966,-
26-Jun-26,XPRS,Express Kenya Plc,3.66,10,7,7.24,7.22,7.18,0.04,0.56%,1265,-
26-Jun-26,HBE,Homeboyz Entertainment Plc,4.66,4.66,4.66,4.66,4.66,4.66,-,-,-,-
26-Jun-26,KQ,Kenya Airways Plc,1.56,8.92,5.5,5.8,5.56,5.52,0.04,0.72%,283345,-
26-Jun-26,LKL,Longhorn Publishers Plc,2.46,3.5,2.65,2.96,2.72,2.92,-0.2,-6.85%,18691,-
26-Jun-26,NBV,Nairobi Business Ventures Ltd,1.19,1.99,1.28,1.3,1.29,1.28,0.01,0.78%,19727,-
26-Jun-26,NMG,Nation Media Group Plc,11.3,20,12.5,13.7,12.7,12.75,-0.05,-0.39%,32719,-
26-Jun-26,SMER,Sameer Africa Plc,4.17,21.5,14.75,16.2,15.7,14.75,0.95,6.44%,60669,-
26-Jun-26,SGL,Standard Group Plc,5.32,7.14,6,6.2,6.2,6.02,0.18,2.99%,2541,-
26-Jun-26,TPSE,TPS Eastern Africa (Serena) Ltd,13.05,18.2,15.2,15.9,15.7,15.6,0.1,0.64%,1106,-
26-Jun-26,UCHM,Uchumi Supermarket Plc,0.27,2.93,1.65,1.8,1.7,1.76,-0.06,-3.41%,253131,-
26-Jun-26,SCAN,WPP ScanGroup Plc,1.98,3.14,2.03,2.25,2.06,2.16,-0.1,-4.63%,34052,-
26-Jun-26,ARM,ARM Cement Plc,5.55,5.55,5.55,5.55,5.55,5.55,-,-,-,-
26-Jun-26,BAMB,Bamburi Cement Ltd,47.2,47.2,47.2,47.2,47.2,47.2,-,-,-,-
26-Jun-26,CRWN,Crown Paints Kenya Plc,36.9,70.75,61.25,67,65.5,61.25,4.25,6.94%,20956,-
26-Jun-26,CABL,East African Cables Plc,1,1,1,1,1,1,-,-,-,-
26-Jun-26,PORT,East African Portland Cement Ltd,33.75,101,90,93,91,90.25,0.75,0.83%,307,-
26-Jun-26,KEGN,Kenya Electricity Generating Company Plc,6.7,10.75,9.66,9.94,9.9,9.78,0.12,1.23%,3954288,-
26-Jun-26,KPC,Kenya Pipeline Company Plc,9,9.94,9,9.12,9.1,9.1,-,-,817192,-
26-Jun-26,KPLC-P4,KPLC-P4,4.1,5,5,5,5,5,-,-,-,-
26-Jun-26,KPLC-P7,KPLC-P7,6,6,6,6,6,6,-,-,-,-
26-Jun-26,KPLC,Kenya Power and Lighting Company Plc,9.4,19,17.25,17.5,17.4,17.35,0.05,0.29%,477814,-
26-Jun-26,TOTL,TotalEnergies Marketing Kenya Plc,22.5,50,42,43.05,42.95,43.95,-1,-2.28%,98286,-
26-Jun-26,UMME,Umeme Ltd,5.8,24.75,7.02,7.8,7.28,7.48,-0.2,-2.67%,83396,-
26-Jun-26,BRIT,Britam Holdings Plc,6.88,13.4,12.5,12.85,12.75,12.65,0.1,0.79%,20287,-
26-Jun-26,CIC,CIC Insurance Group Ltd,2.7,6.62,4.45,4.55,4.47,4.49,-0.02,-0.45%,249372,-
26-Jun-26,JUB,Jubilee Holdings Ltd,225,437.75,358,360,359.5,360,-0.5,-0.14%,2102,-
26-Jun-26,KNRE,Kenya Re-Insurance Corporation Ltd,1.9,4.02,3.29,3.39,3.32,3.29,0.03,0.91%,1115842,-
26-Jun-26,LBTY,Liberty Kenya Holdings Ltd,8.5,12.1,8.98,9.98,9.02,9.12,-0.1,-1.10%,38512,-
26-Jun-26,SLAM,Sanlam Allianz Holdings (Kenya) Plc,7,11,7.5,7.9,7.86,7.8,0.06,0.77%,14805,-
26-Jun-26,CTUM,Centum Investment Company Plc,11.3,16.75,14.2,14.6,14.25,14.55,-0.3,-2.06%,14560,-
26-Jun-26,HAFR,Home Afrika Ltd,0.59,1.93,1.28,1.35,1.3,1.32,-0.02,-1.52%,173780,-
26-Jun-26,KURV,Kurwitu Ventures Ltd,1400,1500,1450,1450,1500,1500,-,-,4,-
26-Jun-26,OCH,Olympia Capital Holdings Ltd,3.4,9,6.4,7.2,7.1,7.08,0.02,0.28%,21499,-
26-Jun-26,TCL,Trans-Century Plc,0.71,0.71,0.71,0.71,0.71,0.71,-,-,-,-
26-Jun-26,NSE,Nairobi Securities Exchange Plc,8.5,25.9,19.35,20,19.5,19.65,-0.15,-0.76%,162122,-
26-Jun-26,AMAC,Africa Mega Agricorp Plc,56,125,106,111.75,111.25,110.75,0.5,0.45%,509,-
26-Jun-26,BOC,BOC Kenya Plc,85.25,184,158,164,163.75,157,6.75,4.30%,720,-
26-Jun-26,BAT,British American Tobacco Kenya Plc,355,629,540,546,546,538,8,1.49%,4941,-
26-Jun-26,CARB,Carbacid Investments Plc,20,33,30,32.5,31.5,30.5,1,3.28%,23759,-
26-Jun-26,EABL,East African Breweries Ltd,184,351,260,277,270.5,267,3.5,1.31%,5980,-
26-Jun-26,FTGH,Flame Tree Group Holdings Ltd,0.9,3.11,1.81,1.9,1.9,1.85,0.05,2.70%,128008,-
26-Jun-26,MSC,Mumias Sugar Company Ltd,0.27,0.27,0.27,0.27,0.27,0.27,-,-,-,-
26-Jun-26,SKL,Shri Krishana Overseas Plc,5.8,12,9.6,10.3,9.62,9.68,-0.06,-0.62%,6715,-
26-Jun-26,UNGA,Unga Group Ltd,18.05,34,26.5,27.1,26.85,26.5,0.35,1.32%,1756,-
26-Jun-26,SCOM,Safaricom Plc,24.9,34.2,33.05,34,33.6,32.95,0.65,1.97%,717353,-
26-Jun-26,ALP,Africa Logistics Properties Industria...,1,1.02,1.02,1.02,1.02,1.02,-,-,-,-
26-Jun-26,LAPR,LAPTrust Imara Income-REIT,20,20,20,20,20,20,-,-,-,-
26-Jun-26,GLD,ABSA NewGold ETF,881,9800,4910,5355,4925,5015,-90,-1.79%,1939,-
26-Jun-26,SMWF,Satrix MSCI World Feeder ETF,755,1895,925,940,932,934,-2,-0.21%,810,-
26-Jun-26,^N10I,NSE 10-Share Index,1516.93,2387.47,2387.47,2387.47,2387.47,2349.62,37.85,1.61%,-,-
26-Jun-26,^N20I,NSE 20-Share Index,2438.43,3758.73,3743.18,3743.18,3743.18,3710.09,33.09,0.89%,-,-
26-Jun-26,^N25I,NSE 25-Share Index,3938.28,6184.12,6184.12,6184.12,6184.12,6101.67,82.45,1.35%,-,-
26-Jun-26,^NASI,NSE All-Share Index,153.43,222.82,222.42,222.42,222.42,219.22,3.2,1.46%,-,-
26-Jun-26,^NBSI,NSE Banking Sector Index,149.92,254.51,254.51,254.51,254.51,251.03,3.48,1.39%,-,-
26-Jun-26,^NBDI,NSE Bonds Index,1116.46,1210.41,1125.28,1125.28,1125.28,1120.99,4.29,0.38%,-,-
26-Jun-26,^ZKEQTK,Zamara Kenya Equity Index (KES),3068.19,5038.41,5038.41,5038.41,5038.41,4975.18,63.23,1.27%,-,-
26-Jun-26,^ZKEQTU,Zamara Kenya Equity Index (USD),2043.88,3351.15,3351.15,3351.15,3351.15,3306.55,44.6,1.35%,-,-
29-Jun-26,EGAD,Eaagads Ltd,11,37,29.05,32.1,31.95,29.2,2.75,9.42%,3800,-
29-Jun-26,KUKZ,Kakuzi Plc,365,460,436,440,438.5,437.25,1.25,0.29%,726,-
29-Jun-26,KAPC,Kapchorua Tea Kenya Plc,198,424.25,328.5,353.25,348,321.25,26.75,8.33%,7957,-
29-Jun-26,LIMT,Limuru Tea Plc,310,555,525,538,538,538,-,-,62,-
29-Jun-26,SASN,Sasini Plc,14.7,33.9,23,23.8,23.3,22.85,0.45,1.97%,18311,-
29-Jun-26,WTK,Williamson Tea Kenya Plc,129,350,155,160,158.75,150.25,8.5,5.66%,63149,-
29-Jun-26,CGEN,Car and General (K) Ltd,20.05,128,115,118,116.5,115,1.5,1.30%,7331,-
29-Jun-26,ABSA,ABSA Bank Kenya Plc,17.95,34.6,31.75,33,32.05,32.5,-0.45,-1.38%,2685016,-
29-Jun-26,BKG,BK Group Plc,33.05,58,53,54,53.75,53.5,0.25,0.47%,7173,-
29-Jun-26,COOP,Co-operative Bank of Kenya Ltd,16,36.6,34,34.75,34.45,34.5,-0.05,-0.14%,425148,-
29-Jun-26,DTK,Diamond Trust Bank Kenya Ltd,75,170,141.75,150,144,141,3,2.13%,879971,-
29-Jun-26,EQTY,Equity Group Holdings Plc,48,84,79,84,79.25,79.75,-0.5,-0.63%,35910479,-
29-Jun-26,FMLY,Family Bank Limited,18,50,24,26.6,24.95,24.5,0.45,1.84%,1091624,-
29-Jun-26,HFCK,HFCB Group Plc,7,11.5,9.5,9.96,9.78,9.5,0.28,2.95%,190762,-
29-Jun-26,IMH,I & M Holdings Plc,35.2,74.75,65.5,69.75,68,65.75,2.25,3.42%,769423,-
29-Jun-26,KCB,KCB Group Plc,45.55,84,76,77,76.75,76,0.75,0.99%,2839430,-
29-Jun-26,NCBA,NCBA Group Plc,59,100,89.5,91.75,91,91.75,-0.75,-0.82%,78133,-
29-Jun-26,SBIC,Stanbic Holdings Plc,162,300,280,293,280.25,291,-10.75,-3.69%,340898,-
29-Jun-26,SCBK,Standard Chartered Bank Kenya Ltd,279.5,370,320,335.5,321,334.75,-13.75,-4.11%,379039,-
29-Jun-26,DCON,Deacons (East Africa) Plc,0.45,0.45,0.45,0.45,0.45,0.45,-,-,-,-
29-Jun-26,EVRD,Eveready East Africa Ltd,0.81,1.78,1.02,1.1,1.06,1.04,0.02,1.92%,96927,-
29-Jun-26,XPRS,Express Kenya Plc,3.66,10,6.6,7.22,7.18,7.22,-0.04,-0.55%,7078,-
29-Jun-26,HBE,Homeboyz Entertainment Plc,4.66,4.66,4.66,4.66,4.66,4.66,-,-,-,-
29-Jun-26,KQ,Kenya Airways Plc,1.56,8.92,5.58,6.1,5.88,5.56,0.32,5.76%,354273,-
29-Jun-26,LKL,Longhorn Publishers Plc,2.46,3.5,2.8,2.99,2.89,2.72,0.17,6.25%,2572,-
29-Jun-26,NBV,Nairobi Business Ventures Ltd,1.19,1.99,1.29,1.34,1.3,1.29,0.01,0.78%,53682,-
29-Jun-26,NMG,Nation Media Group Plc,11.3,20,12.65,13.35,13,12.7,0.3,2.36%,4285,-
29-Jun-26,SMER,Sameer Africa Plc,4.17,21.5,15.2,16.2,15.9,15.7,0.2,1.27%,15494,-
29-Jun-26,SGL,Standard Group Plc,5.32,7.14,6.02,6.3,6.1,6.2,-0.1,-1.61%,3627,-
29-Jun-26,TPSE,TPS Eastern Africa (Serena) Ltd,13.05,18.2,15.5,16,15.9,15.7,0.2,1.27%,974,-
29-Jun-26,UCHM,Uchumi Supermarket Plc,0.27,2.93,1.62,1.74,1.7,1.7,-,-,237080,-
29-Jun-26,SCAN,WPP ScanGroup Plc,1.98,3.14,2.06,2.19,2.15,2.06,0.09,4.37%,10023,-
29-Jun-26,ARM,ARM Cement Plc,5.55,5.55,5.55,5.55,5.55,5.55,-,-,-,-
29-Jun-26,BAMB,Bamburi Cement Ltd,47.2,47.2,47.2,47.2,47.2,47.2,-,-,-,-
29-Jun-26,CRWN,Crown Paints Kenya Plc,36.9,70.75,59,66,60.25,65.5,-5.25,-8.02%,6262,-
29-Jun-26,CABL,East African Cables Plc,1,1,1,1,1,1,-,-,-,-
29-Jun-26,PORT,East African Portland Cement Ltd,33.75,101,90.5,94,93.5,91,2.5,2.75%,473,-
29-Jun-26,KEGN,Kenya Electricity Generating Company Plc,6.7,10.75,9.7,9.98,9.84,9.9,-0.06,-0.61%,2995616,-
29-Jun-26,KPC,Kenya Pipeline Company Plc,9,10,9.1,9.3,9.16,9.1,0.06,0.66%,619028,-
29-Jun-26,KPLC-P4,KPLC-P4,4.1,5,5,5,5,5,-,-,-,-
29-Jun-26,KPLC-P7,KPLC-P7,6,6,6,6,6,6,-,-,-,-
29-Jun-26,KPLC,Kenya Power and Lighting Company Plc,9.4,19,17.05,17.5,17.3,17.4,-0.1,-0.57%,1122556,-
29-Jun-26,TOTL,TotalEnergies Marketing Kenya Plc,22.5,50,40,46.6,42.9,42.95,-0.05,-0.12%,59285,-
29-Jun-26,UMME,Umeme Ltd,5.8,24.75,7.3,7.8,7.72,7.28,0.44,6.04%,10541,-
29-Jun-26,BRIT,Britam Holdings Plc,6.88,13.4,12.5,13,12.75,12.75,-,-,433973,-
29-Jun-26,CIC,CIC Insurance Group Ltd,2.7,6.62,4.2,4.56,4.48,4.47,0.01,0.22%,147791,-
29-Jun-26,JUB,Jubilee Holdings Ltd,225,437.75,359,360,360,359.5,0.5,0.14%,2095,-
29-Jun-26,KNRE,Kenya Re-Insurance Corporation Ltd,1.9,4.02,3.3,3.4,3.37,3.32,0.05,1.51%,1760189,-
29-Jun-26,LBTY,Liberty Kenya Holdings Ltd,8.5,12.1,8.8,9.1,9,9.02,-0.02,-0.22%,38013,-
29-Jun-26,SLAM,Sanlam Allianz Holdings (Kenya) Plc,7,11,7.8,7.9,7.84,7.86,-0.02,-0.25%,14383,-
29-Jun-26,CTUM,Centum Investment Company Plc,11.3,16.75,14.05,14.7,14.45,14.25,0.2,1.40%,61599,-
29-Jun-26,HAFR,Home Afrika Ltd,0.59,1.93,1.29,1.35,1.32,1.3,0.02,1.54%,74960,-
29-Jun-26,KURV,Kurwitu Ventures Ltd,1400,1500,1500,1500,1500,1500,-,-,-,-
29-Jun-26,OCH,Olympia Capital Holdings Ltd,3.4,9,6.4,7.08,6.8,7.1,-0.3,-4.23%,872,-
29-Jun-26,TCL,Trans-Century Plc,0.71,0.71,0.71,0.71,0.71,0.71,-,-,-,-
29-Jun-26,NSE,Nairobi Securities Exchange Plc,8.5,25.9,19.45,20,19.65,19.5,0.15,0.77%,487714,-
29-Jun-26,AMAC,Africa Mega Agricorp Plc,56,125,105,111.75,111.25,111.25,-,-,35,-
29-Jun-26,BOC,BOC Kenya Plc,85.25,184,160.25,170,165.25,163.75,1.5,0.92%,1670,-
29-Jun-26,BAT,British American Tobacco Kenya Plc,355,629,545,552,549,546,3,0.55%,8217,-
29-Jun-26,CARB,Carbacid Investments Plc,20,33.5,31.5,32.7,32.25,31.5,0.75,2.38%,47375,-
29-Jun-26,EABL,East African Breweries Ltd,184,351,245,275,263.5,270.5,-7,-2.59%,2302917,-
29-Jun-26,FTGH,Flame Tree Group Holdings Ltd,0.9,3.11,1.82,1.9,1.86,1.9,-0.04,-2.11%,43145,-
29-Jun-26,MSC,Mumias Sugar Company Ltd,0.27,0.27,0.27,0.27,0.27,0.27,-,-,-,-
29-Jun-26,SKL,Shri Krishana Overseas Plc,5.8,12,9.68,9.68,9.68,9.62,0.06,0.62%,2005,-
29-Jun-26,UNGA,Unga Group Ltd,18.05,34,26,27.2,26.7,26.85,-0.15,-0.56%,719,-
29-Jun-26,SCOM,Safaricom Plc,24.9,37.3,33.5,34.2,33.95,33.6,0.35,1.04%,12036647,-
29-Jun-26,ALP,Africa Logistics Properties Industria...,1,1.02,1.02,1.02,1.02,1.02,-,-,-,-
29-Jun-26,LAPR,LAPTrust Imara Income-REIT,20,20,20,20,20,20,-,-,-,-
29-Jun-26,TRFC,Two Rivers Internat'l Finance & Innov...,1.23,1.23,1.23,1.23,1.23,-,1.23,-,1000,-
29-Jun-26,GLD,ABSA NewGold ETF,881,9800,5105,5385,4925,4925,-,-,31,-
29-Jun-26,SMWF,Satrix MSCI World Feeder ETF,755,1895,932,938,937,932,5,0.54%,587,-
29-Jun-26,^N10I,NSE 10-Share Index,1516.93,2409.62,2387.28,2387.28,2387.28,2387.47,-0.19,-0.01%,-,-
29-Jun-26,^N20I,NSE 20-Share Index,2438.43,3758.73,3742.74,3742.74,3742.74,3743.18,-0.44,-0.01%,-,-
29-Jun-26,^N25I,NSE 25-Share Index,3938.28,6208.91,6167.92,6167.92,6167.92,6184.12,-16.2,-0.26%,-,-
29-Jun-26,^NASI,NSE All-Share Index,153.43,224.15,222.82,222.82,222.82,222.42,0.4,0.18%,-,-
29-Jun-26,^NBSI,NSE Banking Sector Index,149.92,255.11,253.38,253.38,253.38,254.51,-1.13,-0.44%,-,-
29-Jun-26,^NBDI,NSE Bonds Index,1116.46,1210.41,1129.74,1129.74,1129.74,1125.28,4.46,0.40%,-,-
29-Jun-26,^ZKEQTK,Zamara Kenya Equity Index (KES),3068.19,5038.41,5037.88,5037.88,5037.88,5038.41,-0.53,-0.01%,-,-
29-Jun-26,^ZKEQTU,Zamara Kenya Equity Index (USD),2043.88,3351.15,3349.51,3349.51,3349.51,3351.15,-1.64,-0.05%,-,-
30-Jun-26,EGAD,Eaagads Ltd,11,37,30.8,32,30.85,31.95,-1.1,-3.44%,1457,-
30-Jun-26,KUKZ,Kakuzi Plc,365,460,436,439,438.5,438.5,-,-,1122,-
30-Jun-26,KAPC,Kapchorua Tea Kenya Plc,198,424.25,340,350,346.25,348,-1.75,-0.50%,2741,-
30-Jun-26,LIMT,Limuru Tea Plc,310,555,485,539,538,538,-,-,138,-
30-Jun-26,SASN,Sasini Plc,14.7,33.9,22.65,23.8,23.4,23.3,0.1,0.43%,2229,-
30-Jun-26,WTK,Williamson Tea Kenya Plc,129,350,158,165,160.25,158.75,1.5,0.94%,9564,-
30-Jun-26,CGEN,Car and General (K) Ltd,21.5,128,115,120,117.5,116.5,1,0.86%,3160,-
30-Jun-26,ABSA,ABSA Bank Kenya Plc,17.95,34.6,31.5,34.6,32.05,32.05,-,-,3371153,-
30-Jun-26,BKG,BK Group Plc,33.05,58,53.25,54,53.75,53.75,-,-,3596,-
30-Jun-26,COOP,Co-operative Bank of Kenya Ltd,16,36.6,33.5,36,34.3,34.45,-0.15,-0.44%,219239,-
30-Jun-26,DTK,Diamond Trust Bank Kenya Ltd,75,170,145,148,145,144,1,0.69%,409794,-
30-Jun-26,EQTY,Equity Group Holdings Plc,48,84,79.25,84,80,79.25,0.75,0.95%,33660891,-
30-Jun-26,FMLY,Family Bank Limited,18,50,23,25,24.2,24.95,-0.75,-3.01%,754820,-
30-Jun-26,HFCK,HFCB Group Plc,7,11.5,9.6,9.98,9.88,9.78,0.1,1.02%,55050,-
30-Jun-26,IMH,I & M Holdings Plc,36,74.75,69,74.75,69.5,68,1.5,2.21%,2908670,-
30-Jun-26,KCB,KCB Group Plc,45.55,84,76.5,84,78.75,76.75,2,2.61%,3452820,-
30-Jun-26,NCBA,NCBA Group Plc,59.25,100,89,92.5,89.5,91,-1.5,-1.65%,729936,-
30-Jun-26,SBIC,Stanbic Holdings Plc,169,300,275,294,280.25,280.25,-,-,172383,-
30-Jun-26,SCBK,Standard Chartered Bank Kenya Ltd,279.5,370,320,353,327.75,321,6.75,2.10%,324161,-
30-Jun-26,DCON,Deacons (East Africa) Plc,0.45,0.45,0.45,0.45,0.45,0.45,-,-,-,-
30-Jun-26,EVRD,Eveready East Africa Ltd,0.81,1.78,1.06,1.16,1.08,1.06,0.02,1.89%,207898,-
30-Jun-26,XPRS,Express Kenya Plc,3.66,10,6.76,7.4,7.22,7.18,0.04,0.56%,3770,-
30-Jun-26,HBE,Homeboyz Entertainment Plc,4.66,4.66,4.66,4.66,4.66,4.66,-,-,-,-
30-Jun-26,KQ,Kenya Airways Plc,1.56,8.92,5.78,5.98,5.86,5.88,-0.02,-0.34%,133761,-
30-Jun-26,LKL,Longhorn Publishers Plc,2.46,3.5,2.7,3,2.86,2.89,-0.03,-1.04%,1473,-
30-Jun-26,NBV,Nairobi Business Ventures Ltd,1.19,1.99,1.29,1.33,1.33,1.3,0.03,2.31%,34582,-
30-Jun-26,NMG,Nation Media Group Plc,11.3,20,12.5,13.15,12.75,13,-0.25,-1.92%,4403,-
30-Jun-26,SMER,Sameer Africa Plc,4.25,21.5,14.75,17,15.5,15.9,-0.4,-2.52%,6934,-
30-Jun-26,SGL,Standard Group Plc,5.32,7.14,5.56,6.3,5.86,6.1,-0.24,-3.93%,195,-
30-Jun-26,TPSE,TPS Eastern Africa (Serena) Ltd,13.05,18.2,15.6,16.5,15.6,15.9,-0.3,-1.89%,511,-
30-Jun-26,UCHM,Uchumi Supermarket Plc,0.27,2.93,1.66,1.71,1.69,1.7,-0.01,-0.59%,45178,-
30-Jun-26,SCAN,WPP ScanGroup Plc,1.98,3.14,2.05,2.12,2.09,2.15,-0.06,-2.79%,3883,-
30-Jun-26,ARM,ARM Cement Plc,5.55,5.55,5.55,5.55,5.55,5.55,-,-,-,-
30-Jun-26,BAMB,Bamburi Cement Ltd,47.2,47.2,47.2,47.2,47.2,47.2,-,-,-,-
30-Jun-26,CRWN,Crown Paints Kenya Plc,36.9,70.75,59,65,60.25,60.25,-,-,6637,-
30-Jun-26,CABL,East African Cables Plc,1,1,1,1,1,1,-,-,-,-
30-Jun-26,PORT,East African Portland Cement Ltd,38,101,86.5,93.75,92.25,93.5,-1.25,-1.34%,895,-
30-Jun-26,KEGN,Kenya Electricity Generating Company Plc,6.7,10.75,9.64,10,9.76,9.84,-0.08,-0.81%,373193,-
30-Jun-26,KPC,Kenya Pipeline Company Plc,9,10,9,10,9.46,9.16,0.3,3.28%,1195378,-
30-Jun-26,KPLC-P4,KPLC-P4,4.1,5,5,5,5,5,-,-,-,-
30-Jun-26,KPLC-P7,KPLC-P7,6,6,6,6,6,6,-,-,-,-
30-Jun-26,KPLC,Kenya Power and Lighting Company Plc,9.4,19,17,17.5,17.15,17.3,-0.15,-0.87%,893859,-
30-Jun-26,TOTL,TotalEnergies Marketing Kenya Plc,22.5,50,43.5,45.5,44.8,42.9,1.9,4.43%,4754,-
30-Jun-26,UMME,Umeme Ltd,5.8,24.75,7,7.9,7.36,7.72,-0.36,-4.66%,3090,-
30-Jun-26,BRIT,Britam Holdings Plc,6.88,13.4,12.3,13.25,12.55,12.75,-0.2,-1.57%,19670,-
30-Jun-26,CIC,CIC Insurance Group Ltd,2.7,6.62,4.05,4.84,4.54,4.48,0.06,1.34%,71233,-
30-Jun-26,JUB,Jubilee Holdings Ltd,225,437.75,360,380,360.75,360,0.75,0.21%,7461,-
30-Jun-26,KNRE,Kenya Re-Insurance Corporation Ltd,1.95,4.02,3.29,3.4,3.33,3.37,-0.04,-1.19%,848926,-
30-Jun-26,LBTY,Liberty Kenya Holdings Ltd,8.2,12.1,8.7,9.8,8.94,9,-0.06,-0.67%,5123,-
30-Jun-26,SLAM,Sanlam Allianz Holdings (Kenya) Plc,7,11,7.88,8,7.9,7.84,0.06,0.77%,1666,-
30-Jun-26,CTUM,Centum Investment Company Plc,11.3,16.75,14.3,15.65,14.5,14.45,0.05,0.35%,37879,-
30-Jun-26,HAFR,Home Afrika Ltd,0.59,1.93,1.25,1.45,1.35,1.32,0.03,2.27%,37471,-
30-Jun-26,KURV,Kurwitu Ventures Ltd,1400,1500,1500,1500,1500,1500,-,-,-,-
30-Jun-26,OCH,Olympia Capital Holdings Ltd,3.4,9,6.9,7,7,6.8,0.2,2.94%,5907,-
30-Jun-26,TCL,Trans-Century Plc,0.71,0.71,0.71,0.71,0.71,0.71,-,-,-,-
30-Jun-26,NSE,Nairobi Securities Exchange Plc,8.5,25.9,19.5,20,19.6,19.65,-0.05,-0.25%,815707,-
30-Jun-26,AMAC,Africa Mega Agricorp Plc,56,125,108.25,111.75,111.25,111.25,-,-,112,-
30-Jun-26,BOC,BOC Kenya Plc,85.25,184,170,172.5,170,165.25,4.75,2.87%,929,-
30-Jun-26,BAT,British American Tobacco Kenya Plc,358,629,546,585,548,549,-1,-0.18%,96944,-
30-Jun-26,CARB,Carbacid Investments Plc,20,33.5,32.1,33.5,33,32.25,0.75,2.33%,34704,-
30-Jun-26,EABL,East African Breweries Ltd,185,351,246,275,269,263.5,5.5,2.09%,137633,-
30-Jun-26,FTGH,Flame Tree Group Holdings Ltd,0.9,3.11,1.85,1.9,1.9,1.86,0.04,2.15%,7631,-
30-Jun-26,MSC,Mumias Sugar Company Ltd,0.27,0.27,0.27,0.27,0.27,0.27,-,-,-,-
30-Jun-26,SKL,Shri Krishana Overseas Plc,5.8,12,9.68,10,9.72,9.68,0.04,0.41%,135,-
30-Jun-26,UNGA,Unga Group Ltd,18.05,34,26.7,28,27.25,26.7,0.55,2.06%,1542,-
30-Jun-26,SCOM,Safaricom Plc,25,37.3,33.95,37.3,34.05,33.95,0.1,0.29%,2523262,-
30-Jun-26,ALP,Africa Logistics Properties Industria...,1,1.02,1.02,1.02,1.02,1.02,-,-,-,-
30-Jun-26,LAPR,LAPTrust Imara Income-REIT,20,20,20,20,20,20,-,-,-,-
30-Jun-26,TRFC,Two Rivers Internat'l Finance & Innov...,1.23,1.23,1.23,1.23,1.23,1.23,-,-,-,-
30-Jun-26,GLD,ABSA NewGold ETF,881,9800,4870,5395,4965,4925,40,0.81%,281,-
30-Jun-26,SMWF,Satrix MSCI World Feeder ETF,755,1895,942,942,937,937,-,-,69,-
30-Jun-26,^N10I,NSE 10-Share Index,1540.4,2422.33,2409.62,2409.62,2409.62,2387.28,22.34,0.94%,-,-
30-Jun-26,^N20I,NSE 20-Share Index,2438.43,3780.42,3755.44,3755.44,3755.44,3742.74,12.7,0.34%,-,-
30-Jun-26,^N25I,NSE 25-Share Index,4007.96,6251.99,6208.91,6208.91,6208.91,6167.92,40.99,0.66%,-,-
30-Jun-26,^NASI,NSE All-Share Index,156.58,224.7,224.15,224.15,224.15,222.82,1.33,0.60%,-,-
30-Jun-26,^NBSI,NSE Banking Sector Index,149.92,257.69,255.11,255.11,255.11,253.38,1.73,0.68%,-,-
30-Jun-26,^NBDI,NSE Bonds Index,1116.46,1210.41,1129.57,1129.57,1129.57,1129.74,-0.17,-0.02%,-,-
30-Jun-26,^ZKEQTK,Zamara Kenya Equity Index (KES),3109.42,5090.52,5090.52,5090.52,5090.52,5037.88,52.64,1.04%,-,-
30-Jun-26,^ZKEQTU,Zamara Kenya Equity Index (USD),2071.34,3385.81,3385.81,3385.81,3385.81,3349.51,36.3,1.08%,-,-
